   7.6259075390401665E-002   695.49103355305806        1.6109732250745579        79.411332802350884        77.749807164685706        14.644070919893130     
   7.6259075390920389E-002   798.53054889798557        44.757446446398411        12.150251745675636        11.507994263959318        60.325964441197300     
   7.6259075386546415E-002   916.83574154052906        285.34396989359266        9.0731504731382717        8.4586077191594100        260.95314464579616     
   7.6259075386303915E-002   1052.6682769641914        2261.3470096128995        7.5773414166539350        6.9669535191718239        1555.1317255872063     
   7.6259075386064967E-002   1208.6248944275328        7569.1275215511178        6.4295044944614839        5.8210868002902574        3984.0321046617019     
   7.6259075385678610E-002   1387.6870495612291        8855.8250327320693        5.4342700917243274        4.8257922852964548        3575.5123883736942     
   7.6259075384880984E-002   1593.2779114413845        6615.1093273967017        4.5418226923702019        3.9323671727229064        2044.0944053545729     
   7.6259075384697658E-002   1829.3278040680179        4533.8860561193005        3.6787228284766886        3.0674063132146605        1057.6082697532088     
   7.6259075383762129E-002   2100.3493431198685        3054.6788530862109        2.6572762158130590        2.0402640734058788        508.27170650845039     
   7.6259075382388408E-002   2411.5237046682350        2011.7161044075142        2.5820981360325703        1.9530759751723643        287.90278725517243     
   7.6259075381903421E-002   2768.7996748228052        1365.9066766370950        2.3911467721665103        1.7485597864672413        163.83696895300551     
   7.6259075381912358E-002   3179.0073738475680        929.99356428995179        2.0431082682910868        1.3814266792898757        90.030850977227772     
   7.6259075381919408E-002   3649.9888290487170        627.31148219210183        1.7438896352776356        1.0528190217254605        49.548666254965781     
   7.6259075381894428E-002   4190.7478924940797        413.91777174374641        1.5190392353038744       0.78042785731483333        27.318471514526493     
   7.6259075381900229E-002   4811.6223695478729        261.00878573670923        1.3889662303943551       0.56693952278528181        14.983191374598434     
   7.6259075381904032E-002   5524.4816488720789        149.92555559160078        1.4210724795892009       0.42919322684698780        8.0896413347567293     
   7.6259075381906502E-002   6342.9536120457524        68.451594140865168        1.9327500838629361       0.46058478229928745        4.2308828934325309     
   7.6259075381908681E-002   7282.6851606572745        8.3658992260328411        10.966537860255382        3.1062531174847825        2.0811509722846697     
   7.6259075381909125E-002   8361.6413414303061       -36.065600459732444       -2.0589283820414490      -0.94477271975313237       0.89801081077199973     
   7.6259075381908376E-002   9600.4487878211658       -68.997703298893526       -1.0077669557151430      -0.69591088639392573       0.26063443165932765     
   7.6259075381908667E-002   11022.790043732273       -93.543507799790447      -0.76407397425282075      -0.67998705737642440       -7.1055677936156941E-002
   7.6259075381908653E-002   12655.856307710992       -112.08718924607616      -0.68331340733763146      -0.70317815056340227      -0.23401236005961024     
   7.6259075381908265E-002   14530.867252842469       -126.46380204471718      -0.65644829922750025      -0.73458197141615167      -0.30579730984924819     
   7.6259075381908292E-002   16683.667859841549       -138.06594381320579      -0.65086782205886828      -0.76639407879651245      -0.32969143155698671     
   7.6259075381908070E-002   19155.413673128169       -147.91648330252031      -0.65434630140679073      -0.79673555569588905      -0.32931606752010406     
   7.6259075381908126E-002   21993.357580073032       -156.73067786219889      -0.66185317583558856      -0.82554668816660648      -0.31720067410147401     
   7.6259075381908223E-002   25251.753154436803       -164.97759290369058      -0.67127387819983009      -0.85325316540898855      -0.29977913582345195     
   7.6259075381908223E-002   28992.891833411948       -172.94083762256011      -0.68173632341377033      -0.88029177629907229      -0.28025059970001542     
   7.6259075381908153E-002   33288.293756199302       -180.77385802407869      -0.69289337933215522      -0.90697157131946715      -0.26016572889601164     
   7.6259075381908292E-002   38220.075029632375       -188.54510966079206      -0.70461020568090604      -0.93346990493822002      -0.24026922220496166     
   7.6259075381908514E-002   43882.517559155116       -196.27114386349083      -0.71683384567365094      -0.95987142727194907      -0.22092530076122102     
   7.6259075381908514E-002   50383.871455944507       -203.93848819259304      -0.72954321162277536      -0.98620891701196745      -0.20232162561641426     
   7.6259075381908570E-002   57848.424477176159       -211.51682284587233      -0.74273260614491687       -1.0124931208542138      -0.18456215538080556     
   7.6259075381908584E-002   66418.878061358744       -218.96625606576967      -0.75640739592655171       -1.0387305832081559      -0.16770785734688565     
   7.6259075381908653E-002   76259.075381908959       -226.24101629608032      -0.77058379669929655       -1.0649332796608455      -0.15179424424670865     
   7.6259075381908611E-002   87557.133571742525       -233.29115956659533      -0.78528975459589589       -1.0911234870352540      -0.13683923326336356     
   7.6259075381908542E-002   100529.03999828239       -240.06325876702732      -0.80056626830549804       -1.1173364783294364      -0.12284712086052757     
   7.6259075381908459E-002   115422.78133963280       -246.50060070938281      -0.81646843391542268       -1.1436218331428027      -0.10981115274403444     
   7.6259075381908431E-002   132523.08439834218       -252.54315216886198      -0.83306776507913027       -1.1700455639806706       -9.7715309668711281E-002
   7.6259075381908403E-002   152156.85928389357       -258.12741402401247      -0.85045428087670139       -1.1966918026149476       -8.6535962037109365E-002
   7.6259075381908403E-002   174699.44902239399       -263.18621343778062      -0.86873919568241464       -1.2236649624758849       -7.6243333730313473E-002
   7.6259075381908376E-002   200581.80506857167       -267.64845307256479      -0.88805955043017193       -1.2510937255114654       -6.6802695301199602E-002
   7.6259075381908348E-002   230298.72589586233       -271.43882362299763      -0.90858237824033172       -1.2791344224885273       -5.8175634727766032E-002
   7.6259075381908376E-002   264418.31616345240       -274.47748114126603      -0.93051280532424407       -1.3079781607301577       -5.0320950857492400E-002
   7.6259075381908445E-002   303592.84729317587       -276.67968895072534      -0.95410198893179765       -1.3378575306179852       -4.3195678451859225E-002
   7.6259075381908445E-002   348571.22708021000       -277.95542338130423      -0.97965985890522000       -1.3690577540003530       -3.6755825580097483E-002
   7.6259075381908445E-002   400213.31672175555       -278.20894234264580       -1.0075715458023138       -1.4019310044341124       -3.0957071381240056E-002
   7.6259075381908431E-002   459506.36896536243       -277.33831560973692       -1.0383214829141723       -1.4369176561942982       -2.5755290434755395E-002
   7.6259075381908459E-002   527583.90162846399       -275.23491554819884       -1.0725254046485675       -1.4745743296518068       -2.1107081844248331E-002
   7.6259075381908459E-002   605747.36729817616       -271.78286683152720       -1.1109755004478901       -1.5156134321818822       -1.6970219629693077E-002
   9.6004487868960764E-002   695.49103340858346       -9.1273050769731121       -2.5447635893634617       -2.9162441820396943        1.2442236434051788     
   9.6004487857542842E-002   798.53054863170451       -5.5626137175096959       -10.760162455864780       -11.006496643071351        6.2802231212369177     
   9.6004487857005633E-002   916.83574128225393        12.329214589481868        19.890275909004334        19.133027845668451        28.436357444755078     
   9.6004487846886685E-002   1052.6682765600472        100.32424703672280        10.560429438418657        9.9348895072986370        114.35946625944885     
   9.6004487856262977E-002   1208.6248940853409        709.36680922153926        8.4833129736168544        7.8703987190837132        586.16014418120449     
   9.6004487856155854E-002   1387.6870491738223        4873.1084585732260        7.1562128996209449        6.5467730210021129        3057.9558490840391     
   9.6004487856344967E-002   1593.2779110163851        11018.934687756606        6.0773602421637385        5.4692921867460589        5304.6552223168828     
   9.6004487855547382E-002   1829.3278035692533        10362.728701059797        5.1202671694670041        4.5118632078660532        3824.7839674884121     
   9.6004487855130966E-002   2100.3493425638667        7367.6570686231062        4.2509254062386965        3.6414425748961960        2076.2183559979080     
   9.6004487854305584E-002   2411.5237040525681        5033.5492416696470        3.3425244641222660        2.7307738302034119        1054.0773579712913     
   9.6004487854086634E-002   2768.7996741272186        3351.8873974729713        2.5043643144381327        1.8850960989123915        515.24439162762633     
   9.6004487854213102E-002   3179.0073730527429        2237.7010428498706        2.5376447748365827        1.9069971246576216        302.99153742110940     
   9.6004487854140688E-002   3649.9888281330454        1528.1146628042100        2.2289065422467309        1.5846798466656429        168.62168917928875     
   9.6004487854048803E-002   4190.7478914401099        1041.1173953272523        1.8751774605819591        1.2108554793225710        92.341508081386124     
   9.6004487854024503E-002   4811.6223683361695        700.91210011930707        1.5789675457859840       0.88319427848684828        50.662571615480978     
   9.6004487854001411E-002   5524.4816474792533        459.68254950392770        1.3515249365931137       0.60386660474453557        27.743698459232863     
   9.6004487854000745E-002   6342.9536104463268        286.28567605171963        1.2099563867775278       0.36880359817942177        15.043192169538328     
   9.6004487854002521E-002   7282.6851588208119        160.54383773870589        1.2159091583578077       0.17681036300923592        7.9883975337945170     
   9.6004487854007309E-002   8361.6413393221337        69.098098884377990        1.6852771470249195        4.1021493541630427E-002   4.0870819348305529     
   9.6004487854010223E-002   9600.4487854010422        2.7568102764199973        28.797311632900694        1.3703862985137540        1.9556177933793220     
   9.6004487854010764E-002   11022.790040953620       -45.108606398291506       -1.4519727129887516      -0.37061163750448900       0.81483778959548014     
   9.6004487854011805E-002   12655.856304520808       -79.499465238354531      -0.80165120715922855      -0.42336344749618038       0.22258098957080497     
   9.6004487854012110E-002   14530.867249179772       -104.30764935310050      -0.64947252455828020      -0.48531741613268675       -7.1875167090044989E-002
   9.6004487854012069E-002   16683.667855636195       -122.58065761820259      -0.60482095557039783      -0.53903690357111655      -0.20914668706296430     
   9.6004487854011888E-002   19155.413668299796       -136.65178692768231      -0.59498878891073725      -0.58424289210063718      -0.26634511322417387     
   9.6004487854011791E-002   21993.357574529280       -148.22201699748985      -0.59806338899946965      -0.62308663793359531      -0.28434357503020147     
   9.6004487854011625E-002   25251.753148071650       -158.44714377308509      -0.60621263414636628      -0.65785734507600480      -0.28388331154921598     
   9.6004487854011444E-002   28992.891826103722       -168.04709476737995      -0.61652549999711259      -0.69033209728128897      -0.27499198564741045     
   9.6004487854011347E-002   33288.293747808333       -177.42598066644521      -0.62794859011095572      -0.72165646112542015      -0.26230526840615498     
   9.6004487854011389E-002   38220.075019998192       -186.78162951839798      -0.64011665342170243      -0.75245919182975118      -0.24791033368061066     
   9.6004487854011444E-002   43882.517548093499       -196.18975328230604      -0.65290115380030844      -0.78303224673883765      -0.23276212325040163     
   9.6004487854011319E-002   50383.871443243996       -205.65963590345652      -0.66624859887458943      -0.81348442317849401      -0.21733664115762524     
   9.6004487854011333E-002   57848.424462593983       -215.16650132441251      -0.68012980568332404      -0.84384084122689074      -0.20191039943595518     
   9.6004487854011306E-002   66418.878044616140       -224.66830863063586      -0.69452778343148402      -0.87409730837033028      -0.18667175051875148     
   9.6004487854011389E-002   76259.075362685893       -234.11362170162087      -0.70943584443645880      -0.90424550127969261      -0.17176327403499730     
   9.6004487854011444E-002   87557.133549671562       -243.44495548616692      -0.72485855751078965      -0.93428397901853322      -0.15729762592014304     
   9.6004487854011958E-002   100529.03997294218       -252.60005351343298      -0.74081287180061373      -0.96422262497409461      -0.14336411335853139     
   9.6004487854011972E-002   115422.78131053847       -261.51229550887427      -0.75732881651385353      -0.99408419457332520      -0.13003226023455575     
   9.6004487854011986E-002   132523.08436493750       -270.11075847297639      -0.77445128081310521       -1.0239060890327680      -0.11735411721619332     
   9.6004487854011986E-002   152156.85924553993       -278.32013705626917      -0.79224110110420232       -1.0537411348408579      -0.10536645236056941     
   9.6004487854011916E-002   174699.44897835801       -286.06059568584874      -0.81077732469317532       -1.0836593997478656       -9.4092588800300067E-002
   9.6004487854011861E-002   200581.80501801157       -293.24757432258116      -0.83016029386443413       -1.1137507173437489       -8.3544110837077884E-002
   9.6004487854011861E-002   230298.72583781159       -299.79155242414532      -0.85051475560187406       -1.1441271063884177       -7.3722586412855645E-002
   9.6004487854011805E-002   264418.31609680102       -305.59777045131102      -0.87199454597365689       -1.1749265934200839       -6.4621074708559850E-002
   9.6004487854011639E-002   303592.84721664904       -310.56590696834729      -0.89478937482650212       -1.2063189046845744       -5.6225457982692989E-002
   9.6004487854011694E-002   348571.22699234571       -314.58970924975807      -0.91913295485540791       -1.2385121872257063       -4.8515757888241147E-002
   9.6004487854011666E-002   400213.31662087364       -317.55657543532533      -0.94531395008137598       -1.2717621132890828       -4.1467318718701511E-002
   9.6004487854011653E-002   459506.36884953460       -319.34708642196546      -0.97369121063190955       -1.3063846577752998       -3.5051841170964229E-002
   9.6004487854011625E-002   527583.90149547544       -319.83448577773601       -1.0047154394653728       -1.3427744295976660       -2.9238266413693162E-002
   9.6004487854011611E-002   605747.36714548478       -318.88410599487850       -1.0389567940544564       -1.3814276548079627       -2.3993708967958143E-002
  0.12086248940572755        695.49103330044659       -10.910449734525416       -1.5935851850844998       -1.9623599603991893        7.6642810070971290E-002
  0.12086248940009971        798.53054856533413       -10.333510474979400       -1.8955430207132082       -2.2624614503230815       0.53985248870857139     
  0.12086248938016225        916.83574105993989       -8.7744634651654820       -3.7471473205154768       -4.0867692605237629        2.5883632710088782     
  0.12086248936410025        1052.6682762758542       -1.5586495132717602       -70.601523257686011       -69.801801350949788        12.670347057478510     
  0.12086248934904138        1208.6248934904145        34.781173318597787        13.317323426458023        12.651070171562122        53.273291248420961     
  0.12086248934928638        1387.6870484951164        223.57344793005674        9.6163315779234555        8.9979858698366986        224.78685169207134     
  0.12086248935877227        1593.2779103590372        1839.4788648013869        7.9786851442475903        7.3670164208392421        1380.9016528312743     
  0.12086248935916687        1829.3278028356870        8997.3916647657916        6.7667386367730815        6.1581908615239840        5159.5800023799238     
  0.12086248935908636        2100.3493417293303        14474.697184676459        5.7405798699880179        5.1327928520362152        6373.8116700514183     
  0.12086248935829150        2411.5237030992653        11802.180514136495        4.8166631786221208        4.2083696706020541        3980.3334583717506     
  0.12086248935865598        2768.7996730473451        8182.4912680524913        3.9600292291189199        3.3505929714565088        2098.1332589695289     
  0.12086248935884161        3179.0073718135777        5574.5505963058422        2.9756559392600037        2.3632347850463988        1037.2880001807944     
  0.12086248935836451        3649.9888266986381        3685.8119939330441        2.5087451869936350        1.8876505777544295        541.94349940961570     
  0.12086248935826766        4190.7478897938418        2494.0232313758593        2.4276009047152871        1.7960315881590363        314.68357319326174     
  0.12086248935837754        4811.6223664515937        1705.8964514183397        2.0625440784240925        1.4171854232559684        172.71117286713292     
  0.12086248935832142        5524.4816453142339        1159.7966827341986        1.7113312709123245        1.0449108911992702        94.160412150890537     
  0.12086248935830632        6342.9536079598038        776.08201984854350        1.4179579119221888       0.71788976700250418        51.285458267374878     
  0.12086248935830002        7282.6851559653878        502.91404706816587        1.1872026624560621       0.43011280110351846        27.733383894392972     
  0.12086248935829744        8361.6413360430724        306.77912175664761        1.0330880903334028       0.16948273416701976        14.759575109996266     
  0.12086248935829479        9600.4487816356777        165.83850655271848        1.0107172749504403       -9.0523427212853225E-002   7.6466691416440185     
  0.12086248935829379        11022.790036630251        65.322300256001213        1.4373749042232684      -0.47418472619191188        3.7994739599551322     
  0.12086248935829434        12655.856299556832       -5.3347464743303536       -11.693888025691864        4.2841502435569989        1.7658515448892240     
  0.12086248935829454        14530.867243480337       -54.162748825892031      -0.97952926202219737       0.10720378941055886       0.72514764646341745     
  0.12086248935829552        16683.667849092515       -87.538301890559268      -0.62020632322199210      -0.14211814179975635       0.21392628528729804     
  0.12086248935829502        19155.413660786602       -110.56421378234667      -0.54138093429184520      -0.26010090319527901       -2.5601713784995539E-002
  0.12086248935829491        21993.357565902981       -127.18344429761039      -0.52537454968614550      -0.33512526530915498      -0.13227262335455839     
  0.12086248935829136        25251.753138166638       -140.23095016551818      -0.52842094973836173      -0.39005325442933214      -0.17721196948328372     
  0.12086248935834164        28992.891814743358       -151.55443672038382      -0.53780900478822991      -0.43501362619597139      -0.19458817667726666     
  0.12086248935834162        33288.293734764913       -162.22737327918381      -0.54953104675554965      -0.47524322816992837      -0.19969699120602991     
  0.12086248935834160        38220.075005022336       -172.79746807462973      -0.56236947682758975      -0.51336711718555272      -0.19897120874350407     
  0.12086248935838832        43882.517530915844       -183.50201307949959      -0.57597513793079524      -0.55056686128968324      -0.19504266365398684     
  0.12086248935784534        50383.871423295132       -194.41655660950991      -0.59023821293634815      -0.58730171923260266      -0.18904751537144401     
  0.12086248935784527        57848.424439689574       -205.54031196759516      -0.60510600393980918      -0.62371682925555350      -0.18156933464981367     
  0.12086248935784502        66418.878018318224       -216.83821711626550      -0.62054143160943220      -0.65984172405829988      -0.17298772845069665     
  0.12086248935784505        76259.075332491819       -228.25905947728080      -0.63651747617844179      -0.69567327133390333      -0.16359655557413297     
  0.12086248935784498        87557.133515004040       -239.74239736605065      -0.65301823864713393      -0.73120613412102731      -0.15364183406409729     
  0.12086248935784492        100529.03993313792       -251.22090509675184      -0.67003981990162931      -0.76644236628182705      -0.14333444382296917     
  0.12086248935784498        115422.78126483713       -262.62105578148578      -0.68759140814712061      -0.80139470197617702      -0.13285525756946368     
  0.12086248935784501        132523.08431246533       -273.86325739988860      -0.70569588527921234      -0.83608750685939115      -0.12235837915513562     
  0.12086248935784527        152156.85918529416       -284.86181846695320      -0.72439073850863389      -0.87055753939830338      -0.11197372389620516     
  0.12086248935784556        174699.44890918714       -295.52485376794965      -0.74372974781934043      -0.90485533446793909      -0.10180925897294590     
  0.12086248935784560        200581.80493859301       -305.75415575735894      -0.76378474963047349      -0.93904656488106553       -9.1953206130700307E-002
  0.12086248935784552        230298.72574662670       -315.44503295482588      -0.78464812136515205      -0.97321400555440141       -8.2476083762664201E-002
  0.12086248935784551        264418.31599210680       -324.48611071152067      -0.80643657243419908       -1.0074606418609702       -7.3432553025742753E-002
  0.12086248935786661        303592.84709649766       -332.75908860072815      -0.82929516557845395       -1.0419127876233589       -6.4863304437736718E-002
  0.12086248935786584        348571.22685439099       -340.13844881888258      -0.85340358761855206       -1.0767251537916427       -5.6796693375621946E-002
  0.12086248935786595        400213.31646248087       -346.49111041682670      -0.87898390552346461       -1.1120869968977083       -4.9250346412951257E-002
  0.12086248935786298        459506.36866766424       -351.67602463136291      -0.90631145392428414       -1.1482308428540047       -4.2232605764758610E-002
  0.12086248935786414        527583.90128666547       -355.54370707974800      -0.93572851918634836       -1.1854432323289086       -3.5743964195263711E-002
  0.12086248935786412        605747.36690573895       -357.93570299173308      -0.96766520147893698       -1.2240815444118784       -2.9778217555344016E-002
  0.15215685919054248        695.49103304890536       -11.999839014748462       -1.4477455485104513       -1.8001226456397708      -0.21217528707434696     
  0.15215685920294719        798.53054837880984       -11.702496204448853       -1.5291082143417500       -1.8834652879340354       -5.4127682854834269E-003
  0.15215685919981392        916.83574097814267       -11.259592814935075       -1.6817266629851726       -2.0360089807498976       0.28086063207908651     
  0.15215685919633984        1052.6682762977978       -10.416588834331961       -2.2635534001925897       -2.6094711388772938        1.1212264662227585     
  0.15215685919293725        1208.6248936391701       -7.4724866081635035       -7.0788645750236023       -7.3412276977550048        5.3483528453420197     
  0.15215685916636199        1387.6870484207286        7.3893006979192410        28.658967859626578        27.724833395727359        25.165592631490100     
  0.15215685915472008        1593.2779100266741        81.432244938889951        11.383691464875199        10.747307444644189        103.72795850455110     
  0.15215685915191154        1829.3278024143449        531.01671862084322        8.9448536484109127        8.3295404024076536        480.01053820132074     
  0.15215685915118757        2100.3493412369708        4514.6226954767544        7.5308612462242284        6.9207940938273120        3089.3538422571232     
  0.15215685914989635        2411.5237025293554        15144.098417263149        6.4090689296287469        5.8013615816012649        7950.5949983417195     
  0.15215685914994581        2768.7996723855513        17715.080936110397        5.4169349228127475        4.8093820427540388        7134.1832681451569     
  0.15215685915165159        3179.0073710844918        13239.399032532188        4.5218129908135998        3.9136762677753811        4077.0923482068165     
  0.15215685915143920        3649.9888258708497        9082.4265148472732        3.6581144140255937        3.0487556969790459        2109.7203192027641     
  0.15215685915044089        4190.7478888192763        6141.0236333311095        2.6517906153188355        2.0383475160624744        1019.3955677673705     
  0.15215685915007657        4811.6223653167481        4072.6702848405271        2.5215042080184848        1.8993317240638135        573.72509870443082     
  0.15215685914963498        5524.4816439977876        2776.5493083134652        2.2827265524592293        1.6507105718150639        323.53614560653841     
  0.15215685914964713        6342.9536064496215        1895.2582783895321        1.8979493936828224        1.2518332438947271        175.81521555380468     
  0.15215685914970403        7282.6851542345694        1280.4443852768991        1.5520360690798856       0.88380200696682021        95.087942818579194     
  0.15215685914968349        8361.6413340548770        846.39206607907329        1.2606478377752803       0.55607795632168155        51.095524721791229     
  0.15215685914969343        9600.4487793537628        537.34930888401664        1.0249794060885371       0.25652839955196649        27.062228932182890     
  0.15215685914969035        11022.790034010126        317.38719697382601       0.85501761025590906       -3.8608705379031161E-002   13.999818103222712     
  0.15215685914968638        12655.856296548145        162.69113682571745       0.79530531006795480      -0.39717256902310982        7.0102672752200750     
  0.15215685914968527        14530.867240025775        56.448491927573372        1.1454358882526385       -1.2261110799682733        3.3708324019297415     
  0.15215685914968485        16683.667845125965       -14.198887668659918       -2.8706447329215674        3.8492775396019230        1.5475383574621953     
  0.15215685914968410        19155.413656232380       -59.716180736899112      -0.60878684913122350       0.60166999901324658       0.67568764484511457     
  0.15215685914968397        21993.357560674034       -88.705595045432148      -0.44973421124678059       0.21814268226221190       0.27711269933126120     
  0.15215685914968458        25251.753132163842       -107.87578628402689      -0.42616027675463275        5.7829232848608081E-002   9.8896369529357431E-002
  0.15215685914968502        28992.891807839256       -121.94908509598496      -0.43155058040820260       -3.5502385492129029E-002   1.6398584677588535E-002
  0.15215685914968496        33288.293726837939       -133.83572575376451      -0.44438815313898450      -0.10280459516926943       -2.6449818019671112E-002
  0.15215685914968566        38220.074995921117       -145.08234770969813      -0.45935736148158035      -0.15951980866053050       -5.2494408029747919E-002
  0.15215685914968571        43882.517520449313       -156.39072943129102      -0.47522325622569339      -0.21178834927281143       -7.0290674153267896E-002
  0.15215685914968563        50383.871411504260       -168.02460362485624      -0.49173191513828252      -0.26188774956544802       -8.2965114083084102E-002
  0.15215685914968569        57848.424426151905       -180.05267983340366      -0.50881536453423326      -0.31058753207041434       -9.1801432568519831E-002
  0.15215685914968563        66418.878002775033       -192.46582152082084      -0.52642976883444925      -0.35813943984668550       -9.7501340871657793E-002
  0.15215685914968563        76259.075314645801       -205.22427003237556      -0.54453829740747439      -0.40464260899622517      -0.10057480769238404     
  0.15215685914968549        87557.133494514026       -218.27386916005179      -0.56311429455754958      -0.45015926283324625      -0.10144939861916047     
  0.15215685914968546        100529.03990961229       -231.55081338734652      -0.58214370283829142      -0.49474651878679721      -0.10049990976106070     
  0.15215685914968544        115422.78123782600       -244.98275654185912      -0.60162571410472487      -0.53846394111719831       -9.8057885258899191E-002
  0.15215685914968538        132523.08428145235       -258.48892342146320      -0.62157289502591262      -0.58137522690784615       -9.4416388896992540E-002
  0.15215685914968530        152156.85914968609       -271.97999037050624      -0.64201140781659849      -0.62354886911361707       -8.9833572206814205E-002
  0.15215685914968535        174699.44886830327       -285.35792546146371      -0.66298194359738449      -0.66505929924960183       -8.4535689693342589E-002
  0.15215685914968535        200581.80489165190       -298.51582546265416      -0.68454104698501250      -0.70598831671890794       -7.8719881238986517E-002
  0.15215685914968541        230298.72569273136       -311.33775024215782      -0.70676247889794208      -0.74642642794273562       -7.2556850416164900E-002
  0.15215685914968552        264418.31593022699       -323.69854726690033      -0.72974034516369857      -0.78647576952935916       -6.6193097287650590E-002
  0.15215685914968552        303592.84702539706       -335.46365697323489      -0.75359219478007566      -0.82625275407305643       -5.9753210371689444E-002
  0.15215685914968552        348571.22677275876       -346.48888929749307      -0.77846365416709340      -0.86589192466354525       -5.3341915568673133E-002
  0.15215685914968549        400213.31636875414       -356.62016156895197      -0.80453394962262825      -0.90555026558915097       -4.7046087026012387E-002
  0.15215685914968519        459506.36856006179       -365.69318811712685      -0.83202449859497818      -0.94541400772463224       -4.0936466777987568E-002
  0.15215685914968474        527583.90116311482       -373.53311227514621      -0.86120936648122803      -0.98570652432629802       -3.5069423221997846E-002
  0.15215685914968474        605747.36676388385       -379.95407193089932      -0.89242926955271995       -1.0266987065049309       -2.9488608770748430E-002
  0.19155413653121742        695.49103274920833       -12.870999574282076       -1.3842979147877432       -1.7173084335064059      -0.40844360889440123     
  0.19155413652609199        798.53054794824436       -12.675035354218656       -1.4244064926657929       -1.7597878185842537      -0.23918474672601842     
  0.19155413652678879        916.83574050600214       -12.412948072977244       -1.4882456818899488       -1.8253562005574664       -4.5177848012017963E-002
  0.19155413653953524        1052.6682758497898       -12.039839679839162       -1.5920533096949594       -1.9294008462845944       0.18848671185896215     
  0.19155413653394354        1208.6248931165344       -11.453923731201739       -1.8324949068155179       -2.1662507541683649       0.60243567255920427     
  0.19155413654034972        1387.6870481094409       -10.082139027242190       -3.1044070656418152       -3.4142072758174127        2.2820169512691799     
  0.19155413654417572        1593.2779098229971       -4.1516773873793529       -22.853660574618722       -22.775738742140263        10.966407900159131     
  0.19155413651208278        1829.3278019077727        26.511932874365908        15.657728212944672        14.948813297153174        49.196259335617633     
  0.19155413650801520        2100.3493406207417        180.84004803815657        10.192922879621857        9.5690194866659866        200.03761118858793     
  0.19155413650712325        2411.5237018310654        1378.3963254688842        8.3956159950518572        7.7821613094942457        1129.4758178726913     
  0.19155413650472314        2768.7996715482150        9751.9879255247524        7.1245848861343095        6.5159872922761508        6097.3421435403397     
  0.19155413650475248        3179.0073700879498        22035.586421510579        6.0614816430240337        5.4542353292044385        10585.491556378698     
  0.19155413650324271        3649.9888247029926        20722.664754332378        5.1049173803527257        4.4975795927860913        7630.1044100564841     
  0.19155413650269812        4190.7478874939779        14738.490061805685        4.2330449098404861        3.6251121238495418        4139.7196290548954     
  0.19155413650031519        4811.6223637467665        10076.177304922341        3.3287054112177383        2.7193580144754188        2103.0664912372358     
  0.19155413649987174        5524.4816421984524        6735.3706343239546        2.4930849121922329        1.8784613761582412        1031.0843512698643     
  0.19155413649984146        6342.9536043821972        4511.6929461608297        2.4674926851448062        1.8448784152870212        599.69684558087579     
  0.19155413649962302        7282.6851518498206        3078.3315552694994        2.1243810488985337        1.4922107607228177        329.75473578259334     
  0.19155413649956304        8361.6413313153316        2087.7198445406570        1.7372541958427457        1.0905593192267498        177.30849429685051     
  0.19155413649955055        9600.4487762070894        1392.8720458644489        1.3967130818744931       0.72652554279683779        94.546360497014120     
  0.19155413649954200        11022.790030396995        901.51794628637026        1.1052770801868985       0.39498281349443332        49.674334836276913     
  0.19155413649954298        12655.856292400109        554.26100525088634       0.86066303442342296        7.6325445500899480E-002   25.479056583768543     
  0.19155413649954334        14530.867235263324        312.51962315212080       0.66556709609819364      -0.27284017500374935        12.660912514612782     
  0.19155413649954300        16683.667839657959        149.58426834800150       0.54072618738380429      -0.79489598750132262        6.0869421443952838     
  0.19155413649953967        19155.413649954025        44.972089745155685       0.65490852928096355       -2.4995752491317456        2.8722028627246741     
  0.19155413649953795        21993.357553465339       -18.473068051964674      -0.77654135622915477        5.1289828961428316        1.3892893544485259     
  0.19155413649953643        25251.753123886858       -55.322267212519364      -0.25338241499696990        1.4210678969988129       0.74072827388163287     
  0.19155413649953582        28992.891798335826       -77.051737791151112      -0.23854073759417005       0.87132214004458808       0.45986600009947998     
  0.19155413649953637        33288.293715926644       -91.514751825334059      -0.25999023289017742       0.64654464008240398       0.32639045716812715     
  0.19155413649953676        38220.074983393191       -103.22354498645448      -0.28568188191992405       0.51073586125404047       0.24848434886260712     
  0.19155413649953684        43882.517506065320       -114.32938589860299      -0.31116817065577584       0.40543199748940850       0.19267357347617886     
  0.19155413649953673        50383.871394989234       -125.68133622415120      -0.33620484565547559       0.31284698551356960       0.14802252193661086     
  0.19155413649953687        57848.424407190134       -137.55145736572103      -0.36097911084384060       0.22749745390138054       0.11099667204079144     
  0.19155413649953695        66418.877981004043       -149.99874145767052      -0.38559491279621771       0.14755935005878262        8.0172363521572032E-002
  0.19155413649953693        76259.075289649365       -163.01201343692236      -0.41009879362759694        7.2208386853539475E-002   5.4688322915831811E-002
  0.19155413649953684        87557.133465814331       -176.55542380899760      -0.43452504524238555        8.9387542454399949E-004   3.3857115913766805E-002
  0.19155413649953693        100529.03987666070       -190.58026108941928      -0.45891208189530397       -6.6836295224038667E-002   1.7077085712510820E-002
  0.19155413649953690        115422.78119999253       -205.02722978512654      -0.48330590936732332      -0.13137658569586941        3.8108818996049620E-003
  0.19155413649953681        132523.08423801369       -219.82647748173054      -0.50776051028289571      -0.19307662137388437       -6.4228071017593535E-003
  0.19155413649953645        152156.85909981161       -234.89719194025773      -0.53233807639264463      -0.25224863068585202       -1.4054814762664167E-002
  0.19155413649953629        174699.44881103947       -250.14715405665723      -0.55710921240412903      -0.30917322576437156       -1.9470325504368058E-002
  0.19155413649953629        200581.80482590428       -265.47231579217771      -0.58215475782782122      -0.36410580187277430       -2.3012840387998723E-002
  0.19155413649953626        230298.72561724292       -280.75641123207134      -0.60756661066522455      -0.41728108667122032       -2.4988153964542348E-002
  0.19155413649953631        264418.31584355450       -295.87059739550796      -0.63345096158601755      -0.46891930883914712       -2.5667465426706011E-002
  0.19155413649953631        303592.84692588367       -310.67311811910491      -0.65993070440341284      -0.51923077925653760       -2.5290576004405374E-002
  0.19155413649953634        348571.22665850224       -325.00898233704862      -0.68714960243739487      -0.56842145943527556       -2.4068582333466197E-002
  0.19155413649953645        400213.31623757037       -338.70964642915459      -0.71527764833127483      -0.61669891061872251       -2.2186348926595927E-002
  0.19155413649953670        459506.36840944423       -351.59268893196946      -0.74451760750177531      -0.66427851917769964       -1.9804849993752323E-002
  0.19155413649953673        527583.90099018440       -363.46146483362583      -0.77511334195140313      -0.71139043095582810       -1.7063361600309156E-002
  0.19155413649953612        605747.36656533112       -374.10472592177376      -0.80736284697596550      -0.75828986486594374       -1.4081248497447005E-002
  0.24115237016724850        695.49103261599350       -13.625181207384612       -1.3602368392239075       -1.6722340655772749      -0.50909151781769335     
  0.24115237018645164        798.53054788024701       -13.458942293683284       -1.3808785315910952       -1.6945973149407170      -0.36458741076305934     
  0.24115237018434230        916.83574041657619       -13.266642432261571       -1.4125069441143849       -1.7278827153975327      -0.21131160169240504     
  0.24115237016160995        1052.6682755778377       -13.024593425419908       -1.4630683202803070       -1.7796355750219117       -3.5156368795351112E-002
  0.24115237016027982        1208.6248928329067       -12.694955144250153       -1.5437811081106374       -1.8603439442663634       0.17461542872908886     
  0.24115237015922397        1387.6870477313080       -12.216697958370242       -1.6848709212882431       -1.9988604506685317       0.45408532291263148     
  0.24115237017092908        1593.2779094343539       -11.390823461564077       -2.1268175253633013       -2.4302720282348700        1.1579476841524106     
  0.24115237016708149        1829.3278017388491       -8.9002739384543119       -5.3280936112138733       -5.5623583137926351        4.6657968659774367     
  0.24115237018945340        2100.3493406662424        3.4273750130988940        53.178917320936421        51.649799004051793        22.222830274303139     
  0.24115237019799257        2411.5237019799283        66.527772847679202        11.803834718176184        11.150195267740582        91.703837314497605     
  0.24115237018525268        2768.7996716075509        410.39508459869882        9.4180370076718170        8.7995894677449709        405.54006346990235     
  0.24115237018455821        3179.0073701464344        3656.4654841049669        7.9175829006951233        7.3064210436918948        2727.7594254124028     
  0.24115237018449928        3649.9888247980184        17999.576529493937        6.7457061989680422        6.1381179573498788        10295.184834198993     
  0.24115237018360980        4190.7478875995394        28933.395903261306        5.7279224719847228        5.1210014719688663        12717.341895686639     
  0.24115237018270591        4811.6223639097880        23591.011058576714        4.8032461212856115        4.1961255631425214        7938.2206508194322     
  0.24115237018285660        5524.4816424018672        16355.376515676258        3.9450220393503104        3.3373264993876726        4181.2250158000288     
  0.24115237018274721        6342.9536046138746        11146.559618888670        2.9704750271253664        2.3609224139236660        2070.0840594490469     
  0.24115237018202204        7282.6851521022272        7388.2548293705931        2.4823938277385018        1.8668520982329575        1077.8477526380484     
  0.24115237018162866        8361.6413315941099        4990.1420421120802        2.3555897773009407        1.7329201368041751        617.34668590715455     
  0.24115237018180521        9600.4487765348240        3386.4905212523136        1.9633401686663214        1.3311398909314107        332.74290805013663     
  0.24115237018179775        11022.790030773436        2267.7053180943362        1.5804719767498727       0.93309753563272735        176.19863961119782     
  0.24115237018179875        12655.856292832312        1480.5795522078683        1.2433863949044994       0.57045279697927986        91.767171322744701     
  0.24115237018180827        14530.867235760108        926.94476427011034       0.94738796749403886       0.22850412828033750        46.545927765580402     
  0.24115237018180380        16683.667840228056        543.94518200169659       0.68426946678281952      -0.12481581221362603        22.784428377978735     
  0.24115237018179672        19155.413650608360        289.18349393105905       0.44136742419022412      -0.56786651122774434        10.758781116717046     
  0.24115237018179597        21993.357554216745        130.28457873668532       0.18569020950236270       -1.3649423913767240        5.0165239543829259     
  0.24115237018179217        25251.753124749386        39.261934606018691      -0.27707003268909081       -4.1905893824629832        2.4721142477535190     
  0.24115237018179064        28992.891799326055       -8.6189198547494605        2.0974517117495406        17.383779541663820        1.4217401653077564     
  0.24115237018179034        33288.293717063447       -33.077681439515274       0.49820710662520384        4.2580433052275817       0.99242495131770525     
  0.24115237018178992        38220.074984698258       -47.165825354975972       0.27416507421560032        2.8942396399617594       0.79039977147675811     
  0.24115237018178853        43882.517507563476       -57.790567749590103       0.15511468427966846        2.3212784042898118       0.66505993462551216     
  0.24115237018178945        50383.871396709561       -67.852746300452239        6.7337571066973023E-002   1.9450065660574092       0.56806553054259035     
  0.24115237018179003        57848.424409165433       -78.326423086696366       -5.7271104888707569E-003   1.6492057169642753       0.48590134520456091     
  0.24115237018179006        66418.877983271974       -89.474008311388999       -6.9422544746006287E-002   1.4019975343170654       0.41470152232176333     
  0.24115237018179134        76259.075292253692       -101.34640355429994      -0.12621131260384855        1.1903175330398561       0.35285596832205762     
  0.24115237018179245        87557.133468804968       -113.93845224697701      -0.17763710603168215        1.0063643929643487       0.29926400295734623     
  0.24115237018126201        100529.03987987322       -127.22655873468386      -0.22482201790302714       0.84459289066672616       0.25298989354480761     
  0.24115237018126243        115422.78120368121       -141.17545573794968      -0.26862928641198558       0.70082739827425833       0.21319938246843301     
  0.24115237018126245        132523.08424224894       -155.73852655019149      -0.30974228727202080       0.57184698912054843       0.17914300456036072     
  0.24115237018126243        152156.85910467457       -170.85703476632003      -0.34871487016766256       0.45512641374702745       0.15014685548373988     
  0.24115237018126229        174699.44881662299       -186.45921706019391      -0.38600619956333804       0.34865852175335910       0.12560490479935968     
  0.24115237018126226        200581.80483231499       -202.45938597812875      -0.42200633650157837       0.25082779633229313       0.10497227568726469     
  0.24115237018126226        230298.72562460342       -218.75706703135134      -0.45705572295667096       0.16031825975731495        8.7759304312155048E-002
  0.24115237018051325        264418.31585118413       -235.23617747334615      -0.49146032434316045        7.6045383398687605E-002   7.3526205047919596E-002
  0.24115237018051316        303592.84693464363       -251.76425044397905      -0.52550417046040554       -2.8954005596886212E-003   6.1878345016807043E-002
  0.24115237018051300        348571.22666855966       -268.19170558395075      -0.55946112611835597       -7.7269198082627222E-002   5.2462193839172666E-002
  0.24115237018051308        400213.31624911778       -284.35116454470250      -0.59360407982938923      -0.14773189028004141        4.4961346105797675E-002
  0.24115237018051305        459506.36842270178       -300.05680700241828      -0.62821626715965784      -0.21485651106883163        3.9093365903642187E-002
  0.24115237018051291        527583.90100540558       -315.10375994483871      -0.66360294936428188      -0.27915505532032270        3.4606827844360304E-002
  0.24115237018051289        605747.36658280937       -329.26751023638553      -0.70010358205403256      -0.34109643673852896        3.1278458886998775E-002
  0.30359284695737843        695.49103270633543       -14.313562274948733       -1.3542162355111462       -1.6439768675102946      -0.50250141909540558     
  0.30359284693352478        798.53054785764448       -14.138231533225731       -1.3676957470989883       -1.6580401892694363      -0.36455141227141730     
  0.30359284697332067        916.83574051882613       -13.954084710105576       -1.3856049651984808       -1.6766229537993502      -0.23529191629376278     
  0.30359284698702110        1052.6682758419706       -13.751745960577111       -1.4115131810647563       -1.7031724013100491      -0.10302066092496420     
  0.30359284698284078        1208.6248931261962       -13.513299083339664       -1.4520171897707457       -1.7439754438643704        4.7792309806037769E-002
  0.30359284701013506        1387.6870481988840       -13.207457028599782       -1.5170703721746335       -1.8083524790853167       0.23158349686981561     
  0.30359284706989742        1593.2779102075053       -12.785574132731083       -1.6223040288558535       -1.9108062437586133       0.46179118241086026     
  0.30359284704193057        1829.3278024872161       -12.155681295273249       -1.8357486602438282       -2.1168242167956852       0.83545214771190368     
  0.30359284704980638        2100.3493413851188       -10.880140598243667       -2.7837000422940186       -3.0381657939143896        2.2048698507124151     
  0.30359284705968548        2411.5237027983890       -5.9554275872499218       -13.769562485755612       -13.757003692346926        9.5880255608279583     
  0.30359284708885959        2768.7996729596143        19.891881435340242        18.166657703847825        17.381483103368073        44.373242645792345     
  0.30359284707884282        3179.0073716030779        150.38747689004643        10.782497826186122        10.150361178719294        182.83698563750167     
  0.30359284706370665        3649.9888262893842        1013.6586927681908        8.8213555094594351        8.2056766552666840        905.92671701682650     
  0.30359284705814216        4190.7478892505023        9025.5612432530579        7.4930456827637180        6.8840752616745036        6150.3855047157740     
  0.30359284705717277        4811.6223658080180        30270.960670971876        6.3957171112131324        5.7888219296129391        15864.312705722134     
  0.30359284705688466        5524.4816445726328        35395.536183152639        5.4066875979205395        4.8000174468959820        14231.914239546717     
  0.30359284705816753        6342.9536071359253        26447.089240222867        4.5103811306504644        3.9034920018299637        8127.5801656728072     
  0.30359284705596018        7282.6851549668791        18131.134292104336        3.6470731591341474        3.0396093344652764        4201.1145915366069     
  0.30359284705693029        8361.6413349235299        12255.869560423243        2.6517459902103795        2.0416695902029507        2032.1786504714146     
  0.30359284705688394        9600.4487803490156        8118.1663450350088        2.4824753574117202        1.8664796234999974        1131.2241315217045     
  0.30359284705695272        11022.790035155551        5486.1644209607166        2.2126879700257152        1.5901344658651206        626.54518677018802     
  0.30359284705685197        12655.856297859402        3677.7663314182823        1.8037711992838359        1.1714775622057223        331.03313027861554     
  0.30359284705681133        14530.867241529457        2409.5441477292234        1.4259291596439230       0.77737010834292786        171.10250777303699     
  0.30359284705685735        16683.667846854998        1519.9186008101758        1.0876926790846726       0.41019274468272204        85.848756455849795     
  0.30359284705686301        19155.413658218025        906.08232728031692       0.77731008662536283        4.4225540932934404E-002   41.314071533903146     
  0.30359284705686107        21993.357562953737        500.67327324004299       0.47445095734014875      -0.37524299663661964        18.998874195666176     
  0.30359284705686657        25251.753134781648        253.04006229755868       0.13867280131234661      -0.97826429858397823        8.5610195025318525     
  0.30359284705686579        28992.891810844740        117.98117860777425      -0.31774925819288979       -2.0849583217046073        4.1177163531904464     
  0.30359284705686412        33288.293730288533        53.568035368177028       -1.0606404363428512       -4.3766305752644854        2.4003963548974574     
  0.30359284705686523        38220.074999882898        25.784241105688579       -2.3044327185896578       -8.8754786788816133        1.7515759094779555     
  0.30359284705686546        43882.517524998053        12.888346149168791       -4.5283149046888340       -17.774604199342921        1.4570651982870777     
  0.30359284705686501        50383.871416726870        4.3721020831478423       -12.960519919398104       -53.019422257794950        1.2679046848666800     
  0.30359284705686485        57848.424432148211       -3.5915067359240429        15.185778084398660        65.403987986182358        1.1147289769542348     
  0.30359284705686446        66418.878009659646       -12.072136565422998        4.2933270403018184        19.676962359863246       0.98122323021694324     
  0.30359284705686440        76259.075322550387       -21.309124957632299        2.2724958893522538        11.237688453336649       0.86320219884668836     
  0.30359284705686485        87557.133503589925       -31.349157920312290        1.4116494384814469        7.6729693342767256       0.75875551280108477     
  0.30359284705686507        100529.03992003288       -42.198897073569114       0.93024113617962856        5.7033192617326431       0.66642452933938834     
  0.30359284705686512        115422.78124979051       -53.851877651405985       0.61962786120241220        4.4524013461769316       0.58492707555108792     
  0.30359284705686707        132523.08429519032       -66.291260386921081       0.40025806126551222        3.5862672803713753       0.51311306902803544     
  0.30359284705686712        152156.85916545949       -79.488976649096344       0.23517561281284971        2.9499436274168218       0.44994831553140974     
  0.30359284705686718        174699.44888641351       -93.404416218633273       0.10485320345015237        2.4617054207744768       0.39450240590547736     
  0.30359284705686718        200581.80491244525       -107.98304446861100       -2.0194206685921756E-003   2.0743800054382180       0.34593791834674381     
  0.30359284705686718        230298.72571660526       -123.15499756042175       -9.2466998733621741E-002   1.7588378478117930       0.30350085319095399     
  0.30359284705686712        264418.31595763762       -138.83367164602925      -0.17110430631037732        1.4961232445140071       0.26651211788398677     
  0.30359284705686712        303592.84705686866       -154.91431959391568      -0.24111066819564764        1.2733727941915562       0.23435993818437315     
  0.30359284705686701        348571.22680889291       -171.27266794727188      -0.30477184759622300        1.0815528611595444       0.20649302700573546     
  0.30359284705686668        400213.31641024130       -187.76356562618756      -0.36380159554382052       0.91413336385354249       0.18241481270117155     
  0.30359284705686662        459506.36860769632       -204.21967405148712      -0.41953860601124804       0.76627876530987216       0.16167777759681679     
  0.30359284705686579        527583.90121780674       -220.45020593818708      -0.47308007013973163       0.63432911222999122       0.14387912715876261     
  0.30359284705686579        605747.36682667851       -236.23971704046704      -0.52537155777598987       0.51546185572806258       0.12865636554276105     
  0.38220075002559295        695.49103298295131       -14.955599448405803       -1.3579011597274278       -1.6241075265921667      -0.34032378903647054     
  0.38220075001777043        798.53054822164006       -14.749753021310120       -1.3686769929178260       -1.6340906819581043      -0.20786192125347602     
  0.38220075000581072        916.83574078787774       -14.541948981284223       -1.3819328631042382       -1.6466099262057625       -9.1432979206920617E-002
  0.38220075001932025        1052.6682761405873       -14.328103430371437       -1.3987221544446444       -1.6626882946554753        1.4425427178220041E-002
  0.38220075008971161        1208.6248937082930       -14.101433426581455       -1.4214351456366903       -1.6846295059941536       0.11881086307532596     
  0.38220075012884064        1387.6870488845304       -13.849004344302296       -1.4551002742485639       -1.7172299405043825       0.23612919159027546     
  0.38220075020389899        1593.2779109939906       -13.546458372880396       -1.5084630599700293       -1.7687059077090870       0.38377015148085558     
  0.38220075024584643        1829.3278037595117       -13.152951971360906       -1.5943980753268567       -1.8509111239782674       0.57606774480302647     
  0.38220075031123468        2100.3493431507582       -12.604515963987035       -1.7392859061067010       -1.9883441740615497       0.83878248534037514     
  0.38220075031116302        2411.5237047466894       -11.737993490740617       -2.1164083100748945       -2.3485741764617023        1.4290429279649719     
  0.38220075028051226        2768.7996747084462       -9.5421397205283416       -4.5047243410228655       -4.6641788673330442        4.3013137111800290     
  0.38220075031363299        3179.0073739913805       0.69877203145548872        223.31453700812904        216.80806391595272        19.664782543832359     
  0.38220075028383871        3649.9888289289656        54.738867855299247        13.205240704504808        12.524455555246913        87.275746284899611     
  0.38220075033692558        4190.7478929400449        333.09906835754254        9.8871521071868926        9.2645014958674725        359.11400211146963     
  0.38220075027421430        4811.6223692700551        2718.4171563327545        8.3125640083217558        7.6997755912919530        2209.3569114555021     
  0.38220075026963185        5524.4816484865887        19500.987597691237        7.1028589900659451        6.4953361997339876        12161.329575071519     
  0.38220075026889078        6342.9536115906476        44023.355497587567        6.0522273847624009        5.4457178426638926        21120.532432079955     
  0.38220075026826344        7282.6851601225817        41384.562522755179        5.0966296674973410        4.4901768216902305        15216.951338522333     
  0.38220075026650008        8361.6413407777691        29413.024595531526        4.2237341775004200        3.6170931156256874        8246.3529197560401     
  0.38220075026581352        9600.4487870548037        20075.556757591865        3.3230306965714593        2.7157140495904621        4183.1340987475160     
  0.38220075026515216        11022.790042833254        13392.959019011241        2.4880507499729232        1.8772667470317574        2045.2491024443002     
  0.38220075026540212        12655.856306687059        8904.1183738406016        2.4225920175095643        1.8064990972891928        1168.8364033065654     
  0.38220075026537964        14530.867251666057        5964.0570075990890        2.0572373640476478        1.4348010075704818        626.05393589992127     
  0.38220075026545358        16683.667858494071        3913.1835841012717        1.6459794767049125        1.0132845946233235        322.27880989733069     
  0.38220075026543227        19155.413671580041        2475.4246609211409        1.2697013885249531       0.61882992192573116        160.32430936422799     
  0.38220075026542988        21993.357578295389        1482.7818837643906       0.92052734561014771       0.23490975986131923        75.988037580207092     
  0.38220075026542905        25251.753152395711        827.94317157788566       0.57469173762931636      -0.18284980186981514        33.972749321207942     
  0.38220075026543210        28992.891831068693        432.58458307347399       0.19164892230170905      -0.72264050665412094        14.616174480654720     
  0.38220075026543299        33288.293753508995        224.87301172192662      -0.27297920048716773       -1.5094630211467099        6.6657794253595188     
  0.38220075026543232        38220.075026543345        134.16379369239809      -0.76492649401979662       -2.4946298339639030        3.7963369643284506     
  0.38220075026543227        43882.517555608312        101.58191820175237       -1.0990266160935764       -3.2834583694801451        2.8113732507161608     
  0.38220075026543149        50383.871451872124        90.660950356609874       -1.2547286920036846       -3.7418479598898426        2.3905278857905623     
  0.38220075026543060        57848.424472500257        85.359437796660487       -1.3453694531982721       -4.0763761850733369        2.1155090806619286     
  0.38220075026543010        66418.878055989975        80.669814574595179       -1.4322412846616419       -4.4293047232558731        1.8862345907631963     
  0.38220075026542955        76259.075375744636        75.451439446841107       -1.5341885784675404       -4.8577101979633159        1.6831944132582808     
  0.38220075026542921        87557.133564664895        69.495535052216212       -1.6606098541169625       -5.4013708805214975        1.5017884069400682     
  0.38220075026542932        100529.03999015631        62.757072995802666       -1.8231618249065342       -6.1150168973803352        1.3396245837255440     
  0.38220075026542871        115422.78133030274        55.216841103623580       -2.0415210689577492       -7.0920564900300089        1.1947290810715565     
  0.38220075026542899        132523.08438762999        46.864577276982217       -2.3529251812545970       -8.5096360396017463        1.0653416575151582     
  0.38220075026542916        152156.85927159447        37.698611340904066       -2.8376518388850949       -10.750080828108914       0.94988104550111896     
  0.38220075026542916        174699.44900827276        27.727252898226272       -3.7067050473402348       -14.818978605033912       0.84692569670270867     
  0.38220075026542921        200581.80505235842        16.970412978494593       -5.7513186143525781       -24.488435942031369       0.75519713334338434     
  0.38220075026542921        230298.72587724711        5.4613374164726167       -16.732579160852580       -76.763286913007974       0.67354500986629684     
  0.38220075026542938        264418.31614207925       -6.7515642277986254        12.448762045381516        62.466285003929165       0.60093377558545025     
  0.38220075026542943        303592.84726863605       -19.602806384136624        3.8533286306382957        21.580077121886625       0.53643084514583927     
  0.38220075026542721        348571.22705203242       -33.007845914286797        1.9929787430349344        12.815120755294920       0.47919563449335878     
  0.38220075026542721        400213.31668940332       -46.861047192680552        1.1680850948901789        8.9963679030301940       0.42847037075875932     
  0.38220075026542727        459506.36892821739       -61.033611033645720       0.69389475473349393        6.8603187588963497       0.38357133367446583     
  0.38220075026542721        527583.90158581547       -75.371485320930390       0.37928608169849132        5.4974656865741167       0.34388131620336115     
  0.38220075026542544        605747.36724920629       -89.693275105808354       0.14965367414567465        4.5542912523992349       0.30884311581896884     
  0.48116223688203397        695.49103337036502       -15.561306985513276       -1.3692418403975808       -1.6103832084770717        8.1063946277553534E-002
  0.48116223685800896        798.53054864292233       -15.307204975934258       -1.3788759161582484       -1.6175886418841234       0.19191169170187106     
  0.48116223686775156        916.83574131882801       -15.055216613951192       -1.3904283269242177       -1.6266849631771176       0.28478182528051343     
  0.48116223685023873        1052.6682766746776       -14.802561937890971       -1.4043644271694116       -1.6381151860624028       0.36359728452531215     
  0.48116223683513815        1208.6248940609828       -14.545682804405866       -1.4214363406717214       -1.6525946726305754       0.43256157048026944     
  0.48116223685508697        1387.6870492049366       -14.279366871072037       -1.4432221581053746       -1.6716266498942618       0.49816529130249121     
  0.48116223683205223        1593.2779109726955       -13.994380414940503       -1.4732936989824330       -1.6986017390098112       0.57194332649594837     
  0.48116223688024279        1829.3278037175041       -13.672804208238006       -1.5188003130082659       -1.7402347243741580       0.67124728659636279     
  0.48116223689160714        2100.3493427927988       -13.281858205488183       -1.5915490383278852       -1.8074098382622705       0.81470620916128955     
  0.48116223693211946        2411.5237045391918       -12.768646094905328       -1.7096353125808963       -1.9164858916771166        1.0174399946350108     
  0.48116223701112026        2768.7996751468545       -12.043194364168709       -1.9292107718140648       -2.1200243008457962        1.3456937504671540     
  0.48116223714837764        3179.0073751261043       -10.767968872980616       -2.7304772617251656       -2.8823835596877334        2.4489635683926165     
  0.48116223720091855        3649.9888309149001       -6.5824990300338548       -10.765055476670486       -10.647445232697464        8.6266354739739946     
  0.48116223716755674        4190.7478943475462        15.157194518203321        20.599292396612377        19.686803447382378        39.970767912671889     
  0.48116223726407148        4811.6223726407197        127.70040838816413        10.666338452434367        10.022035899270168        161.32127338873426     
  0.48116223726992208        5524.4816524900407        773.03654210673210        9.2425028580948982        8.6242914628829421        752.04910135704517     
  0.48116223727233903        6342.9536162313852        7295.7442757020735        7.8683814492035751        7.2586205778180446        5414.3043774956141     
  0.48116223727201790        7282.6851654579541        35970.390209822152        6.7331814687095175        6.1264606683704956        20541.060451307912     
  0.48116223727178553        8361.6413469381368        57778.265188422898        5.7213010601791288        5.1150483966656495        25370.424996270838     
  0.48116223727106167        9600.4487941306543        47080.987199451432        4.7966747487248496        4.1904297162068236        15823.838760487048     
  0.48116223727021834        11022.790050957172        32589.937453093255        3.9380781886342744        3.3316921175209560        8318.8911097043747     
  0.48116223727143081        12655.856316038180        22140.451086346795        2.9705307932786114        2.3631577478023700        4109.1102866800175     
  0.48116223727115998        14530.867262395255        14588.481010075322        2.4655800693645333        1.8542138971711899        2117.1167833165596     
  0.48116223727113705        16683.667870808815        9690.1966669698922        2.3093749464056610        1.6933430514881063        1183.1075740634524     
  0.48116223727092378        19155.413685711839        6365.2140938802795        1.8978228305068305        1.2753391036735309        612.61458755635317     
  0.48116223727092577        21993.357594521094        4033.4893213821392        1.4872800864445241       0.85351256182019597        303.37383019807652     
  0.48116223727094032        25251.753171026132        2418.1967676452423        1.1035964919052801       0.44822832369847809        142.22595106719129     
  0.48116223727093760        28992.891852458884        1348.0025484426822       0.72259569962382475        2.2234093461311666E-002   62.038631934995422     
  0.48116223727094987        33288.293778068983        703.16566509610050       0.30021066227659965      -0.49852802008653152        25.392501841947514     
  0.48116223727094742        38220.075054741865        372.18054047565653      -0.19669103144866540       -1.1907578356882889        10.750397750710720     
  0.48116223727094548        43882.517587984366        237.47456887960098      -0.65492615841243484       -1.9093184342975114        5.7979098090395063     
  0.48116223727094487        50383.871489044846        196.91897817285553      -0.88763428593233940       -2.3276077843724057        4.2732490417912832     
  0.48116223727094870        57848.424515180850        188.61246691012920      -0.95911895405178427       -2.4941434125135356        3.6763775673327270     
  0.48116223727094898        66418.878104994001        187.69719371883730      -0.98718535054075485       -2.5895545267172442        3.2856472061951947     
  0.48116223727094831        76259.075432008773        187.56153541826976       -1.0096436105800373       -2.6799682370631821        2.9536640652162203     
  0.48116223727094809        87557.133629264805        187.00173528345132       -1.0327910423151307       -2.7782670888723349        2.6569124826235124     
  0.48116223727094803        100529.04006432688        185.84271812091455       -1.0574350799287311       -2.8871095159319617        2.3901523912802634     
  0.48116223727094803        115422.78141546214        184.04248048072958       -1.0837839657004757       -3.0080942912206110        2.1502642194184771     
  0.48116223727094792        132523.08448540594        181.57421347593944       -1.1120102879103886       -3.1429855596900897        1.9345558550362616     
  0.48116223727094592        152156.85938385554        178.41682641749350       -1.1422948253131266       -3.2938786325382048        1.7406135703062826     
  0.48116223727087115        174699.44913713861        174.55564331537909       -1.1748267343369854       -3.4632839056909153        1.5662683824204906     
  0.48116223727087126        200581.80520031622        169.98390285370567       -1.2097994663711509       -3.6542244398932548        1.4095705682351913     
  0.48116223727087193        230298.72604712567        164.70445648199623       -1.2474021503583064       -3.8703564170361662        1.2687671718494193     
  0.48116223727087259        264418.31633712619        158.73164010183095       -1.2878051650597753       -4.1161182503883449        1.1422815046445920     
  0.48116223727087282        303592.84749257995        152.09331948138595       -1.3311349741610310       -4.3969107070080078        1.0286948876226309     
  0.48116223727087404        348571.22730915749        144.83310718666837       -1.3774325908017397       -4.7193083094274568       0.92673012986756675     
  0.48116223727087226        400213.31698462088        137.01274525333372       -1.4265844417375995       -5.0912909083781948       0.83523682925896725     
  0.48116223727087404        459506.36926717410        128.71464424170227       -1.4782095176626286       -5.5224637254255713       0.75317814499528701     
  0.48116223727087426        527583.90197499003        120.04456586100423       -1.5314767449296394       -6.0241872424358229       0.67961891930849239     
  0.48116223727087265        605747.36769603938        111.13443318333340       -1.5848113036476170       -6.6094425101890133       0.61371518253031676     
  0.60574736758721892        695.49103380746919       -16.140854104023347       -1.3877045070043617       -1.6021611441254144       0.92810881861710826     
  0.60574736753629910        798.53054911753122       -15.820013577217839       -1.3972976928872218       -1.6073181696238401       0.98726166250651071     
  0.60574736750783686        916.83574180210860       -15.504347438901050       -1.4085333184395776       -1.6139692982092129        1.0282477844332769     
  0.60574736754923397        1052.6682773398118       -15.191615357665418       -1.4217776301386154       -1.6224508709164345        1.0557350539306478     
  0.60574736750381419        1208.6248947719655       -14.879109538155594       -1.4374914879450265       -1.6331827757208401        1.0735006623576004     
  0.60574736753682268        1387.6870500393391       -14.563505310518895       -1.4563165420063582       -1.6467493498388184        1.0849663934305984     
  0.60574736757514680        1593.2779121077956       -14.240412624300296       -1.4793820165507579       -1.6641909289160459        1.0945519060579163     
  0.60574736760388492        1829.3278049243456       -13.902970820174927       -1.5091646641861882       -1.6878155265787864        1.1103603938215911     
  0.60574736764644233        2100.3493442763925       -13.538389194503043       -1.5511368294675454       -1.7227197413536282        1.1469996499343986     
  0.60574736766148085        2411.5237060994123       -13.121913167658498       -1.6157191556904020       -1.7784855960621366        1.2247211187759270     
  0.60574736764770409        2768.7996764206523       -12.609974466510423       -1.7196614463819229       -1.8701569527955790        1.3626026273425063     
  0.60574736768409887        3179.0073758727722       -11.933766913458079       -1.8929492589377632       -2.0244458246202943        1.5819847990360638     
  0.60574736773799698        3649.9888316983947       -10.951245119814782       -2.2812966217188633       -2.3787151408705638        2.0631174946099278     
  0.60574736779495597        4190.7478959317477       -8.8869250978750731       -4.3900355535210132       -4.3814360486172097        4.3712450077177900     
  0.60574736784153171        4811.6223738644421      -0.30762533503982381       -430.43532030000648       -413.67842272337327        17.604492395804332     
  0.60574736789552175        5524.4816543202833        45.934484776036129        13.834767466404296        13.113558783771612        80.165705591708317     
  0.60574736791948769        6342.9536185518782        282.11042743093765        10.319275707558525        9.6908014745289961        330.35432155215148     
  0.60574736787657180        7282.6851676111346        1975.9464067371607        8.7084830641005571        8.0936649011358011        1747.1791759900320     
  0.60574736787368733        8361.6413493745404        18039.528999162128        7.4677304587498217        6.8600229709247325        12257.311886904661     
  0.60574736787217676        9600.4487969185211        60455.388022543331        6.3885790900546553        5.7823100123611724        31652.465093365099     
  0.60574736787180239        11022.790054170580        70648.864454356997        5.4019170747439613        4.7958602588934500        28384.556065402681     
  0.60574736787259098        12655.856319712248        52726.140338990095        4.5053863387879431        3.8993520539851279        16187.678752283278     
  0.60574736787223948        14530.867266613399        36040.915503340424        3.6428888184452299        3.0367355191782606        8341.6999063143867     
  0.60574736787150629        16683.667875632495        24222.213467261030        2.6533908262304302        2.0456749163388515        4014.6829158937571     
  0.60574736787171612        19155.413691265290        15832.680724893486        2.4559571935969839        1.8442824143976289        2189.6794499453654     
  0.60574736787183969        21993.357600901698        10385.068701614535        2.1663320973057143        1.5503457016698210        1169.9458934925706     
  0.60574736787198202        25251.753178357219        6598.5346174649758        1.7362085030532475        1.1133002816189546        581.00665777675044     
  0.60574736787197603        28992.891860875974        3960.7441807096357        1.3209141696625508       0.68478699306173141        271.02041887585113     
  0.60574736787197170        33288.293787732015        2197.3234457909621       0.90998262163930255       0.24597711150548718        116.19521336210522     
  0.60574736787197492        38220.075065836907        1126.9189209946530       0.45421939980121118      -0.27253174733731111        45.443195326034093     
  0.60574736787196926        43882.517600722946        581.79709608655423       -8.8478570013741598E-002 -0.94418556630787887        17.628781006008897     
  0.60574736787197125        50383.871503670918        370.27713842034819      -0.57824274582264468       -1.6032807760140555        8.7222997355365539     
  0.60574736787197225        57848.424531973455        315.24978696006360      -0.79596708759533452       -1.9279446267563576        6.2786335521466103     
  0.60574736787197170        66418.878124274401        309.88217688282066      -0.84616183804179002       -2.0243692392294204        5.4294733635243997     
  0.60574736787197203        76259.075454145786        314.59370953828170      -0.85979487773254704       -2.0688794821875680        4.8824438687442875     
  0.60574736787197192        87557.133654681515        320.40126401759528      -0.86936277948848184       -2.1092369092577266        4.4120979724509439     
  0.60574736787197192        100529.04009350919        326.01772639330488      -0.87880703191878529       -2.1518467864672450        3.9893141029305843     
  0.60574736787197181        115422.78144896789        331.30326997291650      -0.88840667029274045       -2.1973588354788234        3.6078488913716646     
  0.60574736787197236        132523.08452387582        336.22485850922476      -0.89815087825717654       -2.2459398863734039        3.2635386395048176     
  0.60574736787197236        152156.85942802555        340.75772893579398      -0.90800194658740907       -2.2977238456739784        2.9527081946108025     
  0.60574736787197203        174699.44918787957        344.88047586905543      -0.91790546814342300       -2.3528307999184621        2.6720561036389525     
  0.60574736787197181        200581.80525857449        348.57601583979636      -0.92778728963611068       -2.4113603955890195        2.4186147741294239     
  0.60574736787197170        230298.72611401480        351.83295650287107      -0.93754931555831966       -2.4733819260023031        2.1897165177112043     
  0.60574736787197181        264418.31641392491        354.64716853583855      -0.94706468554234979       -2.5389215505866582        1.9829627938103429     
  0.60574736787197170        303592.84758075653        357.02357110602293      -0.95617209825194482       -2.6079457600453391        1.7961965722259152     
  0.60574736787197181        348571.22741039679        358.97814609080103      -0.96466966567061752       -2.6803406631338889        1.6274772536795463     
  0.60574736787197025        400213.31710085960        360.54019313327058      -0.97230762340884547       -2.7558854904693639        1.4750584870044361     
  0.60574736787197025        459506.36940063228        361.75483398825054      -0.97878126349412420       -2.8342206753762209        1.3373678296436415     
  0.60574736787197114        527583.90212822123        362.68577097545210      -0.98372357977740243       -2.9148090270207705        1.2129887627677138     
  0.60574736787197103        605747.36787197413        363.41830050196074      -0.98669927848132177       -2.9968909038515603        1.1006443618727515     
  0.76259075451412928        695.49103410948771       -16.707736218205532       -1.4131268489870858       -1.5993241130107441        2.4517379896306126     
  0.76259075444747215        798.53054946162172       -16.299766468865080       -1.4238074405831334       -1.6030504145933666        2.4118661135028079     
  0.76259075446802949        916.83574226497194       -15.899289972262670       -1.4360050832198614       -1.6079581924302784        2.3549497328848945     
  0.76259075447199820        1052.6682778047887       -15.504464610105108       -1.4500584449336944       -1.6143417046817103        2.2872101610680855     
  0.76259075445182856        1208.6248953644879       -15.113048810502658       -1.4663801080294310       -1.6225550944550067        2.2134013825270902     
  0.76259075443433222        1387.6870506121898       -14.722343548305872       -1.4854826806280534       -1.6330342991739186        2.1371557627213242     
  0.76259075442882063        1593.2779126531984       -14.329095554965754       -1.5080305425543432       -1.6463422399577006        2.0613620420413135     
  0.76259075442426050        1829.3278054528248       -13.929268735324152       -1.5350060159050356       -1.6633220003999418        1.9889758336272718     
  0.76259075440112500        2100.3493446718853       -13.517301801991774       -1.5682604134885998       -1.6856120869423057        1.9250145915480874     
  0.76259075450012226        2411.5237068066863       -13.083910578452594       -1.6119053366640110       -1.7169333791661465        1.8799261190769228     
  0.76259075453018699        2768.7996774048415       -12.611218116092012       -1.6747122561543102       -1.7652325201510173        1.8719355534594724     
  0.76259075457830316        3179.0073770123513       -12.065308170332070       -1.7727794047144787       -1.8448485285523104        1.9237482224815081     
  0.76259075464094084        3649.9888329818405       -11.388960261711228       -1.9326564204812557       -1.9787854860099658        2.0546020639027889     
  0.76259075469239346        4190.7478972940353       -10.489625082657955       -2.2184274537370148       -2.2237021879057206        2.3106292556553960     
  0.76259075475716764        4811.6223754672901       -9.0981308484185721       -3.0835802150072320       -3.0065494377066098        3.1710447233365069     
  0.76259075486009342        5524.4816564138364       -5.3822076635074758       -11.287504196909149       -10.757825582992131        8.2334047032596445     
  0.76259075497123796        6342.9536216291053        12.895184396342255        20.664442955869120        19.592346439136445        36.080473896229677     
  0.76259075505134688        7282.6851724252592        110.65605939421643        11.689210918333970        11.027505588987720        158.53218716675559     
  0.76259075499852813        8361.6413543625658        626.79249898840601        9.6379950723007113        9.0168612795726819        661.37188559326205     
  0.76259075500759355        9600.4488027836069        5403.4323305448734        8.2454074364938332        7.6343732662804609        4361.6131387123260     
  0.76259075500662565        11022.790060897423        38959.497074987157        7.0904933016724527        6.4838532581118047        24259.270017256302     
  0.76259075500736118        12655.856327431429        87883.925114977217        6.0479363004744648        5.4419249565928984        42136.286231498299     
  0.76259075500768359        14530.867275490778        82548.167273340063        5.0932869423789064        4.4874014676643315        30334.489060910964     
  0.76259075500922924        16683.667885879095        58541.193923238367        4.2202160979841450        3.6143990292405288        16400.121509641929     
  0.76259075501049434        19155.413703055106        39751.423761624457        3.3218847402597618        2.7158812013786688        8278.0544678810838     
  0.76259075501163809        21993.357614466724        26240.379807743106        2.4826582569675479        1.8744110548418274        3998.8201127325578     
  0.76259075501172791        25251.753193928984        17014.265166270034        2.3909601675235232        1.7791672337675415        2213.8814960351297     
  0.76259075501176066        28992.891878756287        10848.579353907004        2.0089121495744897        1.3927979880093257        1122.2924073039039     
  0.76259075501178408        33288.293808262621        6537.7336268765175        1.5686320406918783       0.94457854221511695        524.90365040962547     
  0.76259075501177220        38220.075089408398        3618.7803093880016        1.1317192667561491       0.49077341174617928        223.33743391487630     
  0.76259075501176643        43882.517627786721        1818.5806278305995       0.65024208050934162       -3.0154460083070878E-002   84.407284160149771     
  0.76259075501176810        50383.871534744234        894.55722623507597        5.9475639957977888E-002 -0.70823578971104750        29.936793021326100     
  0.76259075501177043        57848.424567650472        543.97058322152111      -0.50179337500413923       -1.3921638781860071        13.149779588120104     
  0.76259075501176998        66418.878165237125        461.28492669658380      -0.74224227673092091       -1.7070667364599936        9.0300930122131433     
  0.76259075501176943        76259.075501177169        458.52094221767391      -0.78682005622049589       -1.7794161760004639        7.8043663080836332     
  0.76259075501176876        87557.133708680718        470.18577122468645      -0.79464866426365999       -1.8047340398594804        7.0456158305846595     
  0.76259075501176876        100529.04015550857        483.46092161552184      -0.79916234718479784       -1.8266785130043353        6.3890667185240027     
  0.76259075501176854        115422.78152015270        496.91222740641012      -0.80348480474014383       -1.8496086032839818        5.7969135019689748     
  0.76259075501176865        132523.08460560680        510.43720137372492      -0.80776843404459420       -1.8737873627019663        5.2613953523827828     
  0.76259075501176898        152156.85952186535        524.02149061403168      -0.81200152237653422       -1.8992356241018788        4.7768971892854291     
  0.76259075501176876        174699.44929562212        537.65518978135901      -0.81616091845512539       -1.9259555977623632        4.3384101148679450     
  0.76259075501176909        200581.80538227968        551.33040209268540      -0.82021581384367259       -1.9539357508317705        3.9414306599862163     
  0.76259075501176921        230298.72625604740        565.04213368170872      -0.82412677499735254       -1.9831478216075511        3.5819094813440504     
  0.76259075501176909        264418.31657700008        578.78942620474959      -0.82784451766716904       -2.0135431134522062        3.2562056390117724     
  0.76259075501176909        303592.84776799189        592.57667831160757      -0.83130865637111739       -2.0450483032768618        2.9610450544670028     
  0.76259075501176909        348571.22762537177        606.41518512776247      -0.83444642448348616       -2.0775606956252948        2.6934829786060916     
  0.76259075501176954        400213.31734768511        620.32492537715359      -0.83717130421238495       -2.1109428016123335        2.4508702897626455     
  0.76259075501176932        459506.36968402588        634.33662196809348      -0.83938191066231582       -2.1450165449655803        2.2308229135438062     
  0.76259075501176976        527583.90245360008        648.49409890313791      -0.84096070868970130       -2.1795566612222546        2.0311947065500675     
  0.76259075501177009        605747.36824555940        662.85695519962189      -0.84177317978680000       -2.2142839379964965        1.8500528336827060     
  0.96004488029641799        695.49103457261481       -17.281219971399793       -1.4454379091320417       -1.6020750606436864        5.0209931910923835     
  0.96004488021430234        798.53054999486039       -16.763090169402986       -1.4585127670301041       -1.6050131963481955        4.8119315178361264     
  0.96004488023062173        916.83574286808152       -16.254066407489358       -1.4731366280305833       -1.6088628920764463        4.5877194521276641     
  0.96004488027922230        1052.6682785450621       -15.752662022625575       -1.4896717712599099       -1.6139122782350597        4.3575471343697139     
  0.96004488029519730        1208.6248962665138       -15.257008632040382       -1.5085281346535928       -1.6204768123908162        4.1278179490606881     
  0.96004488033634461        1387.6870517391678       -14.764834211639991       -1.5302278135217275       -1.6289583119110405        3.9033908470408090     
  0.96004488034913460        1593.2779139798838       -14.273397284534505       -1.5554173366405148       -1.6398485226526265        3.6876721095535010     
  0.96004488039684299        1829.3278070779088       -13.779417984605308       -1.5849211938502523       -1.6537708758041088        3.4830477637470296     
  0.96004488039669500        2100.3493466011282       -13.278946965233894       -1.6198511938863247       -1.6715711822760726        3.2913963348777884     
  0.96004488047278846        2411.5237088998351       -12.766996213403816       -1.6619489854258491       -1.6946232130014294        3.1153369235116952     
  0.96004488053344117        2768.7996798738641       -12.236318582965893       -1.7146242459792089       -1.7257715839595038        2.9610516925046326     
  0.96004488039070668        3179.0073791739483       -11.674076097779274       -1.7853508147160277       -1.7714701949945368        2.8421702730999030     
  0.96004488036167734        3649.9888350535157       -11.055256318339042       -1.8895871153773245       -1.8450927829954391        2.7808397805756870     
  0.96004488039768121        4190.7478995470456       -10.333939916232094       -2.0556980565862784       -1.9706160454418966        2.8013574774741410     
  0.96004488043906600        4811.6223778528110       -9.4354383858110378       -2.3365895833320822       -2.1916898992110454        2.9254729136774578     
  0.96004488051407544        5524.4816588387821       -8.2239895510192600       -2.9220872534584954       -2.6745825073748204        3.2775688627396686     
  0.96004488062062177        6342.9536241927990       -6.1108745563950393       -5.6865610195985896       -5.1567178513426022        5.0697784824266234     
  0.96004488073977834        7282.6851755076359        1.2364050139789651        89.411112901051993        83.265074776212373        16.238713878786395     
  0.96004488088965889        8361.6413597861574        40.662562692430988        13.584439835187885        12.811207425781518        73.505152665130439     
  0.96004488095058726        9600.4488095058823        246.44311726358242        9.8236647477711063        9.1871100408416275        290.27294712307162     
  0.96004488079050676        11022.790066791647        1489.5090326601623        9.0920057979646423        8.4750876827826982        1429.2940553008791     
  0.96004488078149375        12655.856334067881        14569.901766741670        7.8355158589006333        7.2273246533593039        10773.662162178050     
  0.96004488078116901        14530.867283099387        71823.399103523727        6.7271096586480850        6.1209823020570173        40982.052935446132     
  0.96004488078420336        16683.667894633865        115293.67545902490        5.7187452184295342        5.1129055787294373        50604.363544324638     
  0.96004488078649808        19155.413713120932        93811.675314630047        4.7945002859030525        4.1887809066108499        31516.011671048236     
  0.96004488078611716        21993.357625982124        64686.273726517036        3.9359251238356556        3.3303256026770489        16502.374887929254     
  0.96004488078645767        25251.753207156420        43563.019410750327        2.9710754275320697        2.3650443644564292        8082.5547447126792     
  0.96004488078655725        28992.891893945176        28153.067021767933        2.4485479190309940        1.8398158900701143        4066.0819269774311     
  0.96004488078660810        33288.293825702538        17918.650975996545        2.2744945457193633        1.6626147525205148        2166.5022183220931     
  0.96004488078671457        38220.075109436941        10879.717559749395        1.8421148725724175        1.2254999102781787        1029.4791218727578     
  0.96004488078667727        43882.517650781185        6043.9742092625129        1.3834865102643428       0.75691074346550358        439.43910856914192     
  0.96004488078667427        50383.871561145155        2992.1896240395381       0.88460390027392299       0.23401395069896158        163.09076430972235     
  0.96004488078667760        57848.424597962818        1389.3824295924674       0.25573380945622692      -0.45310465170969372        53.471326663966266     
  0.96004488078667127        66418.878200039922        779.19359354982237      -0.40581171676269256       -1.2080721351359331        20.245725185343524     
  0.96004488078667483        76259.075541136495        641.67536702245445      -0.70336182502590772       -1.5645533431094465        12.831641132805510     
  0.96004488078667494        87557.133754560229        639.73813120190448      -0.75101411698472875       -1.6313668157848555        11.009502361818123     
  0.96004488078667038        100529.04020818482        659.78383749561169      -0.75598450275547635       -1.6474100064575778        9.9626707020189631     
  0.96004488078667072        115422.78158063321        682.23121788668504      -0.75783794877568655       -1.6602894249010955        9.0556730636398441     
  0.96004488078667072        132523.08467504772        705.36037442456836      -0.75950943408956939       -1.6736968617081909        8.2359667820624765     
  0.96004488078667027        152156.85960159404        729.10958762585096      -0.76110611800284111       -1.6877813459944007        7.4935744279464993     
  0.96004488078666983        174699.44938716287        753.49547284617836      -0.76262582374596743       -1.7025464865846947        6.8208975542906352     
  0.96004488078667083        200581.80548738266        778.53769174463935      -0.76406116951466418       -1.7179867037927457        6.2111240653962110     
  0.96004488078667105        230298.72637672178        804.25778582354747      -0.76540114006813575       -1.7340887760545458        5.6581257026851359     
  0.96004488078667105        264418.31671555282        830.67994510756660      -0.76663062288989936       -1.7508304611688272        5.1563904664160027     
  0.96004488078667172        303592.84792707191        857.83191489273645      -0.76772998301917450       -1.7681790460037150        4.7009608148661979     
  0.96004488078668793        348571.22780802601        885.74604453101301      -0.76867445855362726       -1.7860896061008518        4.2873779529297407     
  0.96004488078668782        400213.31755739992        914.46052574857436      -0.76943378923233019       -1.8045033725430533        3.9116307792978340     
  0.96004488078668704        459506.36992481037        944.02086391114767      -0.76997162078681680       -1.8233457390348313        3.5701104764893246     
  0.96004488078668693        527583.90273005737        974.48161785972309      -0.77024512813350288       -1.8425243529295563        3.2595691696931608     
  0.96004488078668615        605747.36856297392        1005.9084411888813      -0.77020464920580578       -1.8619270904751053        2.9770828855626057     
   1.2086248968156577        695.49103488773005       -17.888952351803173       -1.4843600341720860       -1.6107337736049141        9.1645564409974298     
   1.2086248968654698        798.53055045787255       -17.234519259598994       -1.5014579475190333       -1.6137025616564971        8.6888448630207531     
   1.2086248967841648        916.83574332242972       -16.589881370093099       -1.5203581482096575       -1.6173454192024228        8.1984605830504496     
   1.2086248967450830        1052.6682789793952       -15.953996485762193       -1.5414739436410405       -1.6219394167242664        7.7076174280510656     
   1.2086248966945718        1208.6248966945725       -15.325416018588262       -1.5653022574260691       -1.6278110645080086        7.2265317767380832     
   1.2086248967576667        1387.6870522436116       -14.702226926201288       -1.5924754929708382       -1.6353765011134058        6.7626825389826468     
   1.2086248966679416        1593.2779144195561       -14.082101358498711       -1.6237375066814335       -1.6451059176853682        6.3205946805963134     
   1.2086248966332762        1829.3278074393452       -13.462208997826574       -1.6600644281026535       -1.6576227123536671        5.9034489883689361     
   1.2086248965394688        2100.3493468534180       -12.839170368380229       -1.7027102957874614       -1.6737203104400753        5.5130186090662638     
   1.2086248965451054        2411.5237090096107       -12.208967048259831       -1.7533437697292484       -1.6944549179891548        5.1502037379110845     
   1.2086248964845856        2768.7996796863363       -11.566749768935152       -1.8143341591221953       -1.7213597805507281        4.8157808734045124     
   1.2086248965216733        3179.0073795288263       -10.906224359788808       -1.8895686881586959       -1.7571222564730409        4.5123050649477277     
   1.2086248964485444        3649.9888353504921       -10.217683614361240       -1.9867070237693023       -1.8075024823712331        4.2478968142975209     
   1.2086248963735269        4190.7478994707426       -9.4831305080427182       -2.1221817349683505       -1.8854720392736626        4.0402164871732316     
   1.2086248962396207        4811.6223770246970       -8.6677580460926134       -2.3301131011529161       -2.0180225520394468        3.9152238111218289     
   1.2086248960768564        5524.4816567123689       -7.7102255418652295       -2.6789853704338169       -2.2577941117224687        3.8978420011671293     
   1.2086248962000428        6342.9536216938968       -6.5120195442355167       -3.3374257579669973       -2.7340461347835916        4.0234169318557704     
   1.2086248966139208        7282.6851742284798       -4.8495789767556312       -5.2445216550506926       -4.2376233451887249        4.6316900586663916     
   1.2086248966473729        8361.6413572435195       -1.3081627088622705       -38.788732805824253       -33.465847307174158        8.6550926772475467     
   1.2086248968152156        9600.4488073104785        14.153749728992780        15.760754156795301        14.611818083942968        32.936025547289333     
   1.2086248968936608        11022.790066824384        98.967198359184110        11.609538944338663        10.924923109958014        147.97658657672116     
   1.2086248967659463        12655.856332886950        536.99671224743531        9.9711670871887730        9.3463456412766330        610.69591342275908     
   1.2086248968094797        14530.867282271800        3902.1909609092095        8.6170350194666874        8.0043282842545480        3419.7015226816347     
   1.2086248968099513        16683.667893637445        36030.111121362708        7.4535939829340894        6.8468793828991661        24440.580166805616     
   1.2086248968122164        19155.413711967001        120665.97958706737        6.3856544098537569        5.7797744716862773        63150.051643483144     
   1.2086248968148212        21993.357624713361        140890.73214593745        5.4005446022921779        4.7948419053584797        56590.854207581229     
   1.2086248968203539        25251.753205806319        104873.82722647786        4.5041600579577370        3.8986112034086382        32187.953633951416     
   1.2086248968212456        28992.891892413441        71210.897716010571        3.6418270298704147        3.0364240017142743        16475.328747529900     
   1.2086248968228326        33288.293823985819        47153.002066487250        2.6498056226203399        2.0434988345718819        7805.5634831569214     
   1.2086248968232631        38220.075107475255        29783.587773690422        2.4296226881714151        1.8205663762644417        4090.6051097395102     
   1.2086248968233051        43882.517648532099        18225.473717249410        2.1259894925675900        1.5138915149639756        2030.0401462890181     
   1.2086248968233806        50383.871558566163        10234.397995076391        1.6609055908574075        1.0430669786460260        880.79330555866568     
   1.2086248968234587        57848.424595005265        5047.7772784353056        1.1516965710015086       0.51982344379623591        326.88327653629818     
   1.2086248968234661        66418.878196645048        2222.8348929399999       0.50465655657317710      -0.16441145971342319        101.45641497477200     
   1.2086248968234721        76259.075537238750        1116.2508661465802      -0.26936408269461531       -1.0099045417046244        32.577738997603817     
   1.2086248968234665        87557.133750084613        866.41074311704745      -0.66760724880833666       -1.4592789343848529        18.177699662203167     
   1.2086248968234674        100529.04020304668        860.19495334782607      -0.72770654412935953       -1.5342233384268533        15.327284202904416     
   1.2086248968234656        115422.78157473360        890.13305048862640      -0.73133608576766318       -1.5453523307326438        13.885142082339044     
   1.2086248968234652        132523.08466827404        923.69948153441726      -0.73156086098094653       -1.5529976402639811        12.641365684393381     
   1.2086248968234650        152156.85959381686        958.59829434766027      -0.73161120330620277       -1.5609437004440885        11.515949276706797     
   1.2086248968234654        174699.44937823361        994.81277196159726      -0.73157792179127501       -1.5693009816415850        10.495740751995221     
   1.2086248968234663        200581.80547713043        1032.4044916583543      -0.73146578233569215       -1.5780745337215256        9.5704535976664662     
   1.2086248968234663        230298.72636495059        1071.4385647631314      -0.73127699088122400       -1.5872647072987032        8.7308416018521893     
   1.2086248968234663        264418.31670203770        1111.9832124388206      -0.73101196866658702       -1.5968677542165495        7.9685821480375072     
   1.2086248968234654        303592.84791155410        1154.1105308556268      -0.73066906393325171       -1.6068750737995572        7.2761870180570654     
   1.2086248968234654        348571.22779020324        1197.8972846536931      -0.73024427487045673       -1.6172724519084514        6.6469198259517057     
   1.2086248968234647        400213.31753693643        1243.4257565377072      -0.72973098299565065       -1.6280392871607337        6.0747204068190905     
   1.2086248968234647        459506.36990131560        1290.7847337018284      -0.72911968865451393       -1.6391477828311105        5.5541363009742728     
   1.2086248968234654        527583.90270308207        1340.0706908457746      -0.72839768769026825       -1.6505620382606945        5.0802611543891976     
   1.2086248968234654        605747.36853200279        1391.3892111407993      -0.72754888859330547       -1.6622372370318306        4.6486787897750785     
   1.5215685959585743        695.49103490155221       -18.569549110518636       -1.5290299479887244       -1.6254538138745800        15.616296688346960     
   1.5215685960081187        798.53055046683323       -17.749471610178990       -1.5522120017436443       -1.6296136167178588        14.749625911354789     
   1.5215685960037848        916.83574339178244       -16.938456355283765       -1.5777681571022319       -1.6342378593413889        13.860431344490458     
   1.5215685959922465        1052.6682790850791       -16.136127585337178       -1.6062700814326516       -1.6396324989523401        12.973314496465743     
   1.5215685959554164        1208.6248968371697       -15.341589370903506       -1.6384162473121893       -1.6461613713231822        12.105935141024203     
   1.5215685958748917        1387.6870522614531       -14.553444037450904       -1.6750665390727582       -1.6542594415651142        11.270442381035485     
   1.5215685958107672        1593.2779144911747       -13.769795486815291       -1.7173333498043155       -1.6644933428479873        10.475244836698627     
   1.5215685956829543        1829.3278074203783       -12.988191203922499       -1.7666159517705231       -1.6775487209472706        9.7251385943801196     
   1.5215685957190888        2100.3493470445387       -12.205688118176726       -1.8247781253842821       -1.6943454738709516        9.0228610260970861     
   1.5215685956703688        2411.5237091405847       -11.418743031933300       -1.8943296083066494       -1.7161142177336750        8.3694056649835673     
   1.5215685956941229        2768.7996800185829       -10.623161268251696       -1.9787507166277956       -1.7445597781257307        7.7645725504718026     
   1.5215685956178011        3179.0073796532870       -9.8139804581847887       -2.0830565560454404       -1.7821570173633567        7.2075132930594084     
   1.5215685956248586        3649.9888357311670       -8.9851690206012762       -2.2149890689041021       -1.8328628990124072        6.6978757920743295     
   1.5215685955720486        4190.7479000224785       -8.1285982945507129       -2.3880289522663838       -1.9041525498719329        6.2386197424386447     
   1.5215685956065157        4811.6223783002597       -7.2309541681555292       -2.6292692943267122       -2.0125711087613345        5.8407731611595173     
   1.5215685955143565        5524.4816585862782       -6.2668659330273790       -2.9990418491229178       -2.1970857421118057        5.5267330269344468     
   1.5215685954370999        6342.9536228768811       -5.1883905833923496       -3.6426039832879513       -2.5517148236858942        5.3256011205406502     
   1.5215685953956657        7282.6851728945485       -3.9145434404739592       -4.9793930910425592       -3.3421648780407089        5.2631477453261652     
   1.5215685950709810        8361.6413536962536       -2.3090798723805550       -9.1331696540937735       -5.9488006120344252        5.4244522625388765     
   1.5215685949140660        9600.4488009143843        8.2707388491002135E-002   352.40028330954675        246.43183702683416        6.7160443384271957     
   1.5215685947429942        11022.790057525954        6.6623475238621648        13.416596160053093        11.510007834831500        15.888485857712471     
   1.5215685949281754        12655.856325088529        40.188680213799209        11.730587627011106        10.909697980524726        67.460406713381289     
   1.5215685948087696        14530.867271654308        221.13515160060942        10.726765507784522        10.079471095787026        294.02420845055190     
   1.5215685946282933        16683.667879461540        1202.1284155028441        9.4410189787768157        8.8221297747140035        1246.4837060591483     
   1.5215685946139872        19155.413695474883        10772.631921461767        8.1998804633738906        7.5908489232395446        8654.0659191186496     
   1.5215685946178137        21993.357605785786        77777.461608278303        7.0847972603299478        6.4787308207053176        48395.131227977756     
   1.5215685946205408        25251.753184004225        175352.13088013785        6.0466967545941701        5.4409698694834416        84055.648809069258     
   1.5215685946192110        28992.891867334554        164451.01003707686        5.0927866456337698        4.4872112032267708        60423.505285370171     
   1.5215685946210569        33288.293795188074        116087.63395466389        4.2196482914726783        3.6142776600679882        32514.999753549841     
   1.5215685946241335        38220.075074474691        77947.463332618398        3.3207845293573897        2.7155096359145183        16225.401451363819     
   1.5215685946259478        43882.517610693183        50150.640087833912        2.4663802001912374        1.8596167544601929        7610.3727843275628     
   1.5215685946264457        50383.871515134604        30690.397436318352        2.3579497090247674        1.7486589183736578        3959.3341554001745     
   1.5215685946266626        57848.424545143680        17517.554295111746        1.9552232337265414        1.3425710983380932        1785.0717215238408     
   1.5215685946267541        66418.878139399880        8727.8617901393809        1.4446790280781432       0.82414517250889130        674.90613383698360     
   1.5215685946266979        76259.075471509306        3709.7526373012370       0.80215352714146326       0.15929379746199146        204.77017325937851     
   1.5215685946266206        87557.133674613084        1639.3016982884888       -6.7899664610847066E-002 -0.76339327044264549        56.273109084965910     
   1.5215685946266166        100529.04011639341        1152.1064450486570      -0.62384597612519488       -1.3662738495983284        25.978816460666039     
   1.5215685946266091        115422.78147524194        1128.4128778421687      -0.71157918771544648       -1.4669241426007384        21.144432330686683     
   1.5215685946266273        132523.08455404398        1169.7109420553377      -0.71508502637416593       -1.4757596591850208        19.150310569283640     
   1.5215685946266264        152156.85946266309        1216.6623183173422      -0.71423319376728600       -1.4800907761557860        17.453667975037913     
   1.5215685946266266        174699.44922764890        1265.7540624716626      -0.71320139257449955       -1.4845787230092702        15.917534490044146     
   1.5215685946266277        200581.80530423610        1317.0174876171052      -0.71208025316569012       -1.4893257893523857        14.524213915288552     
   1.5215685946266286        230298.72616644145        1370.5746151934993      -0.71087883859666978       -1.4943404004436414        13.259793216688003     
   1.5215685946266273        264418.31647411844        1426.5529146078650      -0.70960491125212388       -1.4996285479737987        12.111743231918151     
   1.5215685946266273        303592.84764986805        1485.0855497359846      -0.70826538117631865       -1.5051940683867377        11.068779110011986     
   1.5215685946266275        348571.22748974746        1546.3124157020986      -0.70686609031412551       -1.5110381510481266        10.120743832669501     
   1.5215685946266271        400213.31719196722        1610.3810287180943      -0.70541159944380083       -1.5171588650612691        9.2584982748373843     
   1.5215685946266284        459506.36950523831        1677.4473254672127      -0.70390502595438198       -1.5235507450594648        8.4738192469237283     
   1.5215685946266284        527583.90224832413        1747.6765275933833      -0.70234782441446086       -1.5302043107651908        7.7593072131308292     
   1.5215685946266282        605747.36800987076        1821.2441594480260      -0.70073957865652203       -1.5371055824467628        7.1083028721565560     
   1.9155413695753816        695.49103429708543       -19.374532323263903       -1.5775149599692158       -1.6457865626600772        25.352635008148486     
   1.9155413695268173        798.53054972656651       -18.357004067542714       -1.6092944256623292       -1.6527965278291590        23.957065475389822     
   1.9155413694964587        916.83574252992332       -17.345393673855700       -1.6445363865282041       -1.6601671501645772        22.508101097725294     
   1.9155413695500965        1052.6682781329914       -16.340400669162072       -1.6841244432808389       -1.6682579264136286        21.049872955322350     
   1.9155413695663772        1208.6248957835539       -15.342046274503224       -1.7291810374427625       -1.6775162362553926        19.614789409272728     
   1.9155413695632491        1387.6870511229140       -14.349691657379049       -1.7811511032069978       -1.6885051500140347        18.225820272525628     
   1.9155413695622190        1593.2779132502467       -13.362062818157291       -1.8419245273428013       -1.7019434881236708        16.898430929225068     
   1.9155413695396593        1829.3278061277224       -12.377286026370655       -1.9140169833877758       -1.7187619662235614        15.642154547956284     
   1.9155413695688817        2100.3493455425341       -11.392849835049745       -2.0009943770753993       -1.7403265645673796        14.463400931408625     
   1.9155413695763999        2411.5237075027330       -10.405612535917715       -2.1077682899707666       -1.7684079319317239        13.363688859880874     
   1.9155413694823904        2768.7996779589671       -9.4118275222192924       -2.2416967218064645       -1.8057264244339193        12.343338615677752     
   1.9155413695699457        3179.0073775932960       -8.4070343842164377       -2.4140934610681990       -1.8564407356552817        11.400814247442550     
   1.9155413696110746        3649.9888334274206       -7.3859953263718277       -2.6433904278038791       -1.9273350048324467        10.533540805056344     
   1.9155413696710384        4190.7478976540615       -6.3425331431226706       -2.9619220462208844       -2.0304029297730923        9.7386492184260796     
   1.9155413696017132        4811.6223752978221       -5.2690334918446933       -3.4328029801492272       -2.1896274899600709        9.0147472760489702     
   1.9155413696528838        5524.4816556212045       -4.1547427018152936       -4.2002734539220548       -2.4623012376908195        8.3659123645079347     
   1.9155413696214694        6342.9536196905574       -2.9810763703986227       -5.6819612899686067       -3.0219114425380633        7.8071799938949527     
   1.9155413695609804        7282.6851692045029       -1.7123286074243385       -9.7358135973813802       -4.6564590749315267        7.3660314303978787     
   1.9155413696717574        8361.6413517273486      -0.28333877050952855       -59.355650260379036       -25.609092771687877        7.0735077226964744     
   1.9155413697790271        9600.4488001814680        1.4124292862141989        12.461949339047859        4.9679418333801602        6.9617067925577070     
   1.9155413695450589        11022.790056577411        3.5850657155826822        5.6908335255654130        2.3739380028595041        7.2681801199973339     
   1.9155413694813235        12655.856322038089        7.2847355272046688        5.4262889288793872        3.4887430876035941        10.290033836855693     
   1.9155413693708181        14530.867268453983        20.633362670310259        8.7672923933303437        7.6924312392683039        30.952547847719657     
   1.9155413690542156        16683.667875008465        93.818957348509585        10.719276800620181        10.009370812716982        137.70888986387854     
   1.9155413690539769        19155.413690539790        478.30091465987596        9.2163617824918358        8.5866837229002329        533.82585761492601     
   1.9155413689445520        21993.357598807863        2917.5409331659766        8.9726744980047535        8.3582315612243363        2768.3298749921673     
   1.9155413689310481        25251.753175769220        29089.005472192304        7.8170900119615592        7.2101242102083862        21465.046929496719     
   1.9155413689368326        28992.891857992396        143336.97753006418        6.7250619296892689        6.1192781980321840        81763.050293672015     
   1.9155413689358742        33288.293784404799        229925.32096200690        5.7185097423643976        5.1128917793085469        100910.63587554736     
   1.9155413689367924        38220.075062034870        186546.42382183517        4.7946224513664282        4.1891774426429746        62667.524373832144     
   1.9155413689370702        43882.517596364400        127609.19167716747        3.9354796372892604        3.3302913982652687        32548.975020361773     
   1.9155413689397496        50383.871498736953        84331.907863721281        2.9657126691769400        2.3604198909758973        15625.949861400692     
   1.9155413689405680        57848.424526333125        52133.549162677926        2.4166898705125321        1.8094668286391355        7470.6229994731211     
   1.9155413689414991        66418.878117830769        30185.391579226696        2.2324337572024016        1.6228443504469370        3610.0380149930584     
   1.9155413689415279        76259.075446748611        15390.187707089814        1.7552166669739351        1.1412949843754472        1421.1212648779288     
   1.9155413689416514        87557.133646194095        6482.8995113364763        1.1354595449797280       0.50901160423172365        436.14708642667927     
   1.9155413689416381        100529.04008376363        2532.8079261552634       0.22023357174633240      -0.44209713950496232        106.83826736002030     
   1.9155413689416330        115422.78143777821        1530.4799368748406      -0.55480813261340212       -1.2607294676457785        38.202941828717165     
   1.9155413689416325        132523.08451102820        1455.4744423610703      -0.69925217082494684       -1.4178733092621949        29.004668978583872     
   1.9155413689416243        152156.85941327387        1509.0841879804780      -0.70425450269643197       -1.4268383710413586        26.210382533909858     
   1.9155413689416232        174699.44917094233        1572.0957823324275      -0.70267102941237880       -1.4289605093344095        23.904590480223490     
   1.9155413689416254        200581.80523912830        1638.2356468975099      -0.70088427818954402       -1.4311258484408405        21.816649914833988     
   1.9155413689416263        230298.72609168771        1707.5796363449408      -0.69900119483693235       -1.4334501734106619        19.922194659638794     
   1.9155413689416292        264418.31638829032        1780.3276888002786      -0.69703338324023312       -1.4359444681115772        18.202436212638609     
   1.9155413689416294        303592.84755132411        1856.6879559269867      -0.69499182116818936       -1.4386185417962967        16.640422133710945     
   1.9155413689416296        348571.22737660393        1936.8780156845050      -0.69288713414325265       -1.4414811454413641        15.220870341634612     
   1.9155413689416361        400213.31706206256        2021.1266676052896      -0.69072943486646032       -1.4445396140691424        13.930020388040264     
   1.9155413689416363        459506.36935608735        2109.6752533875783      -0.68852817161266400       -1.4477995535587880        12.755488103658800     
   1.9155413689416370        527583.90207707614        2202.7786146587505      -0.68629189914750999       -1.4512644760264688        11.686129556438388     
   1.9155413689416372        605747.36781325191        2300.7060183108088      -0.68402820582456769       -1.4549355934226829        10.711915498294266     
   2.4115237066884179        695.49103406260451       -20.368726306026669       -1.6263965548687822       -1.6701900375591827        39.600373949310942     
   2.4115237067261166        798.53054949007435       -19.121413706624640       -1.6695397805359575       -1.6822484094125203        37.562269425549076     
   2.4115237067400401        916.83574227821828       -17.872899816674757       -1.7180172426693323       -1.6948414497561799        35.388621603536656     
   2.4115237066979454        1052.6682777961439       -16.625534021307317       -1.7733046678433371       -1.7084417034974959        33.158422555490766     
   2.4115237066950757        1208.6248953850909       -15.380809523345944       -1.8373748585100280       -1.7236799330764807        30.931723674068550     
   2.4115237066714172        1387.6870506540693       -14.139360371768214       -1.9129104448141903       -1.7414044497501751        28.752696189192765     
   2.4115237067066144        1593.2779127360523       -12.900978011949505       -2.0036476086463901       -1.7627804653878121        26.652558833546504     
   2.4115237067512370        1829.3278055927426       -11.664640035156658       -2.1149483310091441       -1.7894566904285107        24.652176274421457     
   2.4115237067712996        2100.3493449137268       -10.428552674930893       -2.2547900872674678       -1.8238488541932254        22.764197985361072     
   2.4115237068044562        2411.5237068044571       -9.1902163721716246       -2.4356265431251956       -1.8696986142173806        20.995221826051949     
   2.4115237068575293        2768.7996773540603       -7.9462471225937028       -2.6782918541711500       -1.9333529145588502        19.348742016562376     
   2.4115237068083601        3179.0073766886476       -6.6926612832883121       -3.0196849747370202       -2.0257903672780375        17.822605886771445     
   2.4115237068339428        3649.9888323490959       -5.4246521281319069       -3.5333761367965253       -2.1691024990672543        16.414104087662778     
   2.4115237067539246        4190.7478961457373       -4.1365793656343568       -4.3890775114503704       -2.4141794964316734        15.118633758534568     
   2.4115237065756152        4811.6223733843972       -2.8218675286478541       -6.0866080973813741       -2.9109767471749053        13.930776373971767     
   2.4115237066192483        5524.4816533766798       -1.4727611491877703       -11.019474473973212       -4.3785301492867568        12.845387253220371     
   2.4115237067907449        6342.9536176686024       -7.9483799826816415E-002  -192.82603254770999       -59.057012148184981        11.860300602921175     
   2.4115237067555904        7282.6851670067954        1.3725193577184318        10.567606403441120        2.1706785611108135        10.981693625097504     
   2.4115237066504736        8361.6413483560027        2.9094550245734365        4.7609214904887907       0.47397961081077611        10.229700269404240     
   2.4115237066197830        9600.4487956508401        4.5811949532570280        2.9525796543580189        4.7964719462414429E-003   9.6366246242300200     
   2.4115237063576531        11022.790051523734        6.4750384862093426        2.1200520044030586      -0.14574110895443004        9.2343459197477120     
   2.4115237063832842        12655.856316791302        8.7337052652581235        1.7006117543948460      -0.13789643760725601        9.0836801961687037     
   2.4115237057241417        14530.867259296410        11.710212104066425        1.7687236943081759       0.24244582036373741        9.8300484457800383     
   2.4115237054427974        16683.667865305229        18.060400930918398        3.7321922548326647        2.5292484613179957        17.063960142883356     
   2.4115237055304983        19155.413680098001        46.677226095053825        8.3826607369130510        7.5454318449094018        62.515197039523557     
   2.4115237052064802        21993.357585120371        205.48518471453195        10.354005527369930        9.6938195069930604        278.12910607264678     
   2.4115237052186198        25251.753160359014        1035.2949576799833        9.7174858496741106        9.0965242014688368        1151.7283894428720     
   2.4115237052320722        28992.891840373293        7754.8304257452955        8.5536584402808735        7.9434502277156902        6752.6819188157797     
   2.4115237052355840        33288.293764240501        71917.099393321070        7.4472024063329574        6.8411187703546030        48745.844230616698     
   2.4115237052379226        38220.075038901894        240756.93972506258        6.3851716940912659        5.7795029076194577        125987.02524867449     
   2.4115237052385297        43882.517569808879        280704.33575783035        5.4009746582061107        4.7954532544817683        112751.50284897968     
   2.4115237052398037        50383.871468203266        207859.34844050705        4.5045741839843387        3.8992697708713706        63796.819180524115     
   2.4115237052406555        57848.424491271486        139239.70755942669        3.6402270604169749        3.0352103597103399        32201.800112572295     
   2.4115237052436029        66418.878077623522        89289.628520241415        2.6299570578374274        2.0244335017244515        14712.575496225109     
   2.4115237052442078        76259.075400602494        52291.940408147231        2.3847603229112755        1.7771585774431640        7104.2052799515459     
   2.4115237052442735        87557.133593207982        27469.699124261377        2.0632724045723525        1.4531011684368109        3010.0690542930206     
   2.4115237052444392        100529.04002293506        11795.445314266473        1.4876535834561140       0.87084769110561933        965.67974669856267     
   2.4115237052444520        115422.78136793857        4211.1148532640700       0.59759300269323412       -4.1213118712532748E-002   224.86627387332987     
   2.4115237052444911        132523.08443084377        2071.4556424854459      -0.42872901446704259       -1.1063174023627012        59.845483692012508     
   2.4115237052444991        152156.85932121094        1856.5692537430143      -0.68736011036197597       -1.3789430209081002        39.723683078156128     
   2.4115237052444964        174699.44906523990        1921.3498572386784      -0.69707831399121223       -1.3917930782296555        35.671941347813217     
   2.4115237052444982        200581.80511776556        2003.6054414812809      -0.69501322958045320       -1.3924182639980307        32.546018829563707     
   2.4115237052444991        230298.72595234460        2090.2008122425118      -0.69269011510140177       -1.3929685757418608        29.716704856192766     
   2.4115237052445000        264418.31622830278        2181.2301962193214      -0.69026212855405533       -1.3936057620157549        27.149114009009981     
   2.4115237052445000        303592.84736763383        2276.9923118205338      -0.68774236243901088       -1.3943423884368973        24.817931633256315     
   2.4115237052445027        348571.22716569953        2377.7967040128174      -0.68514360695616061       -1.3951905428167330        22.700256736392582     
   2.4115237052445062        400213.31681991118        2483.9666651510497      -0.68247863450305157       -1.3961619594440779        20.775416188554637     
   2.4115237052445067        459506.36907806044        2595.8426660513501      -0.67976004479893959       -1.3972676910046822        19.024784645356352     
   2.4115237052445067        527583.90175785834        2713.7846725441150      -0.67700009707115227       -1.3985178205179645        17.431596533836046     
   2.4115237052445075        605747.36744674097        2838.1735363819166      -0.67421055413133402       -1.3999212255390445        15.980763171977935     
   3.0359284736253946        695.49103363450570       -21.628041199540181       -1.6706760910869392       -1.6956660050735135        59.779467519813991     
   3.0359284735950323        798.53054897808204       -20.121598541716793       -1.7276807490378183       -1.7153003370013611        57.088368539109133     
   3.0359284735857015        916.83574168226096       -18.600709807481454       -1.7929314792247575       -1.7361901436823932        54.081108838141859     
   3.0359284735812877        1052.6682771287381       -17.070020253693169       -1.8689512562653621       -1.7590600915272878        50.893884233409501     
   3.0359284735986800        1208.6248946271689       -15.533208976212263       -1.9593189468100691       -1.7849613299279505        47.634926158255013     
   3.0359284736232994        1387.6870498087255       -13.992907821024188       -2.0692373116485974       -1.8154295434966661        44.387511218133874     
   3.0359284736664041        1593.2779117648347       -12.450670181172269       -2.2065355360053722       -1.8527685061888448        41.213470125062358     
   3.0359284736992089        1829.3278044635526       -10.906975511180237       -2.3835462342356353       -1.9005868594396433        38.156807531566876     
   3.0359284736678420        2100.3493435780688       -9.3612567625691465       -2.6208861647021475       -1.9648841274434978        35.247111357043551     
   3.0359284736498457        2411.5237052234656       -7.8119459426629936       -2.9558288387741749       -2.0564530915585508        32.502492874061595     
   3.0359284736945593        2768.7996755186819       -6.2565486719080408       -3.4634081385718778       -2.1969161611061825        29.931927651430165     
   3.0359284736312708        3179.0073745798977       -4.6916818261205133       -4.3211500685693292       -2.4375817153639732        27.539542203563137     
   3.0359284736412842        3649.9888299012450       -3.1128977236713200       -6.0732034896458389       -2.9352011138857175        25.322873582905771     
   3.0359284736558934        4190.7478934944511       -1.5150421917498118       -11.594355688828999       -4.5183445690948245        23.277275348804665     
   3.0359284735831316        4811.6223705807661       0.10804040558151366        150.46345707047411        42.196536029279017        21.395751990405529     
   3.0359284736061518        5524.4816500996130        1.7635086036200744        8.4922076769743935        1.2891827515301415        19.669985430993783     
   3.0359284737266243        6342.9536137066498        3.4596593468937691        3.9675147477501884       -4.3439933708833145E-003   18.091179130226905     
   3.0359284736617660        7282.6851624084429        5.2063239642739436        2.4029167803003437      -0.44336512146172957        16.651718161717447     
   3.0359284734937853        8361.6413429782115        7.0162905695066131        1.6171178224907199      -0.65499248896355011        15.349176295875679     
   3.0359284734210914        9600.4487893686128        8.9096420809716399        1.1549225054406427      -0.76680054424724675        14.193057388194376     
   3.0359284733205496        11022.790045143893        10.923437276295381       0.86666365628410080      -0.81596934227235107        13.209443447812209     
   3.0359284734613712        12655.856309918794        13.126495846077331       0.69124016432984625      -0.81386319689807429        12.434388613762811     
   3.0359284734086551        14530.867255125124        15.634404224781434       0.59823366583674287      -0.76540553428608993        11.902085588248571     
   3.0359284736195136        16683.667863621136        18.651004660275419       0.60372896341615157      -0.63963352474513435        11.772754464905130     
   3.0359284735216927        19155.413676850560        22.954154172082191        1.0992360653225792       -2.6300373518780118E-002   13.779028987947761     
   3.0359284733921204        21993.357583408226        35.001874025785440        3.9526271273775953        3.0049873750046583        30.797060803493874     
   3.0359284732155931        25251.753156797797        97.841718870829254        8.7916879867112954        8.0625866372387769        128.04601691433271     
   3.0359284733106446        28992.891837030471        439.16161270883481        10.113461655965697        9.4776570447019779        554.91919971754453     
   3.0359284733002028        33288.293760239460        2341.0470156386205        9.2929695275489035        8.6770994077761063        2394.8489873722883     
   3.0359284732861052        38220.075034093541        21491.474112811276        8.1738079825055880        7.5663717764936180        17216.326295167197     
   3.0359284732871998        43882.517564292917        155201.84425576657        7.0831146721334548        6.4773708490032584        96547.305420599005     
   3.0359284732878131        50383.871461853661        349743.83062284155        6.0471070699535510        5.4415260290225973        167654.94859690190     
   3.0359284732866367        57848.424483938317        327040.94615157176        5.0936381426979525        4.4882160499768808        120173.87100558418     
   3.0359284732891973        66418.878069178740        228750.55450100978        4.2197460084137477        3.6145958963681259        64068.334228009066     
   3.0359284732901659        76259.075390911807        150116.16683433315        3.3143850483019257        2.7094925647826007        31206.233981245801     
   3.0359284732908547        87557.133582099079        91390.323188051683        2.4200154058819874        1.8140854139751070        13717.621305713648     
   3.0359284732910465        100529.04001017976        49299.319553301590        2.2983309984406541        1.6903483061842008        6268.3680258742734     
   3.0359284732911904        115422.78135329839        22064.995582429721        1.8383132769234787        1.2268459176906443        2179.5822710796506     
   3.0359284732911580        132523.08441403101        7604.0340258906926        1.0351664443847244       0.41167295177011187        517.43996030296648     
   3.0359284732912557        152156.85930191173        2947.5812413994308      -0.19246348526784518      -0.84710714135032905        105.24415167360600     
   3.0359284732912801        174699.44904308300        2355.3107187301598      -0.66995333431942949       -1.3411728992559975        54.719149626704393     
   3.0359284732912899        200581.80509232654        2422.7023213824596      -0.69239843424812153       -1.3663699834792640        48.350346024216215     
   3.0359284732912997        230298.72592313739        2527.9785223868234      -0.69008404315661731       -1.3660300100353078        44.117125560444592     
   3.0359284732912615        264418.31619476498        2639.1342929166867      -0.68737988931151461       -1.3654358991577313        40.291784839196865     
   3.0359284732912415        303592.84732912510        2756.1761743770694      -0.68456122561796162       -1.3648737000454632        36.819963841493504     
   3.0359284732912415        348571.22712148522        2879.5288307155738      -0.68164204940037054       -1.3643568565300941        33.667675477338840     
   3.0359284732912424        400213.31676914589        3009.6281292626218      -0.67863613026251124       -1.3638986829625015        30.804044501542027     
   3.0359284732912424        459506.36901977402        3146.9273206602202      -0.67555746097635860       -1.3635126338764416        28.201134826430827     
   3.0359284732912419        527583.90169093641        3291.9037502923798      -0.67242007561792461       -1.3632119407152214        25.833754964327831     
   3.0359284732912419        605747.36736990430        3445.0632520552340      -0.66923789830778857       -1.3630093482387080        23.679223115128089     
   3.8220075033658563        695.49103354886518       -23.233763085752024       -1.7043258470267766       -1.7178494202720205        87.337618345464449     
   3.8220075033690026        798.53054888839699       -21.446964282339845       -1.7765952509658200       -1.7473610631687300        84.220176484114532     
   3.8220075033538121        916.83574157846272       -19.623872929115844       -1.8611226339056093       -1.7796675455256836        80.440204757833783     
   3.8220075033222849        1052.6682770024088       -17.771886072429719       -1.9620878415902361       -1.8160149151170004        76.217738038009827     
   3.8220075033411502        1208.6248944811655       -15.897560301184871       -2.0857910193640583       -1.8583446693694690        71.736897216022541     
   3.8220075033031771        1387.6870496160504       -14.006367421982155       -2.2420847913767679       -1.9097386752133674        67.146850314741897     
   3.8220075033008305        1593.2779115200146       -12.102533291681482       -2.4471821565984113       -1.9752923348663318        62.564379138715779     
   3.8220075033592211        1829.3278041906419       -10.188952361573831       -2.7296827988532968       -2.0639941908108881        58.077567517057759     
   3.8220075033956911        2100.3493433064682       -8.2671617669443602       -3.1451301449121356       -2.1932758384271014        53.750052003353886     
   3.8220075034053873        2411.5237049320385       -6.3373566811533379       -3.8175064032044537       -2.4019934910449807        49.625337365655774     
   3.8220075034368373        2768.7996751660835       -4.3984336558717914       -5.0916742678992382       -2.7981249685669995        45.730760351075709     
   3.8220075034827077        3179.0073742794848       -2.4480653710653426       -8.4208489927226537       -3.8364072689128932        42.080764803876967     
   3.8220075034858279        3649.9888295472661      -0.48283469597589146       -39.049933215216171       -13.414179256992895        38.679449342925196     
   3.8220075034456396        4190.7478930237958        1.5018964885961001        11.399877700151627        2.3743415736729805        35.528728298974073     
   3.8220075034957324        4811.6223702187654        3.5118997893428965        4.3890029518517855       0.18633656833632628        32.618822066508386     
   3.8220075034303385        5524.4816495475679        5.5538744416672792        2.4728053959165424      -0.40692146800596252        29.941058933693949     
   3.8220075035212866        6342.9536129720482        7.6357209823356422        1.5822223560144479      -0.67859774627886349        27.483722432520672     
   3.8220075033337628        7282.6851613632753        9.7665539318207930        1.0706744506223127      -0.83098817526523305        25.234001181825711     
   3.8220075032252692        8361.6413420034951        11.956897986018573       0.74102647356740592      -0.92568957231022653        23.179131395569790     
   3.8220075032624137        9600.4487885726739        14.219356508860090       0.51330563655220174      -0.98734529701560581        21.308955078573554     
   3.8220075033307568        11022.790044792177        16.570982205137767       0.35012853337747640       -1.0264287677104922        19.621603231127899     
   3.8220075031778826        12655.856308421711        19.039871924245098       0.23395260307969012       -1.0456070211101631        18.131271327179043     
   3.8220075031102207        14530.867253401311        21.678223459584572       0.15798979259904655       -1.0424714408402942        16.870267126866743     
   3.8220075031225464        16683.667860536985        24.579555374720790       0.12002117354256736       -1.0130153456606246        15.876612614166948     
   3.8220075026366804        19155.413671491591        27.896666134562800       0.12123242339170237      -0.95165731655595964        15.198655447243670     
   3.8220075023765423        21993.357576697039        31.962020678731374       0.23019146252897471      -0.78551548902026647        15.295337080820161     
   3.8220075020365765        25251.753148314478        38.677732335731349        1.0945284852461672       0.14822580761548299        20.571246407414456     
   3.8220075019296007        28992.891825571085        63.553871309262384        4.8843764898074058        4.0701878939854259        59.531441359871351     
   3.8220075017652233        33288.293745765150        201.93812570325343        9.2863932608708719        8.6135882623554103        261.89527042700075     
   3.8220075018482071        38220.075018482137        933.24783005546283        8.7488440821838971        8.1253397563624805        997.09136833404955     
   3.8220075017817332        43882.517545589581        5770.2039718707438        8.8888383369057244        8.2773313035731544        5430.7536601936345     
   3.8220075017748614        50383.871440278592        58049.667933050216        7.8086463702393463        7.2024593742258283        42793.062578625431     
   3.8220075017769637        57848.424459221045        285972.29747461231        6.7252345978602053        6.1196301452456483        163124.03942876140     
   3.8220075017745736        66418.878040701966        458228.46423857455        5.7194453369230311        5.1139371421377611        201129.65192550665     
   3.8220075017701225        76259.075358102957        369693.40881163359        4.7955770925867700        4.1902654998785849        124207.03745947080     
   3.8220075017714494        87557.133544440017        248904.64337879891        3.9339424900634192        3.3289602807158074        63467.460279233281     
   3.8220075017729571        100529.03996697464        158216.57609332324        2.9441773412495311        2.3392961161352344        29182.866208895837     
   3.8220075017735216        115422.78130370387        88887.874068473146        2.3399184185186308        1.7335339833794357        12507.768922070116     
   3.8220075017741397        132523.08435711177        41823.662741078879        2.1410312545403007        1.5324449945846990        4889.8578664384841     
   3.8220075017741983        152156.85923655709        14747.283382794063        1.4826430560236026       0.86804791703345363        1261.1592410220655     
   3.8220075017742419        174699.44896804646        4611.5723029353203       0.21117212593009360      -0.42479416144590576        218.43956662137313     
   3.8220075017743045        200581.80500617571        2997.9083478851530      -0.63188525496557701       -1.2873207153920383        77.189783519063695     
   3.8220075017743378        230298.72582422424        3033.2427183255854      -0.68931216084225289       -1.3476492330671721        65.350148144629117     
   3.8220075017744710        264418.31608120998        3165.8599211973260      -0.68709934333674338       -1.3469000443525765        59.607833626685178     
   3.8220075017745669        303592.84719875635        3306.5585982037610      -0.68412916032769244       -1.3454890688409424        54.444538035891952     
   3.8220075017745772        348571.22697180283        3454.8419693727824      -0.68103404700823922       -1.3440664203289623        49.758016801682807     
   3.8220075017745794        400213.31659728737        3611.3001796821982      -0.67782876417689675       -1.3426461215858931        45.502909973047707     
   3.8220075017745798        459506.36882245413        3776.5280352615696      -0.67452754530819181       -1.3412420098396143        41.637717177153199     
   3.8220075017745794        527583.90146438300        3951.1378737779000      -0.67114502069546988       -1.3398684346288516        38.124738961986871     
   3.8220075017745812        605747.36710978625        4135.7726635004028      -0.66769603836308811       -1.3385398674131774        34.929924750380820     
   4.8116223680529178        695.49103325943884       -25.263353613581163       -1.7215819311905536       -1.7317889714577805        123.44189648474327     
   4.8116223680621237        798.53054855696155       -23.189195535997786       -1.8085832047616548       -1.7724651622238237        120.55240292968753     
   4.8116223680954375        916.83574120791559       -21.046158752046367       -1.9125935482309027       -1.8183642178912605        116.40934020029222     
   4.8116223681536541        1052.6682765983837       -18.844220856663551       -2.0400310849891197       -1.8716386590083902        111.33946315910943     
   4.8116223681919035        1208.6248940209246       -16.593090651317450       -2.2011166056487275       -1.9358173890587880        105.63156604564098     
   4.8116223681656347        1387.6870490938347       -14.301734062331493       -2.4130197421388186       -2.0169301670851625        99.533584458484398     
   4.8116223682107790        1593.2779109363576       -11.977977267568621       -2.7067357587701419       -2.1259445349525254        93.251023522538645     
   4.8116223682075701        1829.3278034913467       -9.6282218082816815       -3.1442369344160714       -2.2848465602254047        86.948270691801568     
   4.8116223681977566        2100.3493424792441       -7.2572659172108382       -3.8697448597779482       -2.5448238777317234        80.751891595944258     
   4.8116223682631221        2411.5237040089009       -4.8682180413472942       -5.3135932781695381       -3.0585809176058731        74.755242906974786     
   4.8116223682334232        2768.7996740663066       -2.4624799586813340       -9.5996361324260775       -4.5796230157603226        69.023672550647404     
   4.8116223682268178        3179.0073729742539       -3.9777217463761415E-002  -538.21875291251752       -192.11113086724623        63.599674356884563     
   4.8116223681302426        3649.9888279724214        2.4017725772537060        7.9885827994833605        1.6616222676506620        58.507444707638847     
   4.8116223681198669        4190.7478912506613        4.8655303145177813        3.4896616481892240        6.7590692199503088E-002   53.756429060270762     
   4.8116223681183596        4811.6223681183637        7.3560927738660418        2.0105928378141380      -0.45444559824729147        49.345798887804079     
   4.8116223681427979        5524.4816472585653        9.8799913929776437        1.2780552723464105      -0.71067739672583752        45.272843450988745     
   4.8116223682630332        6342.9536103514884        12.444496102869767       0.84272909845555821      -0.86096000605532730        41.520123388403654     
   4.8116223683841142        7282.6851588950512        15.058392239217349       0.55602319192722560      -0.95788919410312401        38.073685214459061     
   4.8116223683551489        8361.6413393566181        17.731838657371746       0.35435003330649995       -1.0240380514302116        34.916063792959399     
   4.8116223684639055        9600.4487856573433        20.476476366676110       0.20599196409747988       -1.0706546086646802        32.029029296400054     
   4.8116223684235990        11022.790041155493        23.305736675548786        9.3457696426952452E-002  -1.1038651905890786        29.395232692284413     
   4.8116223683759607        12655.856304627150        26.235988375811608        6.7051001965678925E-003  -1.1268737030007527        27.002098404146622     
   4.8116223684003030        14530.867249375333        29.290390765574912       -5.9416240106074714E-002  -1.1404096791226510        24.849455679933307     
   4.8116223685100641        16683.667856241314        32.508540186985158      -0.10604807350371448       -1.1425124679012644        22.957466959663222     
   4.8116223685454038        19155.413669135291        35.963226680967487      -0.13144568415676128       -1.1290469490285977        21.363961978974014     
   4.8116223683640511        21993.357574659633        39.779357549854439      -0.13319047545728313       -1.0956396740878702        20.107618515198844     
   4.8116223685937207        25251.753149426680        44.164185259045652      -0.10107612839359903       -1.0304048681879494        19.295613005592163     
   4.8116223686574173        28992.891828043375        49.656846434931602       0.10222416846220828      -0.79337945772998641        20.154398267191077     
   4.8116223686716797        33288.293750134049        61.395504769380814        1.5132647440770790       0.67141682509355460        33.509872766648471     
   4.8116223689253221        38220.075024683218        115.42467402552539        6.1581463825257323        5.4256104518630224        119.98261626513391     
   4.8116223689664634        43882.517553847814        417.70785524437889        9.6179634606955773        8.9753339266003529        530.46012703333304     
   4.8116223688382762        50383.871448508617        2017.2138793627716        9.5397339968841024        8.9227362672246642        2208.6898831076351     
   4.8116223688906441        57848.424469268175        15447.827750227678        8.5162069186819114        7.9080674836709228        13399.412904086725     
   4.8116223689069466        66418.878052504180        143488.42389848645        7.4454052422882615        6.8396731319232789        97233.158615852182     
   4.8116223689063684        76259.075371733343        480263.68669826165        6.3859733331646158        5.7804108607171587        251339.29089619880     
   4.8116223689029196        87557.133559996641        558458.25456206163        5.4022096255162770        4.7967769973558649        224351.71536795550     
   4.8116223688995285        100529.03998472553        409306.40691616188        4.5050313055547564        3.8998475003168762        125630.97008976674     
   4.8116223688994131        115422.78132406481        266817.48739554978        3.6337823195442960        3.0289742360313578        61631.395989966724     
   4.8116223688974493        132523.08438041373        160017.22361947846        2.5710849383022731        1.9660338731628744        26020.460234711769     
   4.8116223688981901        152156.85926333242        79525.502041361979        2.2754532792411335        1.6686086788976597        10526.321040452576     
   4.8116223688980497        174699.44899878156        29915.839136194409        1.8812071321299704        1.2712933131381958        3127.7807384589578     
   4.8116223688982656        200581.80504147004        8262.7086968297263       0.77342616195104763       0.15139475149766524        536.44621494279704     
   4.8116223688982256        230298.72586474364        3903.5864579119580      -0.53100918150658061       -1.1735728761388453        116.85852399882575     
   4.8116223688982345        264418.31612772372        3778.5371469136471      -0.68669067239401538       -1.3331263396264290        88.214051693651939     
   4.8116223688982265        303592.84725215315        3942.5716490058626      -0.68551528514298732       -1.3330555282047587        80.343612306245674     
   4.8116223688982300        348571.22703310981        4118.9064802447738      -0.68236729870466750       -1.3310637397474041        73.383703277742470     
   4.8116223688982265        400213.31666767696        4304.7836802979900      -0.67908267400587474       -1.3290239931980632        67.065494284321460     
   4.8116223688982265        459506.36890327214        4501.0239750426308      -0.67567782972980783       -1.3269516068821514        61.329064514972202     
   4.8116223688982283        527583.90155717451        4708.4283782483608      -0.67216711964226883       -1.3248604432658011        56.118920647092402     
   4.8116223688982229        605747.36721632420        4927.8060503747802      -0.66856543876146102       -1.3227652048906022        51.384295877249656     
   6.0574736721126357        695.49103337581482       -27.779148326809114       -1.7185422774728032       -1.7332339199209237        168.51672759045613     
   6.0574736721310734        798.53054869148184       -25.430555556089121       -1.8174629676990306       -1.7847299877445137        167.16900830421832     
   6.0574736721348268        916.83574135658591       -22.968857731838803       -1.9380386812595849       -1.8444375622023839        163.65740681864429     
   6.0574736721085687        1052.6682767517802       -20.405407274888599       -2.0891426908218582       -1.9157662952131140        158.42515652087673     
   6.0574736720855835        1208.6248941828535       -17.752394742060549       -2.2855348454361919       -2.0044971180104953        151.88468510333988     
   6.0574736720348792        1387.6870492757146       -15.022191781740855       -2.5535602061337670       -2.1210933503901455        144.41166963493859     
   6.0574736720166324        1593.2779111254351       -12.226698367399834       -2.9449105025211764       -2.2862293758351400        136.33631623098807     
   6.0574736720826357        1829.3278037295902       -9.3767451226139880       -3.5762566488378749       -2.5467308972057938        127.94024000739563     
   6.0574736721083982        2100.3493427660005       -6.4816254602018795       -4.7770794542629913       -3.0349719838454425        119.45422648306389     
   6.0574736720513815        2411.5237042826820       -3.5487688567316367       -7.9794160909511094       -4.3264080026462608        111.06028331482491     
   6.0574736720146261        2768.7996743809385      -0.58354752855717673       -43.896847718671033       -18.763043978819546        102.89599452157299     
   6.0574736721099915        3179.0073733899126        2.4108069497694791        9.4899175545110275        2.6874440076895016        95.060355821502725     
   6.0574736721279967        3649.9888285337711        5.4332073568727344        3.7033055767320198       0.36061559083068895        87.620161959778528     
   6.0574736720956022        4190.7478918818024        8.4846591822811579        2.0456849792942151      -0.30609623330793179        80.616127735492171     
   6.0574736720328586        4811.6223687946795        11.568148688499603        1.2618417186712998      -0.62085287806485501        74.067993362912944     
   6.0574736720314055        5524.4816480056952        14.688406519805504       0.80660324532980998      -0.80286142355595236        67.978214667121932     
   6.0574736719312199        6342.9536109458977        17.851792379913078       0.51076550153470501      -0.92000367081504186        62.344398833603847     
   6.0574736718730877        7282.6851593243728        21.066991281063203       0.30414912368276914       -1.0006785573303862        57.148594094171266     
   6.0574736718326401        8361.6413398440473        24.343524133516684       0.15275738690973117       -1.0585474664360850        52.371903734032685     
   6.0574736720155418        9600.4487862898695        27.692798474363109        3.7971689289989508E-002  -1.1011225923763450        47.991519018031795     
   6.0574736719940256        11022.790041934915        31.127901365425050       -5.1236424168469630E-002  -1.1328558630000307        43.982976173750181     
   6.0574736718569637        12655.856305360985        34.663752022302084      -0.12179471148895593       -1.1565303299179519        40.321542045583683     
   6.0574736716146917        14530.867249563204        38.317617050908730      -0.17815787306199860       -1.1738533725662030        36.984681250236157     
   6.0574736716478634        16683.667856167802        42.111069455016477      -0.22291157722624932       -1.1855011159305815        33.957802900480942     
   6.0574736717315378        19155.413669174799        46.076051244128415      -0.25669464734197833       -1.1907024572194187        31.243834434657682     
   6.0574736717827529        21993.357575719889        50.268374953980057      -0.27802184505456740       -1.1868349421394613        28.869692987235673     
   6.0574736719710325        25251.753150223580        54.787942061694814      -0.28401745845725035       -1.1700188873234270        26.876647720890901     
   6.0574736720707643        28992.891829051867        59.798862290044688      -0.27135569727103870       -1.1360156620935766        25.307776726659675     
   6.0574736714849244        33288.293747973854        65.606614426111548      -0.21617617773861464       -1.0599536154209890        24.467717448823521     
   6.0574736707693484        38220.075015673247        73.537929869384641       0.14584378462371128      -0.67411150298723999        27.689622763919850     
   6.0574736705559378        43882.517541581743        96.120091401524007        2.3561045494184030        1.5850069130853086        59.876382163114137     
   6.0574736701361864        50383.871432276232        215.85251094379481        7.4558843017569849        6.7752765260958947        245.93403575480568     
   6.0574736697792293        57848.424446592384        869.43374729781362        9.7273431717989141        9.1007519164299424        1062.1950063201236     
   6.0574736698016531        66418.878026489721        4607.8584924927809        9.1903206111831413        8.5777378923285301        4668.5467500914610     
   6.0574736698537990        76259.075342530399        42871.787690979196        8.1614263620792151        7.5550225038527969        34296.166550282564     
   6.0574736698476457        87557.133526440986        309620.64615515427        7.0836104934875266        6.4780336229697193        192612.75784966018     
   6.0574736698454235        100529.03994623247        697305.81590631837        6.0483407824380704        5.4428325101301205        334311.24900858675     
   6.0574736698444847        115422.78127985373        648347.08267095580        5.0948883369786158        4.4895430509471215        238279.05813428550     
   6.0574736698432918        132523.08432968060        445289.40264540544        4.2184150741737518        3.6133822155321571        124685.75103591627     
   6.0574736698400278        152156.85920497761        278921.08556028613        3.2938837918220036        2.6892325780128905        57750.608057518184     
   6.0574736698381066        174699.44893173093        151009.33218221436        2.2955820515457677        1.6901844875726515        22010.670369883956     
   6.0574736698370506        200581.80496444166        61721.248108637381        2.1307836041858286        1.5233068712595399        7534.0911395213561     
   6.0574736698364822        230298.72577628351        16974.362747825850        1.3666883014752869       0.75332674617819739        1467.4306696342567     
   6.0574736698366527        264418.31602616492        5446.3192925879866      -0.26676046836912426      -0.89794334919188801        209.61191285359047     
   6.0574736698366767        303592.84713554970        4694.5522554588169      -0.68158312528319054       -1.3188657163100403        119.36575582113944     
   6.0574736698366953        348571.22689923202        4889.0870578235090      -0.68494159283265321       -1.3231069506476223        108.09845762864452     
   6.0574736698366962        400213.31651396496        5108.5826955790808      -0.68168812364775189       -1.3207117126374477        98.727781184607394     
   6.0574736698367007        459506.36872678745        5339.8127185917056      -0.67828142171114769       -1.3182336957142848        90.218260062738977     
   6.0574736698367113        527583.90135454410        5583.9466080973662      -0.67474441787846806       -1.3156941644549458        82.492008075210265     
   6.0574736698367131        605747.36698367377        5842.0684115308350      -0.67109131932991628       -1.3131065957715602        75.475527629508974     
   7.6259075342330664        695.49103311464580       -30.817248120991472       -1.6941659439246175       -1.7197084099746869        221.61532685090168     
   7.6259075342103113        798.53054838680634       -28.230945455785946       -1.8004729493236933       -1.7800875908754015        224.05422550061135     
   7.6259075341716960        916.83574100156090       -25.476550818855827       -1.9318881803895382       -1.8514973957270897        223.02435923409371     
   7.6259075342013274        1052.6682763528108       -22.564610424682655       -2.0993595569414185       -1.9387272894809171        219.09510242179095     
   7.6259075341627032        1208.6248937232394       -19.507829505893451       -2.3215600317285325       -2.0499877080346387        212.80595911632324     
   7.6259075341650737        1387.6870487600540       -16.320580035278148       -2.6332003663194863       -2.2006580630348962        204.67001979988936     
   7.6259075342158757        1593.2779105487916       -13.018147947765286       -3.1067156719858908       -2.4230209857263545        195.16732638695052     
   7.6259075342650080        1829.3278030593676       -9.6158596583416269       -3.9218405503989393       -2.7974237480757322        184.73319710197310     
   7.6259075343032290        2100.3493419980764       -6.1282586386159288       -5.6791182957577382       -3.5926573226608012        173.74904424678263     
   7.6259075342623754        2411.5237034107672       -2.5683740886553532       -12.359433234059480       -6.5910231043477596        162.53628897418312     
   7.6259075342819109        2768.7996734037401        1.0528251131597184        27.127928103613392        11.082266156603058        151.35524776244907     
   7.6259075343270899        3179.0073722367238        4.7267976696814715        5.3486715969893588        1.3258116999502088        140.40806426843412     
   7.6259075343029803        3649.9888271873442        8.4476338779204898        2.5962689295008317        8.9258180762602279E-002   129.84452904262488     
   7.6259075342457541        4190.7478903268602        12.212131460638261        1.5177032363305787      -0.39687577909271821        119.76949333963731     
   7.6259075342139271        4811.6223670391246        16.019781687943983       0.94307537250274831      -0.65643749409034258        110.25069595236884     
   7.6259075341148659        5524.4816459196109        19.872685447269269       0.58717638040847597      -0.81718357358722082        101.32591054224706     
   7.6259075341586415        6342.9536086920716        23.775356342115501       0.34609612746718388      -0.92572579777669040        93.008393781773322     
   7.6259075342180012        7282.6851568632110        27.734274676034591       0.17277916066824717       -1.0032782676253174        85.290602822369550     
   7.6259075342252070        8361.6413370819882        31.758466918361382        4.3374354571161788E-002  -1.0603165763474915        78.171484097618119     
   7.6259075342481939        9600.4487828576621        35.859163181276287       -5.6466992760305534E-002  -1.1035763048141769        71.614294391909851     
   7.6259075340842131        11022.790037796341        40.048915395762130      -0.13508089811632296       -1.1367498275107848        65.594399611492037     
   7.6259075341038276        12655.856300928182        44.342549752862432      -0.19796243307131611       -1.1623304016199874        60.080154991936233     
   7.6259075341848890        14530.867245209292        48.756963888979520      -0.24882075386717273       -1.1820016123569967        55.038583552009250     
   7.6259075340918629        16683.667850873964        53.311361014505266      -0.29022151860873213       -1.1969110584224225        50.437201608039565     
   7.6259075341543294        19155.413662988965        58.028141240407571      -0.32385618040424269       -1.2077231822338774        46.247768081509520     
   7.6259075342958607        21993.357568839830        62.936181205843425      -0.35044669551188856       -1.2143844328355660        42.454406974947844     
   7.6259075343962230        25251.753141871657        68.080007941888951      -0.36936786048093639       -1.2156421034205156        39.064586508332020     
   7.6259075341851910        28992.891818182903        73.537692215920757      -0.37850480099511541       -1.2088206146026170        36.111635637592428     
   7.6259075340560560        33288.293738150358        79.443203217605742      -0.37505118704077500       -1.1905755162018634        33.636753412261541     
   7.6259075340005751        38220.075008631269        86.010579354238061      -0.35424817618644422       -1.1556234865983592        31.711030881782015     
   7.6259075340708833        43882.517535447092        93.769852399986263      -0.26413786361325398       -1.0511096773303037        31.227072053266916     
   7.6259075341067870        50383.871428961254        106.20407085119945       0.38154109180166906      -0.38582423633658991        40.710450606416082     
   7.6259075341940870        57848.424446857440        153.41166649486993        3.6222796435704216        2.9033957486729536        115.28674498838689     
   7.6259075339592943        66418.878024503210        418.80945323635530        8.5086127598772219        7.8600924941558663        504.00574692342849     
   7.6259075341245941        76259.075341246105        1829.6926191487828        8.2327036996674750        7.6145732532827690        1858.9492916313620     
   7.6259075342126197        87557.133526066013        11465.579914393214        8.8376851691880063        8.2287098496298565        10736.206941458078     
   7.6259075342197526        100529.03994593286        115800.48707936499        7.8061407204869919        7.2003902472753882        85338.058472574441     
   7.6259075342153411        115422.78127946085        570457.27918640559        6.7265621396305990        6.1210487958793012        325444.57449435309     
   7.6259075342148295        132523.08432924669        912278.30930722773        5.7209043954530134        5.1154528575830804        400497.32298422098     
   7.6259075342141278        152156.85920454742        727917.44811115402        4.7962843997119613        4.1910449994222461        244582.52907496484     
   7.6259075342101559        174699.44893120145        474711.99015479890        3.9278074902586235        3.3229554080234562        120914.23532044949     
   7.6259075342084826        200581.80496382466        278466.43307584606        2.8838927465301425        2.2793310763024235        50719.506967335030     
   7.6259075342076947        230298.72577557294        127181.98986709976        2.1253500848669722        1.5194990189843329        16989.286800246216     
   7.6259075342070490        264418.31602531922        38157.135129795060        1.8056956197635361        1.1968453908505112        4092.5929101234110     
   7.6259075342067284        303592.84713456477        8881.6256733496302       0.28524303587886379      -0.33550714824043915        494.46368108875981     
   7.6259075342066645        348571.22689809720        5850.4863026488647      -0.66252174216189852       -1.2926218824390732        164.16963849425417     
   7.6259075342066449        400213.31651266094        6043.1678001695554      -0.68508376979687302       -1.3160433938916538        145.24534281184708     
   7.6259075342068225        459506.36872530053        6315.2344243640227      -0.68179666428293517       -1.3133923463722972        132.64316152456269     
   7.6259075342068972        527583.90135284106        6601.3681162870998      -0.67832087031940813       -1.3106096223032979        121.19258770190211     
   7.6259075342069078        605747.36698171950        6903.2872248138119      -0.67470493728896064       -1.3077414214489198        110.79367290370364     
   9.6004487828069642        695.49103311235342       -34.377367297455933       -1.6498960986618307       -1.6905289850951144        279.47856581535223     
   9.6004487828301670        798.53054838848698       -31.616162787473126       -1.7587008685025802       -1.7571263264782080        289.28744828195028     
   9.6004487828681029        916.83574101175611       -28.622929853216142       -1.8940115660867005       -1.8365610661970042        293.78072714769411     
   9.6004487828612302        1052.6682763596723       -25.405243760669080       -2.0679291498528722       -1.9347733447539461        293.71584985239150     
   9.6004487829239782        1208.6248937451389       -21.973562452461039       -2.3012051276363961       -2.0618591066066863        289.77942906051004     
   9.6004487829405640        1387.6870487871640       -18.341414825433006       -2.6330373473354856       -2.2368848234781780        282.62162190256919     
   9.6004487829518226        1593.2779105711722       -14.525068397811845       -3.1476463624053661       -2.5009257913651823        272.87064240114154     
   9.6004487830242020        1829.3278030870699       -10.542758149486769       -4.0646117349336368       -2.9613183377352827        261.12928507445844     
   9.6004487830145315        2100.3493420172404       -6.4136369636465371       -6.1911747530071173       -4.0131257896994343        247.96216829189973     
   9.6004487830815499        2411.5237034625238       -2.1566515113136959       -16.836933832823785       -9.2348214784884171        233.87800171619983     
   9.6004487830851062        2768.7996734570975        2.2104903726583975        14.789855111503769        6.2400493578173979        219.31909592580450     
   9.6004487831492398        3179.0073723003889        6.6721921615491473        4.3292757998438720        1.1110205095696495        204.65393879808360     
   9.6004487831070247        3649.9888272559315        11.215598708334920        2.2223205221967883        7.2761414508533129E-002   190.17694750003182     
   9.6004487830488046        4190.7478904116433        15.831001350492409        1.3165917112187961      -0.37637411355340999        176.11298012058370     
   9.6004487831090994        4811.6223671867692        20.512048044457927       0.81277255248025204      -0.62774126824068022        162.62512056006597     
   9.6004487830434169        5524.4816461230957        25.255807753033427       0.49248618536197197      -0.78829360346940702        149.82408121978892     
   9.6004487830709735        6342.9536089075000        30.062733764520388       0.27163017053940153      -0.89925519313520308        137.77769907278145     
   9.6004487831463745        7282.6851571110656        34.936522759542086       0.11087703063150878      -0.97994269648830867        126.51899212474021     
   9.6004487832168781        8361.6413374200711        39.883741414027625       -1.0712999523049938E-002  -1.0407073621516238        116.05148925755149     
   9.6004487831405640        9600.4487831405768        44.912983285801680      -0.10530784586977915       -1.0875968780184704        106.35969482080579     
   9.6004487829870300        11022.790038181914        50.037741728260364      -0.18009626102848042       -1.1239962964656263        97.436585025518013     
   9.6004487830919469        12655.856301476637        55.271657887153935      -0.24042876563541093       -1.1527949302113181        89.227563126897181     
   9.6004487830336380        14530.867245596288        60.631563565179100      -0.28953002849427845       -1.1755393676675883        81.699491093955487     
   9.6004487829241967        16683.667851331626        66.136759086518396      -0.32977866613504625       -1.1934274878658857        74.809920186661657     
   9.6004487831415481        19155.413663791198        71.809130436595169      -0.36289663359095847       -1.2073255873980013        68.515536497569784     
   9.6004487831526504        21993.357569378164        77.673537060613327      -0.39012190743088415       -1.2178349494892737        62.774707620576393     
   9.6004487829997522        25251.753141755260        83.759365142706173      -0.41219876977305292       -1.2252121715147548        57.553124114634912     
   9.6004487831574661        28992.891819327873        90.105850280522603      -0.42912358873810696       -1.2290623101521274        52.834649150670188     
   9.6004487830854597        33288.293739778965        96.775296926826030      -0.43977280746326419       -1.2279207133404655        48.632288813115593     
   9.6004487827370433        38220.075009392160        103.87498570003052      -0.44195874051529671       -1.2192717740344670        44.983273126165649     
   9.6004487826069536        43882.517535321487        111.57856895196835      -0.43316535379220478       -1.2002730329569162        41.925344260667913     
   9.6004487825430562        50383.871428244500        120.17297210361397      -0.40442255200848276       -1.1616022150561276        39.645231844192175     
   9.6004487827278560        57848.424446485777        130.39917973802329      -0.25052843526366164      -0.99737508278505638        40.462849956078983     
   9.6004487815213313        66418.878017774347        152.53739015976913       0.88604035580340401       0.15831037924661961        65.651980264146701     
   9.6004487816407327        76259.075332815759        256.04355154070760        5.1865701459940334        4.5070782734728478        232.27182283662697     
   9.6004487815795780        87557.133514818299        838.73777261858220        9.1837954220009959        8.5540223115186400        1023.4369206116278     
   9.6004487815253050        100529.03993235642        3963.0599881005191        9.4217641237871561        8.8084922372490784        4292.4745484988689     
   9.6004487815221982        115422.78126390242        30793.426159845712        8.4975882091573851        7.8908321177390555        26657.149954440178     
   9.6004487815297868        132523.08431149687        286211.76800305239        7.4460967016462085        6.8405476855118144        193956.51783701815     
   9.6004487815272572        152156.85918414179        957877.34543293167        6.3874352173914009        5.7819284268732192        501375.04203219997     
   9.6004487815245501        174699.44890781437        1108099.8409994862        5.4036544595098857        4.7982717029416255        445244.90342181246     
   9.6004487815242037        200581.80493700950        795725.93160639273        4.5039664786581763        3.8988594059922654        244192.18819833486     
   9.6004487815238306        230298.72574479986        490817.85512086301        3.6149378189385564        3.0103035869298598        112981.68270815298     
   9.6004487815236494        264418.31599000440        255627.88538175260        2.4106155961473261        1.8060124808764102        40072.147063829958     
   9.6004487815224078        303592.84709399141        88541.515080506928        1.9138548090963790        1.3073830145344205        10705.701814312513     
   9.6004487815223900        348571.22685151495        18312.475933739763       0.99566209361959968       0.38305322671402209        1470.0170130934307     
   9.6004487815223385        400213.31645917636        7469.1660989857355      -0.58524686674985282       -1.2093366763740132        242.04237863366592     
   9.6004487815222763        459506.36866387835        7450.9222997956795      -0.68577304267038786       -1.3111715644963737        194.95168569704123     
   9.6004487815222515        527583.90128231235        7787.2153173797815      -0.68247780418907711       -1.3083464824216349        178.02633814755572     
   9.6004487815222390        605747.36690074007        8140.1730348270848      -0.67897263764009808       -1.3053576025627449        162.63446918593542     
   12.086248935733586        695.49103302198148       -38.410180282634826       -1.5881096024848378       -1.6456893028779322        334.90745630004221     
   12.086248935776872        798.53054828565610       -35.566480927283344       -1.6956081888228058       -1.7163069217600120        357.74623201420735     
   12.086248935711945        916.83574088514229       -32.418496269500331       -1.8287630269108668       -1.8000754959484451        372.56923948643112     
   12.086248935702725        1052.6682762142509       -28.970025226614194       -1.9996418924343358       -1.9035076595561908        380.46580227124872     
   12.086248935653121        1208.6248935653125       -25.227241772576825       -2.2287516120341091       -2.0374670059322639        382.36421460788387     
   12.086248935619579        1387.6870485744473       -21.199671220811911       -2.5548281074154637       -2.2224400273325822        379.14500326531208     
   12.086248935645679        1593.2779103285134       -16.900834549852267       -3.0601720310329230       -2.5016052934679762        371.54416214285948     
   12.086248935709794        1829.3278028043724       -12.348262654679623       -3.9594145405683414       -2.9878778386910123        360.33493480285551     
   12.086248935707278        2100.3493416943384       -7.5628577014314091       -6.0400132670814051       -4.0957538232013739        346.26088186726781     
   12.086248935717627        2411.5237030770136       -2.5677558084952814       -16.393856227151144       -9.5594851758432817        330.03822182944248     
   12.086248935711073        2768.7996730119457        2.6130999994918458        14.604369532679534        6.7525963303575161        312.33635305213795     
   12.086248935750289        3179.0073717783648        7.9563591923799866        4.2625090110429911        1.2968181019158234        293.75229795988560     
   12.086248935763681        3649.9888266766620        13.440558089846967        2.1865836506750451       0.19465892580113131        274.80078264130179     
   12.086248935772302        4190.7478897749570        19.047134790305417        1.2931006038867721      -0.28384868990090739        255.90511776428599     
   12.086248935838068        4811.6223664517174        24.761147482923938       0.79479526939197509      -0.55324989610541020        237.39865534701249     
   12.086248935911676        5524.4816453505855        30.571713948789036       0.47693495214531012      -0.72663163109930351        219.53154666051279     
   12.086248935846060        6342.9536079678956        36.472223933525520       0.25689857416543460      -0.84753085487137958        202.48109368162469     
   12.086248935847607        7282.6851559759916        42.460390222967284        9.6093327898115311E-002 -0.93631063197290509        186.36358889847259     
   12.086248935873687        8361.6413360734678        48.538179870377952       -2.5953753172674343E-002  -1.0038007505439408        171.24558705779344     
   12.086248935960343        9600.4487817396202        54.711556051236286      -0.12116478023274901       -1.0563473439253912        157.15238011652909     
   12.086248935943406        11022.790036734234        60.989732425883631      -0.19706334164946560       -1.0980299986449431        144.07245969017416     
   12.086248936021772        12655.856299758223        67.384884491957052      -0.25824542061906663       -1.1312039156837925        131.99862217099184     
   12.086248935960471        14530.867243637846        73.915049210446227      -0.30829752206486694       -1.1579250900815090        120.87837640030702     
   12.086248935865171        16683.667849141668        80.598222670652504      -0.34950422702267714       -1.1794140156685007        110.66688426393708     
   12.086248935951605        19155.413660980106        87.456500617809752      -0.38358373425201098       -1.1966155458979095        101.31099961311281     
   12.086248935975606        21993.357566168841        94.515075610550525      -0.41181586515838087       -1.2102359369731592        92.755071825938558     
   12.086248936002409        25251.753138528620        101.80242190982274      -0.43516543516447104       -1.2208050223071716        84.943272000631083     
   12.086248936008793        28992.891815162227        109.35097086858732      -0.45432044444557274       -1.2286736145134851        77.823297725974598     
   12.086248936127735        33288.293735573432        117.19978041759916      -0.46958391720328740       -1.2338754754949637        71.354617516061936     
   12.086248936184770        38220.075006130995        125.40281219691452      -0.48057800010068008       -1.2358053346085223        65.521919165539416     
   12.086248935866973        43882.517531017947        134.04668721388441      -0.48597097994119676       -1.2329209010324762        60.343277320896163     
   12.086248935706266        50383.871422968783        143.27379857520546      -0.48376285672342734       -1.2230119178371837        55.853429465873901     
   12.086248936090323        57848.424441153125        153.29834706085646      -0.47148021680011887       -1.2033966098167044        52.091087210491253     
   12.086248935978347        66418.878019383395        164.55366707030544      -0.42941637809991462       -1.1540745363588818        49.634051558807982     
   12.086248935928694        76259.075333401459        179.28679392888984      -0.14078788642401274      -0.85697889318405529        54.940448196736845     
   12.086248935999517        87557.133516561560        222.29895453684989        1.7601640971661014        1.0642278131940435        116.73087988767077     
   12.086248935908406        100529.03993416844        453.23709520525449        6.7721588476059829        6.1211936075893938        476.72106476490347     
   12.086248936383717        115422.78127055944        1719.3330544558273        9.4903918442447193        8.8710055049952707        2055.9190601697528     
   12.086248936290612        132523.08431801453        9127.4338887883914        9.1265727461356470        8.5168560501507553        9191.0032833697369     
   12.086248936326148        152156.85919211252        85502.147711535363        8.1573292103559396        7.5515151851057762        68365.363981535600     
   12.086248936325561        174699.44891700678        617589.49724140135        7.0852542411978838        6.4797648405844761        384262.58888129564     
   12.086248936325433        200581.80494756892        1389455.5990930782        6.0499780208284948        5.4445115733967544        666282.36214567965     
   12.086248936322571        230298.72575687809        1277509.9831532768        5.0958232178575269        4.4905278597762042        469565.24777004414     
   12.086248936323232        264418.31600389152        845823.46877289691        4.2127337969340761        3.6077980125428972        236614.25688629330     
   12.086248936322669        303592.84710996115        481279.45057134330        3.2388484838005835        2.6344746557137637        98586.452565338113     
   12.086248936322523        348571.22686984710        202403.81633824791        1.9262020919063763        1.3214059856129747        26903.105252827270     
   12.086248936321169        400213.31648018170        46080.450127441523        1.3900029728009748       0.78217208140038652        4594.7385956065009     
   12.086248936321304        459506.36868800386        10551.777268220396      -0.33613121763514697      -0.95426594581055935        441.58584246446208     
   12.086248936321192        527583.90131000860        9172.6606390304205      -0.68848527087655409       -1.3095685528413268        261.22530531933307     
   12.086248936321052        605747.36693253345        9583.1291471383720      -0.68362126069945139       -1.3050610251066397        238.73123245286263     
   15.215685919230392        695.49103305695644       -42.797174919863316       -1.5108429323373553       -1.5848356114584541        374.38279833428055     
   15.215685919239238        798.53054832341707       -39.999694782295279       -1.6147606432313077       -1.6582241590624214        418.86664942106967     
   15.215685919244905        916.83574093376444       -36.816614683920399       -1.7419960839258333       -1.7439433454489905        451.57768016379862     
   15.215685919283906        1052.6682762735777       -33.247712027741947       -1.9033436620151301       -1.8481764450673019        473.89321238627059     
   15.215685919234943        1208.6248936345003       -29.294637588113641       -2.1172388627257703       -1.9814300078578304        487.16444087599416     
   15.215685919215538        1387.6870486559667       -24.961395828653256       -2.4175943139426099       -2.1628301738500584        492.58284484399138     
   15.215685919189932        1593.2779104159879       -20.255577923837706       -2.8747596275665721       -2.4317887187810534        491.18482354041186     
   15.215685919260725        1829.3278029036137       -15.189557391902195       -3.6637579636713258       -2.8861303942045238        483.91298141581103     
   15.215685919213207        2100.3493418021612       -9.7810788788138527       -5.3766928801062859       -3.8567280253253915        471.67486090284353     
   15.215685919198197        2411.5237031963661       -4.0529843143453421       -12.098991080710295       -7.6270087999140710        455.37145054927066     
   15.215685919202212        2768.7996731512126        1.9678515554300346        22.865606414505134        11.904248631078154        435.89391143948239     
   15.215685919211724        3179.0073719299380        8.2521338539655478        4.9061367507390248        1.8540355209051067        414.10107694749740     
   15.215685919269662        3649.9888268605450        14.770018371765088        2.4061926337900617       0.44575507138265547        390.78724182159442     
   15.215685919232833        4190.7478899729495        21.492854288371916        1.4051187805090701      -0.12384764876420795        366.65773881546465     
   15.215685919286210        4811.6223666697415        28.394756744063656       0.86348253431221700      -0.43569982380475070        342.31145465779400     
   15.215685919281098        5524.4816455654100        35.453781336599612       0.52317677783636451      -0.63403703992993043        318.23489113488301     
   15.215685919257716        6342.9536082392360        42.652730021787463       0.28941678156731476      -0.77183379940004926        294.80536284427330     
   15.215685919218613        7282.6851562678830        49.979621855163828       0.11918153479045102      -0.87315305530373133        272.30082551134910     
   15.215685919195233        8361.6413363777137        57.427907113302517       -9.9011356378135851E-003 -0.95053072079618484        250.91350350329827     
   15.215685919241473        9600.4487820492814        64.996506677390528      -0.11063616357216899       -1.0111639109036856        230.76458660996934     
   15.215685919171786        11022.790037054738        72.689686270999658      -0.19090948877122826       -1.0595102266414200        211.91704586738609     
   15.215685919145210        12655.856300022049        80.516534440735640      -0.25591236358802250       -1.0985497143360243        194.38334229802669     
   15.215685919089529        14530.867243961278        88.489450618409350      -0.30934111382277152       -1.1304926625116258        178.12827937520080     
   15.215685919162121        16683.667849724163        96.626689092552027      -0.35309501138095800       -1.1561974193037059        163.16808116559775     
   15.215685919330214        19155.413661723527        104.95116038747234      -0.38957938409473203       -1.1773207596777646        149.39419907367866     
   15.215685919305834        21993.357566943494        113.48697991917786      -0.41995043992205217       -1.1944718642531729        136.75799253963561     
   15.215685919408783        25251.753139532892        122.26322524506988      -0.44523237519000036       -1.2082605944288396        125.18977824538609     
   15.215685919212540        28992.891815926032        131.31292058523977      -0.46621587605553072       -1.2191591197695770        114.61779075974644     
   15.215685919027372        33288.293735717707        140.67334995692872      -0.48350882713479848       -1.2275259183140919        104.97111212602763     
   15.215685919061652        38220.075006202387        150.38725582483104      -0.49751630237918987       -1.2335667190428339        96.185157903341263     
   15.215685919211891        43882.517532687067        160.50728351407238      -0.50828379852607219       -1.2371621797113774        88.213181771413431     
   15.215685918909042        50383.871424552271        171.10806518892304      -0.51521214611022115       -1.2375675237926385        81.041151807545432     
   15.215685919068648        57848.424441739793        182.30715525485019      -0.51694255293902391       -1.2332837015700380        74.688066380138480     
   15.215685919188576        66418.878021195851        194.28089219292991      -0.51184113583666457       -1.2225384755941024        69.173298659889184     
   15.215685919203716        76259.075335871603        207.27884401713149      -0.49647264449832340       -1.2017614620148844        64.578224519414817     
   15.215685918607749        87557.133515455178        222.13553629997369      -0.42648711451616983       -1.1262659283495640        62.659233628396905     
   15.215685918720212        100529.03993439900        245.36017241924012       0.11862851118244322      -0.57332602123236942        80.087677505718204     
   15.215685918626766        115422.78126557612        336.11006641349184        3.0623162297198467        2.3927448406727767        224.49383934520372     
   15.215685918936627        132523.08431601254        850.53786792845221        8.0758044518650767        7.4438413592572328        978.86734920988965     
   15.215685918382265        152156.85918382299        3602.5046331821231        7.2131406488849947        6.5994442531672979        3290.4143515227229     
   15.215685918507287        174699.44890893300        22826.489688191290        8.8110700691113895        8.2038625418931019        21316.217014988746     
   15.215685918497877        200581.80493817705        230941.83362598735        7.8068812264509280        7.2013619356239005        170197.27557024563     
   15.215685918486056        230298.72574597044        1137844.5740682415        6.7285208301850101        6.1230598681418886        649279.10946487007     
   15.215685918484168        264418.31599132053        1812726.3535098655        5.7225268176993733        5.1171125088385701        795964.49269720062     
   15.215685918482398        303592.84709550656        1414866.0809774343        4.7955685455132269        4.1903873051097440        475342.46110449242     
   15.215685918483237        348571.22685327445        864754.70129225089        3.9103579057234743        3.3056556650386959        219595.12751903947     
   15.215685918482949        400213.31646119099        428463.24086089042        2.7188079140739050        2.1147401959544041        75338.471800193351     
   15.215685918480952        459506.36866613419        124923.33762936541        1.3362023913410526       0.73106190562774609        13418.772597638177     
   15.215685918480466        527583.90128488699        19791.072280428718        5.9565361979803111E-002 -0.55195091471670077        1128.3421090910579     
   15.215685918480363        605747.36690369283        11336.514509620310      -0.71388225581563991       -1.3315173329054242        345.29198403817452     
   19.155413660629549        695.49103302180004       -47.329726668412924       -1.4205623886597465       -1.5081483467408145        376.96961967033008     
   19.155413660644744        798.53054828322115       -44.745518469699412       -1.5189464169788554       -1.5829309510679390        454.00240061284330     
   19.155413660618418        916.83574088601199       -41.690247130495173       -1.6383991807089306       -1.6693779819482235        515.59100760393710     
   19.155413660676324        1052.6682762192345       -38.154522569084612       -1.7873476048121300       -1.7722857057927479        562.34027667184478     
   19.155413660687937        1208.6248935767280       -34.134173496911671       -1.9807083584756056       -1.9004912728328269        595.64901183261611     
   19.155413660753894        1387.6870485961831       -29.627815194301100       -2.2456964442086100       -2.0701860500661522        617.13254726037610     
   19.155413660740450        1593.2779103489102       -24.636461680359584       -2.6365796457762141       -2.3134770554670383        628.30064942937804     
   19.155413660698244        1829.3278028140567       -19.164676280734611       -3.2794137730661173       -2.7045830477595802        630.46575854333196     
   19.155413660658830        2100.3493417015729       -13.222292033215183       -4.5516062250207181       -3.4652625721993688        624.78635942497465     
   19.155413660695150        2411.5237030878275       -6.8257656626647574       -8.3397582946607738       -5.7036163505847890        612.34924102721970     
   19.155413660734684        2768.7996730315772        1.4136104858257015E-003   37529.508608645803        22042.557270722471        594.23121591141364     
   19.155413660769160        3179.0073717963123        7.2294355294726742        6.7160707328213354        3.1136447285091702        571.51807533025010     
   19.155413660820429        3649.9888267029928        14.823802165158261        2.9302778428999403       0.87770923477923191        545.28708546521045     
   19.155413660876253        4190.7478898144127        22.747550121395644        1.6588106425391347       0.11924693114481255        516.57261474805944     
   19.155413660859395        4811.6223664666031        30.963623238490030        1.0168728385883159      -0.26868107512902228        486.32070223961080     
   19.155413660878160        5524.4816453394442        39.437045301905741       0.62763718291538861      -0.50731162864383350        455.36332712866317     
   19.155413660889469        6342.9536079932841        48.136780869141518       0.36557144805259711      -0.67031811390527407        424.39775424863410     
   19.155413660851309        7282.6851559897004        57.037085182444798       0.17690223568269325      -0.78925739170729670        393.98257655856952     
   19.155413660814798        8361.6413360552287        66.118396971773151        3.4734663992216142E-002 -0.87992530686953629        364.54421145669761     
   19.155413660800448        9600.4487816426517        75.367840871246713       -7.5897805094945814E-002 -0.95113088084542285        336.39080853022779     
   19.155413660859537        11022.790036672348        84.779451018655877      -0.16400437843243287       -1.0081962484187899        309.72994611575922     
   19.155413660879905        12655.856299618570        94.354202854592302      -0.23534922275533776       -1.0545453556541564        284.68640732145991     
   19.155413660868980        14530.867243542913        104.09975639830233      -0.29382826485435554       -1.0925191099545897        261.31552904396335     
   19.155413660906706        16683.667849197078        114.02932787367055      -0.34227048083748524       -1.1238752736565196        239.60788375758028     
   19.155413660886268        19155.413660886294        124.15868199968368      -0.38273773653049215       -1.1499178146632194        219.51702234454598     
   19.155413660873613        21993.357566002931        134.51790846985514      -0.41618741173255802       -1.1710394409915583        201.05788653095325     
   19.155413660848563        25251.753138249111        145.13268124236737      -0.44435218752083383       -1.1885623570353843        184.07405652783260     
   19.155413660842584        28992.891814816936        156.03650995261347      -0.46788954984707098       -1.2028276784243843        168.50641238278899     
   19.155413660678821        33288.293734564810        167.26782690474158      -0.48747673326442464       -1.2142670874381565        154.26504975269677     
   19.155413660702326        38220.075004839477        178.87019872440365      -0.50364931634850041       -1.2232223693405628        141.25856405977487     
   19.155413660722338        43882.517530734782        190.89288217677051      -0.51681846135693810       -1.2299492078227248        129.39793526560143     
   19.155413660573270        50383.871422921497        203.39293100774461      -0.52721602093451092       -1.2345520323408707        118.60459203620438     
   19.155413660550025        57848.424439190407        216.44220275909234      -0.53471385418779627       -1.2367940077667732        108.82538991019467     
   19.155413660490805        66418.878017539901        230.14307198728918      -0.53859541096824048       -1.2358591940845665        100.04558056714971     
   19.155413660271734        76259.075330725987        244.64545305615567      -0.53765756746297255       -1.2304486466152356        92.272243207148932     
   19.155413660241400        87557.133512837987        260.13702361895531      -0.53073886136762483       -1.2193146345357317        85.488625440760103     
   19.155413660103410        100529.03992992685        276.91730126028119      -0.51070036140322117       -1.1952220997987650        79.996862835881515     
   19.155413660404580        115422.78126296500        295.82992869636723      -0.38663974324187689       -1.0670687496055811        80.222319717106743     
   19.155413660637056        132523.08431192415        338.14129235223510       0.62157078599799420       -5.0373632820304048E-002   128.51958687691743     
   19.155413660578382        152156.85918420643        538.55113629875382        4.7047402415912609        4.0567031089206234        452.68390437036749     
   19.155413660558807        174699.44890775933        1672.5163778769736        8.9325336834406919        8.3120948911009584        1992.1765827999059     
   19.155413660231090        200581.80493352190        7832.1314698999313        9.3494670840796861        8.7393077420807206        8425.5805828627363     
   19.155413660396771        230298.72574279644        61389.104009842296        8.4907103653762963        7.8847702466207004        53101.746448959224     
   19.155413660390291        264418.31598761963        570779.83649999497        7.4481229458989713        6.8426731731703931        386876.82027164398     
   19.155413660388607        303592.84709126595        1910093.1378213146        6.3892708950674333        5.7837998020242889        1000001.5551020085     
   19.155413660391304        348571.22684843547        2187270.5102719278        5.4048432477555037        4.7994988933252687        879001.77394163981     
   19.155413660395173        400213.31645572354        1507383.4020405929        4.4989080362388822        3.8938820517295838        462211.73567924713     
   19.155413660394501        459506.36865990091        829260.14013254165        3.5650630066145803        2.9607047785298279        189149.48334121821     
   19.155413660393741        527583.90127772617        319690.35742357268        1.9142195956685479        1.3105350077564792        44336.772585353312     
   19.155413660392824        605747.36689544620        54695.177337860739       0.10102324977291710      -0.50500536687500974        3476.6373387547305     
   24.115237030584332        695.49103301570483       -51.718563109135502       -1.3229783882069033       -1.4193757315143312        319.88667504049243     
   24.115237030580737        798.53054827547044       -49.529261322691617       -1.4121260240445022       -1.4919857234912322        437.26394353903817     
   24.115237030600667        916.83574087913064       -46.802350518653171       -1.5216610838650384       -1.5771501304268227        539.71549616125935     
   24.115237030673740        1052.6682762113412       -43.502954640078187       -1.6571971978612092       -1.6776510798295703        624.38293470357110     
   24.115237030698655        1208.6248935681813       -39.610873964083794       -1.8294020692551727       -1.7996613686915013        690.76853466693103     
   24.115237030749327        1387.6870485845079       -35.115256302030801       -2.0582169635396212       -1.9553301986326930        739.93727429591388     
   24.115237030816097        1593.2779103410351       -30.010209351362736       -2.3824606504073902       -2.1685892856537148        773.66440092952917     
   24.115237030861216        1829.3278028124682       -24.292781579730711       -2.8862758432952407       -2.4912405862259916        793.82479097957230     
   24.115237030898754        2100.3493417073400       -17.963388676620109       -3.7911441312578189       -3.0592162384671555        802.10516391173178     
   24.115237030849748        2411.5237030849758       -11.027767531100700       -5.9316774572969422       -4.3837594676726876        799.90744825669049     
   24.115237030831839        2768.7996730205327       -3.4991786197680201       -17.724927822210688       -11.621704036449222        788.72905796865666     
   24.115237030843151        3179.0073717794012        4.6001751808740039        12.580049829434833        6.9292954786770427        769.67302810377737     
   24.115237030818779        3649.9888266701182        13.239102503078060        3.9982500019933189        1.6591742855146410        744.09727946726650     
   24.115237030852033        4190.7478897702331        22.378753647743448        2.1092838751399117       0.48932499437072829        713.32344419395508     
   24.115237030855145        4811.6223664207346        31.974993785269028        1.2727709491543591       -3.5294664721709834E-002   678.66022037784637     
   24.115237030859301        5524.4816452823206        41.981404179757540       0.79692707805744956      -0.33830744005758451        641.35655292060073     
   24.115237030843172        6342.9536079197096        52.352182772994816       0.48787477997600881      -0.53837284651526596        602.53815250432285     
   24.115237030885893        7282.6851559326369        63.044874644944173       0.27009725829984821      -0.68166371583938057        563.18579583585961     
   24.115237030896338        8361.6413360092702        74.022515176832059       0.10808076169461311      -0.78988448469803174        524.10994566643035     
   24.115237030929297        9600.4487816101973        85.255170919521575       -1.7086505828388443E-002 -0.87459928666714004        485.95061812821882     
   24.115237030922732        11022.790036598080        96.720922558501684      -0.11642109335287720      -0.94255957236815135        449.18851927113212     
   24.115237030992176        12655.856299556288        108.40640978880330      -0.19679331426223212      -0.99799344330533024        414.16424353982097     
   24.115237030992692        14530.867243480003        120.30708767600542      -0.26272279796259568       -1.0436987256031434        381.10082549465960     
   24.115237030985945        16683.667849087324        132.42724584646311      -0.31732155445054167       -1.0816189586454532        350.12421134638862     
   24.115237031043069        19155.413660826096        144.77941169471103      -0.36285940858210419       -1.1132045777301798        321.27455003441639     
   24.115237030895624        21993.357565813869        157.38186281820126      -0.40117907065203640       -1.1397091839151705        294.50437449071092     
   24.115237030799090        25251.753137963969        170.25794468209216      -0.43313322329653980       -1.1615515173358442        269.82626281730552     
   24.115237030788290        28992.891814485625        183.44805706541237      -0.46008451851244481       -1.1797599490047015        247.10178447641624     
   24.115237030687755        33288.293734330218        196.98639272428142      -0.48268635093111389       -1.1947394246959351        226.24243283916491     
   24.115237030503330        38220.075004230945        210.91762412812136      -0.50154134830796748       -1.2068956515658946        207.13808090556631     
   24.115237030464673        43882.517529919896        225.29289084273501      -0.51712969852403290       -1.2165525212000712        189.67415148968939     
   24.115237030186350        50383.871421796473        240.17018657768401      -0.52983682316918623       -1.2239695517744260        173.73534994817010     
   24.115237030278081        57848.424438188966        255.61536360803564      -0.53995044406911563       -1.2293314456581428        159.21104199220321     
   24.115237030454814        66418.878017082199        271.70569288466612      -0.54758121611735500       -1.2326625563940778        146.00670590755777     
   24.115237030184623        76259.075330218198        288.53982378903441      -0.55248252435012279       -1.2336406847804566        134.06122351719119     
   24.115237029989721        87557.133511685985        306.25269387078384      -0.55393843471922433       -1.2314799863803314        123.34984748862354     
   24.115237030111444        100529.03992983580        325.00623464474700      -0.55114888485607216       -1.2253181625176270        113.83505342233327     
   24.115237030223621        115422.78126158263        344.93416784633587      -0.54326908984841693       -1.2142655407979950        105.45026399872758     
   24.115237029520912        132523.08430486696        366.55720112553820      -0.51285155776287117       -1.1807735745955610        99.322063411398602     
   24.115237029462453        152156.85917620084        393.87372601817697      -0.26342601794034470      -0.92778645929067927        108.18930906904708     
   24.115237029920390        174699.44890206368        476.72431385201224        1.4848005706139613       0.82996398604849642        228.15400664229844     
   24.115237029866918        200581.80492996931        926.19231301093407        6.4099643103591699        5.7783095236269135        930.62513729659645     
   24.115237029336161        230298.72573165689        3400.4679030949701        9.3512219060537447        8.7372898251632858        4013.6942481717879     
   24.115237029359221        264418.31597517204        18139.247906337874        9.0922820661952954        8.4846552963912618        18203.667805096222     
   24.115237029338484        303592.84707673982        170483.12586259469        8.1578530605246709        7.5523597648564671        136314.60295025085     
   24.115237029333422        348571.22683163505        1231745.6810343184        7.0875638172730753        6.4821281615898583        766579.04992857680     
   24.115237029335546        400213.31643638847        2765690.0774537092        6.0518005902607648        5.4463644146825132        1326521.0957036116     
   24.115237029334747        459506.36863770214        2486701.9886102881        5.0955556055850026        4.4903064568309663        913975.38146140042     
   24.115237029332654        527583.90125221363        1527732.1305299553        4.1965879091862526        3.5917889577874131        426232.47486526571     
   24.115237029330327        605747.36686612456        709986.36700088787        3.0858799179889207        2.4820884559953633        141086.97569027232     
   30.359284707721695        695.49103298086891       -55.669416162262756       -1.2288887191476912       -1.3281312299853314        194.46263548848810     
   30.359284707743640        798.53054823616981       -54.008506222186973       -1.3027313194726353       -1.3920436707711656        346.52630070047348     
   30.359284707809199        916.83574083522967       -51.803820955384289       -1.3977748210563932       -1.4709625969644391        494.01782002728578     
   30.359284707923628        1052.6682761617142       -48.973174888511807       -1.5176444385355927       -1.5662266678381762        628.19461062051812     
   30.359284708032519        1208.6248935142878       -45.457405744399267       -1.6691241577268219       -1.6812719937676408        743.22517712233639     
   30.359284708070696        1387.6870485214592       -41.218674261528555       -1.8653790348217130       -1.8238530371382742        836.54032997478203     
   30.359284708052019        1593.2779102632539       -36.234755439051156       -2.1322068216284142       -2.0100845728532626        908.19797008811247     
   30.359284708056318        1829.3278027199995       -30.492587931950027       -2.5230309039154326       -2.2739351960825704        959.81593115703959     
   30.359284708127333        2100.3493416028159       -23.983820620068450       -3.1638389634855333       -2.6956787317035742        993.59110830556733     
   30.359284708181281        2411.5237029741520       -16.703550059168698       -4.4346261122816095       -3.5170540042691814        1011.6821277029596     
   30.359284708173604        2768.7996728946455       -8.6518281172704672       -8.2609026175870497       -5.9617408989030158        1015.9785506131451     
   30.359284708201667        3179.0073716363108       0.16346816938387557        416.09963918522743        263.64947574958944        1008.1290334194662     
   30.359284708209845        3649.9888265105001        9.7239924347855613        6.5460850414762319        3.4194020068544351        989.66890882715973     
   30.359284708262702        4190.7478895884851        19.999616897767826        2.9162415848981422        1.0999555598503967        962.13439160299924     
   30.359284708342074        4811.6223662240172        30.948964339692257        1.6800392110137343       0.30159755053009163        927.11117004932737     
   30.359284708309605        5524.4816450495982        42.521590693773796        1.0504336955670466      -0.11096012820918544        886.21741771974837     
   30.359284708322864        6342.9536076595241        54.661316917422290       0.66527790772799800      -0.36766251913927350        841.04935319975516     
   30.359284708332002        7282.6851556231932        67.310127731097538       0.40336203872722343      -0.54539208511249704        793.10541644418231     
   30.359284708396235        8361.6413356680496        80.411749786185709       0.21271449254475883      -0.67706315889826563        743.73119153645484     
   30.359284708457178        9600.4487812245752        93.914963571279827        6.7363207562048499E-002 -0.77910384518260944        694.07745464266941     
   30.359284708427296        11022.790036147482        107.77607334576281       -4.7121065400187012E-002 -0.86063989749363878        645.08364380835576     
   30.359284708409280        12655.856298994975        121.96064704051270      -0.13941493687079942      -0.92716937195278271        597.48086501748435     
   30.359284708320310        14530.867242792634        136.44460328245557      -0.21506864115317637      -0.98222482189678839        551.80933594838916     
   30.359284708310469        16683.667848297377        151.21483265719735      -0.27781087809755189       -1.0281948916787289        508.44427903383098     
   30.359284708349474        19155.413659898350        166.26953339233864      -0.33024785489054087       -1.0667625085093397        467.62382088014897     
   30.359284708397048        21993.357564917613        181.61815942071212      -0.37428084630049063       -1.0991732250675581        429.47029502188764     
   30.359284708409628        25251.753137046482        197.27993760401446      -0.41142469775659707       -1.1264647583809704        393.99402336602418     
   30.359284708373824        28992.891813410992        213.27848263132753      -0.44310616730690533       -1.1497111564584144        361.08146312859850     
   30.359284708465832        33288.293733336039        229.65256341839725      -0.46923007805430328       -1.1685462993734250        330.87153084812348     
   30.359284708404353        38220.075003304366        246.45186581732059      -0.49147571944412194       -1.1844397123091945        303.03715290346105     
   30.359284708408801        43882.517528932818        263.72360339542888      -0.51008055855985801       -1.1974680944501679        277.51050302315895     
   30.359284708485166        50383.871421371390        281.52775213000149      -0.52548579882684043       -1.2079428731730817        254.15099155044351     
   30.359284708741335        57848.424437968970        299.93301616261357      -0.53804742791991633       -1.2161151698715065        232.81400038821397     
   30.359284708916810        66418.878016726754        319.01753340783432      -0.54805298958262416       -1.2221866321222001        213.35522398690739     
   30.359284708783608        76259.075330329913        338.87066274416088      -0.55570379867873565       -1.2262870903868921        195.63824737689930     
   30.359284708519038        87557.133511758861        359.59849072378194      -0.56102085636920540       -1.2283765015284656        179.54967005925991     
   30.359284708208410        100529.03992838341        381.33460578577143      -0.56370238253006311       -1.2280988121878300        165.01375417705961     
   30.359284708229442        115422.78125945809        404.23570621126851      -0.56322306572513692       -1.2248806889781245        151.96629066663243     
   30.359284707631662        132523.08430367996        428.39164620132237      -0.55953461852852104       -1.2186417506010765        140.25288333069494     
   30.359284706465200        152156.85916936069        453.79201157031900      -0.55103471897611644       -1.2077622823523051        129.84442979199147     
   30.359284706609085        174699.44889172068        481.90876186914488      -0.49573406619137750       -1.1500880868157610        124.42979378177770     
   30.359284706785346        200581.80491970322        525.46963598252341       -2.0939620235755907E-003 -0.65299147637744825        157.01831494286986     
   30.359284707080690        230298.72572717897        701.55638433818137        2.7874197312705351        2.1473578523215253        439.06488910037297     
   30.359284706797315        264418.31596730975        1706.5872873568101        7.8396092679626648        7.2191250588596070        1914.4233776282515     
   30.359284706760068        303592.84706760134        7118.6623797383991        4.3496974918113578        3.7394635976536641        4459.8764431970021     
   30.359284706866120        348571.22682243335        45476.311086202128        8.8003844971186282        8.1942686684779051        42418.646394859104     
   30.359284706841446        400213.31642546301        460444.05319173046        7.8093969417414026        7.2040069753271592        339414.75208546186     
   30.359284706840040        459506.36862515204        2269388.8971330146        6.7308835400958209        6.1254588397057672        1295309.5500532913     
   30.359284706842857        527583.90123789886        3588317.9599191183        5.7240072971653211        5.1186224611813307        1575919.8648330122     
   30.359284706844729        605747.36684978486        2679052.2139666243        4.7913428495709338        4.1862285394881891        899481.19378073642     
   38.220075001324176        695.49103296047497       -59.006285178893151       -1.1513460826175497       -1.2475344001561224        22.900764370210709     
   38.220075001409356        798.53054821395688       -57.888151178946018       -1.2040879154759609       -1.2957767775356213        184.39957182930772     
   38.220075001480936        916.83574080946300       -56.310390964393171       -1.2781619825999213       -1.3609196928975882        361.55772554812017     
   38.220075001588846        1052.6682761311345       -54.139464010715642       -1.3771531767596326       -1.4446318955350814        542.39954855935832     
   38.220075001597081        1208.6248934751034       -51.256691540180135       -1.5057560814452011       -1.5490021038353756        714.62342003097467     
   38.220075001647196        1387.6870484765436       -47.568797615791070       -1.6721251828762136       -1.6783342698806014        868.38472692211280     
   38.220075001860529        1593.2779102215570       -43.010698288087781       -1.8921211025536335       -1.8421708612605103        997.75570746459368     
   38.220075001917373        1829.3278026745870       -37.541280768110092       -2.1980204959827465       -2.0611575435730405        1100.6899233143893     
   38.220075002063801        2100.3493415538092       -31.135558860520355       -2.6605770243645837       -2.3815560115382883        1177.9718736272512     
   38.220075002155006        2411.5237029193540       -23.777264952320440       -3.4610192248620839       -2.9224344635085413        1231.8687665824216     
   38.220075002195813        2768.7996728353860       -15.454725495412738       -5.2312316386111535       -4.0988244544884802        1265.0454310562022     
   38.220075002206698        3179.0073715662379       -6.1607720064291023       -12.734980909807291       -9.0377666635395535        1279.9734905261284     
   38.220075002239724        3649.9888264322171        4.1043886528926086        18.288054482750010        11.310737516036252        1278.7818282500411     
   38.220075002253928        4190.7478894928645        15.329309366978798        4.6042727758629436        2.3160928775081362        1263.3605209351547     
   38.220075002252145        4811.6223661014274        27.488321236180258        2.3622263973178486       0.83136952536585551        1235.5293241180980     
   38.220075002309002        5524.4816449229729        40.540561283574398        1.4320597510047297       0.20787258676494180        1197.1584214368913     
   38.220075002343648        6342.9536075171172        54.431368197104980       0.91702801068899809      -0.14287090487000143        1150.1982002315551     
   38.220075002335527        7282.6851554559489        69.095592437647497       0.58635879479032127      -0.37219212905451859        1096.6343271868368     
   38.220075002389912        8361.6413354702345        84.462162710335875       0.35404017636465968      -0.53640064455470249        1038.4114753530043     
   38.220075002414504        9600.4487809843595        100.45896780799283       0.18077976948629604      -0.66116856965094017        977.32785583190434     
   38.220075002483377        11022.790035902392        117.01731607697204        4.6135423093260908E-002 -0.75981686496374778        914.98140138571307     
   38.220075002597277        12655.856298758799        134.07583631203312       -6.1585103076559733E-002 -0.83995620625378087        852.71965981880044     
   38.220075002628882        14530.867242576067        151.58332239596800      -0.14956803710032196      -0.90626924043485324        791.62763948971860     
   38.220075002662064        16683.667848068621        169.50069112370014      -0.22249358459300095      -0.96181833597211319        732.53750398294312     
   38.220075002775232        19155.413659667807        187.80221349155417      -0.28355596874262790       -1.0087081686908657        676.05438697739100     
   38.220075002689825        21993.357564569302        206.47629114505790      -0.33501680148519164       -1.0484413927965446        622.59044085140681     
   38.220075002671493        25251.753136623996        225.52593942106893      -0.37852947380870283       -1.0821275661543450        572.39759169117042     
   38.220075002654781        28992.891812947433        244.96842096680260      -0.41537601537126745       -1.1106497122362828        525.58455340662897     
   38.220075002658206        33288.293732705897        264.83155958793242      -0.44672295680738350       -1.1348765160962904        482.10324205792705     
   38.220075002761021        38220.075002761070        285.14258631612495      -0.47351481522045513       -1.1555286800079752        441.83198978086364     
   38.220075002824551        43882.517528375553        305.97594469356102      -0.49548054429197097       -1.1721523062827250        404.94619928060138     
   38.220075003015225        50383.871420856187        327.37919839157161      -0.51420413208741755       -1.1861969393921523        370.97153275138749     
   38.220075003094429        57848.424437009198        349.42244287582338      -0.52973811187896258       -1.1976048047918311        339.84280024069869     
   38.220075002996033        66418.878015069888        372.18702442210565      -0.54241482065350155       -1.2066189543806249        311.38251213374377     
   38.220075003069134        76259.075328908046        395.76643615527547      -0.55250436450731444       -1.2134362642513570        285.40954004340358     
   38.220075002856383        87557.133510401967        420.26758982616661      -0.56022459479838815       -1.2182137445189807        261.74434653377403     
   38.220075002862579        100529.03992787038        445.81380250670304      -0.56571216769683919       -1.2210366663615608        240.21943900094999     
   38.220075002797309        115422.78125859199        472.55153736559822      -0.56893087660798503       -1.2218243097850723        220.69621357289009     
   38.220075002811136        132523.08430534284        500.64981078774736      -0.56963606051684113       -1.2202930217948169        203.06157424065981     
   38.220075003063037        152156.85917811893        530.21767012372993      -0.56784186569353934       -1.2164285258213683        187.12968702277695     
   38.220075003673657        174699.44890373951        561.05418522832758      -0.56459060728986610       -1.2112693540646626        172.50970987100871     
   38.220075002749631        200581.80492748882        593.11729038560077      -0.55400835540211024       -1.1989236107718788        159.73310833798772     
   38.220075003573996        230298.72573884489        627.58492358951275      -0.44997981996876446       -1.0931892924184030        157.77483467416567     
   38.220075003103574        264418.31597991765        709.21223857542111       0.49483297575594132      -0.14447651750215695        251.54454986493460     
   38.220075002751756        303592.84707965498        1100.2806210015192        4.4603001785866612        3.8325383331839964        886.77873022268409     
   38.220075002618678        348571.22683384153        3322.7834623857011        8.7951072014254397        8.1814205585079893        3904.0919942562950     
   38.220075002958012        400213.31644243986        15536.656329759704        9.3105766270586976        8.7027488497627488        16650.993417699807     
   38.220075003011935        459506.36864531366        122372.33594640145        8.4906000895739862        7.8851215959518495        105844.25208392793     
   38.220075003005583        527583.90126091079        1137990.9421072940        7.4509506038185904        6.8455642101189280        771560.29095747683     
   38.220075003009761        605747.36687623488        3807661.2214718084        6.3913334691432135        5.7858875917400789        1993932.8203212093     
   48.116223662055091        695.49103299240596       -61.746924354346000       -1.0985926629806708       -1.1872009004148643       -146.61383678100151     
   48.116223662060939        798.53054824893604       -61.054702803789283       -1.1291359390613274       -1.2169387378849406       -9.4533456934639162     
   48.116223662047680        916.83574084765462       -60.056249433967523       -1.1778754582318203       -1.2621929373664216        161.99564782207756     
   48.116223662090576        1052.6682761729508       -58.598625228577511       -1.2499278116782835       -1.3265334223549250        361.64241943531289     
   48.116223662193278        1208.6248935254341       -56.514599427392419       -1.3503561722443838       -1.4129375631723926        577.05759632802938     
   48.116223662288789        1387.6870485352663       -53.642626393410204       -1.4852537547535165       -1.5246138300369427        792.75066682943600     
   48.116223662347345        1593.2779102820255       -49.844619242738140       -1.6643712414790111       -1.6670119393447711        994.10444772120582     
   48.116223662447396        1829.3278027450970       -45.015898943795634       -1.9063726339333460       -1.8516530317776192        1170.3669054756288     
   48.116223662437164        2100.3493416262718       -39.085358111995980       -2.2502628342991251       -2.1040783524040787        1315.8195234812636     
   48.116223662529350        2411.5237030014182       -32.008085018210146       -2.7859105474095620       -2.4845959676084250        1429.2174117851134     
   48.116223662657326        2768.7996729340161       -23.755263233832974       -3.7620759208646497       -3.1613027928938218        1512.2597846447757     
   48.116223662813582        3179.0073716888992       -14.306129355349574       -6.1854618978890468       -4.8149569194243709        1567.9632996938635     
   48.116223662957601        3649.9888265808222       -3.6447086697632862       -23.730105162502994       -16.689772985368968        1599.5095886967081     
   48.116223663096250        4190.7478896740040        8.2386116635292126        10.111256742702436        6.1738142821586708        1609.7203110635567     
   48.116223663090068        4811.6223663090086        21.342562792388229        3.6928741613464879        1.8212182929561660        1600.7794736035021     
   48.116223663055713        5524.4816451491461        35.650130819612521        2.0473982173194982       0.69610197925640849        1575.5932965247616     
   48.116223662990976        6342.9536077625153        51.125370369450167        1.2841606528650078       0.16719494179522321        1535.6500233485772     
   48.116223663078486        7282.6851557524960        67.713137962371277       0.83813290161911547      -0.14706836824206326        1483.4830827278347     
   48.116223663123463        8361.6413358066347        85.341681596819839       0.54201278160507549      -0.35968101075927461        1421.4992437220731     
   48.116223663166558        9600.4487813730193        103.92740739799920       0.32891824530732339      -0.51572588178018774        1352.1331372337518     
   48.116223663179262        11022.790036331680        123.38104472708842       0.16702319969430901      -0.63658080804082540        1277.7497890391001     
   48.116223663162351        12655.856299209525        143.61349244644228        3.9263316324595232E-002 -0.73367836954930854        1200.4957131265301     
   48.116223663263085        14530.867243111978        164.54148782967778       -6.4283978825859678E-002 -0.81364026423228886        1122.2618208139525     
   48.116223663358554        16683.667848702546        186.09206222702690      -0.14980934400194656      -0.88059766688330354        1044.6193200950042     
   48.116223663463238        19155.413660380607        208.20581940663462      -0.22139244323428708      -0.93728172085946226        968.81609506444272     
   48.116223663419014        21993.357565416638        230.83915951083239      -0.28184884341848382      -0.98559045065139739        895.79581787933898     
   48.116223663524906        25251.753137664546        253.96575137297424      -0.33319361005886849       -1.0268946864971411        826.23454432768824     
   48.116223663601176        28992.891814200786        277.57761985706219      -0.37690784453891457       -1.0622110784962506        760.58408367761319     
   48.116223663651368        33288.293734176681        301.68582216878053      -0.41411700932011808       -1.0923225376380770        699.10645602481122     
   48.116223663553590        38220.075004269282        326.31899840452297      -0.44577869349871591       -1.1179293028164405        641.87504554899954     
   48.116223663661685        43882.517530132849        351.51453857837834      -0.47295591643769019       -1.1398990739527846        588.72880394710535     
   48.116223663489421        50383.871422442076        377.31695864606922      -0.49552456878176787       -1.1579569684550470        539.82909594840226     
   48.116223663640795        57848.424438892172        403.82679581757827      -0.51466354854663909       -1.1731571208746414        494.79174446988901     
   48.116223663645826        66418.878017409763        431.10866716261285      -0.53057827985807327       -1.1856123275292267        453.46826344760530     
   48.116223663736221        76259.075331591986        459.25856066289094      -0.54358584562238033       -1.1955622749188224        415.64499277072696     
   48.116223663952731        87557.133514364919        488.38831506102071      -0.55393795288876957       -1.2031951765621975        381.09995703936863     
   48.116223663823362        100529.03993213388        518.62722826321158      -0.56184018955515125       -1.2086638907856517        349.60766987480559     
   48.116223663873726        115422.78126380507        550.12427267796284      -0.56745761090780311       -1.2120891138529348        320.94557635216472     
   48.116223663615358        132523.08431056872        583.05227904131220      -0.57088112891455067       -1.2135238397141250        294.90710585083281     
   48.116223663923151        152156.85918408952        617.60929604063381      -0.57207557579364599       -1.2129000144230360        271.31080349978708     
   48.116223663580328        174699.44890655892        653.96019172989895      -0.57108999009223504       -1.2102403994304236        249.93513231824215     
   48.116223664045634        200581.80493751506        691.92515283931289      -0.56909161123068808       -1.2067039556653323        230.27053449827190     
   48.116223663619472        230298.72574334950        730.66944960288743      -0.56789994552664036       -1.2041257995266705        211.65179736746336     
   48.116223663652640        264418.31598852639        771.10879384623627      -0.54909284656816748       -1.1840261915217773        196.91035359623152     
   48.116223664483940        303592.84709757881        821.62603084916077      -0.32263460868303862      -0.95607439040269349        211.93463348256284     
   48.116223664743281        348571.22685751331        982.51711594006690        1.3507107873835467       0.72153407985762508        446.81368529369149     
   48.116223664370501        400213.31646296481        1863.1382990308102        6.2255897241013276        5.6071615694111827        1826.3116739546895     
   48.116223663895752        459506.36866369733        6730.5838680820298        9.2765480802780687        8.6666974793779357        7887.4062943366298     
   48.116223664479215        527583.90128850332        36102.080613184422        9.0779886910320915        8.4717346347628695        36176.453974131393     
   48.116223664492409        605747.36690801522        339829.83012517123        8.1609709093688725        7.5556631899028890        271797.26396332454     
   60.574736690910711        695.49103302889171       -64.050203089151054       -1.0689814928429868       -1.1475521232764765       -272.65530810989162     
   60.574736690886752        798.53054829041434       -63.609116489018731       -1.0826124028142852       -1.1622949339121318       -178.11325683997757     
   60.574736690924851        916.83574089610738       -63.016821850201225       -1.1080355189838782       -1.1875711647052338       -46.920036878751375     
   60.574736690998193        1052.6682762289181       -62.150791896168222       -1.1513315002343045       -1.2284013749035900        127.76767728767817     
   60.574736691020561        1208.6248935875597       -60.844669960822308       -1.2190630899814761       -1.2897857348691084        344.52051216837782     
   60.574736691064913        1387.6870486048574       -58.900439605411442       -1.3180063531716240       -1.3763073180829808        592.77583713633555     
   60.574736691140487        1593.2779103619757       -56.110283101695359       -1.4559758341810021       -1.4926833125823777        855.25068266238873     
   60.574736691133495        1829.3278028328773       -52.281326222962655       -1.6445481201003997       -1.6458299168122625        1112.5114227971092     
   60.574736691207008        2100.3493417300529       -47.254970651160001       -1.9051802378688962       -1.8493975549080521        1347.6602376252547     
   60.574736691295676        2411.5237031194843       -40.915073004898730       -2.2833343762031619       -2.1338672262069807        1549.3585006183937     
   60.574736691305318        2768.7996730626505       -33.184355252245531       -2.8880815311672103       -2.5742586835400143        1712.4939085644828     
   60.574736691298696        3179.0073718259200       -24.013261619923224       -4.0427657287494991       -3.3948651924628286        1836.9497464785718     
   60.574736691349052        3649.9888267302517       -13.367643623297145       -7.2595315433057248       -5.6461980556668641        1925.5447602586355     
   60.574736691372266        4190.7478898351028       -1.2206053846357845       -78.378503945754289       -55.066747429480557        1982.1489344134670     
   60.574736691458305        4811.6223665014286        12.449216968364206        7.4619866358818072        4.5512550750418175        2010.5137761939000     
   60.574736691606525        5524.4816453875346        27.653864593351269        3.2048721572896515        1.5804191494739777        2013.8585554532233     
   60.574736691629930        6342.9536080472062        44.389624756156529        1.8638104782354019       0.63570854605815641        1994.9587846410741     
   60.574736691724695        7282.6851560775140        62.631192479185060        1.1986558718577442       0.16076418521933356        1956.4191558377124     
   60.574736691757330        8361.6413361764935        82.328593576656559       0.79580712934765607      -0.13177609511861343        1900.9122214091151     
   60.574736691718769        9600.4487817829631        103.40800159384608       0.52202627966687531      -0.33441958428084606        1831.2774018193970     
   60.574736691700586        11022.790036796141        125.77596963359493       0.32152220536905651      -0.48581930590020506        1750.4834464443240     
   60.574736691762098        12655.856299760098        149.32609122685847       0.16697899927882220      -0.60482361670473406        1661.5160923588674     
   60.574736691835433        14530.867243731289        173.94695991229136        4.3505460365521609E-002 -0.70165988174070026        1567.2121138960506     
   60.574736691943535        16683.667849410282        199.52932335145948       -5.7667554927028464E-002 -0.78231948832707654        1470.1460119484941     
   60.574736691978153        19155.413661162471        225.97298630751212      -0.14205006938065123      -0.85055751471663499        1372.5362085515969     
   60.574736691998886        21993.357566342082        253.19194763710777      -0.21329567893461010      -0.90886716864365169        1276.2058273013445     
   60.574736691989514        25251.753138667620        281.11816844727036      -0.27394242118273160      -0.95899092018174326        1182.5837989874494     
   60.574736691927029        28992.891815276598        309.70417149096562      -0.32582119140197796       -1.0021978949791728        1092.7367900777151     
   60.574736692017510        33288.293735426880        338.92496241258817      -0.37028747630507020       -1.0394369067775804        1007.4193604866425     
   60.574736691971019        38220.075005753031        368.77969490490528      -0.40836289673176673       -1.0714287611920312        927.12625231049924     
   60.574736692048113        43882.517531793688        399.29239065709800      -0.44086271550016787       -1.0987620131343006        852.11929532697764     
   60.574736692056931        50383.871424536701        430.50731117375528      -0.46860703750596755       -1.1220835541171441        782.38949377413621     
   60.574736691968958        57848.424441031108        462.46891261280439      -0.49274729091049885       -1.1424122153651870        717.56378388103485     
   60.574736691903873        66418.878019787284        495.26621912560478      -0.51197148661202174       -1.1583288871911230        658.36868580632995     
   60.574736692111514        76259.075334439884        529.01730785567634      -0.52847854390303350       -1.1719465484950198        603.73363404613235     
   60.574736692160016        87557.133517310867        563.81699738928046      -0.54199881347714296       -1.1829291619393378        553.66102729258557     
   60.574736691929814        100529.03993540452        599.79859054621170      -0.55277084490946293       -1.1914594724179142        507.88395157071488     
   60.574736691772365        115422.78126713943        637.11846870824047      -0.56098119918512190       -1.1976777361166659        466.12699395495895     
   60.574736691651836        132523.08431484501        675.95888632749507      -0.56678385386466790       -1.2016990735329380        428.11057602056189     
   60.574736691579339        152156.85918784395        716.53148567619519      -0.57030437256393118       -1.2036160181829503        393.55859252997823     
   60.574736691841167        174699.44891286938        759.07980518211377      -0.57161799426988558       -1.2034753830234179        362.20950031545721     
   60.574736691387244        200581.80494131753        803.84557654949595      -0.57082382272032284       -1.2013523591414932        333.78461040858861     
   60.574736691047583        230298.72574846368        850.80294987520131      -0.56877216930112628       -1.1980832512242732        307.74694338227874     
   60.574736691491537        264418.31599615392        898.86659509355741      -0.56860047671515024       -1.1968163085378700        282.87526837925850     
   60.574736690899122        303592.84709812218        946.62710618023584      -0.57030011421605620       -1.1975540423802515        258.87127001949250     
   60.574736691464437        348571.22685951146        998.69707663320662      -0.52760542345657668       -1.1539141284077299        245.03313072544020     
   60.574736689683547        400213.31645659340        1080.8794775240046       -6.0880846567338276E-002 -0.68579648123020087        306.98995753101514     
   60.574736689191958        459506.36865718669        1424.8896796606300        2.6553325837657464        2.0348821210763601        861.42224878726586     
   60.574736689746757        527583.90127946273        3399.8887843842722        7.7229092544882505        7.1106870889510354        3763.5502727608464     
   60.574736689737989        605747.36689738138        14105.665140725589       -3.9568286947158606       -4.5644410926735555       -2885.1866737092982     
   76.259075331426331        695.49103301519608       -66.082961297256745       -1.0537261781091987       -1.1216298569357970       -348.74736280780775     
   76.259075331542803        798.53054827622509       -65.755826818337908       -1.0585264753086576       -1.1281971955686909       -288.74377825505115     
   76.259075331582949        916.83574087972193       -65.377130806510820       -1.0686059311175944       -1.1396314095078028       -206.27763099670477     
   76.259075331580846        1052.6682762088014       -64.880584873606452       -1.0887668894354068       -1.1601931347365526       -86.361564438116659     
   76.259075331684116        1208.6248935656531       -64.151605164869224       -1.1255912618935382       -1.1955084116544468        83.843380336144151     
   76.259075331780636        1387.6870485804457       -63.019529871211027       -1.1868995484336506       -1.2518890623790722        309.65558966853888     
   76.259075331895204        1593.2779103343530       -61.262743621254700       -1.2812619548455189       -1.3356844377921269        585.34948798384892     
   76.259075331918751        1829.3278028019381       -58.628366653189694       -1.4184698708955450       -1.4534652202528595        894.45858696937989     
   76.259075331944445        2100.3493416926890       -54.861662660557833       -1.6121301171059144       -1.6139422963414287        1213.8913610104967     
   76.259075331970124        2411.5237030738667       -49.735539439858030       -1.8863545942838187       -1.8329844105915460        1519.9487254559840     
   76.259075331966230        2768.7996730096925       -43.070335900811592       -2.2922015030139526       -2.1456514942163984        1793.6555463124723     
   76.259075332035849        3179.0073717683654       -34.738667581972038       -2.9557527410494320       -2.6407238647487175        2023.5629758601688     
   76.259075332177957        3649.9888266679377       -24.656803878308526       -4.2720429439848351       -3.5990418864224631        2205.6657274347899     
   76.259075332316385        4190.7478897695592       -12.769232953197317       -8.3401685967052153       -6.5161127610329546        2341.3524068592233     
   76.259075332290877        4811.6223664177287       0.96559911972951473        109.84750906227329        77.681697022641359        2434.7824139874933     
   76.259075332371523        5524.4816452837595        16.582790916657572        6.2703961543158897        3.8632231614077011        2490.7865889708582     
   76.259075332393223        6342.9536079274112        34.110311301062843        2.9358267236120770        1.4733201408437235        2513.7447601067688     
   76.259075332579783        7282.6851559463930        53.562375952294062        1.7626841148441508       0.62419896797281060        2507.3334654392138     
   76.259075332743663        8361.6413360394126        74.930875269808226        1.1559773487531202       0.17907116375327403        2474.7699189876698     
   76.259075332835138        9600.4487816432011        98.178688585028510       0.77992215177885393      -0.10147394447745939        2419.1722701920280     
   76.259075332880414        11022.790036645521        123.23711711747187       0.52029220681106869      -0.29885603074781619        2343.8207699652421     
   76.259075333042588        12655.856299601230        150.00830589252459       0.32777246111659530      -0.44815831231754211        2252.2246492993709     
   76.259075333195852        14530.867243560495        178.37163124759522       0.17775710104140385      -0.56681143254220168        2148.0332619604424     
   76.259075333249626        16683.667849196176        208.19283413348836        5.6720450881585505E-002 -0.66433053385245144        2034.8870903696204     
   76.259075333264605        19155.413660909460        239.33385377550889       -4.3377736184679216E-002 -0.74633969199681072        1916.1826760169035     
   76.259075333328383        21993.357566062459        271.66179782554696      -0.12758088800109035      -0.81634209452522510        1794.9735290711023     
   76.259075333402123        25251.753138374890        305.05706400927346      -0.19923928083429754      -0.87666215273889803        1673.8536691070756     
   76.259075333400375        28992.891814969742        339.41931633802221      -0.26068391022300275      -0.92892356410846777        1554.9277637975219     
   76.259075333485214        33288.293735061874        374.67186335342524      -0.31360331639570216      -0.97431337454848022        1439.8255209901818     
   76.259075333465915        38220.075005353610        410.76487056135591      -0.35925608872572901       -1.0137261661050490        1329.7505785550643     
   76.259075333474115        43882.517531283964        447.67814062363993      -0.39859223593224502       -1.0478423524216027        1225.5468101278816     
   76.259075333429323        50383.871423914534        485.42373125242693      -0.43233994122542319       -1.0771867811191496        1127.7547941488606     
   76.259075333416561        57848.424440391093        524.04585372673444      -0.46113958376165132       -1.1022441120783109        1036.6086364840262     
   76.259075333519689        66418.878019213633        563.60791288076268      -0.48583500798476953       -1.1237379349413601        951.91804788505340     
   76.259075333538547        76259.075333538698        604.14987833388511      -0.50715892989152711       -1.1423086856519398        873.34562818618110     
   76.259075333550896        87557.133516220245        645.88083482665593      -0.52375881910524835       -1.1565233774632997        801.84177532662159     
   76.259075333792026        100529.03993485222        688.88517009401176      -0.53794853988388147       -1.1686378975076528        735.83192148980379     
   76.259075333911440        115422.78126698607        733.32112694458601      -0.54927699460357404       -1.1781515306301826        675.41422257579688     
   76.259075334090852        132523.08431524440        779.37707738330323      -0.55791450913515639       -1.1851935380719369        620.25907049329828     
   76.259075334402937        152156.85918910729        827.27602629332569      -0.56399126058536719       -1.1898597293928503        570.02687187736785     
   76.259075334693975        174699.44891423147        877.28025914897830      -0.56761936632381471       -1.1922331408187909        524.37124952106774     
   76.259075334496274        200581.80494386458        929.69543452303731      -0.56890255247512345       -1.1923926092019694        482.94579076116827     
   76.259075334881317        230298.72575384221        984.85562237371039      -0.56796906594947005       -1.1904450378095899        445.39285476683222     
   76.259075334761150        264418.31599997467        1042.9440530479949      -0.56537233797678177       -1.1869274950557289        411.16663853025102     
   76.259075334496515        303592.84710442449        1103.1182830616683      -0.56375768906137580       -1.1844828281916322        378.87519219873820     
   76.259075334048461        348571.22686144646        1162.3786888039431      -0.56840238516564190       -1.1884077053453939        346.25771415025537     
   76.259075333722677        400213.31646887155        1220.7586631580893      -0.57063037875866129       -1.1900060212162222        315.98634027867200     
   76.259075334262889        459506.36867826810        1283.0157832402188      -0.48092360997810923       -1.0996963942683124        308.15649151124956     
   76.259075332668203        527583.90128780273        1441.5700016441199       0.43495741574753199      -0.18243794109329514        491.97273032667920     
   76.259075332934557        605747.36690916051        2209.0535589178885        4.3489390599595481        3.7354953923429690        1743.4591113620550     
   96.004487816460241        695.49103302824972       -67.933733727903828       -1.0444389133167260       -1.1021102861260752       -394.50415452864962     
   96.004487816331675        798.53054828892368       -67.657171844969753       -1.0462625481789622       -1.1057537686986545       -349.57160291032142     
   96.004487816221868        916.83574089277067       -67.369072934348267       -1.0495672671596810       -1.1108055095532194       -298.34203530897759     
   96.004487816235155        1052.6682762239579       -67.046836675764894       -1.0566658985268040       -1.1193938408678343       -228.86035574134917     
   96.004487816410474        1208.6248935836256       -66.638327349897580       -1.0718450870880680       -1.1353868541581731       -124.22932610910811     
   96.004487816434334        1387.6870485996694       -66.043209159353452       -1.1017062571653600       -1.1645736654056527        33.826355154671376     
   96.004487816535146        1593.2779103557043       -65.096757588284277       -1.1549297687329825       -1.2142489578867108        258.68347944367611     
   96.004487816541868        1829.3278028260161       -63.564858737475191       -1.2417436123837449       -1.2924819637797516        552.54510923071928     
   96.004487816652258        2100.3493417220411       -61.156529978458501       -1.3740329081317797       -1.4079205481711585        903.47174910854608     
   96.004487816733075        2411.5237031087854       -57.553411299838707       -1.5675776757249298       -1.5713596534169727        1287.4596791279403     
   96.004487816704398        2768.7996730490991       -52.447768805242326       -1.8488966679831549       -1.8009061554677150        1674.6808994067285     
   96.004487816827293        3179.0073718147778       -45.576212866136395       -2.2732541714019430       -2.1354336272694541        2037.0287543709373     
   96.004487816908863        3649.9888267175256       -36.738228780676678       -2.9791910160131971       -2.6747016678113384        2353.8804817685536     
   96.004487816897637        4190.7478898183963       -25.795704360709280       -4.4176668452066528       -3.7467979714891153        2614.3424089549540     
   96.004487816953429        4811.6223664782074       -12.657888916750789       -9.2251413751196409       -7.2750005484208415        2816.1342934969334     
   96.004487816967938        5524.4816453481908        2.7386867701261335        42.978578876529383        30.799128332610611        2962.5801569732516     
   96.004487817048229        6342.9536080048874        20.445841068535138        5.7060494078766135        3.5859559457365640        3059.4159845552867     
   96.004487817152381        7282.6851560254336        40.509534144505125        2.8034434849344443        1.4534403059657413        3112.5429530638467     
   96.004487817338031        8361.6413361283612        62.965761882418455        1.7195856393264717       0.64907028321429494        3127.0316212961384     
   96.004487817367320        9600.4487817367408        87.830412382406848        1.1442680961989371       0.21612148062194958        3106.1562588710117     
   96.004487817533217        11022.790036765426        115.08847161014202       0.78450466030797283       -5.8603990297010244E-002   3056.4674939832166     
   96.004487817552118        12655.856299714473        144.68653386507674       0.53301287795052099      -0.25437888911768236        2978.9357503818492     
   96.004487817675439        14530.867243679977        176.53148325596584       0.34503336775338189      -0.40359266733432064        2878.5246866727607     
   96.004487817836463        16683.667849349578        210.49506552404816       0.19744029868319335      -0.52305855750797781        2759.5572702457293     
   96.004487818018291        19155.413661118106        246.42305401193497        7.7431245684984384E-002 -0.62201796362331796        2626.4931015291586     
   96.004487818236441        21993.357566333594        284.14767169904991       -2.2551587721110988E-002 -0.70586680470220875        2483.7496078079530     
   96.004487818521298        25251.753138736713        323.49904612616820      -0.10729755796781959      -0.77800748855359991        2335.3560804995445     
   96.004487818622536        28992.891815416409        364.31689411924395      -0.17993833803589043      -0.84064295923633126        2184.9149186730479     
   96.004487818737687        33288.293735577608        406.45973622081493      -0.24265164146642992      -0.89530786350971958        2035.4417131540042     
   96.004487818862401        38220.075006005078        449.81193818599678      -0.29701381706602381      -0.94312121050988784        1889.3545192953370     
   96.004487818877379        43882.517532034071        494.28896190175936      -0.34420458608901827      -0.98493022733325819        1748.5068995726110     
   96.004487818855736        50383.871424794008        539.84168260308456      -0.38511991279092694       -1.0213845361474831        1614.2589473694852     
   96.004487818795113        57848.424441374016        586.46077255719786      -0.42043662376432722       -1.0529753777952839        1487.5602508705547     
   96.004487818682975        66418.878020174787        634.18058523729985      -0.45068616896399716       -1.0800922154311272        1368.9949785555993     
   96.004487818648457        76259.075334595953        683.07529821794833      -0.47644811141278276       -1.1032046924355448        1258.7000388145470     
   96.004487818711084        87557.133517477079        733.22600628033774      -0.49877063380552389       -1.1232755855158338        1156.1060934985780     
   96.004487818890595        100529.03993616538        784.71662872349827      -0.51662830823718497       -1.1392120381129818        1062.0937301949357     
   96.004487818877024        115422.78126829671        837.83132570243436      -0.53162697937212300       -1.1525622260196731        975.48121868732233     
   96.004487818966069        132523.08431656036        892.68998098998236      -0.54363017948911230       -1.1631468455855867        896.09878070860452     
   96.004487818767956        152156.85918968153        949.51844714092067      -0.55279972804402644       -1.1710909998976300        823.55828041966754     
   96.004487818498887        174699.44891373446        1008.5883057993078      -0.55924221187298029       -1.1764706861246934        757.45692786187988     
   96.004487818382970        200581.80494357168        1070.2243957459229      -0.56303748540011056       -1.1793400210733946        697.37742012562887     
   96.004487818016273        230298.72575146356        1134.8118370843069      -0.56426751771742312       -1.1797591024192871        642.88820763696117     
   96.004487818498802        264418.31599898927        1202.7939300325313      -0.56305055919252911       -1.1778274074775701        593.53845239351108     
   96.004487818187386        303592.84710336191        1274.5731737803355      -0.55974148420966641       -1.1738839055238921        548.75037352909010     
   96.004487818494781        348571.22686339048        1349.8222464909704      -0.55609263124728225       -1.1696701789178507        507.19990171129956     
   96.004487818555575        400213.31647306681        1425.2595172042395      -0.55803277357078196       -1.1711172936502561        465.52432554023829     
   96.004487818858038        459506.36868127738        1495.9058308420142      -0.57010015324960395       -1.1827704919066937        421.58600909818205     
   96.004487818791674        527583.90130192589        1568.6285546331171      -0.56430980421241062       -1.1766031175540030        386.52779006119084     
   96.004487819689032        605747.36692892213        1662.6458368043166      -0.35086356069148839      -0.96273736079334304        412.90882420071745     
   120.86248936236647        695.49103305092854       -69.621010768586544       -1.0370784598083249       -1.0853884945653167       -428.14752101096531     
   120.86248936229926        798.53054831558779       -69.380570235726765       -1.0382505347570408       -1.0882410135491187       -385.77611112453860     
   120.86248936226067        916.83574092414096       -69.137526783212664       -1.0396561409320155       -1.0913415133764646       -345.18142617704774     
   120.86248936216130        1052.6682762589649       -68.887756315837407       -1.0419215285022172       -1.0952773029902441       -301.45539638758510     
   120.86248936213367        1208.6248936213353       -68.616904497435570       -1.0467052328301616       -1.1015892054024365       -244.43009018553153     
   120.86248936213428        1387.6870486426283       -68.287053412766554       -1.0575264915799880       -1.1134962647445321       -157.19392651119597     
   120.86248936209432        1593.2779104028280       -67.816291357248190       -1.0805112451814316       -1.1364777051743373       -17.698778884345074     
   120.86248936193628        1829.3278028776008       -67.055508519833552       -1.1246312207489193       -1.1783011959245613        195.48434207161228     
   120.86248936195601        2100.3493417791960       -65.771771012597284       -1.2013813282289492       -1.2484563991908852        494.92259252090565     
   120.86248936206273        2411.5237031745078       -63.648834807724974       -1.3246445860228930       -1.3576894137190616        877.49189945737442     
   120.86248936200386        2768.7996731240364       -60.310314845173053       -1.5124101347648167       -1.5190720876593033        1322.6832289235590     
   120.86248936198352        3179.0073718962130       -55.361423601913209       -1.7932857860292395       -1.7529080350223416        1797.1776450986899     
   120.86248936197143        3649.9888268075597       -48.436210557304442       -2.2250280660438690       -2.1008258889094584        2263.6068508675498     
   120.86248936190317        4190.7478899198923       -39.234203565412663       -2.9523284266920138       -2.6692520195350173        2689.5910892885022     
   120.86248936191791        4811.6223665925309       -27.535225480580710       -4.4548016587976358       -3.8147545572374684        3053.5860074082238     
   120.86248936196887        5524.4816454809470       -13.191180136679629       -9.6787061891075368       -7.7347532409993915        3346.1456114108773     
   120.86248936198248        6342.9536081527222        3.8968223622585483        33.490752869813491        24.454881152182928        3567.4640879329581     
   120.86248936199473        7282.6851561880057        23.803260020442721        5.5032753796533251        3.5554163114218644        3723.2843967223289     
   120.86248936205945        8361.6413363033280        46.594216283977318        2.7695840746640665        1.5002495798618467        3821.1648486670524     
   120.86248936210622        9600.4487819384176        72.330048394541805        1.7219009805724537       0.70452238314501470        3868.1817348606837     
   120.86248936225988        11022.790036991946        101.05660205532602        1.1607212022872302       0.27276170354788842        3870.1560462061152     
   120.86248936236021        12655.856299982566        132.79084619051162       0.80603257204974610       -4.3489886794071397E-003   3831.8970849996122     
   120.86248936250406        14530.867243986420        167.50766719854951       0.55781370402546981      -0.20168906272495535        3757.8128644472326     
   120.86248936253614        16683.667849677866        205.13209924767193       0.37156960738941858      -0.35256759476680111        3652.4554235148971     
   120.86248936260012        19155.413661468894        245.53982168079088       0.22469120583985469      -0.47385509710076612        3520.7681782851123     
   120.86248936276763        21993.357566716859        288.56473000035845       0.10463553913670176      -0.57484244121862293        3368.0424175016656     
   120.86248936288882        25251.753139127155        334.01176910422851        4.0027589487188209E-003 -0.66094641621540384        3199.7176995502091     
   120.86248936299071        28992.891815858566        381.67292444126770       -8.1834849659985998E-002 -0.73551663295499903        3021.0321388343109     
   120.86248936323069        33288.293736111445        431.34113877593188      -0.15589178196713094      -0.80070836876897811        2836.8063500616499     
   120.86248936336757        38220.075006611638        482.82471211899167      -0.22023860400771289      -0.85799516996922132        2651.2381456719777     
   120.86248936357308        43882.517532798258        535.95800304624674      -0.27636377459366368      -0.90843986481947170        2467.8137682370771     
   120.86248936352132        50383.871425661193        590.60981033912651      -0.32538026836784217      -0.95284563087374485        2289.3009304042175     
   120.86248936341747        57848.424442356511        646.69003716143084      -0.36813837084746337      -0.99183333385616002        2117.8076548751033     
   120.86248936338130        66418.878021360535        704.15608209533025      -0.40528194674004903       -1.0258743527410905        1954.8809004336224     
   120.86248936347508        76259.075336043985        763.02004685417046      -0.43728608999561891       -1.0553122709929261        1801.6001122561752     
   120.86248936347957        87557.133519085764        823.35345168076765      -0.46455688610716994       -1.0804516871346463        1658.5705031077073     
   120.86248936328673        100529.03993766401        885.27142772344735      -0.48774798027630217       -1.1018671283496131        1525.6672952609674     
   120.86248936343716        115422.78127017738        948.85582725519009      -0.50833763688466027       -1.1209749533348106        1401.5729157961784     
   120.86248936362327        132523.08431880077        1014.3351594754879      -0.52314878010353794       -1.1345476021760530        1289.5367686145844     
   120.86248936374113        152156.85919271625        1082.0258458212061      -0.53593086258468770       -1.1462937209618616        1185.7676571977147     
   120.86248936363266        174699.44891755164        1152.1262697520365      -0.54572138284746596       -1.1552182530819670        1090.8283354616426     
   120.86248936379276        200581.80494846226        1224.9653377016789      -0.55261047403914199       -1.1613839902209511        1004.2495056793213     
   120.86248936387445        230298.72575811396        1300.9430901023673      -0.55664285667430624       -1.1648128470131685        925.54308195792498     
   120.86248936394676        264418.31600545417        1380.5427573766106      -0.55785533576954005       -1.1655224597575011        854.19539734209229     
   120.86248936354993        303592.84711077256        1464.3384695616953      -0.55632145499724550       -1.1635700731706726        789.65809181064651     
   120.86248936328968        348571.22687003243        1552.9534706756942      -0.55226337114070922       -1.1591637617551338        731.28707930480050     
   120.86248936367407        400213.31648171204        1646.6276179809392      -0.54670371602076817       -1.1533134412768971        677.89113547750276     
   120.86248936336590        459506.36868858407        1742.9938974931208      -0.54414908264166817       -1.1505132464556185        625.97368410709601     
   120.86248936381914        527583.90131265810        1833.5634012349560      -0.55456601206037726       -1.1607177880305410        569.02005014999725     
   120.86248936457316        605747.36693936156        1916.2696716780431      -0.57333033060590566       -1.1792960527583383        510.66883603775653     
   152.15685919375318        695.49103306357983       -71.136956179764653       -1.0306408027615637       -1.0706173791204310       -456.38949758773026     
   152.15685919371438        798.53054833035378       -70.934350532178200       -1.0316422657205890       -1.0731095893538647       -413.05604624090955     
   152.15685919373010        916.83574094148196       -70.729524002665784       -1.0326674915133580       -1.0756574400797001       -373.49443297470367     
   152.15685919368619        1052.6682762794369       -70.522580629137593       -1.0338000694132738       -1.0783380958285997       -336.47538548918959     
   152.15685919351583        1208.6248936437635       -70.311724607205861       -1.0353867370842555       -1.0814777391549641       -298.75793991217739     
   152.15685919339671        1387.6870486672856       -70.088752608909360       -1.0385069019662563       -1.0860868799703847       -252.56897534306859     
   152.15685919338446        1593.2779104315368       -69.828348066918807       -1.0458055679625715       -1.0946119889510881       -182.75849996252515     
   152.15685919333802        1829.3278029123967       -69.468493285378273       -1.0625250428919149       -1.1118161959733384       -65.950355822463052     
   152.15685919337321        2100.3493418192902       -68.883113171147443       -1.0972798693061443       -1.1453304420499544        125.76078271515291     
   152.15685919333691        2411.5237032178370       -67.854578116947309       -1.1621988910475576       -1.2055134123485827        416.25294884911756     
   152.15685919325699        2768.7996731736798       -66.058916903107530       -1.2727934124156624       -1.3049571331699432        815.14934174770588     
   152.15685919310678        3179.0073719506076       -63.075648331930807       -1.4491308073155404       -1.4590358040213300        1311.0653430855714     
   152.15685919324318        3649.9888268736499       -58.425508874056710       -1.7215593040844310       -1.6901569844356639        1872.1444472571764     
   152.15685919324216        4190.7478899981124       -51.626830034347307       -2.1485853179291925       -2.0415509499382347        2453.9325118694715     
   152.15685919338785        4811.6223666863607       -42.251932799913043       -2.8741559178324065       -2.6212583063495658        3010.9783040412576     
   152.15685919333802        5524.4816455845394       -29.964362494332899       -4.3738938670503202       -3.7900962950639228        3507.1633618461146     
   152.15685919334913        6342.9536082714094       -14.526641325679970       -9.5604802588114914       -7.7659374443162115        3921.1282360095870     
   152.15685919343520        7282.6851563276596        4.2185422566363275        34.201037107815019        25.552164132316641        4246.0374226766198     
   152.15685919345680        8361.6413364603832        26.380373262081154        5.5692696433997266        3.7196493001041073        4485.4523336741850     
   152.15685919354860        9600.4487821208149        52.049053849137742        2.8177429546875445        1.6065988920161383        4648.0662482977850     
   152.15685919365936        11022.790037195376        81.310685484950056        1.7636970203616174       0.78873843769807550        4743.5013973247806     
   152.15685919372291        12655.856300210919        114.24495517732318        1.1991591298195483       0.34520551354482931        4780.0924559684609     
   152.15685919388073        14530.867244246379        150.91017281747784       0.84259472389481416        6.1003215485993190E-002   4764.4507782278661     
   152.15685919393152        16683.667849977483        191.32391913402012       0.59328748053953628      -0.14097745514289362        4702.0537111265994     
   152.15685919397328        19155.413661808016        235.44737191343526       0.40626508292307051      -0.29522520074899949        4598.0655520026130     
   152.15685919410961        21993.357567095445        283.17783332249701       0.25860414503799989      -0.41929052318528115        4457.9730859423216     
   152.15685919430484        25251.753139568911        334.35193807446603       0.13757869567482262      -0.52285325877139521        4287.7937085407693     
   152.15685919447230        28992.891816373234        388.75716006597656        3.5693474558922800E-002 -0.61154775440573872        4093.9463174432899     
   152.15685919460864        33288.293736666099        446.14959082643389       -5.1648021112891795E-002 -0.68876759700686641        3883.0011325987957     
   152.15685919485466        38220.075007266976        506.27339622075158      -0.12744695736306200      -0.75670234546294790        3661.1568875604507     
   152.15685919496227        43882.517533507125        568.87856683543191      -0.19370422859829595      -0.81678722063855957        3434.0891978461159     
   152.15685919515818        50383.871426561520        633.73793705871242      -0.25184319692141310      -0.87004132698240610        3206.6767423760548     
   152.15685919542659        57848.424443541975        700.65992563307861      -0.30291961738112427      -0.91722585183528826        2982.9315397477471     
   152.15685919566627        66418.878022846140        769.49882496458883      -0.34774132731787089      -0.95893065239273201        2766.0171120107107     
   152.15685919587540        76259.075337795322        840.16397126935556      -0.38692559060949050      -0.99560953564294286        2558.3422797882795     
   152.15685919599017        87557.133521159369        912.63002307843203      -0.42092071302143863       -1.0275868218554978        2361.6910031444995     
   152.15685919615916        100529.03994031688        986.94868049830336      -0.45004167692619412       -1.0550824462379245        2177.3027771204129     
   152.15685919631414        115422.78127319716        1063.2509795367137      -0.47464781928764710       -1.0783821525950008        2005.7201807474107     
   152.15685919642291        132523.08432215865        1141.6991869246253      -0.49566151265637493       -1.0983506000458196        1846.1932463369149     
   152.15685919641967        152156.85919641997        1222.3207793826889      -0.51391481634812797       -1.1157733870630751        1697.6762671755369     
   152.15685919672620        174699.44892231282        1305.7796759523392      -0.52622339894537729       -1.1274305114164729        1564.4594156358489     
   152.15685919673095        200581.80495366937        1392.2091226645389      -0.53670892700282824       -1.1374131743369194        1440.9034633352762     
   152.15685919668266        230298.72576386380        1482.0061393194101      -0.54410897651414825       -1.1444344232819172        1328.1153683230991     
   152.15685919679149        264418.31601208675        1575.6601310264653      -0.54843927851881791       -1.1484898045123879        1225.5371249572443     
   152.15685919679800        303592.84711939760        1673.7729967849732      -0.54968527243668674       -1.1495480821985171        1132.5797550547977     
   152.15685919665106        348571.22688034916        1777.0769274644169      -0.54785473262119899       -1.1476031215647495        1048.6033901603985     
   152.15685919653441        400213.31649197778        1886.4292585960902      -0.54306184995946039       -1.1427573142542224        972.87452730954556     
   152.15685919618909        459506.36870049941        2002.5907186343888      -0.53586384916664243       -1.1355566861576938        904.28497917780760     
   152.15685919668474        527583.90132607881        2124.6112737102962      -0.52902427055572132       -1.1287485370468302        839.80790845852505     
   152.15685919634271        605747.36694962974        2243.9989952504584      -0.53232395966357027       -1.1320773591704096        770.70774202732946     
   191.55413662095845        695.49103307503697       -72.473277643970121       -1.0250391036461370       -1.0577746137421880       -480.36012410630934     
   191.55413662086954        798.53054834334137       -72.312226662763749       -1.0259028512262143       -1.0599198183970666       -435.80856290012298     
   191.55413662075452        916.83574095574875       -72.148236441955120       -1.0267810854087689       -1.0621185334837153       -395.33320618686633     
   191.55413662072652        1052.6682762959670       -71.981975622730047       -1.0276751967061666       -1.0643689678210666       -358.46636354704617     
   191.55413662063401        1208.6248936635120       -71.813887565466388       -1.0286172745822564       -1.0666991382312867       -324.45962281209592     
   191.55413662059607        1387.6870486907715       -71.643488438836016       -1.0297774821186505       -1.0692687362205211       -291.35698502774113     
   191.55413662057717        1593.2779104584733       -71.466677780671830       -1.0317885592613707       -1.0726735444419688       -253.81977584074889     
   191.55413662051234        1829.3278029432634       -71.268091830274770       -1.0364596967693533       -1.0786024147892890       -199.67469047814336     
   191.55413662054909        2100.3493418546468       -71.004459520844279       -1.0479084513010846       -1.0908448538383986       -106.83810980062003     
   191.55413662049111        2411.5237032582772       -70.576696537392550       -1.0737891414512790       -1.1163050646585839        56.133634872823109     
   191.55413662037830        2768.7996732199349       -69.794591488253914       -1.1260668161655647       -1.1654727182008828        323.30265546683387     
   191.55413662037182        3179.0073720067467       -68.346180755117288       -1.2212148536320448       -1.2522257432936355        719.44693860453617     
   191.55413662025720        3649.9888269326502       -65.788425876874143       -1.3810106384079166       -1.3940184353533627        1248.1176306453619     
   191.55413662011611        4190.7478900627957       -61.571388270345658       -1.6371688685689731       -1.6152045253143181        1885.9470904392467     
   191.55413662005310        4811.6223667544364       -55.094963181158029       -2.0474603136825427       -1.9595824619388453        2586.6048487809403     
   191.55413662001729        5524.4816456634771       -45.781888937315436       -2.7489321166919387       -2.5320288119512346        3292.8049746557499     
   191.55413661997977        6342.9536083603380       -33.142071002410368       -4.1834363363019058       -3.6741089380183012        3950.9202360370155     
   191.55413662006123        7282.6851564287390       -16.806710420219702       -8.9199969650572513       -7.3802388582489318        4522.1845489389862     
   191.55413662001828        8361.6413365733770        3.4753939892539658        45.649438417763797        34.991176143469723        4987.0106495422042     
   191.55413662006859        9600.4487822472784        27.870488464585364        5.8925940628143376        4.0827401260488250        5342.6509277973128     
   191.55413662004312        11022.790037331088        56.502139336360479        2.9444920830508501        1.7740413403596693        5597.0740601302641     
   191.55413662013831        12655.856300367735        89.483711588317078        1.8435082346046401       0.90279764315685851        5762.4819604066706     
   191.55413662023287        14530.867244418534        126.92986851990780        1.2597688064164783       0.43525534516616560        5850.7654404846153     
   191.55413662041823        16683.667850185713        168.94684854811464       0.89349030999101609       0.13791785658313449        5871.5435699142417     
   191.55413662044765        19155.413662044783        215.60944187598338       0.63706092796909219       -7.3701414688448930E-002   5828.5299814121663     
   191.55413662043932        21993.357567346633        266.93619727135052       0.44847900089542181      -0.23144464964797129        5738.9176092179268     
   191.55413662041212        25251.753139821321        322.87054937479729       0.29858932715169306      -0.35929678437827461        5597.6819060595444     
   191.55413662047928        28992.891816641299        383.27523576876422       0.17574832547264796      -0.46598070141712900        5415.0525613126983     
   191.55413662049477        33288.293736946740        447.93895170335281        7.2122224514721278E-002 -0.55754662586684300        5198.2778774969847     
   191.55413662052240        38220.075007532912        516.59299738130039       -1.7077849528523537E-002 -0.63762817233697255        4955.0619511147024     
   191.55413662056012        43882.517533790065        588.93599634918701       -9.4839007765734062E-002 -0.70843022636751751        4693.2918499596126     
   191.55413662069921        50383.871426858110        664.65565455522346      -0.16320588102155464      -0.77145016785490972        4420.2087821952937     
   191.55413662070646        57848.424443782642        743.45299183161399      -0.22354602856834793      -0.82766330446476777        4142.4614063907920     
   191.55413662087443        66418.878023076089        825.06158392158341      -0.27686756237577781      -0.87779153542904098        3865.6906612872463     
   191.55413662106730        76259.075338031296        909.26320850988498      -0.32393678089166555      -0.92238945192861654        3594.5028991706949     
   191.55413662113395        87557.133521394731        995.90121562905699      -0.36534349645191144      -0.96188861704588813        3332.5245504371223     
   191.55413662157466        100529.03994070675        1084.8943542268332      -0.40152039206482271      -0.99660236787105061        3082.5423867016161     
   191.55413662182727        115422.78127367943        1176.2541268297116      -0.43274484320115092       -1.0267174712070792        2846.6596373021466     
   191.55413662236143        132523.08432298718        1270.1025011266252      -0.45920552597097242       -1.0523533347527589        2626.2951886802903     
   191.55413662247290        152156.85919746303        1366.6603218380621      -0.48133645018722715       -1.0738904975875905        2421.6878568746374     
   191.55413662250012        174699.44892318328        1466.1208554578814      -0.50062179331995005       -1.0927702032152882        2230.7145250873773     
   191.55413662268776        200581.80495485908        1568.6383489129453      -0.51450599188870128       -1.1064017407672311        2057.3523615398958     
   191.55413662271846        230298.72576533971        1675.1193297399316      -0.52575026145664228       -1.1175237770456432        1897.5866334143748     
   191.55413662247216        264418.31601325225        1785.7749280256710      -0.53370730339389916       -1.1254644897030257        1751.5756250121171     
   191.55413662235631        303592.84712053917        1901.2011528789249      -0.53837740179195948       -1.1302063563140021        1618.6888833036178     
   191.55413662207931        348571.22688149248        2022.1419064941047      -0.53969917756173702       -1.1316736587404037        1498.2725941532144     
   191.55413662200098        400213.31649343349        2149.5203244676168      -0.53760672249094155       -1.1297889287678626        1389.6126041713976     
   191.55413662193766        459506.36870306195        2284.4593743704586      -0.53210964291093132       -1.1245523612494319        1291.8857018096621     
   191.55413662196426        527583.90132737567        2428.1976953632907      -0.52348261659971540       -1.1162301509217756        1203.9896783219619     
   191.55413662190918        605747.36695230624        2581.1504571574696      -0.51321718019521589       -1.1063007484917813        1123.4739722642685     
   241.15237032761985        695.49103307850794       -73.627537488490660       -1.0202932902392303       -1.0469006289915006       -500.85194967829170     
   241.15237032761314        798.53054834767511       -73.511332919664326       -1.0210049008346200       -1.0486713198838440       -455.00728845588242     
   241.15237032760137        916.83574096123004       -73.391292338365176       -1.0217395548659112       -1.0505115540688834       -413.48114934789356     
   241.15237032764622        1052.6682763026101       -73.268345313330755       -1.0224926010707154       -1.0524125049559776       -375.78714332392173     
   241.15237032752788        1208.6248936711299       -73.143282899571972       -1.0232613203700232       -1.0543679509600863       -341.50021976225997     
   241.15237032752430        1387.6870486997723       -73.016741791078289       -1.0240546478737163       -1.0563834545432413       -310.11721538868034     
   241.15237032744133        1593.2779104684168       -72.888919389443913       -1.0249450807455140       -1.0585258203146013       -280.52371339770826     
   241.15237032731093        1829.3278029543098       -72.758167908945154       -1.0262634826142327       -1.0611074575829769       -249.41836071968797     
   241.15237032722723        2100.3493418661978       -72.616151642960659       -1.0291280351145724       -1.0651799980006009       -208.03613793779243     
   241.15237032714310        2411.5237032714285       -72.435273313323947       -1.0364896762592715       -1.0734883877733359       -137.70440495027623     
   241.15237032707452        2768.7996732358779       -72.143574367642998       -1.0546096205212194       -1.0917638623815695       -7.0637628675038968     
   241.15237032701904        3179.0073720244277       -71.586252031696162       -1.0944655494643643       -1.1298317896158716        224.89193240732146     
   241.15237032700702        3649.9888269549529       -70.481951355783849       -1.1725747452045334       -1.2020194353294613        597.94557177379863     
   241.15237032689583        4190.7478900895567       -68.391569054483270       -1.3117586134103949       -1.3273214792738020        1135.0566672799653     
   241.15237032682489        4811.6223667853292       -64.719732482966165       -1.5446491093990213       -1.5317576229786156        1829.3892380005668     
   241.15237032689268        5524.4816457015322       -58.759633455085030       -1.9272232439308341       -1.8589237644122996        2641.0747587154337     
   241.15237032692946        6342.9536084062411       -49.773477385663597       -2.5852224467605049       -2.4068921883625318        3505.9935925377149     
   241.15237032692787        7282.6851564782992       -37.083200433267486       -3.9062114439964080       -3.4805658687578589        4352.7054436734352     
   241.15237032688208        8361.6413366305642       -20.139796818516000       -7.9515012856907532       -6.7093330546995631        5120.0181554015280     
   241.15237032674037        9600.4487823047784        1.4511223285218557        119.25141191854127        93.919669387861703        5768.3618939205489     
   241.15237032671578        11022.790037397448        27.950023669074451        6.5298981629020352        4.7008966389421563        6282.1028433070132     
   241.15237032663586        12655.856300433445        59.533414280227923        3.1571644427894983        2.0120928184931626        6664.4095038731775     
   241.15237032658376        14530.867244483663        96.346878211477602        1.9635494782362595        1.0504353281502303        6928.8246352420392     
   241.15237032660031        16683.667850245492        138.53890361053794        1.3434641213954843       0.54492402397311679        7091.5904479257770     
   241.15237032660318        19155.413662110710        186.26575268786462       0.95904540695261931       0.22757568123122751        7166.9672872806532     
   241.15237032670916        21993.357567432944        239.67114985878882       0.69423184739809374        5.9428668240657512E-003   7165.7605240439034     
   241.15237032669936        25251.753139922977        298.85306220604684       0.49798784331141022      -0.16084014678990211        7096.0193929891220     
   241.15237032671891        28992.891816750205        363.83222954185123       0.34432892770919943      -0.29365048683208939        6964.5153726001672     
   241.15237032680702        33288.293737081251        434.53087714084438       0.21881477414268935      -0.40406583214855141        6778.1297502967464     
   241.15237032685468        38220.075007689389        510.76959751420253       0.11298131646284237      -0.49880659785450399        6544.5778781736080     
   241.15237032697181        43882.517533982398        592.27914971234384        2.1696475411011606E-002 -0.58187350261024262        6272.4786143076326     
   241.15237032707202        50383.871427063292        678.72420004097455       -5.8213066301544436E-002 -0.65567051674702936        5971.0744308463691     
   241.15237032710820        57848.424444024720        769.73529555064488      -0.12881630546649236      -0.72172564027122965        5649.4939624446688     
   241.15237032707452        66418.878023286510        864.93518562172505      -0.19148337537675486      -0.78101951158431926        5316.3679218296547     
   241.15237032715032        76259.075338220093        963.96946294269003      -0.24718694888029991      -0.83423991943303977        4979.3673153508844     
   241.15237032720569        87557.133521601107        1066.5293424445003      -0.29665244340776931      -0.88190158169358002        4644.9963015629764     
   241.15237032730400        100529.03994075341        1172.3713985477261      -0.34043755572994305      -0.92440521784077223        4318.5526652991120     
   241.15237032741965        115422.78127363615        1281.3363456876630      -0.37895843884122815      -0.96204936822832332        4004.2350317051851     
   241.15237032776108        132523.08432275555        1393.3716186215754      -0.41248003837024871      -0.99501065504857655        3705.3416567727663     
   241.15237032784478        152156.85919716139        1508.5609281912614      -0.44111510272208643       -1.0233354978506721        3424.4207510899532     
   241.15237032802673        174699.44892294394        1627.1464981161250      -0.46497663295293512       -1.0470870593224051        3163.0211623929508     
   241.15237032831399        200581.80495462668        1749.4712126406916      -0.48478474334794963       -1.0669469261921196        2920.4700039615645     
   241.15237032861370        230298.72576532225        1875.6783538113743      -0.50300594623275230       -1.0853477211845373        2691.8517395133699     
   241.15237032857246        264418.31601352693        2006.4341471583054      -0.51280076180666168       -1.0954282735547309        2490.7953333748956     
   241.15237032857428        303592.84712104045        2142.6996366675394      -0.52134489434446629       -1.1043488056954365        2303.1361368770167     
   241.15237032861882        348571.22688263643        2284.9155640058148      -0.52637284883549484       -1.1098246754815704        2132.1950000931947     
   241.15237032896258        400213.31649548112        2433.9959544687467      -0.52779012216251409       -1.1117492107146658        1977.2615660548827     
   241.15237032940877        459506.36870641494        2591.0937545070428      -0.52545978375236013       -1.1099762690265798        1837.5758500526122     
   241.15237032937458        527583.90133107733        2757.6464635275861      -0.51928545120518577       -1.1044024953582774        1712.2525673649047     
   241.15237032988517        605747.36695801315        2935.3745316658838      -0.50934818402145132       -1.0951033572407869        1600.1520141675896     
   303.59284712274103        695.49103308515748       -74.601953861188193       -1.0164083533180610       -1.0379938413650720       -520.08577872443198     
   303.59284712276246        798.53054835538831       -74.534123845014861       -1.0169512787027448       -1.0393596836105035       -472.16022858423594     
   303.59284712271636        916.83574096999166       -74.461064220688115       -1.0175286218165394       -1.0408171909103601       -429.15113109969957     
   303.59284712267095        1052.6682763123165       -74.384125823007224       -1.0181340238735008       -1.0423536432033020       -390.36401850480024     
   303.59284712265753        1208.6248936828142       -74.304453095292502       -1.0187620297195807       -1.0439583799277357       -355.25489717435659     
   303.59284712273939        1387.6870487135823       -74.223011811112997       -1.0194082618920128       -1.0456227756709364       -323.38334335027923     
   303.59284712279225        1593.2779104850981       -74.140608262029062       -1.0200724777738721       -1.0473430295140160       -294.33941070045915     
   303.59284712267282        1829.3278029737321       -74.057804455378772       -1.0207800465232590       -1.0491405452379123       -267.47235988959113     
   303.59284712258597        2100.3493418886264       -73.974286251863731       -1.0216831531187403       -1.0511583776965672       -240.92035203273895     
   303.59284712253969        2411.5237032976534       -73.886162211373843       -1.0234008633307279       -1.0539819187559967       -209.03630796905401     
   303.59284712258756        2768.7996732672118       -73.777532055896458       -1.0278493279913388       -1.0594094578711875       -157.69137835473643     
   303.59284712265713        3179.0073720618639       -73.600452032008533       -1.0397144249521195       -1.0717827777819511       -58.976150531650092     
   303.59284712272984        3649.9888269989915       -73.238258484799502       -1.0683056806136173       -1.0995749203132914        130.35723111412841     
   303.59284712273438        4190.7478901421146       -72.454337504422426       -1.1291434827623883       -1.1565663739035008        461.93415243346897     
   303.59284712261689        4811.6223668452276       -70.840713557634174       -1.2451191133657251       -1.2624136433134994        979.65979156683841     
   303.59284712266452        5524.4816457696188       -67.790798560464026       -1.4491598878541467       -1.4443025616449663        1700.4368294383250     
   303.59284712269374        6342.9536084840565       -62.519052472132238       -1.7948121125707637       -1.7451248485553850        2601.3943213072498     
   303.59284712268919        7282.6851565675815       -54.133997564881696       -2.3942631376698862       -2.2540851260248487        3620.9475404909062     
   303.59284712256596        8361.6413367312689       -41.746846420696770       -3.5717345106266185       -3.2304983390266280        4673.9687286127073     
   303.59284712242908        9600.4487824217158       -24.579334991003360       -6.8676644540111509       -5.9126547466188519        5674.2791005023882     
   303.59284712251667        11022.790037536013       -2.0327066616289629       -91.839928396795514       -74.348032519612985        6554.7724607708915     
   303.59284712243016        12655.856300593126        26.302968054155798        7.6449982352778907        5.7187852170190627        7277.9082716050616     
   303.59284712243499        14530.867244670373        60.693248746432815        3.4756972861677795        2.3405117924163434        7834.8937494001384     
   303.59284712240594        16683.667850457128        101.33006910205691        2.1298737903937459        1.2384451795299718        8236.9953520380477     
   303.59284712241930        19155.413662354305        148.39504791767860        1.4529360800258062       0.67762081783573391        8504.5494962202320     
   303.59284712242840        21993.357567703624        202.09121004804510        1.0406116629916857       0.33195267271098583        8658.2295393733402     
   303.59284712240554        25251.753140232893        262.63657828597655       0.76031691020642955        9.4019128706391841E-002   8714.5397406130069     
   303.59284712244676        28992.891817107615        330.22909575524136       0.55498534252325826       -8.2727660437080797E-002   8685.1390269303083     
   303.59284712247819        33288.293737482898        405.00055424793612       0.39577662139321945      -0.22195140081742304        8578.4119799931195     
   303.59284712250496        38220.075008146363        486.97734152977284       0.26662485277667480      -0.33685237591519368        8401.5247438155639     
   303.59284712262405        43882.517534502964        576.05734586018036       0.15810336964795590      -0.43512033597975430        8162.1632026921015     
   303.59284712279407        50383.871427668266        672.01085529576824        6.4514794125260622E-002 -0.52132369185383398        7869.2542624442731     
   303.59284712285000        57848.424444721299        774.49933469569828       -1.7646365491082228E-002 -0.59819559410587408        7532.9049652600625     
   303.59284712292515        66418.878024112011        883.10946086746821       -9.0530527595039212E-002 -0.66733917641560425        7164.0769071760678     
   303.59284712300780        76259.075339164687        997.39142615404262      -0.15558779832308578      -0.72980797648925577        6773.3652774034999     
   303.59284712321181        87557.133522724427        1116.8938771748421      -0.21376043098750808      -0.78625296246092768        6370.8525928715171     
   303.59284712334488        100529.03994204621        1241.2006478018766      -0.26573521462058902      -0.83714534648506267        5965.4205192742793     
   303.59284712366292        115422.78127518605        1369.9590579301289      -0.31203144242842840      -0.88284433023971098        5564.5787943757878     
   303.59284712382413        132523.08432441784        1502.9061285141729      -0.35304071493538836      -0.92362252190277117        5174.4705123862059     
   303.59284712402894        152156.85919911973        1639.8973419184811      -0.38902011986911988      -0.95964871850171107        4800.0560658925297     
   303.59284712406293        174699.44892508019        1780.9454744397249      -0.42006022593313630      -0.99094853121406157        4445.3739784288773     
   303.59284712455315        200581.80495716439        1926.2693677987359      -0.44611068910222162       -1.0174244017060221        4113.5818998795876     
   303.59284712479678        230298.72576813449        2076.3080276173760      -0.46731342229136463       -1.0391840996502577        3806.0800755127793     
   303.59284712505405        264418.31601702521        2231.5357745045376      -0.48503880586151826       -1.0575703383730908        3519.8963873551647     
   303.59284712524868        303592.84712524927        2391.8088088402751      -0.50053141028521420       -1.0737961041169033        3251.4463899163002     
   303.59284712540580        348571.22688758484        2559.4422709404525      -0.50694234608499489       -1.0810179191620917        3018.7763658370450     
   303.59284712609679        400213.31650150300        2734.5711229190738      -0.51232195032392225       -1.0872613866171161        2800.6672640233569     
   303.59284712643449        459506.36871298996        2918.3174408980176      -0.51382353108016787       -1.0896698234402451        2602.9024381068202     
   303.59284712624367        527583.90133836970        3112.1109138131933      -0.51125221694302858       -1.0880413863278118        2424.7079793962312     
   303.59284712619638        605747.36696500890        3317.7676384576339      -0.50440824184350386       -1.0821718611861448        2265.1929808325590     
   382.20075008623394        695.49103309329780       -75.401032102339983       -1.0133768751056658       -1.0310271325888287       -542.78174463292260     
   382.20075008626264        798.53054836473825       -75.385900960834093       -1.0137321714681178       -1.0319514831708356       -490.63029656252291     
   382.20075008619960        916.83574098071495       -75.363595288863607       -1.0141358542527132       -1.0329958598292077       -444.70796818031897     
   382.20075008617204        1052.6682763247100       -75.335844098170327       -1.0145801668982473       -1.0341442143339985       -403.91773280359644     
   382.20075008618949        1208.6248936971524       -75.304231329017895       -1.0150579855743334       -1.0353819801237869       -367.41960743941996     
   382.20075008618704        1387.6870487296617       -75.270149673696579       -1.0155630184771578       -1.0366965173376439       -334.56995386096543     
   382.20075008616431        1593.2779105031877       -75.234793940916390       -1.0160898825169484       -1.0380771619096836       -304.86835164209867     
   382.20075008615271        1829.3278029951662       -75.199174454515585       -1.0166348875491000       -1.0395159340311826       -277.90667953427709     
   382.20075008618636        2100.3493419140209       -75.164106830628668       -1.0172035434833735       -1.0410145167452129       -253.23704950158825     
   382.20075008606614        2411.5237033264193       -75.129976674257307       -1.0178557397641352       -1.0426275154197890       -229.85734833336895     
   382.20075008607654        2768.7996732998781       -75.095426931002976       -1.0188950594594908       -1.0446424473265830       -204.50373364399516     
   382.20075008611349        3179.0073720989490       -75.052363578550541       -1.0214395265228986       -1.0481160445304356       -167.63145264500039     
   382.20075008606869        3649.9888270402694       -74.971759664649227       -1.0286746651030845       -1.0560301709924254       -97.041892617932348     
   382.20075008610308        4190.7478901898212       -74.772741294870045       -1.0478471386334194       -1.0750720992780260        47.782640271350715     
   382.20075008611667        4811.6223669020355       -74.270739009878582       -1.0925159339391251       -1.1175109162121826        324.59680866002248     
   382.20075008598064        5524.4816458320101       -73.111914763499826       -1.1844436392977287       -1.2025191132331741        795.78389442149046     
   382.20075008600469        6342.9536085554810       -70.716573480608787       -1.3559616877537206       -1.3576334370363987        1506.1004499289234     
   382.20075008600497        7282.6851566497025       -66.262953988842639       -1.6577932194733052       -1.6246689843289714        2460.2957504167648     
   382.20075008601520        8361.6413368291742       -58.734715260901403       -2.1882745084631852       -2.0834201656201037        3612.4451128481810     
   382.20075008599264        9600.4487825378874       -47.030516663743846       -3.2090959962808125       -2.9465361531218903        4873.5955785928736     
   382.20075008590891        11022.790037663801       -30.104205370044628       -5.8163122973326979       -5.1090053572181944        6134.9483569177009     
   382.20075008590965        12655.856300743480       -7.0864481342718619       -28.021612857088353       -23.307540330662086        7296.2520582595444     
   382.20075008590794        14530.867244842704        22.655297591972751        9.6659803659168642        7.5049898592151791        8287.6048324588446     
   382.20075008582120        16683.667850652797        59.534026891418385        3.9399186943867255        2.7960858073828483        9077.5770184952107     
   382.20075008579607        19155.413662576866        103.81928098716914        2.3535272417109545        1.4778730356955285        9667.8849443691997     
   382.20075008562935        21993.357567948904        155.73154542623138        1.5929552399284868       0.83851064350748516        10080.347974505459     
   382.20075008540954        25251.753140501885        215.51355425263074        1.1406875453134186       0.45398203713421115        10343.191655782015     
   382.20075008537549        28992.891817409949        283.45422833352291       0.83837199790044425       0.19399786040558276        10481.557819846572     
   382.20075008522929        33288.293737813838        359.86438715480557       0.62015153343227980        3.9598395629392158E-003   10513.639120249230     
   382.20075008516380        38220.075008516418        445.02116062841878       0.44995446291781827      -0.14681678657839037        10436.815537902623     
   382.20075008512828        43882.517534906554        539.10735724818642       0.31922312594643931      -0.26396145994731657        10302.375122152724     
   382.20075008516989        50383.871428108912        642.16032034419788       0.20745184656057192      -0.36621868936337187        10074.235788667538     
   382.20075008517142        57848.424445216799        754.05129668465383       0.11134568435055048      -0.45573644060585117        9775.1042934600846     
   382.20075008527118        66418.878024681821        874.49103080998771        2.6914670786969630E-002 -0.53571328899932291        9415.1115225566464     
   382.20075008538089        76259.075339820047        1003.0582556030669       -4.8291012276663881E-002 -0.60803189663246171        9005.9595009557797     
   382.20075008544808        87557.133523433411        1139.2496101567515      -0.11571065038358352      -0.67371673161080303        8560.6420208048967     
   382.20075008544143        100529.03994281446        1282.5198768038260      -0.17638647232415550      -0.73350318766020295        8091.2875798913956     
   382.20075008559394        115422.78127599327        1432.3339008985120      -0.23094597306955766      -0.78779132996058654        7609.6972600982472     
   382.20075008557308        132523.08432526703        1588.2081984833922      -0.27986362762958539      -0.83688731180417653        7126.1757356248654     
   382.20075008561673        152156.85920000949        1749.7480276466590      -0.32349442190983002      -0.88102208815327077        6649.4602551240450     
   382.20075008581102        174699.44892617100        1916.6848814738692      -0.36207910375231445      -0.92034580271829325        6186.8010423475616     
   382.20075008602504        200581.80495820523        2088.9240305428389      -0.39570566411165020      -0.95488120250592490        5744.2537417164331     
   382.20075008611889        230298.72576920129        2266.6125976078133      -0.42426575089490992      -0.98447435427225038        5326.9715500591010     
   382.20075008662155        264418.31601837371        2450.2137435189857      -0.44756423698013625       -1.0088996558342243        4938.8595937890505     
   382.20075008689258        303592.84712681826        2640.4672866309311      -0.46599062664792079       -1.0285258191099778        4580.2772141729365     
   382.20075008700786        348571.22688931104        2837.8948726317230      -0.48215470268811433       -1.0459410182490094        4243.0488536126413     
   382.20075008741577        400213.31650300120        3042.7635634834560      -0.49041071494602473       -1.0554778225796757        3943.8943656461697     
   382.20075008832373        459506.36871529050        3258.2423146040296      -0.49611834052464077       -1.0625134248126951        3668.1551128583651     
   382.20075008846169        527583.90134153317        3484.6484811193736      -0.49765799004364830       -1.0654046259030761        3418.0449423991786     
   382.20075008923908        605747.36696996749        3723.7499677704291      -0.49480361132888351       -1.0639205878185010        3192.7841345314191     
   481.16223669414092        695.49103309877489       -76.033518620592830       -1.0111702529830646       -1.0259283033558033       -576.91940392320430     
   481.16223669427126        798.53054837118304       -76.074271285205285       -1.0113254543832439       -1.0263880386188171       -516.57331165552660     
   481.16223669518240        916.83574099000180       -76.106577913990904       -1.0115400444134643       -1.0269899539901752       -464.74513781960235     
   481.16223669526244        1052.6682763356237       -76.131895269620131       -1.0118078812696814       -1.0277214248799220       -419.79439366605283     
   481.16223669533269        1208.6248937098046       -76.151864845640532       -1.0121219551029277       -1.0285679505822787       -380.41616136365957     
   481.16223669528182        1387.6870487440503       -76.168160740831837       -1.0124750840555397       -1.0295147206961250       -345.59368254531267     
   481.16223669532025        1593.2779105199304       -76.182371854206679       -1.0128604443916498       -1.0305477407700006       -314.54354526523730     
   481.16223669545775        1829.3278030149672       -76.195931947903645       -1.0132718842195081       -1.0316545771756249       -286.66698706516786     
   481.16223669551215        2100.3493419368083       -76.210091889223236       -1.0137042240163843       -1.0328247537215332       -261.50013871668625     
   481.16223669552647        2411.5237033534127       -76.225911881356922       -1.0141554957599062       -1.0340518581624427       -238.64320014743512     
   481.16223669552568        2768.7996733307914       -76.244188598967995       -1.0146441243396047       -1.0353500024247311       -217.51657118051020     
   481.16223669592938        3179.0073721368021       -76.264906355276011       -1.0152996752550638       -1.0368406565375303       -196.39544978175874     
   481.16223669584008        3649.9888270834804       -76.284643109138770       -1.0167024711068142       -1.0390748536586634       -169.53419954042650     
   481.16223669582837        4190.7478902389557       -76.287671480510028       -1.0208035011593226       -1.0438943322375211       -121.18449604252956     
   481.16223669583258        4811.6223669583205       -76.222851653657671       -1.0327407317685926       -1.0560955522781872       -17.488464936214939     
   481.16223669583314        5524.4816458986070       -75.957483252797999       -1.0634354518051437       -1.0857159806896681        198.54623336895168     
   481.16223669570451        6342.9536086298494       -75.206551056367744       -1.1322937929454011       -1.1502162863494962        601.35014591571439     
   481.16223669564283        7282.6851567341491       -73.452523855942957       -1.2698719412352204       -1.2763315183859394        1262.6510378910668     
   481.16223669556905        8361.6413369246256       -69.888819603976032       -1.5236520940485532       -1.5043267956084052        2222.5545380479634     
   481.16223669565699        9600.4487826498007       -63.424912180340300       -1.9791398274218386       -1.9051182992535711        3465.4514293627421     
   481.16223669551908        11022.790037791550       -52.773536888280816       -2.8427189731590010       -2.6490929195431407        4914.1240080901171     
   481.16223669543018        12655.856300887794       -36.605340862451058       -4.8705825516473906       -4.3628753961880395        6446.6663314424341     
   481.16223669530740        14530.867245004756       -13.721621291726583       -15.131500694021122       -12.918690006943464        7929.1996947914304     
   481.16223669518956        16683.667850838559        16.817728584862060        13.971139709378216        11.238239219043338        9250.0026391148440     
   481.16223669525385        19155.413662793970        55.656319840421730        4.6285627846302120        3.4496353026013180        10341.467291865909     
   481.16223669526590        21993.357568208317        103.19837204755174        2.6533102592680788        1.7866025177515046        11183.834475624955     
   481.16223669522742        25251.753140812238        159.72493317764253        1.7710902312717138        1.0352235985945595        11793.733585693066     
   481.16223669504285        28992.891817757732        225.51314541420297        1.2631943195159594       0.59784102742005207        12206.017590709911     
   481.16223669495645        33288.293738219909        300.91021033697001       0.93062366159668541       0.30839644864708604        12457.424516076309     
   481.16223669487158        38220.075008982458        386.34057359650649       0.69472984857829512       0.10075357616328384        12576.894200548177     
   481.16223669482503        43882.517535441475        482.25453425142257       0.51722074408293306       -5.7613934208872952E-002   12583.026660675303     
   481.16223669466740        50383.871428701081        589.04547417960043       0.37690008032426148      -0.18484673826994791        12486.423853993307     
   481.16223669455275        57848.424445882702        706.96975071020404       0.26114999197589706      -0.29174686987573217        12293.686137151635     
   481.16223669449056        66418.878025420447        836.08534891754653       0.16227047708515863      -0.38482946364122084        12011.294901978077     
   481.16223669448596        76259.075340645475        976.23376306723526        7.5551582661723016E-002 -0.46797729197092275        11647.838302025128     
   481.16223669446612        87557.133524362143        1127.0545975750770       -1.8559217590243815E-003 -0.54343750091490239        11214.617407271206     
   481.16223669447669        100529.03994388474        1288.0289202092945       -7.1614316380538723E-002 -0.61242545151885008        10725.406530911081     
   481.16223669469855        115422.78127722928        1458.5452852305500      -0.13477124678083885      -0.67565560857275941        10194.752669457966     
   481.16223669490324        132523.08432674978        1637.9485687462611      -0.19195125379525113      -0.73350443924796283        9637.3122329612652     
   481.16223669497447        152156.85920171707        1825.6086208851257      -0.24357875257886297      -0.78621352892055218        9066.7074335996622     
   481.16223669522742        174699.44892813457        2020.9712028751871      -0.28995764722265438      -0.83395354467537663        8494.9970139888756     
   481.16223669533412        200581.80496039189        2223.6085317712982      -0.33129587918410075      -0.87683675424456209        7932.5138345098394     
   481.16223669557280        230298.72577176962        2433.2774264150153      -0.36767524679169628      -0.91487792523406952        7388.0705589717545     
   481.16223669574305        264418.31602106831        2650.0021653359577      -0.39898107599016075      -0.94791747120003289        6869.3954637156767     
   481.16223669596548        303592.84712983714        2874.1924802296958      -0.42487198774997159      -0.97558661379141698        6383.3200775702126     
   481.16223669598952        348571.22689268948        3106.7375908852337      -0.44508337178272739      -0.99760633110361940        5934.3720251724917     
   481.16223669639436        400213.31650678971        3348.7847316714615      -0.46067824505774657       -1.0150299365922102        5519.5289540430476     
   481.16223669658251        459506.36871872848        3600.5549544602673      -0.47637437602347443       -1.0325519570907553        5119.8468464224943     
   481.16223669713332        527583.90134589397        3864.2280663105407      -0.47767069401489803       -1.0356775265022469        4790.8233170024087     
   481.16223669754896        605747.36697426555        4143.0424631262622      -0.47916983068430974       -1.0390215249147046        4477.8459943423304     
   605.74736697435924        695.49103310380985       -76.521087506967177       -1.0096991890061953       -1.0224920151334780       -632.53213620807185     
   605.74736697441620        798.53054837682271       -76.615410680219910       -1.0096683597994209       -1.0225221360596208       -558.69994655675907     
   605.74736697450714        916.83574099487839       -76.702576675829974       -1.0096962944271028       -1.0226911687840574       -496.47409970900111     
   605.74736697451442        1052.6682763410606       -76.783072370547103       -1.0097817408772141       -1.0229971740263446       -443.71029639011647     
   605.74736697453693        1208.6248937159151       -76.857795879015129       -1.0099215333392471       -1.0234339981671583       -398.61259783764046     
   605.74736697458786        1387.6870487513297       -76.928004436438698       -1.0101108387171003       -1.0239918764841558       -359.70572471259504     
   605.74736697458729        1593.2779105281591       -76.995200305193947       -1.0103436840758464       -1.0246585114478672       -325.79880495227167     
   605.74736697461890        1829.3278030239881       -77.060990667702200       -1.0106135955265934       -1.0254206108930655       -295.95612896680996     
   605.74736697471315        2100.3493419472552       -77.126960598879180       -1.0109141688511791       -1.0262650487658840       -269.45129792343033     
   605.74736697470235        2411.5237033652929       -77.194583126287611       -1.0112394959609625       -1.0271797279180306       -245.72455646428347     
   605.74736697469291        2768.7996733443924       -77.265168957799787       -1.0115849177164158       -1.0281547434024882       -224.34067371342374     
   605.74736697472861        3179.0073721499380       -77.339825371056648       -1.0119526199955020       -1.0291876388897867       -204.86973215459355     
   605.74736697474600        3649.9888270993447       -77.419251686170668       -1.0123888158817911       -1.0303192373453607       -186.41791744262582     
   605.74736697481137        4190.7478902577250       -77.502564861479058       -1.0131578927107914       -1.0318002780316162       -165.88869998831191     
   605.74736697478431        4811.6223669796136       -77.582392048513270       -1.0153261289115636       -1.0346438302298446       -133.35080632318082     
   605.74736697492506        5524.4816459243311       -77.629583259813330       -1.0221835035795881       -1.0419510716561513       -63.590834013277174     
   605.74736697491244        6342.9536086609487       -77.556871610371530       -1.0417695935838680       -1.0612075625093151        93.394220564012187     
   605.74736697498724        7282.6851567716894       -77.152320086485119       -1.0901445354302437       -1.1071171510279929        415.08541595874283     
   605.74736697497963        8361.6413369689053       -75.986413545743005       -1.1947486928136997       -1.2042433637837913        993.63105667005379     
   605.74736697505386        9600.4487827000612       -73.319256428420275       -1.3991471556546089       -1.3905207294186541        1906.3756036757395     
   605.74736697503238        11022.790037852026       -68.052992552893670       -1.7775466264808468       -1.7289483582639651        3180.5185779462809     
   605.74736697495007        12655.856300957847       -58.772114478015951       -2.4911191634109997       -2.3548230984541050        4769.7180377260756     
   605.74736697493518        14530.867245088537       -43.884090765751374       -4.0533531892890746       -3.6996718003701714        6556.4623233646143     
   605.74736697483092        16683.667850935970       -21.826350586756437       -9.7496251503610161       -8.5321541989474383        8381.2235848705495     
   605.74736697490880        19155.413662905710        8.7317636141864519        28.354256277601436        23.573337311142208        10085.880636527283     
   605.74736697483718        21993.357568333464        48.768254533528768        5.7117504594733166        4.4525335133500441        11552.641143838731     
   605.74736697476214        25251.753140954814        98.911178664023936        3.0618745895387454        2.1949250127176558        12723.761989203278     
   605.74736697479932        28992.891817934338        159.55177461378420        1.9991503348244217        1.2792101338125064        13598.269343228076     
   605.74736697462458        33288.293738419052        231.00867377731524        1.4139803959669530       0.76943710251651076        14212.542075459380     
   605.74736697467699        38220.075009221153        313.66970563245627        1.0404190070895183       0.44072346699288323        14616.443043403149     
   605.74736697467222        43882.517535719431        408.05826707338991       0.78069897901503760       0.20981577316082411        14854.783101242710     
   605.74736697476101        50383.871429044120        514.81013623086812       0.58899910581203430        3.7262706027112458E-002   14958.404818536861     
   605.74736697473418        57848.424446287769        634.58252861733536       0.44026155203468309       -9.8732523698007113E-002   14943.941312791267     
   605.74736697472406        66418.878025893006        767.93591077849817       0.31953010526907266      -0.21122310605157202        14818.651768066189     
   605.74736697466358        76259.075341181175        915.23025841615572       0.21751254101579809      -0.30825909878515390        14586.071790056085     
   605.74736697434162        87557.133524934266        1076.5546006100478       0.12848612631715883      -0.39468258299477443        14251.080760282901     
   605.74736697420440        100529.03994451665        1251.7152603252050        4.8994732677539066E-002 -0.47329527203850918        13822.205644439018     
   605.74736697407161        115422.78127787627        1440.2641868329827       -2.2984601021282858E-002 -0.54562482874205087        13311.950587506861     
   605.74736697408184        132523.08432743853        1641.5666286057024       -8.8518728647805522E-002 -0.61236413203587425        12736.544633090092     
   605.74736697415119        152156.85920250273        1854.8792098471149      -0.14831399430238013      -0.67394028018141672        12112.699424634240     
   605.74736697417336        174699.44892895126        2079.4201395025138      -0.20271920104763885      -0.73049670494261199        11457.770937625293     
   605.74736697438084        200581.80496135377        2314.4534595285950      -0.25197108060237883      -0.78212255487077931        10787.840482937245     
   605.74736697459173        230298.72577283991        2559.3562742784434      -0.29622292708948250      -0.82886751323172370        10117.255602581296     
   605.74736697470416        264418.31602225272        2813.6920969947914      -0.33553216205513359      -0.87071876273523818        9458.5660147178132     
   605.74736697487356        303592.84713114158        3077.3078419941276      -0.36978948214965124      -0.90752230662879962        8822.9372338702724     
   605.74736697513708        348571.22689432139        3350.4819887762642      -0.39862044516206463      -0.93887912249977745        8220.7350743214902     
   605.74736697536309        400213.31650847604        3634.1206170144446      -0.42142579837858707      -0.96418147942382826        7661.1905054415329     
   605.74736697539322        459506.36872050777        3929.8210937443432      -0.43807778836267897      -0.98330331411617722        7148.4179470887302     
   605.74736697564470        527583.90134755196        4239.1475300530819      -0.45107508293260101      -0.99874032683110148        6670.5707299079495     
   605.74736697572780        605747.36697572900        4561.0445838593596      -0.46264005463046753       -1.0126774076738729        6214.4182012392366     
   762.59075341320636        695.49103310543160       -76.901553746539491       -1.0087997014573626       -1.0203488073975797       -718.80920516490357     
   762.59075341329651        798.53054837870422       -77.041181016608519       -1.0086255022348933       -1.0200469466551512       -625.92417612878205     
   762.59075341331834        916.83574099692748       -77.177203699845222       -1.0084991919319868       -1.0198584090649874       -548.23928433897197     
   762.59075341333562        1052.6682763434242       -77.309477412579369       -1.0084229215925877       -1.0197885943421257       -483.13198675908075     
   762.59075341337416        1208.6248937186451       -77.438078661699706       -1.0083978117981673       -1.0198407097822446       -428.38036509661896     
   762.59075341337939        1387.6870487543570       -77.563390918956785       -1.0084235546161930       -1.0200147896156333       -382.09769364299149     
   762.59075341337154        1593.2779105316201       -77.686156976014985       -1.0084981761161045       -1.0203072917686318       -342.70084031976279     
   762.59075341351536        1829.3278030282113       -77.807471555424030       -1.0086180755707699       -1.0207111499610573       -308.87602014434827     
   762.59075341357675        2100.3493419519464       -77.928709016055720       -1.0087783593432518       -1.0212163553624902       -279.54619436621454     
   762.59075341361779        2411.5237033708518       -78.051407080146305       -1.0089733681526574       -1.0218113045683761       -253.85509895484932     
   762.59075341358277        2768.7996733506911       -78.177141787920661       -1.0091972384848811       -1.0224839912163499       -231.13346154442849     
   762.59075341365724        3179.0073721572930       -78.307423785221914       -1.0094444611309652       -1.0232230037079690       -210.86074650852163     
   762.59075341373466        3649.9888271080558       -78.443624484505619       -1.0097116421811327       -1.0240196665833297       -192.61244578056767     
   762.59075341390258        4190.7478902681969       -78.586877193673217       -1.0100105133662860       -1.0248807824659696       -175.85442515083119     
   762.59075341407220        4811.6223669929223       -78.737601730611431       -1.0104443698782875       -1.0259021941551238       -159.04362792946065     
   762.59075341398898        5524.4816459377234       -78.893134351083674       -1.0115272107543223       -1.0275736942600557       -136.62121154809608     
   762.59075341395021        6342.9536086761354       -79.038816109090178       -1.0151436609332840       -1.0316858254181671       -91.914167080854099     
   762.59075341401797        7282.6851567888743       -79.122677457766912       -1.0266529811720537       -1.0432831103517326        14.122841565165686     
   762.59075341401797        8361.6413369887396       -79.000272467903670       -1.0582603911847352       -1.0737030821011591        252.84340532442224     
   762.59075341405151        9600.4487827220819       -78.342130490353057       -1.1330659656949909       -1.1440236516355429        725.76283691991762     
   762.59075341398602        11022.790037876754       -76.516905711991839       -1.2897256928982364       -1.2887122120092103        1541.7628877007323     
   762.59075341397704        12655.856300987807       -72.491552467847285       -1.5924621984898806       -1.5636135484064406        2776.9523591085995     
   762.59075341399432        14530.867245123625       -64.806199721551351       -2.1674703254221779       -2.0766129256477432        4434.2563241317557     
   762.59075341402638        16683.667850979826       -51.667214804935305       -3.3625360649068088       -3.1240805791125292        6424.3516050670614     
   762.59075341398386        19155.413662952535       -31.155618228322286       -6.8455526888280227       -6.1307271156885577        8580.5803653069997     
   762.59075341395123        21993.357568388885       -1.4901846935954421       -171.38837060633557       -146.88739170061760        10703.337583885823     
   762.59075341401808        25251.753141023790        38.751769207611446        7.6268845642232144        6.1923548363041085        12614.655773766433     
   762.59075341408402        28992.891818014257        90.542590136637557        3.6399788400095767        2.7584808809286612        14199.815169930896     
   762.59075341396431        33288.293738515196        154.47234867562574        2.2960979728786564        1.5884357806094114        15421.329109622093     
   762.59075341397033        38220.075009328524        230.93592097535384        1.6017346843102818       0.97726580220229375        16305.381492477918     
   762.59075341390144        43882.517535839099        320.34991377672907        1.1726200447892592       0.59585288707245820        16912.618747607270     
   762.59075341382299        50383.871429168939        423.30815798310363       0.88099530362007483       0.33415022165122266        17308.446732717486     
   762.59075341375103        57848.424446428202        540.62283738479175       0.67029774068628911       0.14290050187301961        17543.383422683601     
   762.59075341377707        66418.878026057617        673.25131684433507       0.51036689534083068       -4.4848342890746462E-003   17646.420373651192     
   762.59075341374432        76259.075341374511        822.14869314207101       0.37644346168105369      -0.13073700314083658        17572.875567691237     
   762.59075341372682        87557.133525200785        988.11091800023473       0.27748074961650060      -0.22558338760777719        17490.135665216203     
   762.59075341364746        100529.03994483493        1171.6324736309264       0.18607524936496112      -0.31547501243812892        17229.996392266021     
   762.59075341352957        115422.78127824920        1372.8425479680061       0.10464884017593312      -0.39726323885860826        16850.254671061302     
   762.59075341343953        132523.08432784880        1591.5000903603534        3.0690702082064814E-002 -0.47289548149245098        16359.141361176100     
   762.59075341346772        152156.85920296199        1827.0438665330794       -3.7171246207555408E-002 -0.54331089624344830        15770.633597306529     
   762.59075341320704        174699.44892941244        2078.7019960114922       -9.9486117352572956E-002 -0.60873425455847840        15104.458833284601     
   762.59075341296136        200581.80496174999        2345.5657164429599      -0.15671933254874726      -0.66939334631837066        14379.736206304970     
   762.59075341305652        230298.72577324341        2626.7084690339539      -0.20897374823542991      -0.72522272047970560        13617.485494012513     
   762.59075341310518        264418.31602268381        2921.2813162886505      -0.25632163408351127      -0.77617995655317040        12837.048983328681     
   762.59075341317100        303592.84713157779        3228.6081536891857      -0.29876830702563717      -0.82219583971155918        12055.929820754776     
   762.59075341326820        348571.22689471504        3548.3004749764832      -0.33619567018625551      -0.86310795782673144        11289.940087055926     
   762.59075341337848        400213.31650883652        3880.4280541095623      -0.36824314980335959      -0.89853467303321477        10553.946263943748     
   762.59075341356288        459506.36872100993        4225.7841101845734      -0.39419913628318215      -0.92776207435547808        9862.4771890768716     
   762.59075341371795        527583.90134801681        4586.1841276550649      -0.41323317190478015      -0.94997199536143739        9227.7559233585653     
   762.59075341399341        605747.36697639839        4964.3188887766746      -0.42581858930188055      -0.96565473698756465        8649.9876066953857     
   960.04487827209994        695.49103310612338       -77.217123914176611       -1.0082882011716825       -1.0190870257067342       -843.20706960506209     
   960.04487827209846        798.53054837940272       -77.392805833167941       -1.0080189547642053       -1.0185626609494260       -725.52239094285471     
   960.04487827208504        916.83574099769032       -77.568801948481450       -1.0077852684635198       -1.0181231622647118       -627.24933637784659     
   960.04487827214052        1052.6682763443371       -77.745001952247947       -1.0075896656322159       -1.0177745869946124       -545.15501706192845     
   960.04487827213461        1208.6248937196247       -77.921324646591941       -1.0074345611815583       -1.0175228289704490       -476.51694014137666     
   960.04487827216246        1387.6870487555127       -78.097766994642981       -1.0073220216982406       -1.0173730505405070       -419.03453057831393     
   960.04487827219543        1593.2779105330180       -78.274474729752825       -1.0072534294506192       -1.0173289587893135       -370.76152052228224     
   960.04487827221340        1829.3278030295053       -78.451822341447240       -1.0072291087439957       -1.0173919424259843       -330.04799373133199     
   960.04487827224762        2100.3493419533379       -78.630479221235220       -1.0072480218720883       -1.0175604488634329       -295.50299736338854     
   960.04487827227547        2411.5237033723902       -78.811434838028333       -1.0073076564732064       -1.0178296974113745       -265.96223999425456     
   960.04487827226751        2768.7996733525611       -78.995966118603235       -1.0074041755718801       -1.0181920162893394       -240.46635214223787     
   960.04487827233368        3179.0073721593490       -79.185552190611418       -1.0075328005307618       -1.0186376315347263       -218.23834091115916     
   960.04487827235039        3649.9888271101086       -79.381761847068802       -1.0076883229941396       -1.0191557997217151       -198.66272945731683     
   960.04487827237222        4190.7478902697267       -79.586143684740094       -1.0078658930849411       -1.0197361432044196       -181.25460200868156     
   960.04487827245021        4811.6223669939982       -79.800125693107631       -1.0080650815491092       -1.0203730668409263       -165.57704288178132     
   960.04487827254707        5524.4816459401209       -80.024807556144339       -1.0083184552987869       -1.0210934945994239       -150.84007864785917     
   960.04487827255571        6342.9536086792677       -80.259944989273436       -1.0088409982413764       -1.0221010536673374       -134.25546984553796     
   960.04487827264518        7282.6851567925014       -80.499392479271776       -1.0105880108225831       -1.0243082262725678       -106.06905159992749     
   960.04487827264143        8361.6413369928723       -80.715555081246890       -1.0167629827002216       -1.0307577755771840       -39.223784772789287     
   960.04487827256696        9600.4487827256598       -80.818998709284699       -1.0357944494135409       -1.0493744236052374        124.63210190200982     
   960.04487827256548        11022.790037881790       -80.577715024813827       -1.0856699926600426       -1.0968354288971531        483.67470523975305     
   960.04487827322885        12655.856301002486       -79.493348381682992       -1.1990237686042486       -1.2028413556591384        1165.6130290125345     
   960.04487827313676        14530.867245138754       -76.661413515313555       -1.4307548594902217       -1.4162479074883805        2291.9976996542714     
   960.04487827307287        16683.667850995385       -70.674940846251147       -1.8807251639633797       -1.8241545591009023        3927.0110821940757     
   960.04487827307059        19155.413662971423       -59.640558968720285       -2.7870044369294926       -2.6324159783115784        6034.8252797522300     
   960.04487827295418        21993.357568408843       -41.344863996458422       -5.0484263001461294       -4.6187821715128425        8469.8555916738005     
   960.04487827298613        25251.753141045330       -13.543424348861533       -18.992711607864489       -16.734525694342992        11009.125397895616     
   960.04487827300454        28992.891818037042        25.723108814517129        11.923465990784715        10.040292404675395        13414.520492921056     
   960.04487827290416        33288.293738543092        77.910287080206842        4.5142172787842156        3.5924745475636977        15497.725189539495     
   960.04487827296805        38220.075009362808        143.93906538359843        2.6943040386257517        1.9931495276942011        17160.778145728098     
   960.04487827291871        43882.517535880164        224.35975073624584        1.8397209128747489        1.2340273393107073        18399.500424328602     
   960.04487827292792        50383.871429221763        319.62980376804063        1.3342643469387943       0.78064395706775169        19275.888169661921     
   960.04487827290654        57848.424446493009        430.38073657432625       0.99984665407360573       0.47791646774658458        19877.653623754195     
   960.04487827290075        66418.878026129358        557.56781433428637       0.76374179103752460       0.26188829430476623        20283.451074819881     
   960.04487827277899        76259.075341450502        702.45828621418377       0.58882125467000490        9.9471313910829195E-002   20544.160340810420     
   960.04487827285266        87557.133525296755        866.48190717538876       0.45315545901570276       -2.9060970932379693E-002   20680.714015870359     
   960.04487827289529        100529.03994496005        1051.0097670208158       0.34282866571109372      -0.13620551747740905        20692.833843159642     
   960.04487827279513        115422.78127839864        1257.1453280342562       0.24884308365487406      -0.22991803406142819        20570.525999979007     
   960.04487827280332        132523.08432803713        1485.5527088362760       0.16562577971905479      -0.31494970884776774        20305.086600882481     
   960.04487827269043        152156.85920315475        1736.3990284154165        8.9928366499005596E-002 -0.39389310620252538        19895.278716352546     
   960.04487827267815        174699.44892969122        2009.3705625191269        2.0024491033623359E-002 -0.46796086936240600        19349.223451888403     
   960.04487827254718        200581.80496210736        2303.7601262688872       -4.4805869897962203E-002 -0.53748429343121173        18684.269884230558     
   960.04487827240496        230298.72577359088        2618.6173300245014      -0.10490493045231741      -0.60252416985681989        17922.234181091801     
   960.04487827224943        264418.31602302304        2952.8380744412102      -0.16030467663961168      -0.66291583345176097        17088.187499720483     
   960.04487827223204        303592.84713193565        3305.3308276527900      -0.21096516974391288      -0.71849005680886979        16207.295966540176     
   960.04487827216747        348571.22689505795        3675.1377378893180      -0.25680435463190343      -0.76908542484107378        15303.403229331921     
   960.04487827215144        400213.31650916568        4061.5752801126391      -0.29766503238134612      -0.81450205767453043        14398.558405483462     
   960.04487827214155        459506.36872127210        4464.4268643147698      -0.33320211629755014      -0.85437922826464041        13513.583811501689     
   960.04487827215519        527583.90134821797        4884.2525370373214      -0.36271008329666055      -0.88801688758018571        12669.294550713141     
   960.04487827224932        605747.36697646999        5322.8532242631636      -0.38505715069391611      -0.91430619535365554        11886.591292285397     
   1208.6248937197497        695.49103310621831       -77.502362275405460       -1.0080175532454436       -1.0183770231481573       -1013.1551665552024     
   1208.6248937197595        798.53054837951947       -77.707435758929336       -1.0076907840053162       -1.0177152093424660       -864.08325166180646     
   1208.6248937197429        916.83574099782447       -77.916190309160058       -1.0073901351734178       -1.0171163782884756       -739.54989413320868     
   1208.6248937197286        1052.6682763444180       -78.128765248273496       -1.0071175127965555       -1.0165851665958925       -635.54229987367546     
   1208.6248937197415        1208.6248937197379       -78.345303887770456       -1.0068748855500529       -1.0161263765482200       -548.67738261290901     
   1208.6248937197906        1387.6870487556587       -78.565950715959673       -1.0066642832506105       -1.0157449605281714       -476.10565887534068     
   1208.6248937197690        1593.2779105331024       -78.790863209567021       -1.0064877255610247       -1.0154458685739201       -415.42820968324429     
   1208.6248937197618        1829.3278030295569       -79.020242598937500       -1.0063470626904458       -1.0152336766736403       -364.62178317988486     
   1208.6248937196212        2100.3493419530782       -79.254385122086902       -1.0062437237153938       -1.0151121564536330       -321.98591326268053     
   1208.6248937185599        2411.5237033699036       -79.493748546745962       -1.0061783994504172       -1.0150834238895499       -286.07794270103841     
   1208.6248937185319        2768.7996733496661       -79.739018886478334       -1.0061507306648245       -1.0151473496479897       -255.68119713128692     
   1208.6248937185737        3179.0073721559152       -79.991154228160738       -1.0061591058524226       -1.0153010315753530       -229.77069274143045     
   1208.6248937186319        3649.9888271062787       -80.251383963735805       -1.0062006623982929       -1.0155388229886853       -207.49438614356077     
   1208.6248937187063        4190.7478902654921       -80.521155917335534       -1.0062715196898835       -1.0158528544022616       -188.15647073305493     
   1208.6248937188379        4811.6223669892706       -80.802043971719087       -1.0063672318388699       -1.0162338501263242       -171.19556798105029     
   1208.6248937198420        5524.4816459387239       -81.095638988263261       -1.0064841102867876       -1.0166730673276461       -156.15517853023883     
   1208.6248937199509        6342.9536086781773       -81.403411271248601       -1.0066284092670572       -1.0171716291634931       -142.52946623717480     
   1208.6248937201801        7282.6851567919521       -81.726288747391905       -1.0068758126632424       -1.0177984032128700       -128.99643822748203     
   1208.6248937203031        8361.6413369931270       -82.062603927483636       -1.0076490342403508       -1.0189573988037726       -110.50901640757891     
   1208.6248937203725        9600.4487827272460       -82.399712291721968       -1.0106467317247656       -1.0222734396641933       -70.504488703503270     
   1208.6248937205273        11022.790037885041       -82.687926624665081       -1.0211018029869103       -1.0327165357966284        33.330826677947300     
   1208.6248937206221        12655.856300998466       -82.778480912410146       -1.0518059266078461       -1.0623055562409267        285.01042413092875     
   1208.6248937207909        14530.867245137561       -82.309804016054727       -1.1285298505778449       -1.1349042413509414        814.46958164356272     
   1208.6248937209111        16683.667850996786       -80.548883565917450       -1.2968470739091305       -1.2919332936685612        1775.1970538721500     
   1208.6248937208582        19155.413662972234       -76.233994465713067       -1.6365198828795497       -1.6044394244501718        3293.2067321290169     
   1208.6248937208816        21993.357568412874       -67.498472211747440       -2.3143017545320426       -2.2189495984229559        5405.8401929397933     
   1208.6248937209195        25251.753141049907       -51.952020472541868       -3.8393043106898554       -3.5816231945749428        8021.5451617550461     
   1208.6248937209784        28992.891818043150       -26.942090035237896       -9.3696579754841629       -8.4644012848912560        10925.780222768593     
   1208.6248937211308        33288.293738557790        10.069026020624630        30.823376679537486        26.809326958266681        13836.024236406771     
   1208.6248937210978        38220.075009376094        61.149788802772029        5.9987276652455694        4.9820730462650076        16483.491278255853     
   1208.6248937211087        43882.517535898070        127.71806367748131        3.2543755647697088        2.5495643493520515        18685.596425335767     
   1208.6248937211640        50383.871429244136        210.61465866389486        2.1493145369759588        1.5599232667069662        20379.547807209365     
   1208.6248937210751        57848.424446515732        310.39669544338091        1.5357578518525883        1.0050600947048203        21609.061646557107     
   1208.6248937210960        66418.878026157006        427.71606446465580        1.1432988768844337       0.64692666578994196        22478.923233025387     
   1208.6248937211199        76259.075341493401        563.61980106336193       0.87310423191742204       0.39783240457118274        23102.870171677430     
   1208.6248937211801        87557.133525343655        719.65927042108763       0.67800011616216715       0.21536845210411482        23566.011200746296     
   1208.6248937210933        100529.03994500222        897.78606750354083       0.53089842438186596        7.4900817006053000E-002   23910.292158956712     
   1208.6248937211542        115422.78127846493        1100.0941158766884       0.41451709262098513       -3.9309229415065428E-002   24139.638793539732     
   1208.6248937211374        132523.08432811027        1328.5071092424807       0.31752244590415035      -0.13744324772278449        24235.726412145763     
   1208.6248937211535        152156.85920325865        1584.5103003170734       0.23259278121089433      -0.22588339165752069        24173.462433677363     
   1208.6248937211094        174699.44892980636        1868.9577091789465       0.15542013095159146      -0.30816014057896812        23935.049645485651     
   1208.6248937210048        200581.80496224956        2182.0343974213324        8.3713073485177869E-002 -0.38594235709950442        23515.731338544294     
   1208.6248937209675        230298.72577378116        2523.3080903447426        1.6451804960199823E-002 -0.45977446023736546        22924.522975328066     
   1208.6248937209973        264418.31602329091        2891.8833684694018       -4.6499628403140258E-002 -0.52944984163416664        22184.096322377554     
   1208.6248937209286        303592.84713223146        3286.5745605917141      -0.10521156493341055      -0.59480627762120819        21320.771264708786     
   1208.6248937208386        348571.22689539514        3706.0515188473914      -0.15944897092327681      -0.65546088549235559        20366.371582109365     
   1208.6248937209091        400213.31650958286        4149.0470783269975      -0.20899953474140942      -0.71111751384513067        19352.464181072028     
   1208.6248937209839        459506.36872178415        4614.5273640442683      -0.25362556953971371      -0.76149990427103242        18309.274459185181     
   1208.6248937209480        527583.90134878282        5101.9129466261120      -0.29297133764432215      -0.80624578748614106        17265.613962570733     
   1208.6248937207870        605747.36697697837        5611.4203314794604      -0.32637774709265654      -0.84471264045503180        16250.222097855049     
   1521.5685920320939        695.49103310680152       -77.781975726339780       -1.0078875846411290       -1.0179941475425724       -1237.6633753151411     
   1521.5685920321412        798.53054838020739       -78.012608068911675       -1.0075289018413798       -1.0172530115562102       -1049.2008025041914     
   1521.5685920323076        916.83574099872737       -78.249823599933904       -1.0071895224897667       -1.0165590232927417       -891.59528623880260     
   1521.5685920322583        1052.6682763454330       -78.493955617440847       -1.0068709971661551       -1.0159159696297722       -759.88214626676245     
   1521.5685920322730        1208.6248937209020       -78.745385426122809       -1.0065747921066299       -1.0153274416551969       -649.84838542160639     
   1521.5685920322603        1387.6870487569270       -79.004523039324383       -1.0063023696092286       -1.0147970532826700       -557.93930176444962     
   1521.5685920322292        1593.2779105345546       -79.271792348607065       -1.0060552439427044       -1.0143285086890315       -481.15713913613132     
   1521.5685920322464        1829.3278030312565       -79.547623128622490       -1.0058350016484112       -1.0139257140960001       -416.98644063859570     
   1521.5685920322801        2100.3493419553201       -79.832453277807076       -1.0056432710164551       -1.0135926456746993       -363.31124029433005     
   1521.5685920322817        2411.5237033745984       -80.126745283002819       -1.0054816237946926       -1.0133333389354504       -318.36718405797222     
   1521.5685920322901        2768.7996733551349       -80.431019943163349       -1.0053513977087636       -1.0131510959840666       -280.65005064316591     
   1521.5685920323247        3179.0073721621566       -80.745906516454710       -1.0052534468756296       -1.0130484495412080       -248.90992269905050     
   1521.5685920322680        3649.9888271131335       -81.072201107436911       -1.0051878602302182       -1.0130259822147345       -222.07377645736341     
   1521.5685920323385        4190.7478902732983       -81.410916466003172       -1.0051537248229818       -1.0130823416855725       -199.25137530437343     
   1521.5685920324179        4811.6223669979599       -81.763302121496011       -1.0051490258629723       -1.0132135830393456       -179.68944778153195     
   1521.5685920324142        5524.4816459440981       -82.130819796167373       -1.0051707510004793       -1.0134135775344084       -162.76769380187895     
   1521.5685920324020        6342.9536086837261       -82.515074311727659       -1.0052153396056753       -1.0136747917091280       -147.98104840492780     
   1521.5685920323988        7282.6851567969270       -82.917708286980215       -1.0052813165746295       -1.0139911191374551       -134.88139343402850     
   1521.5685920324497        8361.6413369982656       -83.340197898458811       -1.0053893401191591       -1.0143780325282301       -122.78506399066285     
   1521.5685920324311        9600.4487827324792       -83.783008742739824       -1.0056995395373103       -1.0149866434828714       -109.33785087301762     
   1521.5685920325193        11022.790037890276       -84.241634927532800       -1.0070010721672729       -1.0165747720109131       -85.617994473242774     
   1521.5685920325313        12655.856301003583       -84.691834180304966       -1.0121825694856204       -1.0219085293643815       -24.537817135176908     
   1521.5685920326669        14530.867245142703       -85.047652346528039       -1.0294509240769665       -1.0387848033911857        137.56035039097574     
   1521.5685920326630        16683.667851000984       -85.069785364393809       -1.0775372479789569       -1.0848009047089460        517.01430309063596     
   1521.5685920326705        19155.413662977990       -84.211697355843839       -1.1924288100171474       -1.1932683356063434        1278.7635574006381     
   1521.5685920328397        21993.357568421499       -81.425741596101219       -1.4375891970084091       -1.4218890964328896        2597.7698394680961     
   1521.5685920330054        25251.753141061774       -74.999995870213382       -1.9333674617058449       -1.8783195683590894        4591.3500453709194     
   1521.5685920331555        28992.891818058222       -62.525748936830510       -2.9829618910363420       -2.8318139224167567        7251.1062663981975     
   1521.5685920332310        33288.293738572545       -41.072162569478159       -5.8739744713138755       -5.4261285874650680        10411.812117030482     
   1521.5685920333585        38220.075009397282       -7.5619328319648780       -40.404527743464072       -36.159039189215449        13780.434993354726     
   1521.5685920332589        43882.517535919134        40.766907882443554        9.1435350916428515        7.8799334148581899        17018.581257983675     
   1521.5685920333563        50383.871429269246        106.00036979607718        4.1057192770506425        3.3773275727511773        19843.246279655763     
   1521.5685920332501        57848.424446544770        189.45730065581753        2.5678970930433045        1.9900314556876646        22101.039525868291     
   1521.5685920333046        66418.878026191582        291.92012723946368        1.7932201108236727        1.2843747040096734        23786.392280536471     
   1521.5685920332562        76259.075341529155        414.08758306880395        1.3201272770660726       0.84950844129401926        25004.495996026253     
   1521.5685920331305        87557.133525373109        557.04809837756397        1.0037559155650078       0.55578746667197110        25905.170712911786     
   1521.5685920330795        100529.03994503990        722.57596525040310       0.78131060391326490       0.34635104842720121        26620.755773211487     
   1521.5685920331352        115422.78127850662        913.14645306837986       0.61858651191666847       0.18982690308390548        27229.977650924870     
   1521.5685920331584        132523.08432816199        1131.6887782481531       0.49399194114076983        6.6327879878950835E-002   27752.172170447600     
   1521.5685920331648        152156.85920331662        1381.1812114600370       0.37812784020600620       -5.2263228065235534E-002   27956.273397178134     
   1521.5685920331325        174699.44892987562        1664.2552318204694       0.30638615239060463      -0.12947148839169276        28418.360565466610     
   1521.5685920331439        200581.80496234790        1982.8233345478791       0.22798149510428334      -0.21515012414153356        28474.205996315632     
   1521.5685920332298        230298.72577391419        2337.9286766105788       0.15473976601796524      -0.29670737634918187        28302.956558050369     
   1521.5685920332219        264418.31602343573        2729.7257293092212        8.5283945153170393E-002 -0.37492982434731470        27897.595057994964     
   1521.5685920331407        303592.84713239881        3157.5906765136069        1.9260477569143841E-002 -0.44974660049645809        27270.266617557292     
   1521.5685920330682        348571.22689559660        3620.3978998640414       -4.2865766953517070E-002 -0.52041385364951609        26453.318582018896     
   1521.5685920330770        400213.31650979328        4116.6500060918943      -0.10100720529434781      -0.58667451626294786        25478.566792317131     
   1521.5685920330170        459506.36872197920        4644.7717587238458      -0.15466817730343130      -0.64794583379951376        24387.887466326731     
   1521.5685920330877        527583.90134904697        5203.3394427516005      -0.20347965362059861      -0.70382870045347201        23221.832296970068     
   1521.5685920330907        605747.36697736348        5791.3415236818055      -0.24703245419363085      -0.75392178454582537        22019.823528164561     
   1915.5413662984654        695.49103310730618       -78.619129090841994       -1.0053475259001921       -1.0122903093792970       -1097.2588142407637     
   1915.5413662985416        798.53054838079390       -78.638382612187868       -1.0060491779263818       -1.0138882357952421       -1077.1845266087589     
   1915.5413662987107        916.83574099938130       -78.591536361976310       -1.0071007080109133       -1.0162650995810723       -1091.4340049195469     
   1915.5413662985493        1052.6682763461292       -78.864933076280408       -1.0067571997432805       -1.0155579791939260       -924.93422648811338     
   1915.5413662984629        1208.6248937216351       -79.148637854896023       -1.0064304811801075       -1.0148924144251341       -785.71191508153163     
   1915.5413662985250        1387.6870487578256       -79.443259788198390       -1.0061217693272899       -1.0142714309022551       -669.36503838973169     
   1915.5413662985618        1593.2779105356494       -79.749468302775114       -1.0058321858906478       -1.0136977441925521       -572.14888733162127     
   1915.5413662983221        1829.3278030322638       -80.067974745937590       -1.0055628327441930       -1.0131741096079494       -490.91860625391325     
   1915.5413662982735        2100.3493419563765       -80.399516866779720       -1.0053148492732091       -1.0127034432676663       -423.03726199942855     
   1915.5413662982462        2411.5237033757744       -80.744847703353784       -1.0050894441767237       -1.0122886955654427       -366.27707131776327     
   1915.5413662982469        2768.7996733564714       -81.104731281656527       -1.0048878907330978       -1.0119330264383757       -318.77736780589106     
   1915.5413662982025        3179.0073721635449       -81.479948350899633       -1.0047114716768493       -1.0116395565593255       -278.97289106559663     
   1915.5413662982176        3649.9888271148916       -81.871315431433757       -1.0045613608271600       -1.0114113415461423       -245.56186982432797     
   1915.5413662981775        4190.7478902750354       -82.279718617501601       -1.0044384381258153       -1.0112506798159462       -217.44004589852429     
   1915.5413662982439        4811.6223669998708       -82.706158818905266       -1.0043430566239657       -1.0111587813182226       -193.68021419596565     
   1915.5413663010293        5524.4816459543381       -83.151797810300152       -1.0042748113515265       -1.0111350161732136       -173.49248343621548     
   1915.5413663011047        6342.9536086957842       -83.617987878458351       -1.0042323862506157       -1.0111771233844242       -156.22997770502241     
   1915.5413663010897        7282.6851568107295       -84.106267535429296       -1.0042135741430180       -1.0112803554705132       -141.33511362512530     
   1915.5413663011850        8361.6413370142491       -84.618313529882954       -1.0042159108080984       -1.0114390921000826       -128.35350031275323     
   1915.5413663012507        9600.4487827512767       -85.155833568078577       -1.0042423663333169       -1.0116521114171415       -116.81055420802888     
   1915.5413663013132        11022.790037911580       -85.720225557935194       -1.0043430813224892       -1.0119642023872679       -105.63869006763430     
   1915.5413663012914        12655.856301027799       -86.310921116361939       -1.0048343777896864       -1.0126783759721241       -90.594403200040844     
   1915.5413663013198        14530.867245169427       -86.918074572321999       -1.0071169855746902       -1.0151440237223930       -56.454477362400979     
   1915.5413663014542        16683.667851032882       -87.497641032923298       -1.0158846354429489       -1.0238609152437359        39.345684381580227     
   1915.5413663014849        19155.413663014828       -87.906473856833514       -1.0434840135341041       -1.0505676729671145        288.81706944466589     
   1915.5413663014699        21993.357568461179       -87.772287361614971       -1.1163903306025238       -1.1201503294201354        846.63214328011713     
   1915.5413663014713        25251.753141104597       -86.294161197414226       -1.2837844241249246       -1.2781653948399141        1912.8703019126142     
   1915.5413663015868        28992.891818106276       -82.018249736658902       -1.6346887159866381       -1.6057565805551341        3674.5718611166326     
   1915.5413663017293        33288.293738628548       -72.687918095619423       -2.3599239979949500       -2.2748833663202408        6222.0033805518815     
   1915.5413663019647        38220.075009463071       -55.285187274265823       -4.0676785931043575       -3.8321470303726488        9479.3477310536946     
   1915.5413663020788        43882.517536000152       -26.328045842689036       -11.102979645861916       -10.186605276926402        13191.419916858657     
   1915.5413663022825        50383.871429364401        17.628587671241320        20.881714685873071        18.576855957359836        16983.841829022713     
   1915.5413663024251        57848.424446662371        79.467961575887585        5.5846235386961949        4.7871856896537262        20476.206304346044     
   1915.5413663024663        66418.878026325634        161.19975738172985        3.1686896315131063        2.5928805482500215        23398.068896757628     
   1915.5413663024758        76259.075341685908        264.02963396436996        2.1335369939323181        1.6439417014051587        25655.347250497762     
   1915.5413663025688        87557.133525564568        388.80300558423875        1.5435797265636491        1.0981628245920496        27322.391861779353     
   1915.5413663059196        100529.03994543896        536.63223594244835        1.1634226145425997       0.74298470851769038        28574.327921217679     
   1915.5413663058935        115422.78127895895        709.43256972881272       0.90359584606504573       0.49687200860621816        29599.822087713692     
   1915.5413663058177        132523.08432867410        910.14878330408078       0.71930099686233540       0.31846692925317654        30533.648335499394     
   1915.5413663057443        152156.85920389817        1142.6035313396701       0.58321519010767164       0.18237480325889233        31428.606782960858     
   1915.5413663057145        174699.44893054428        1411.0499676974275       0.47693333387314074        7.1623576316360182E-002   32263.910258051732     
   1915.5413663057914        200581.80496312218        1719.5940859007530       0.38804563252782831       -2.4940301936392739E-002   32974.953277302870     
   1915.5413663057373        230298.72577478367        2071.6906062430057       0.30855475006380240      -0.11419399540364072        33483.489575218657     
   1915.5413663057748        264418.31602444057        2469.7152963428766       0.23404504804430371      -0.19960163095008765        33725.552090879792     
   1915.5413663057841        303592.84713357018        2914.8537081262912       0.16254301259086756      -0.28239491181279841        33664.775428123234     
   1915.5413663056922        348571.22689694143        3407.1455846448762        9.3576131932981088E-002 -0.36251668989815511        33295.015564447407     
   1915.5413663056122        400213.31651131826        3945.6984014650411        2.7619361481185045E-002 -0.43914992288295773        32639.423789478838     
   1915.5413663055617        459506.36872373620        4529.0709339168843       -3.4831527081249813E-002 -0.51160750519123022        31735.135649848547     
   1915.5413663054933        527583.90135102090        5155.4188120611916       -9.3098326929049957E-002 -0.57912305362810179        30631.588774969368     
   1915.5413663055267        605747.36697963928        5822.9245525911711      -0.14661965613984762      -0.64112002417343539        29381.677445723239     
   2411.5237033846329        695.49103310977932       -79.269502959333821       -1.0038183313362850       -1.0088366618085103       -1019.6443916227320     
   2411.5237033846420        798.53054838360458       -79.421865282093876       -1.0040218463734905       -1.0093248912422415       -943.41813711418604     
   2411.5237033847061        916.83574100255191       -79.573860551477637       -1.0042878657225716       -1.0099549444033371       -881.88553909735344     
   2411.5237033846161        1052.6682763498188       -79.716030201654547       -1.0046622813835833       -1.0108287044896893       -837.89391857647752     
   2411.5237033848302        1208.6248937260334       -79.761163953860574       -1.0055389425881986       -1.0128189158870249       -856.53157336643017     
   2411.5237033849248        1387.6870487628848       -79.904190364693306       -1.0060459646539832       -1.0139953723244743       -816.40121041717032     
   2411.5237033849544        1593.2779105414475       -80.248397829100270       -1.0057326384620680       -1.0133595215980868       -693.41867578937854     
   2411.5237033849935        1829.3278030391789       -80.608393532229400       -1.0054349311695439       -1.0127628908610580       -590.64425049709132     
   2411.5237033849230        2100.3493419643087       -80.985178777353042       -1.0051536913760186       -1.0122074980393654       -504.75110396450975     
   2411.5237033849580        2411.5237033849507       -81.379811390201212       -1.0048897361444977       -1.0116953712553449       -432.95210969180505     
   2411.5237033850235        2768.7996733670816       -81.793390054744435       -1.0046439064452075       -1.0112287253596832       -372.92205701880624     
   2411.5237033850090        3179.0073721757817       -82.227041271601877       -1.0044171039032603       -1.0108097188501686       -322.69080461606126     
   2411.5237033848798        3649.9888271287168       -82.681910518597192       -1.0042103012533885       -1.0104408345478400       -280.62618417400995     
   2411.5237033848089        4190.7478902908733       -83.159159994561492       -1.0040245160237637       -1.0101244065460702       -245.34247695352673     
   2411.5237033847829        4811.6223670178360       -83.659975823379440       -1.0038607359066261       -1.0098630343514277       -215.70413275029935     
   2411.5237033847438        5524.4816459668427       -84.185587006805733       -1.0037197883192737       -1.0096586605178863       -190.73787410759516     
   2411.5237033847261        6342.9536087098440       -84.737295724488234       -1.0036021597016367       -1.0095126980500513       -169.63857769092363     
   2411.5237033846497        7282.6851568266993       -85.316513269973768       -1.0035077932837120       -1.0094251810343375       -151.71902339016918     
   2411.5237033846020        8361.6413370320042       -85.924789327823774       -1.0034359228545346       -1.0093946572841022       -136.40574205924054     
   2411.5237033846174        9600.4487827713947       -86.563818172065623       -1.0033850792205483       -1.0094179788457727       -123.21646243467937     
   2411.5237033847138        11022.790037934759       -87.235404216286256       -1.0033543630728514       -1.0094915519614998       -111.72540302057456     
   2411.5237033847566        12655.856301054780       -87.941330730643557       -1.0033557543029692       -1.0096238903874575       -101.36825674907764     
   2411.5237033846329        14530.867245199444       -88.682736444863551       -1.0034963968042436       -1.0099156828489138       -90.303219652178939     
   2411.5237033846311        16683.667851066166       -89.456957703133540       -1.0043648022650775       -1.0109352835962839       -71.044792067541849     
   2411.5237033788649        19155.413663006933       -90.244612568406481       -1.0083246551987970       -1.0149650034792139       -18.627479206602345     
   2411.5237033788817        21993.357568452433       -90.969290773246669       -1.0226561653132857       -1.0289940958649058        131.12090614253671     
   2411.5237033788085        25251.753141093774       -91.401247519795291       -1.0651659375615647       -1.0699732630593997        505.84783313730333     
   2411.5237033788176        28992.891818092212       -90.980366152248038       -1.1720165386032213       -1.1719381341971307        1302.6112967772531     
   2411.5237033787339        33288.293738608765       -88.569181073196376       -1.4093297139751231       -1.3962597047575187        2752.2206539825474     
   2411.5237033788517        38220.075009437533       -82.210137040605176       -1.9040596853572942       -1.8592126595942844        5038.5709806209834     
   2411.5237033789531        43882.517535970059       -69.016459999742139       -2.9760612028255373       -2.8517888723905220        8202.0536493256895     
   2411.5237033789913        50383.871429325285       -45.322516482374589       -6.0032088870590421       -5.6272313686566662        12077.404433062424     
   2411.5237033791332        57848.424446616562       -7.1288791416960615       -49.491753246699297       -45.236857175650435        16308.671258127015     
   2411.5237033791154        66418.878026271137        49.276844913807402        8.9208380509468554        7.9159951438562999        20448.091841216810     
   2411.5237033791027        76259.075341622534        126.77999059212439        4.1197617208874204        3.5257951047648088        24100.102874908105     
   2411.5237033794701        87557.133525500903        227.25751298255753        2.6064725591903137        2.1306649730686069        27043.940488497727     
   2411.5237033795765        100529.03994519442        351.89166466782035        1.8350512961088961        1.4130695460722902        29278.467710556641     
   2411.5237033796211        115422.78127868191        501.87286660949235        1.3636054001918314       0.97020073721336653        30976.151687855294     
   2411.5237033796129        132523.08432836083        679.18672479041379        1.0518097124738479       0.67335358559756076        32380.287727430317     
   2411.5237033796307        152156.85920354538        887.14304830605499       0.83741816899595323       0.46477100026772566        33700.309773456574     
   2411.5237033795847        174699.44893013861        1130.4377912920881       0.68496252181948036       0.31125521060809813        35047.434891754245     
   2411.5237033795902        200581.80496264886        1414.7476217913288       0.57086762595399954       0.19084894246694395        36423.001508446701     
   2411.5237033796989        230298.72577425709        1746.0262644792219       0.47883482465088045        8.8706829882561067E-002   37746.522543798346     
   2411.5237033796752        264418.31602382823        2129.7390436079190       0.39822743861945153       -4.4536746210923628E-003   38901.393691842022     
   2411.5237033798021        303592.84713288158        2570.2487693661719       0.32265655063731580       -9.3840575974071916E-002   39770.531612882165     
   2411.5237033798389        348571.22689617286        3070.3726019624046       0.24924597843819574      -0.18139144139665797        40270.490521102736     
   2411.5237033798949        400213.31651046191        3631.3499867623509       0.17725124447360785      -0.26718445902804022        40360.459903844552     
   2411.5237033798926        459506.36872276460        4252.9861289138025       0.10707148407804978      -0.35040121448884309        40040.540878746280     
   2411.5237033798135        527583.90134990693        4934.0560016640711        3.9913158315603381E-002 -0.42961401224438178        39351.912819683457     
   2411.5237033798135        605747.36697834975        5672.7104969902157       -2.3566606113776478E-002 -0.50408510095207615        38343.867918846430     
   3035.9284713291181        695.49103310845601       -79.826435254998472       -1.0028889659931119       -1.0067211914149821       -996.53233126342195     
   3035.9284713291795        798.53054838209823       -80.030458119488571       -1.0029758810853076       -1.0069455877476110       -906.47908367677098     
   3035.9284713290131        916.83574100074782       -80.242413636112488       -1.0030969220149653       -1.0072481950978331       -831.82236209919654     
   3035.9284713291549        1052.6682763478359       -80.463158831721159       -1.0032525338021041       -1.0076305647156452       -769.31878311405660     
   3035.9284713291713        1208.6248937236560       -80.692284703139535       -1.0034490234387805       -1.0081068427143045       -717.21493152792618     
   3035.9284713292286        1387.6870487601268       -80.927173919317184       -1.0037026214841664       -1.0087132218777637       -675.29755808543098     
   3035.9284713292668        1593.2779105382813       -81.153773505172055       -1.0040800374618097       -1.0095980089129386       -649.15572554087055     
   3035.9284713296015        1829.3278030357160       -81.189452710821243       -1.0053886310470603       -1.0125501267841919       -721.54903512423346     
   3035.9284713296315        2100.3493419604147       -81.612279006379566       -1.0050892280276378       -1.0119449152971964       -612.92705254525754     
   3035.9284713294578        2411.5237033803069       -82.056918981616136       -1.0048034619054671       -1.0113742571788724       -522.12476745057893     
   3035.9284713293955        2768.7996733616169       -82.524767270158890       -1.0045319702977971       -1.0108397475661499       -446.21522194507060     
   3035.9284713292654        3179.0073721693907       -83.017291264354753       -1.0042753524818913       -1.0103428985752201       -382.73665461306700     
   3035.9284713292586        3649.9888271215673       -83.536015390768824       -1.0040342213117794       -1.0098852398235489       -329.62330416103310     
   3035.9284713292063        4190.7478902827152       -84.082506643828822       -1.0038092410219994       -1.0094685048471412       -285.15533469918944     
   3035.9284713291781        4811.6223670084764       -84.658362313622689       -1.0036011458425034       -1.0090942817412780       -247.86919957773637     
   3035.9284713291222        5524.4816459560843       -85.265201524148424       -1.0034107318881849       -1.0087645365502635       -216.56538006803723     
   3035.9284713291595        6342.9536086976159       -85.904662817095229       -1.0032388130577417       -1.0084810978512655       -190.22952436293332     
   3035.9284713282168        7282.6851568106295       -86.578410082487210       -1.0030861328110958       -1.0082457393038453       -168.02062827790087     
   3035.9284713281472        8361.6413370135269       -87.288147852245203       -1.0029532307747975       -1.0080595660550224       -149.22281223752742     
   3035.9284713280385        9600.4487827497742       -88.035643552125677       -1.0028402787820836       -1.0079233006721924       -133.25544252114838     
   3035.9284713280736        11022.790037909623       -88.822748882522134       -1.0027469315220545       -1.0078358865628576       -119.60359132796589     
   3035.9284713058178        12655.856300932919       -89.651406562445885       -1.0026724379221008       -1.0077956112463766       -107.85209164609118     
   3035.9284713056636        14530.867245059539       -90.523616102441437       -1.0026185230512510       -1.0078019507204765       -97.582229939935189     
   3035.9284713057250        16683.667850905877       -91.441227677836309       -1.0026149572714345       -1.0078814493033805       -87.988658927319122     
   3035.9284713058050        19155.413662869207       -92.404756816340438       -1.0028725564721530       -1.0082367140293367       -75.819245670075532     
   3035.9284713057868        21993.357568294017       -93.407579746705878       -1.0044255832375864       -1.0098712465564958       -48.307911527924041     
   3035.9284713059837        25251.753140914290       -94.414093776168386       -1.0110637847215354       -1.0164517365382904        33.803325551742631     
   3035.9284713060551        28992.891817886713       -95.297235589377465       -1.0335560237682171       -1.0383348874466369        263.28264196070404     
   3035.9284713061320        33288.293738374814       -95.701397456049989       -1.0965155173518928       -1.0989919514337929        809.95503136724881     
   3035.9284713062525        38220.075009168570       -94.811520755638938       -1.2477669289366335       -1.2435280163477578        1913.8824034510105     
   3035.9284713063544        43882.517535660882       -91.062437715857726       -1.5752491383773575       -1.5538395381999281        3826.5021304830543     
   3035.9284713064094        50383.871428970415       -81.898176237215750       -2.2640029654754192       -2.2005526666951134        6707.6484246822147     
   3035.9284713064048        57848.424446205630       -63.738446293572835       -3.8812684344061821       -3.7051020557263117        10522.489671507428     
   3035.9284713065140        66418.878025802202       -32.273289184657109       -10.175768387026210       -9.5156037077543516        14997.692359960749     
   3035.9284713064358        76259.075341082556        16.931289355418741        24.942116398147341        22.778035995893379        19675.898020876979     
   3035.9284713065294        87557.133524870282        87.724444845374819        5.9138343738087658        5.2505651725958264        24058.663869027881     
   3035.9284713065886        100529.03994446792        182.89655984083197        3.3181623777722260        2.8447689373439804        27776.285263251419     
   3035.9284713066331        115422.78127784732        304.23437247124673        2.2326647508148270        1.8302918123844290        30702.412851900634     
   3035.9284713066545        132523.08432740395        453.16243638366120        1.6225333069528753        1.2546026299931228        32960.156985926558     
   3035.9284713069351        152156.85920245969        631.72306345840559        1.2362713676041830       0.88540969962509508        34827.222163019469     
   3035.9284713072325        174699.44892891255        843.46349425095900       0.97924874005828100       0.63452246672647505        36598.227571858333     
   3035.9284713094030        200581.80496138407        1093.8458233673209       0.80317269954841053       0.45650133190628206        38471.605484709755     
   3035.9284713093693        230298.72577279204        1390.0235521335419       0.67738337512661007       0.32255049473916397        40500.012434444521     
   3035.9284713093193        264418.31602214428        1740.0912058497943       0.58054633729265848       0.21301591582338197        42604.157666840569     
   3035.9284713102325        303592.84713102353        2152.0665656205979       0.46527329599534228        8.2139819902984135E-002   43915.714735194400     
   3035.9284713103161        348571.22689404385        2633.0170256808501       0.42170180180897820        2.1525429271207042E-002   46385.044126866844     
   3035.9284713104335        400213.31650802359        3188.1926656985202       0.34646823882249067       -7.1001567015900546E-002   47726.870205662308     
   3035.9284713106331        459506.36871999566        3820.7914476117053       0.27131808565930893      -0.16285367911989523        48552.618755949050     
   3035.9284713106695        527583.90134675137        4531.9769631277923       0.19672646416451278      -0.25304010816091826        48824.339660114565     
   3035.9284713107054        605747.36697473389        5321.1755925281559       0.12386061509548951      -0.34013749276349214        48555.992515593141     
   3822.0075009221287        695.49103310417627       -74.861425004021427       -1.0269250644288273       -1.0598300405433967       -9230.4889846055758     
   3822.0075009219495        798.53054837713103       -75.420517527652677       -1.0254684500168056       -1.0566423942237020       -7687.9871401702967     
   3822.0075009219372        916.83574099509190       -76.138730877699174       -1.0233906148224408       -1.0520817431127107       -6237.1374437454433     
   3822.0075009220059        1052.6682763413116       -76.959703554615331       -1.0209526808630975       -1.0467257086061286       -4948.9811284925854     
   3822.0075009219854        1208.6248937161522       -77.842615969285347       -1.0183446683007558       -1.0409950542155504       -3848.7516690994380     
   3822.0075009218517        1387.6870487514366       -78.755343876910686       -1.0157166633996664       -1.0352221328908291       -2938.1498445598581     
   3822.0075009220395        1593.2779105283619       -79.673324687307456       -1.0131842635633543       -1.0296630700243898       -2205.0808352095810     
   3822.0075009221468        1829.3278030241768       -80.579861431052365       -1.0108276162106746       -1.0244952795872064       -1629.1785944856897     
   3822.0075009222423        2100.3493419471974       -81.469996256820181       -1.0086750457531901       -1.0197816478892019       -1184.1700311983634     
   3822.0075009223497        2411.5237033653370       -82.378992017575200       -1.0065810731090121       -1.0151997174859086       -828.96011049145909     
   3822.0075009220441        2768.7996733442656       -83.320995021486937       -1.0044944927938499       -1.0106351209549065       -542.66236389348524     
   3822.0075009218795        3179.0073721494673       -83.875143648166244       -1.0042214610130171       -1.0100917008813823       -462.42023386967969     
   3822.0075009218185        3649.9888270986421       -84.460513644462651       -1.0039609279426112       -1.0095802313497810       -395.31806640391915     
   3822.0075009216653        4190.7478902562980       -85.079067052111114       -1.0037133333370098       -1.0091017644501803       -339.17339672996303     
   3822.0075009214261        4811.6223669778883       -85.732840942301110       -1.0034791243955539       -1.0086573767698783       -292.16114075846946     
   3822.0075009212733        5524.4816459208459       -86.423931487959905       -1.0032587925130569       -1.0082481687334097       -252.75069083619303     
   3822.0075009211228        6342.9536086568287       -87.154478608824235       -1.0030528956738116       -1.0078754375360914       -219.67166396187540     
   3822.0075009211187        7282.6851567660524       -87.926652169593183       -1.0028620612360737       -1.0075404512956012       -191.85289404637240     
   3822.0075009211182        8361.6413369625352       -88.742641295494110       -1.0026869621313175       -1.0072447889732952       -168.41809916091034     
   3822.0075009210641        9600.4487826914392       -89.604648712091233       -1.0025282593120708       -1.0069895950569334       -148.61270682814137     
   3822.0075009209372        11022.790037842149       -90.514891563928231       -1.0023865068173257       -1.0067761556346504       -131.82888759109647     
   3822.0075009208963        12655.856300948093       -91.475608183767648       -1.0022620263052848       -1.0066049199924536       -117.54198941996501     
   3822.0075009207831        14530.867245077265       -92.489066273171630       -1.0021548004081797       -1.0064755929593856       -105.31488293569004     
   3822.0075009206698        16683.667850925402       -93.557560838111343       -1.0020649120225547       -1.0063873585390224       -94.768766884863069     
   3822.0075009203724        19155.413662889623       -94.683358957748524       -1.0019989426620453       -1.0063452847129251       -85.460765818319970     
   3822.0075009203688        21993.357568317573       -95.868318042331566       -1.0020201424979345       -1.0064089623835184       -76.077035831130274     
   3822.0075009202537        25251.753140938941       -97.111643471578958       -1.0025160866621905       -1.0069551779373322       -60.942239839796116     
   3822.0075009202442        28992.891817914260       -98.399646241470876       -1.0052051576624377       -1.0096561336601260       -19.135305538326747     
   3822.0075009201701        33288.293738404958       -99.670391579363098       -1.0158566499100330       -1.0201056528252657        108.47731496773744     
   3822.0075009202696        38220.075009202657       -100.72086873574035       -1.0496518819711995       -1.0529338543625160        450.48117578882716     
   3822.0075009203292        43882.517535699226       -101.01987636393721       -1.1392055873677189       -1.1393122046519824        1223.3871884973942     
   3822.0075009203083        50383.871429013263       -99.419998376154652       -1.3458990183142350       -1.3372964071301920        2706.0838116341333     
   3822.0075009202801        57848.424446254467       -93.834601044523723       -1.7858934885086104       -1.7555742159703493        5154.3885890297088     
   3822.0075009203019        66418.878025856262       -81.028519036862420       -2.7345434868189429       -2.6500996703887001        8678.7567159597074     
   3822.0075009204938        76259.075341150427       -56.699618459288850       -5.2550746074675514       -5.0082787823914448        13144.601750134585     
   3822.0075009205270        87557.133524946272       -15.946450922758883       -24.683818141081147       -23.081946357371685        18160.125236785505     
   3822.0075009205034        100529.03994455257        45.975560888168673        10.869972564496807        9.9429612305270272        23180.930677239223     
   3822.0075009206689        115422.78127794784        132.92531346123081        4.5462144846960166        4.0490495722099915        27697.874455202553     
   3822.0075009208545        132523.08432752485        247.58508108798262        2.8140447564471693        2.4235760285140091        31420.595087244681     
   3822.0075009209768        152156.85920258934        391.87272709202864        1.9719529387565662        1.6262943103792500        34363.550818178148     
   3822.0075009210009        174699.44892904538        567.97491198782677        1.4732476382496391        1.1483550550209194        36795.202297862714     
   3822.0075009210950        200581.80496139813        779.57368045824410        1.1542275358957959       0.83650324585614566        39088.058583401587     
   3822.0075009213169        230298.72577282405        1032.7184471829034       0.94358521185290889       0.62338327054116993        41553.219284340994     
   3822.0075009216152        264418.31602220610        1335.9642882190903       0.80002368511377586       0.46994000821433435        44333.312737995795     
   3822.0075009219399        303592.84713102900        1699.7281642408202       0.69541033376013606       0.34998918330067408        47381.278679488481     
   3822.0075009219613        348571.22689404245        2135.1115754705143       0.61026834892603521       0.24600376300352700        50507.837659119730     
   3822.0075009220141        400213.31650801195        2652.5678876969982       0.53246340026114991       0.14767313807553717        53462.431703309921     
   3822.0075009221005        459506.36871996260        3260.8616645119519       0.45536124014473089        4.9856450339501590E-002   55995.190261216048     
   3822.0075009221578        527583.90134671493        3966.1338938880890       0.37685767907345769       -4.8481171676353574E-002   57918.761666374834     
   3822.0075009220927        605747.36697467463        4771.8273638306355       0.29737257526057270      -0.14628170189645617        59128.181046323880     
   4811.6223669791261        695.49103310422527       -79.616406990125796       -1.0075664956139905       -1.0169707264176977       -3603.0509269005806     
   4811.6223669791907        798.53054837723528       -75.180362546192072       -1.0284843233486631       -1.0632526495671333       -10724.534686589885     
   4811.6223669792244        916.83574099522116       -75.644934103389900       -1.0276627585559135       -1.0614688357345026       -9151.6457508426120     
   4811.6223669798574        1052.6682763415797       -76.327793797926532       -1.0259805966982827       -1.0577824987896587       -7580.7609071329043     
   4811.6223669796618        1208.6248937164169       -77.156375281324998       -1.0237715963623353       -1.0529315369230952       -6135.4573646693361     
   4811.6223669795063        1387.6870487517444       -78.084136101581464       -1.0212519327973304       -1.0473946938377627       -4864.8034223703708     
   4811.6223669796373        1593.2779105286802       -79.074706183246462       -1.0185912241589696       -1.0415475228508100       -3784.7165055899604     
   4811.6223669796909        1829.3278030245112       -80.098362936815647       -1.0159285493841095       -1.0356978369824490       -2892.7448012424325     
   4811.6223669795963        2100.3493419474880       -81.131910095187251       -1.0133733775926084       -1.0300882042221213       -2175.2414235754945     
   4811.6223669795672        2411.5237033655885       -82.159209576813893       -1.0110036588456459       -1.0248913018118655       -1611.7404743597076     
   4811.6223669797391        2768.7996733448740       -83.171781296468453       -1.0088637309203914       -1.0202055475451939       -1178.3444347598504     
   4811.6223669796709        3179.0073721502586       -84.175848402745203       -1.0069352635189421       -1.0159898088800416       -847.19920051506915     
   4811.6223669798219        3649.9888270997226       -85.239195521289304       -1.0049429715466782       -1.0116339635905089       -572.61803417878980     
   4811.6223669797691        4190.7478902576604       -86.173535321231427       -1.0036841490242250       -1.0089038412669309       -410.34826090474206     
   4811.6223669796600        4811.6223669796454       -86.910511264919720       -1.0034356968693019       -1.0084172712393078       -351.00941759493071     
   4811.6223669795963        5524.4816459230105       -87.691361724393985       -1.0031986729450553       -1.0079598603562336       -301.32127618729987     
   4811.6223669795854        6342.9536086595508       -88.518750500992951       -1.0029734125430876       -1.0075322445514268       -259.66364061438281     
   4811.6223669794890        7282.6851567690383       -89.395418629589940       -1.0027602911773585       -1.0071354749247590       -224.71816266433470     
   4811.6223669794608        8361.6413369659185       -90.324165639541164       -1.0025597482219650       -1.0067699947504138       -195.32235209770084     
   4811.6223669793017        9600.4487826951372       -91.307830428974498       -1.0023722958679164       -1.0064371367504996       -170.57180691550110     
   4811.6223669793180        11022.790037846802       -92.349272705415729       -1.0021985083254001       -1.0061378769459486       -149.67840007114145     
   4811.6223669792307        12655.856300953337       -93.451356354352939       -1.0020389855419352       -1.0058729226117797       -131.97253957330571     
   4811.6223669786223        14530.867245081881       -94.616936070368808       -1.0018942873810244       -1.0056434876189615       -116.93167579978187     
   4811.6223669786650        16683.667850931342       -95.848847540381271       -1.0017648428736476       -1.0054499117752329       -104.09194106708181     
   4811.6223669787150        19155.413662898140       -97.149898556377394       -1.0016509225707553       -1.0052925172893850       -93.083291039355771     
   4811.6223669786541        21993.357568327094       -98.522848729753491       -1.0015538455187352       -1.0051716561981208       -83.545161654048925     
   4811.6223669784767        25251.753140949695       -99.970298253006135       -1.0014893496529811       -1.0051018705256880       -74.915101729969706     
   4811.6223669783694        28992.891817926033       -101.49394568421171       -1.0015800121423031       -1.0052014949233727       -64.945931691004006     
   4811.6223669782230        33288.293738418113       -103.09046738378470       -1.0024951335637964       -1.0061246373285135       -44.001857354484393     
   4811.6223669779420        38220.075009214532       -104.73420499974959       -1.0069342096846015       -1.0105049226444298        20.755683551444946     
   4811.6223669775891        43882.517535708954       -106.32236168353261       -1.0232322973876766       -1.0264418158774860        214.67319010001273     
   4811.6223669773162        50383.871429021849       -107.54275156540844       -1.0717802779224186       -1.0736311028337608        708.66501448283452     
   4811.6223669772826        57848.424446264355       -107.62895099443953       -1.1940348457734489       -1.1918007621561446        1767.0627105327978     
   4811.6223669765168        66418.878025856669       -105.01747933305558       -1.4666114892878825       -1.4536731152280247        3697.6965987072726     
   4811.6223669766150        76259.075341148622       -97.012477894068894       -2.0419958964170464       -2.0027402001593853        6738.9248955065705     
   4811.6223669764331        87557.133524940131       -79.644578291291680       -3.3351671313093667       -3.2280221906271653        10924.720466659002     
   4811.6223669762012        100529.03994454128       -47.906155947817552       -7.4554893591327396       -7.1071169133453536        16001.536431737966     
   4811.6223669760848        115422.78127792708        3.5958240055167878        129.87429933960058        121.68131221381691        21462.268437847164     
   4811.6223669761366        132523.08432749604        79.777675024690751        7.3193818960361732        6.7191376085280350        26708.729350213362     
   4811.6223669762248        152156.85920255416        184.44176619612639        3.7693226513323026        3.3742551643572405        31278.272025204657     
   4811.6223669763485        174699.44892900836        320.31615658375000        2.4747360821453226        2.1452890422832911        35020.637523470577     
   4811.6223669765604        200581.80496135951        489.94037888571785        1.7908268554462863        1.4888988772456098        38130.609487569920     
   4811.6223669767269        230298.72577277431        697.11044029181835        1.3773434974784138        1.0848610262005942        41024.796497401549     
   4811.6223669768251        264418.31602213375        948.25637368328580        1.1149351993771588       0.82007462188292912        44138.010513409128     
   4811.6223669770870        303592.84713093663        1253.1261268575126       0.94403839506357956       0.63789945212283783        47745.067328394609     
   4811.6223669770779        348571.22689393378        1624.4700098082546       0.82665980274217188       0.50263927336132186        51878.029143864362     
   4811.6223669771589        400213.31650788849        2076.8427192141130       0.73647851440888634       0.39029353734904926        56346.911597555481     
   4811.6223669774417        459506.36871983740        2624.9394961438084       0.65638265624462822       0.28599679064053785        60826.445604061810     
   4811.6223669780111        527583.90134662576        3281.9779286888734       0.57721868162641021       0.18248357676193971        64964.631878379078     
   4811.6223669785177        605747.36697464634        4058.4759245290206       0.49502906073238084        7.7140096667467573E-002   68441.525732356560     
   6057.4736697470480        695.49103310420583       -80.153018680454807       -1.0073480635495202       -1.0164458719557099       -4398.2511594110583     
   6057.4736697469816        798.53054837719355       -80.520791876884246       -1.0071100349588409       -1.0159426415641950       -3750.7414286684261     
   6057.4736697468670        916.83574099514942       -80.916294089283497       -1.0068506117484004       -1.0153927039102280       -3188.5602702918613     
   6057.4736697471071        1052.6682763414005       -76.128504039758354       -1.0293045157673117       -1.0650730701207272       -10669.822196146069     
   6057.4736697471280        1208.6248937162648       -76.750550158010341       -1.0281641611808954       -1.0625841600507429       -9029.5960158653743     
   6057.4736697471199        1387.6870487516126       -77.568303654977839       -1.0263073068053750       -1.0585111451684321       -7451.3947780928938     
   6057.4736697473872        1593.2779105285556       -78.525531643276992       -1.0239935786247403       -1.0534281745894736       -6020.5660506325148     
   6057.4736697474718        1829.3278030243735       -79.582111086166790       -1.0214100666537864       -1.0477501197803312       -4771.7553173399474     
   6057.4736697476392        2100.3493419474289       -80.705008645448174       -1.0187112617659659       -1.0418182251788812       -3713.9404918970122     
   6057.4736697478702        2411.5237033656272       -81.866536263941910       -1.0160270524669379       -1.0359205676664140       -2841.9079976163489     
   6057.4736697480212        2768.7996733448890       -83.044831946471447       -1.0134610777233464       -1.0302865972290129       -2140.8013690435873     
   6057.4736697479375        3179.0073721502763       -84.224621891531697       -1.0110879338512189       -1.0250816037570443       -1590.0903461416253     
   6057.4736697479129        3649.9888270996139       -85.397492748312843       -1.0089525534599757       -1.0204050554515935       -1166.5194706886230     
   6057.4736697480048        4190.7478902576458       -86.562688038603653       -1.0070676041150379       -1.0162847219626596       -846.08364746785105     
   6057.4736697480676        4811.6223669797873       -87.739283988072799       -1.0053650838517090       -1.0125701585781686       -601.54015281044053     
   6057.4736697482449        5524.4816459234080       -89.093652758900788       -1.0031878876061915       -1.0078015673034535       -364.86448397539277     
   6057.4736697482440        6342.9536086600201       -90.026066370923147       -1.0029526359277914       -1.0073416840050016       -312.36984061800786     
   6057.4736697481439        7282.6851567696049       -91.015864974458950       -1.0027276823178086       -1.0069077895712102       -268.36080083754052     
   6057.4736697473008        8361.6413369654529       -92.066486426850204       -1.0025132948702820       -1.0065004488479454       -231.42873906900931     
   6057.4736697471481        9600.4487826946788       -93.181465426545714       -1.0023097814107249       -1.0061201240947972       -200.38250806983851     
   6057.4736697471853        11022.790037846304       -94.364410481639453       -1.0021175131324840       -1.0057675206887615       -174.24334451303810     
   6057.4736697471862        12655.856300952999       -95.618978666359240       -1.0019369369723816       -1.0054432220220320       -152.17823912286326     
   6057.4736697471053        14530.867245083135       -96.948848589876974       -1.0017685730768964       -1.0051477819798835       -133.48903870225905     
   6057.4736697471844        16683.667850932852       -98.357692368639363       -1.0016129929794835       -1.0048820543821524       -117.61256801083204     
   6057.4736697471490        19155.413662899558       -99.849147537229967       -1.0014707750195517       -1.0046469518785526       -104.08418189751094     
   6057.4736697472008        21993.357568329189       -101.42678930669447       -1.0013424456857194       -1.0044428238750942       -92.498027298406797     
   6057.4736697469989        25251.753140952198       -103.09410104431116       -1.0012286049068682       -1.0042700742294266       -82.520322558172566     
   6057.4736697469471        28992.891817929303       -104.85442404878468       -1.0011327408521893       -1.0041314820076512       -73.799020808879050     
   6057.4736697468006        33288.293738422071       -106.71072968149710       -1.0010873074938520       -1.0040581243752973       -65.486688103127818     
   6057.4736697468379        38220.075009221546       -108.66419662018392       -1.0013132297233158       -1.0042660504969232       -53.728458132816471     
   6057.4736697468416        43882.517535720246       -110.70693241610674       -1.0028984902989093       -1.0058214752069552       -22.768720177373524     
   6057.4736697466860        50383.871429036386       -112.79395416017604       -1.0098531463111677       -1.0126460729714035        76.750905548558748     
   6057.4736697465405        57848.424446280056       -114.76175565762976       -1.0336031882953456       -1.0358673035831500        362.95721510437630     
   6057.4736697465150        66418.878025884973       -116.14753483244115       -1.1002460922058215       -1.1007571470400126        1053.7559160672965     
   6057.4736697464014        76259.075341178148       -115.88213195166092       -1.2603716264250187       -1.2559409574836891        2457.9258566992148     
   6057.4736697463550        87557.133524976656       -111.90192344131910       -1.6070613946719696       -1.5901342881515339        4896.5061096118061     
   6057.4736697463450        100529.03994458793       -100.82982623011381       -2.3383676757997685       -2.2908816096331326        8564.6987716827825     
   6057.4736697462449        115422.78127798153       -77.943088430132036       -4.0788261660409777       -3.9484641154154430        13394.930987607891     
   6057.4736697462895        132523.08432755808       -37.591815668566646       -11.296638494775117       -10.787706319215722        19006.093676027227     
   6057.4736697463868        152156.85920262506        25.979345259760414        21.078761885536554        19.815802957065763        24797.398909887608     
   6057.4736697464614        174699.44892908740        117.75322368766344        5.7230708099198777        5.2794967115002951        30170.838491739254     
   6057.4736697464296        200581.80496144039        241.55073054667866        3.2791757030276294        2.9538408925426847        34781.167303854170     
   6057.4736697464641        230298.72577286055        400.56519891925166        2.2439457578435889        1.9596998041453624        38678.100599418976     
   6057.4736697464186        264418.31602222536        598.80872349528340        1.6746144145447834        1.4044272308592389        42259.966402630220     
   6057.4736697483140        303592.84713112033        842.92199841285196        1.3313804737604360        1.0600086597160217        46069.585878901722     
   6057.4736697485478        348571.22689415881        1143.5333607079078        1.1176331720035453       0.83418621472819288        50548.340653401545     
   6057.4736697486514        400213.31650814688        1515.5316857644730       0.97918979122341976       0.67561132883604014        55866.795965654725     
   6057.4736697488388        459506.36872012133        1977.1010763925249       0.87990118407226370       0.55089911521263546        61886.322155016998     
   6057.4736697489398        527583.90134689806        2547.8514896003244       0.79584927264781813       0.43888067461931435        68232.873794064843     
   6057.4736697489634        605747.36697489757        3246.6040115064720       0.65395072183130076       0.26884655093561438        72494.095754985479     
