 -0.94999999999999996       -1.9600000000000000       -2.2042915586734599        20.889867193630991       -21.677109958979830        1.6666666585619598     
 -0.94999999999999996       -1.8799999999999999       -2.1630365400670120        16.965132756985387       -21.285891176465665        1.6666666578983218     
 -0.94999999999999996       -1.7999999999999998       -2.1226251902052327        13.822411964764019       -20.901675527558538        1.6666666571978601     
 -0.94999999999999996       -1.7199999999999998       -2.0828257609596199        11.322890806023253       -20.521745766587802        1.6666666564627077     
 -0.94999999999999996       -1.6399999999999997       -2.0433716306107046        9.3362602709319837       -20.142946014765201        1.6666666556963183     
 -0.94999999999999996       -1.5599999999999996       -2.0040354800120666        7.7423416751003318       -19.762555333606702        1.6666666549038136     
 -0.94999999999999996       -1.4799999999999995       -1.9646996383852413        6.4397487264579460       -19.379119399541093        1.6666666540924033     
 -0.94999999999999996       -1.3999999999999995       -1.9253895876417910        5.3528377488648964       -18.992847136228622        1.6666666532718848     
 -0.94999999999999996       -1.3199999999999994       -1.8862610062266889        4.4317431105522962       -18.605459274772290        1.6666666524552189     
 -0.94999999999999996       -1.2399999999999993       -1.8475548325695246        3.6463698418308530       -18.219665441578080        1.6666666516591619     
 -0.94999999999999996       -1.1599999999999993       -1.8095442847942882        2.9784108375078433       -17.838556888729435        1.6666666509048993     
 -0.94999999999999996       -1.0799999999999992       -1.7724922688314064        2.4148620004578576       -17.465130171821130        1.6666666502185694     
 -0.94999999999999996      -0.99999999999999911       -1.7366261983673925        1.9443044606192317       -17.102016504101488        1.6666666496314912     
 -0.94999999999999996      -0.91999999999999926       -1.7021282596815555        1.5555129143900570       -16.751384503771739        1.6666666491797946     
 -0.94999999999999996      -0.83999999999999919       -1.6691355003703918        1.2373686653871765       -16.414945597055372        1.6666666489030608     
 -0.94999999999999996      -0.75999999999999934       -1.6377444543064630       0.97923350204479387       -16.094000785088010        1.6666666488415391     
 -0.94999999999999996      -0.67999999999999927       -1.6080168873307743       0.77132932210382088       -15.789493361393998        1.6666666490316373     
 -0.94999999999999996      -0.59999999999999942       -1.5799850024563689       0.60496851947090557       -15.502053644551690        1.6666666494997944     
 -0.94999999999999996      -0.51999999999999935       -1.5536554914330163       0.47263215915784074       -15.232032997413430        1.6666666502555931     
 -0.94999999999999996      -0.43999999999999939       -1.5290122582248729       0.36794098114169310       -14.979527624125183        1.6666666512858386     
 -0.94999999999999996      -0.35999999999999938       -1.5060177317897481       0.28556497864111230       -14.744392001666448        1.6666666525518681     
 -0.94999999999999996      -0.27999999999999936       -1.4846126517747431       0.22110437230629601       -14.526240369512740        1.6666666539919475     
 -0.94999999999999996      -0.19999999999999929       -1.4647141571567093       0.17096243589977708       -14.324433632382545        1.6666666555290668     
 -0.94999999999999996      -0.11999999999999930       -1.4462119601464698       0.13222201646751661       -14.138048494790144        1.6666666570823090     
 -0.94999999999999996       -3.9999999999999321E-002  -1.4289623400114995       0.10253213738818043       -13.965825592385027        1.6666666585784911     
 -0.94999999999999996        4.0000000000000667E-002  -1.4127795441189575        8.0008113750457729E-002  -13.806091281906669        1.6666666599608282     
 -0.94999999999999996       0.12000000000000069       -1.3974242105894565        6.3145110741764571E-002  -13.656650017202454        1.6666666611928751     
 -0.94999999999999996       0.20000000000000070       -1.3825879941463552        5.0746212728941142E-002  -13.514637430818482        1.6666666622579165     
 -0.94999999999999996       0.28000000000000075       -1.3678727457355824        4.1864708639522887E-002  -13.376317192538661        1.6666666631553007     
 -0.94999999999999996       0.36000000000000076       -1.3527513347095486        3.5782674146985369E-002  -13.236676254290716        1.6666666638955379     
 -0.94999999999999996       0.44000000000000072       -1.3364316247659767        3.2121285000886901E-002  -13.087930777744859        1.6666666644955870     
 -0.94999999999999996       0.52000000000000068       -1.3173844803061143        3.1182458339574799E-002  -12.914233173861314        1.6666666649751078     
 -0.94999999999999996       0.60000000000000075       -1.2923176183175309        3.4133470336573553E-002  -12.680099213054682        1.6666666653539353     
 -0.94999999999999996       0.68000000000000060       -1.2550200920880645        4.2243559293535904E-002  -12.317206484301357        1.6666666656506941     
 -0.94999999999999996       0.76000000000000068       -1.1931216723274916        5.8312281929775216E-002  -11.681893160837328        1.6666666658823039     
 -0.94999999999999996       0.84000000000000052       -1.0211906852377812       0.13472079336489665       -9.6840128293078056        1.6666666660635348     
 -0.94999999999999996       0.92000000000000060       0.20289488037181683       0.79779673005130580        5.8037425481541947        1.6666666662066421     
 -0.94999999999999996        1.0000000000000004        10.423144011495722        5.5404106770553039        138.11615800085391        1.6666666663195808     
 -0.94999999999999996        1.0800000000000005        147.12982373408184        61.641075928739433        2078.2957907866598        1.6666666663912715     
 -0.94999999999999996        1.1600000000000006        952.89669561343987        302.19681520641979        13606.774633205490        1.6666666664810998     
 -0.94999999999999996        1.2400000000000007        1035.2000208201241        25.674255393700584        14783.703952972364        1.6666666666031600     
 -0.94999999999999996        1.3200000000000007        648.21484571370149       -100.40949971559185        9265.6335576371712        1.6666666666618124     
 -0.94999999999999996        1.4000000000000008        384.56128225327905       -56.900242939251449        5516.2815787065074        1.6666666666663492     
 -0.94999999999999996        1.4800000000000009        222.17228684230372       -29.149900070870814        3213.2378485636336        1.6666666666666390     
 -0.94999999999999996        1.5600000000000009        133.16399959445852       -13.289569701792010        1941.2991654212485        1.6666666666666634     
 -0.94999999999999996        1.6400000000000010        78.973836404172332       -6.7297810362183572        1164.3777972339060        1.6666666666666661     
 -0.94999999999999996        1.7200000000000011        44.983479566758064       -3.5110434101321615        676.24559055621580        1.6666666666666665     
 -0.94999999999999996        1.8000000000000012        23.058604310951761       -1.8837254538513226        362.06452023952363        1.6666666666666665     
 -0.94999999999999996        1.8800000000000012        8.6175451058998842       -1.0319995873798307        157.22399562975733        1.6666666666666667     
 -0.94999999999999996        1.9600000000000013       -1.0011815597195808      -0.57173931730777972        23.913740856742184        1.6666666666666667     
 -0.85000000000000009       -1.9600000000000000       -2.9550065017135636        27.617794092391254       -23.030341879314079        1.6666666564588830     
 -0.85000000000000009       -1.8799999999999999       -2.9004315713190030        22.442625664026444       -22.621715242630557        1.6666666556227574     
 -0.85000000000000009       -1.7999999999999998       -2.8469218711805322        18.302608597701706       -22.219885643094933        1.6666666547401892     
 -0.85000000000000009       -1.7199999999999998       -2.7941433590557159        15.015424618420777       -21.821714914299356        1.6666666538138557     
 -0.85000000000000009       -1.6399999999999997       -2.7417101106749335        12.407584438035022       -21.423543107094634        1.6666666528480980     
 -0.85000000000000009       -1.5599999999999996       -2.6892912314617194        10.317351009647846       -21.022192747012785        1.6666666518493567     
 -0.85000000000000009       -1.4799999999999995       -2.6367124269556150        8.6077804707745589       -20.615926739612192        1.6666666508267030     
 -0.85000000000000009       -1.3999999999999995       -2.5840044004996434        7.1772360591191378       -20.204905267333292        1.6666666497924680     
 -0.85000000000000009       -1.3199999999999994       -2.5313842399947615        5.9598131432298951       -19.791012242011117        1.6666666487629695     
 -0.85000000000000009       -1.2399999999999993       -2.4791910036373950        4.9169376618508567       -19.377257769940073        1.6666666477593084     
 -0.85000000000000009       -1.1599999999999993       -2.4278103166057252        4.0260612922138357       -18.967090261081456        1.6666666468081681     
 -0.85000000000000009       -1.0799999999999992       -2.3776144436225115        3.2715117678996117       -18.563864611189342        1.6666666459424784     
 -0.85000000000000009      -0.99999999999999911       -2.3289274856626467        2.6393264807284962       -18.170546981157973        1.6666666452017007     
 -0.85000000000000009      -0.91999999999999926       -2.2820123467812476        2.1154047804131477       -17.789613621113741        1.6666666446313698     
 -0.85000000000000009      -0.83999999999999919       -2.2370710985479172        1.6854877709029248       -17.423059328609138        1.6666666442813807     
 -0.85000000000000009      -0.75999999999999934       -2.1942511804033802        1.3357534602877907       -17.072445778483903        1.6666666442024849     
 -0.85000000000000009      -0.67999999999999927       -2.1536527909203085        1.0533902173727805       -16.738952005414038        1.6666666444406084     
 -0.85000000000000009      -0.59999999999999942       -2.1153353996935071       0.82694458629254541       -16.423414490284436        1.6666666450291316     
 -0.85000000000000009      -0.51999999999999935       -2.0793227558327483       0.64645080608586059       -16.126356516714345        1.6666666459802062     
 -0.85000000000000009      -0.43999999999999939       -2.0456062860568567       0.50341084975312023       -15.848008866858159        1.6666666472772831     
 -0.85000000000000009      -0.35999999999999938       -2.0141468162752427       0.39068962092319581       -15.588322362591711        1.6666666488717108     
 -0.85000000000000009      -0.27999999999999936       -1.9848744262712021       0.30236997073645305       -15.346969981907376        1.6666666506857462     
 -0.85000000000000009      -0.19999999999999929       -1.9576861539289714       0.23359421688722665       -15.123335065926366        1.6666666526223657     
 -0.85000000000000009      -0.11999999999999930       -1.9324412021074839       0.18040767988877737       -14.916481652455502        1.6666666545795907     
 -0.85000000000000009       -3.9999999999999321E-002  -1.9089532414103842       0.13961297665221595       -14.725102598078857        1.6666666564651607     
 -0.85000000000000009        4.0000000000000667E-002  -1.8869791961622915       0.10864018328114416       -14.547439353456902        1.6666666582074590     
 -0.85000000000000009       0.12000000000000069       -1.8662040310795387        8.5432862614707644E-002  -14.381170419080547        1.6666666597604922     
 -0.85000000000000009       0.20000000000000070       -1.8462203360676044        6.8352793454792476E-002  -14.223256696494191        1.6666666611031316     
 -0.85000000000000009       0.28000000000000075       -1.8265004760832624        5.6102769699237713E-002  -14.069725830243256        1.6666666622344990     
 -0.85000000000000009       0.36000000000000076       -1.8063430846608832        4.7699607376482822E-002  -13.915232635055636        1.6666666631677935     
 -0.85000000000000009       0.44000000000000072       -1.7846829271329150        4.2632626163433766E-002  -13.751399032437932        1.6666666639243508     
 -0.85000000000000009       0.52000000000000068       -1.7594258085021111        4.1348930341888870E-002  -13.560890198766222        1.6666666645289299     
 -0.85000000000000009       0.60000000000000075       -1.7259994489317176        4.5516572970933027E-002  -13.304438546866574        1.6666666650065447     
 -0.85000000000000009       0.68000000000000060       -1.6757122893554421        5.6955750743211950E-002  -12.905944152106709        1.6666666653807778     
 -0.85000000000000009       0.76000000000000068       -1.5908349457672011        7.9959902173794950E-002  -12.200999516761090        1.6666666656732385     
 -0.85000000000000009       0.84000000000000052       -1.3434115321273008       0.19387475839492382       -9.8850520204861922        1.6666666659029481     
 -0.85000000000000009       0.92000000000000060       0.48326130702873737        1.1905324749307666        8.6010471980781986        1.6666666660856315     
 -0.85000000000000009        1.0000000000000004        15.898949797658224        8.3568652791000844        167.98610509783308        1.6666666662303595     
 -0.85000000000000009        1.0800000000000005        232.24776350489648        97.551733974395276        2611.2378222368829        1.6666666663130083     
 -0.85000000000000009        1.1600000000000006        1511.7738761582557        479.87666124252019        17145.166292242920        1.6666666664192276     
 -0.85000000000000009        1.2400000000000007        1642.3818131764335        40.742722399467823        18627.049308799342        1.6666666665807826     
 -0.85000000000000009        1.3200000000000007        1028.8677516790033       -159.18604625228042        11677.623634656995        1.6666666666606949     
 -0.85000000000000009        1.4000000000000008        611.44310585514870       -90.086261093807337        6960.2530390475486        1.6666666666663135     
 -0.85000000000000009        1.4800000000000009        354.65171408298471       -46.095755382156284        4064.1877847442943        1.6666666666666374     
 -0.85000000000000009        1.5600000000000009        213.26758888351966       -21.109654445245670        2457.4081869430547        1.6666666666666634     
 -0.85000000000000009        1.6400000000000010        127.00696182492428       -10.712555526226929        1473.5543900220384        1.6666666666666661     
 -0.85000000000000009        1.7200000000000011        72.854774158351759       -5.5936653610437137        855.03219166531278        1.6666666666666665     
 -0.85000000000000009        1.8000000000000012        38.012992267658611       -2.9935108245440767        458.76889814414892        1.6666666666666667     
 -0.85000000000000009        1.8800000000000012        15.278588149278789       -1.6246658459295482        204.34666977669028        1.6666666666666665     
 -0.85000000000000009        1.9600000000000013       0.43692497494479277      -0.88219186031514552        44.118057671894341        1.6666666666666667     
 -0.75000000000000000       -1.9600000000000000       -3.9580119439823829        36.436427377313343       -24.441542680878445        1.6666666538107076     
 -0.75000000000000000       -1.8799999999999999       -3.8859626962306866        29.628517800678306       -24.015723183291733        1.6666666527573519     
 -0.75000000000000000       -1.7999999999999998       -3.8152442602133942        24.188733102908063       -23.596375456209859        1.6666666516454340     
 -0.75000000000000000       -1.7199999999999998       -3.7453732474597854        19.878220942140317       -23.179860185169478        1.6666666504783159     
 -0.75000000000000000       -1.6399999999999997       -3.6757888366369875        16.466163732308900       -22.761915425164027        1.6666666492614532     
 -0.75000000000000000       -1.5599999999999996       -3.6060071628661339        13.734784740554712       -22.338813549186238        1.6666666480029477     
 -0.75000000000000000       -1.4799999999999995       -3.5357682696390635        11.498948655985533       -21.908467118318214        1.6666666467142122     
 -0.75000000000000000       -1.3999999999999995       -3.4651061575811544        9.6220384783176396       -21.470956481742537        1.6666666454107686     
 -0.75000000000000000       -1.3199999999999994       -3.3943219836358609        8.0170878645018977       -21.028330259540162        1.6666666441131599     
 -0.75000000000000000       -1.2399999999999993       -3.3238915808003897        6.6349957276059772       -20.583921421792883        1.6666666428479564     
 -0.75000000000000000       -1.1599999999999993       -3.2543580399408563        5.4484732209319215       -20.141567140434393        1.6666666416487657     
 -0.75000000000000000       -1.0799999999999992       -3.1862474253531445        4.4391035338122311       -19.705015250394005        1.6666666405570689     
 -0.75000000000000000      -0.99999999999999911       -3.1200208151893447        3.5901533646503743       -19.277603653323784        1.6666666396225849     
 -0.75000000000000000      -0.91999999999999926       -3.0560570135983052        2.8841294065257594       -18.862156638074289        1.6666666389026923     
 -0.75000000000000000      -0.83999999999999919       -2.9946534269865923        2.3028954110550055       -18.460997353043755        1.6666666384602784     
 -0.75000000000000000      -0.75999999999999934       -2.9360342712005139        1.8286055549219455       -18.075996709111472        1.6666666383593260     
 -0.75000000000000000      -0.67999999999999927       -2.8803598277099556        1.4445625769239381       -17.708618824650848        1.6666666386577558     
 -0.75000000000000000      -0.59999999999999942       -2.8277342682008904        1.1357355013824229       -17.359953013860146        1.6666666393976981     
 -0.75000000000000000      -0.51999999999999935       -2.7782115496134523       0.88896559425609356       -17.030735390367447        1.6666666405945481     
 -0.75000000000000000      -0.43999999999999939       -2.7317994478295589       0.69296565604754956       -16.721364355567879        1.6666666422275420     
 -0.75000000000000000      -0.35999999999999938       -2.6884616992628878       0.53820387554887927       -16.431910833517559        1.6666666442354567     
 -0.75000000000000000      -0.27999999999999936       -2.6481179605528582       0.41673177664915373       -16.162120829865920        1.6666666465203908     
 -0.75000000000000000      -0.19999999999999929       -2.6106411008579742       0.32199095189365812       -15.911405393729311        1.6666666489601152     
 -0.75000000000000000      -0.11999999999999930       -2.5758512613332978       0.24861819015267775       -15.678812657588244        1.6666666514261228     
 -0.75000000000000000       -3.9999999999999321E-002  -2.5435060727097745       0.19226054242610754       -15.462977024724418        1.6666666538021178     
 -0.75000000000000000        4.0000000000000667E-002  -2.5132860772708359       0.14940834999539229       -15.262037194250459        1.6666666559977958     
 -0.75000000000000000       0.12000000000000069       -2.4847748019418741       0.11724575272672369       -15.073521299123319        1.6666666579551288     
 -0.75000000000000000       0.20000000000000070       -2.4574316667625591        9.3525229953821218E-002  -14.894184215416653        1.6666666596474191     
 -0.75000000000000000       0.28000000000000075       -2.4305547362795226        7.6464551082487481E-002  -14.719778537548940        1.6666666610734948     
 -0.75000000000000000       0.36000000000000076       -2.4032075867767264        6.4713149971435707E-002  -14.544576318715311        1.6666666622499335     
 -0.75000000000000000       0.44000000000000072       -2.3739534174373249        5.7579547312067880E-002  -14.359523121607637        1.6666666632035800     
 -0.75000000000000000       0.52000000000000068       -2.3399178044597617        5.5720377717050532E-002  -14.145606092638355        1.6666666639656125     
 -0.75000000000000000       0.60000000000000075       -2.2947424583683587        6.1515132466825800E-002  -13.859303203931438        1.6666666645675889     
 -0.75000000000000000       0.68000000000000060       -2.2262534020009310        7.7571405026052503E-002  -13.415753828678241        1.6666666650394060     
 -0.75000000000000000       0.76000000000000068       -2.1089775794989190       0.11048134753255130       -12.626257808222709        1.6666666654087465     
 -0.75000000000000000       0.84000000000000052       -1.7506941423369837       0.28074188208302769       -9.9247869264816728        1.6666666657002218     
 -0.75000000000000000       0.92000000000000060       0.98461814568147843        1.7827374657126449        12.217216431610385        1.6666666659340312     
 -0.75000000000000000        1.0000000000000004        24.303806735306580        12.641363217729843        204.81211856989324        1.6666666661199527     
 -0.75000000000000000        1.0800000000000005        367.02425430266760        154.53273515018279        3284.2746543441663        1.6666666662122009     
 -0.75000000000000000        1.1600000000000006        2398.2132218447691        761.78217111604204        21601.024469616099        1.6666666663354524     
 -0.75000000000000000        1.2400000000000007        2605.3339101373358        64.610627033457149        23465.510540274128        1.6666666665501637     
 -0.75000000000000000        1.3200000000000007        1632.6216447230697       -252.38577139449049        14712.459099128277        1.6666666666592971     
 -0.75000000000000000        1.4000000000000008        971.53758542231094       -142.67147799474469        8774.8921596884484        1.6666666666662724     
 -0.75000000000000000        1.4800000000000009        565.16194694691103       -72.947118262630838        5129.7775909039710        1.6666666666666354     
 -0.75000000000000000        1.5600000000000009        340.37108985375249       -33.562872132868939        3097.2968968401747        1.6666666666666634     
 -0.75000000000000000        1.6400000000000010        202.89238814103877       -17.073238115584552        1849.1992246487416        1.6666666666666661     
 -0.75000000000000000        1.7200000000000011        116.53358025033589       -8.9204571991362354        1064.3784752873935        1.6666666666666665     
 -0.75000000000000000        1.8000000000000012        61.210481994308751       -4.7532096376784381        565.28350829346709        1.6666666666666667     
 -0.75000000000000000        1.8800000000000012        25.625075844214130       -2.5430353786510502        252.12636934543110        1.6666666666666667     
 -0.75000000000000000        1.9600000000000013        3.0797754641794839       -1.3400978212483272        64.401787178436606        1.6666666666666665     
 -0.65000000000000013       -1.9600000000000000       -5.2965474068728469        47.966842455762311       -25.909271751641356        1.6666666504762238     
 -0.65000000000000013       -1.8799999999999999       -5.2016282885098661        39.033201258871621       -25.466592637773804        1.6666666491493018     
 -0.65000000000000013       -1.7999999999999998       -5.1083501991915403        31.905100479293537       -25.029918224428712        1.6666666477485479     
 -0.65000000000000013       -1.7199999999999998       -5.0160108047647300        26.270449099576972       -24.595010504215242        1.6666666462781845     
 -0.65000000000000013       -1.6399999999999997       -4.9237918282374151        21.822312623896163       -24.156886053965469        1.6666666447450711     
 -0.65000000000000013       -1.5599999999999996       -4.8309824604507279        18.267212859396111       -23.711152041971868        1.6666666431593977     
 -0.65000000000000013       -1.4799999999999995       -4.7371924339335196        15.354551443148971       -23.255286112834924        1.6666666415355267     
 -0.65000000000000013       -1.3999999999999995       -4.6424536252689403        12.900554990678653       -22.789247152673966        1.6666666398929941     
 -0.65000000000000013       -1.3199999999999994       -4.5471813753081580        10.790632374613814       -22.315245354626668        1.6666666382576625     
 -0.65000000000000013       -1.2399999999999993       -4.4520414794262733        8.9627884732651566       -21.836957712697220        1.6666666366629905     
 -0.65000000000000013       -1.1599999999999993       -4.3577970060514053        7.3847596865678300       -21.358642207784321        1.6666666351513026     
 -0.65000000000000013       -1.0799999999999992       -4.2651898096980689        6.0356661744571394       -20.884475768756023        1.6666666337748488     
 -0.65000000000000013      -0.99999999999999911       -4.1748746768442153        4.8959953905559255       -20.418207897806639        1.6666666325962651     
 -0.65000000000000013      -0.91999999999999926       -4.0873966695362078        3.9443855278395956       -19.963056754758608        1.6666666316878485     
 -0.65000000000000013      -0.83999999999999919       -4.0031929043260028        3.1579989899017566       -19.521726629654083        1.6666666311288507     
 -0.65000000000000013      -0.75999999999999934       -3.9226032395614299        2.5139684576077403       -19.096455948803790        1.6666666309999230     
 -0.65000000000000013      -0.67999999999999927       -3.8458814310460365        1.9906701615087881       -18.689054041866736        1.6666666313740983     
 -0.65000000000000013      -0.59999999999999942       -3.7732039552785657        1.5684847847700079       -18.300920472093171        1.6666666323045360     
 -0.65000000000000013      -0.51999999999999935       -3.7046764025703114        1.2301149523657546       -17.933054677362723        1.6666666338107259     
 -0.65000000000000013      -0.43999999999999939       -3.6403378760380734       0.96061991450293027       -17.586063041192514        1.6666666358666067     
 -0.65000000000000013      -0.35999999999999938       -3.5801634715778921       0.74729534321545044       -17.260165442639661        1.6666666383951312     
 -0.65000000000000013      -0.27999999999999936       -3.5240643604523547       0.57947733639201737       -16.955197635077653        1.6666666412730142     
 -0.65000000000000013      -0.19999999999999929       -3.4718846696033037       0.44831366509335135       -16.670603271720854        1.6666666443462868     
 -0.65000000000000013      -0.11999999999999930       -3.4233942414520659       0.34652653336150485       -16.405408748509274        1.6666666474530254     
 -0.65000000000000013       -3.9999999999999321E-002  -3.3782763267543232       0.26818191892114496       -16.158174334449296        1.6666666504466590     
 -0.65000000000000013        4.0000000000000667E-002  -3.3361087228054052       0.20847760026956216       -15.926911253082126        1.6666666532133365     
 -0.65000000000000013       0.12000000000000069       -3.2963377959710982       0.16354835760682776       -15.708964565251534        1.6666666556798613     
 -0.65000000000000013       0.20000000000000070       -3.2582425547254412       0.13030203648123229       -15.500842146609180        1.6666666578125116     
 -0.65000000000000013       0.28000000000000075       -3.2208848443114695       0.10628224670510023       -15.297971634076506        1.6666666596097357     
 -0.65000000000000013       0.36000000000000076       -3.1830093119621634        8.9627074475092827E-002  -15.094179698906935        1.6666666610923579     
 -0.65000000000000013       0.44000000000000072       -3.1426713917361666        7.9395150796331609E-002  -14.879637819584463        1.6666666622941539     
 -0.65000000000000013       0.52000000000000068       -3.0959163946267263        7.6543533998198077E-002  -14.633435915247404        1.6666666632543876     
 -0.65000000000000013       0.60000000000000075       -3.0338901861386369        8.4460900948933257E-002  -14.307263329470356        1.6666666640128869     
 -0.65000000000000013       0.68000000000000060       -2.9395244024433635       0.10687965079203859       -13.806382195598490        1.6666666646076156     
 -0.65000000000000013       0.76000000000000068       -2.7761229534577558       0.15393464643909574       -12.913554605735836        1.6666666650741739     
 -0.65000000000000013       0.84000000000000052       -2.2540415083324628       0.40908987774072197       -9.7430094701323249        1.6666666654445728     
 -0.65000000000000013       0.92000000000000060        1.8561185833494722        2.6787933566541455        16.869139665866445        1.6666666657447506     
 -0.65000000000000013        1.0000000000000004        37.236498446518368        19.179751084073349        250.33077816437807        1.6666666659841844     
 -0.65000000000000013        1.0800000000000005        580.56608519997167        244.98744596360001        4133.4081019518362        1.6666666660823717     
 -0.65000000000000013        1.1600000000000006        3804.0255315526620        1208.9342620438240        27211.511516751674        1.6666666662219691     
 -0.65000000000000013        1.2400000000000007        4132.2598694631624        102.39163726779775        29555.839737991271        1.6666666665083529     
 -0.65000000000000013        1.3200000000000007        2589.9015806651173       -400.18955278537175        18529.524760709301        1.6666666666575300     
 -0.65000000000000013        1.4000000000000008        1542.5553930891213       -226.03241819456312        11052.867827586688        1.6666666666662238     
 -0.65000000000000013        1.4800000000000009        898.90698313849305       -115.53915204261203        6460.1133688130703        1.6666666666666330     
 -0.65000000000000013        1.5600000000000009        541.07753715063973       -53.426478711669844        3884.9608616959576        1.6666666666666630     
 -0.65000000000000013        1.6400000000000010        321.63308766858370       -27.252420138355347        2298.3963722527919        1.6666666666666661     
 -0.65000000000000013        1.7200000000000011        183.76569199706714       -14.241051171070467        1301.3738537200984        1.6666666666666665     
 -0.65000000000000013        1.8000000000000012        96.070378662249837       -7.5345420206445572        674.76324762695765        1.6666666666666667     
 -0.65000000000000013        1.8800000000000012        40.866165908110794       -3.9450516734928942        295.01313577752711        1.6666666666666665     
 -0.65000000000000013        1.9600000000000013        7.4105083802790155       -1.9886119504169881        83.827540709829606        1.6666666666666665     
 -0.55000000000000004       -1.9600000000000000       -7.0806727812874515        63.004582255678606       -27.431571887796373        1.6666666462776534     
 -0.55000000000000004       -1.8799999999999999       -6.9558951170386427        51.311809098462810       -26.972485962738610        1.6666666446062302     
 -0.55000000000000004       -1.7999999999999998       -6.8331076847187040        41.998559301454748       -26.518769158124478        1.6666666428417385     
 -0.55000000000000004       -1.7199999999999998       -6.7112858390212748        34.658171807131076       -26.065465823585111        1.6666666409894833     
 -0.55000000000000004       -1.6399999999999997       -6.5892307589500945        28.882603287828189       -25.606724957639059        1.6666666390580889     
 -0.55000000000000004       -1.5599999999999996       -6.4658934590691652        24.275876068959533       -25.137346977908383        1.6666666370603744     
 -0.55000000000000004       -1.4799999999999995       -6.3406844537503293        20.498214839088899       -24.654268833290438        1.6666666350144137     
 -0.55000000000000004       -1.3999999999999995       -6.2136214639952465        17.302128976721423       -24.157272876608172        1.6666666329447957     
 -0.55000000000000004       -1.3199999999999994       -6.0852734573075447        14.536826376532167       -23.648721173118464        1.6666666308840814     
 -0.55000000000000004       -1.2399999999999993       -5.9565689758999669        12.124787732052278       -23.132653550329209        1.6666666288743999     
 -0.55000000000000004       -1.1599999999999993       -5.8285774608062502        10.029092922268575       -22.613780597684382        1.6666666269690533     
 -0.55000000000000004       -1.0799999999999992       -5.7023427641473692        8.2273356571539935       -22.096745637436079        1.6666666252338511     
 -0.55000000000000004      -0.99999999999999911       -5.5787931122159815        6.6976430997416490       -21.585752905475832        1.6666666237476966     
 -0.55000000000000004      -0.91999999999999926       -5.4587118635263838        5.4144664936006182       -21.084466296048106        1.6666666226016749     
 -0.55000000000000004      -0.83999999999999919       -5.3427408541044210        4.3494056316624183       -20.596033444989114        1.6666666218956498     
 -0.55000000000000004      -0.75999999999999934       -5.2313940078338232        3.4734287603270202       -20.123130672769221        1.6666666217312673     
 -0.55000000000000004      -0.67999999999999927       -5.1250699937639332        2.7587467808231376       -19.667986072871393        1.6666666222006006     
 -0.55000000000000004      -0.59999999999999942       -5.0240610958826357        2.1799177500343716       -19.232380227259821        1.6666666233707081     
 -0.55000000000000004      -0.51999999999999935       -4.9285590848056469        1.7143243434790485       -18.817638189235108        1.6666666252662474     
 -0.55000000000000004      -0.43999999999999939       -4.8386592739242689        1.3422680514672161       -18.424624212065535        1.6666666278544959     
 -0.55000000000000004      -0.35999999999999938       -4.7543630284059146        1.0468602438449894       -18.053742195284411        1.6666666310384886     
 -0.55000000000000004      -0.27999999999999936       -4.6755779504331976       0.81381266503320537       -17.704937262998325        1.6666666346629806     
 -0.55000000000000004      -0.19999999999999929       -4.6021144090300545       0.63117870116279495       -17.377690375029331        1.6666666385340283     
 -0.55000000000000004      -0.11999999999999930       -4.5336768970739145       0.48907412605393547       -17.070996758541977        1.6666666424476253     
 -0.55000000000000004       -3.9999999999999321E-002  -4.4698487881148008       0.37939574238832097       -16.783320765433118        1.6666666462190609     
 -0.55000000000000004        4.0000000000000667E-002  -4.4100680592519312       0.29555729348041776       -16.512512609697804        1.6666666497048197     
 -0.55000000000000004       0.12000000000000069       -4.3535936462466118       0.23223742137843034       -16.255690478110058        1.6666666528125886     
 -0.55000000000000004       0.20000000000000070       -4.2994578555430580       0.18516758378578335       -16.009061237876072        1.6666666554997878     
 -0.55000000000000004       0.28000000000000075       -4.2463998194346262       0.15094948862967372       -15.767663060861349        1.6666666577643741     
 -0.55000000000000004       0.36000000000000076       -4.1927285493691500       0.12700544707774622       -15.524797889559096        1.6666666596325084     
 -0.55000000000000004       0.44000000000000072       -4.1358021827163505       0.11204537664223592       -15.269744535579976        1.6666666611466892     
 -0.55000000000000004       0.52000000000000068       -4.0701660926911600       0.10745414605827350       -14.979440913947721        1.6666666623563660     
 -0.55000000000000004       0.60000000000000075       -3.9834730824594091       0.11804961045708309       -14.600179929839308        1.6666666633118283     
 -0.55000000000000004       0.68000000000000060       -3.8517681199780447       0.14917038619679102       -14.026076572647824        1.6666666640613823     
 -0.55000000000000004       0.76000000000000068       -3.6220390153827391       0.21641955265502685       -13.006264916416312        1.6666666646510242     
 -0.55000000000000004       0.84000000000000052       -2.8564980378954692       0.59985863855135069       -9.2629866919540014        1.6666666651226301     
 -0.55000000000000004       0.92000000000000060        3.3409070686927809        4.0391535263117904        22.829159126348589        1.6666666655094078     
 -0.55000000000000004        1.0000000000000004        57.186019683753166        29.189507321424713        306.73109288963832        1.6666666658184466     
 -0.55000000000000004        1.0800000000000005        919.03962642963836        388.61000589500719        5204.1529208142665        1.6666666659152636     
 -0.55000000000000004        1.1600000000000006        6033.2497789906247        1918.0461177258044        34275.127787853889        1.6666666660683722     
 -0.55000000000000004        1.2400000000000007        6553.0819810624880        162.15996965307150        37221.014136236321        1.6666666664514351     
 -0.55000000000000004        1.3200000000000007        4107.1794969756265       -634.62856093323546        23328.695859557592        1.6666666666552659     
 -0.55000000000000004        1.4000000000000008        2447.1981029890135       -358.24793472459220        13909.208335502879        1.6666666666661629     
 -0.55000000000000004        1.4800000000000009        1426.7225814470173       -183.18211404926569        8115.3554207204916        1.6666666666666303     
 -0.55000000000000004        1.5600000000000009        856.28018596872619       -85.171102713803535        4846.3545467561144        1.6666666666666627     
 -0.55000000000000004        1.6400000000000010        505.37153123221100       -43.578728519385791        2825.0449186180244        1.6666666666666661     
 -0.55000000000000004        1.7200000000000011        285.08500621746475       -22.754558173469754        1557.8210430256381        1.6666666666666667     
 -0.55000000000000004        1.8000000000000012        146.55660410629474       -11.901982296070567        776.24394701870199        1.6666666666666667     
 -0.55000000000000004        1.8800000000000012        62.135589872858844       -6.0329682620936032        327.02507394831713        1.6666666666666667     
 -0.55000000000000004        1.9600000000000013        14.221423494048288       -2.8480290299452293        104.72027932809564        1.6666666666666667     
 -0.45000000000000012       -1.9600000000000000       -9.4556633560340266        82.565432655056156       -29.005958069507411        1.6666666409911763     
 -0.45000000000000012       -1.8799999999999999       -9.2919993759290218        67.302869900634448       -28.531036249102797        1.6666666388859375     
 -0.45000000000000012       -1.7999999999999998       -9.1306968076756707        55.172384911621378       -28.060647680068101        1.6666666366633982     
 -0.45000000000000012       -1.7199999999999998       -8.9702545811742969        45.645624718363642       -27.588973746647476        1.6666666343302246     
 -0.45000000000000012       -1.6399999999999997       -8.8089091151024359        38.180115781544103       -27.109116983850800        1.6666666318972618     
 -0.45000000000000012       -1.5599999999999996       -8.6451053442974750        32.240693152261372       -26.614896597747311        1.6666666293806371     
 -0.45000000000000012       -1.4799999999999995       -8.4779478783677558        27.365680606278325       -26.102576547934270        1.6666666268030954     
 -0.45000000000000012       -1.3999999999999995       -8.3074162469484953        23.221240796506084       -25.571690400066455        1.6666666241955874     
 -0.45000000000000012       -1.3199999999999994       -8.1342837345062922        19.609165256683795       -25.024733494261771        1.6666666215991062     
 -0.45000000000000012       -1.2399999999999993       -7.9598406139988436        16.433660928803526       -24.466123678292814        1.6666666190666966     
 -0.45000000000000012       -1.1599999999999993       -7.7855815802284249        13.654499213862813       -23.901054611919882        1.6666666166654829     
 -0.45000000000000012       -1.0799999999999992       -7.6129719665806279        11.249816941927001       -23.334673880998068        1.6666666144783500     
 -0.45000000000000012      -0.99999999999999911       -7.4433252563929813        9.1965707723171981       -22.771686661964001        1.6666666126046845     
 -0.45000000000000012      -0.91999999999999926       -7.2777661382150090        7.4650647612923269       -22.216261647020065        1.6666666111592336     
 -0.45000000000000012      -0.83999999999999919       -7.1172364944825546        6.0205437546745246       -21.672063328008822        1.6666666102678203     
 -0.45000000000000012      -0.75999999999999934       -6.9625122144574645        4.8265737392685493       -21.142291109952801        1.6666666100585354     
 -0.45000000000000012      -0.67999999999999927       -6.8142161001323824        3.8477801236320777       -20.629682347191217        1.6666666106474366     
 -0.45000000000000012      -0.59999999999999942       -6.6728245799474220        3.0514330026425114       -20.136486011285005        1.6666666121190967     
 -0.45000000000000012      -0.51999999999999935       -6.5386709054925536        2.4081472975447995       -19.664430021178550        1.6666666145046942     
 -0.45000000000000012      -0.43999999999999939       -6.4119473136681728        1.8920732647311118       -19.214698111776158        1.6666666177631295     
 -0.45000000000000012      -0.35999999999999938       -6.2927068278988800        1.4808266161920272       -18.787921189683459        1.6666666217723638     
 -0.45000000000000012      -0.27999999999999936       -6.1808634327319538        1.1552894765005861       -18.384177203252680        1.6666666263369125     
 -0.45000000000000012      -0.19999999999999929       -6.0761883869491902       0.89933942986437898       -18.002988495833019        1.6666666312124943     
 -0.45000000000000012      -0.11999999999999930       -5.9783002467666044       0.69953677803957748       -17.643305515807683        1.6666666361420979     
 -0.45000000000000012       -3.9999999999999321E-002  -5.8866463616739804       0.54479279340336584       -17.303466989978492        1.6666666408929749     
 -0.45000000000000012        4.0000000000000667E-002  -5.8004718308051855       0.42604885545892229       -16.981117283659998        1.6666666452842387     
 -0.45000000000000012       0.12000000000000069       -5.7187763321699263       0.33595306142430537       -16.673090060298257        1.6666666491994877     
 -0.45000000000000012       0.20000000000000070       -5.6402511733492720       0.26858966565830450       -16.375220672323156        1.6666666525849689     
 -0.45000000000000012       0.28000000000000075       -5.5631904685079974       0.21923679884156225       -16.082074076195966        1.6666666554380067     
 -0.45000000000000012       0.36000000000000076       -5.4853035594338717       0.18430832168486574       -15.786326456319133        1.6666666577914708     
 -0.45000000000000012       0.44000000000000072       -5.4029857148086693       0.16202217790680448       -15.476218217060570        1.6666666596988320     
 -0.45000000000000012       0.52000000000000068       -5.3086933265512215       0.15436794080985983       -15.126236455536802        1.6666666612223753     
 -0.45000000000000012       0.60000000000000075       -5.1851828998913891       0.16818377531942422       -14.676582276486226        1.6666666624256452     
 -0.45000000000000012       0.68000000000000060       -4.9987982914576730       0.21110111188960784       -14.008775197749223        1.6666666633702594     
 -0.45000000000000012       0.76000000000000068       -4.6727322234221020       0.30717515181436794       -12.832203824454330        1.6666666641159797     
 -0.45000000000000012       0.84000000000000052       -3.5432540948479807       0.88503062854171821       -8.3874090296423063        1.6666666647179151     
 -0.45000000000000012       0.92000000000000060        5.8332351341695601        6.1111189090332561        30.439010634974828        1.6666666652182742     
 -0.45000000000000012        1.0000000000000004        88.036059857334465        44.562260854618209        376.77411490906746        1.6666666656178060     
 -0.45000000000000012        1.0800000000000005        1455.6651259219570        616.66428644680457        6553.8520037973522        1.6666666657003675     
 -0.45000000000000012        1.1600000000000006        9567.7878811150331        3042.3907295482791        43167.608779347109        1.6666666658608618     
 -0.45000000000000012        1.2400000000000007        10390.546392524591        256.65684947993276        46867.273072851684        1.6666666663742236     
 -0.45000000000000012        1.3200000000000007        6511.1926605717790       -1006.5604382340365        29360.413368905483        1.6666666666523229     
 -0.45000000000000012        1.4000000000000008        3878.9567325064422       -568.07449068605763        17486.187614815848        1.6666666666660828     
 -0.45000000000000012        1.4800000000000009        2259.1666040801701       -290.76305484809728        10166.708311373322        1.6666666666666263     
 -0.45000000000000012        1.5600000000000009        1348.1861583126349       -136.01585319001072        6007.6886871309744        1.6666666666666623     
 -0.45000000000000012        1.6400000000000010        785.95867666194329       -69.822041885488673        3426.8342206141338        1.6666666666666659     
 -0.45000000000000012        1.7200000000000011        433.92610024192692       -36.363303377587336        1817.8087013056199        1.6666666666666665     
 -0.45000000000000012        1.8000000000000012        216.54847721481607       -18.676492195111795        854.81658671790092        1.6666666666666665     
 -0.45000000000000012        1.8800000000000012        90.374098827331466       -9.0167836434213253        344.87926621192736        1.6666666666666667     
 -0.45000000000000012        1.9600000000000013        25.346631043763693       -3.8652475872632861        135.87308814311652        1.6666666666666667     
 -0.35000000000000014       -1.9600000000000000       -12.612945461091936        107.94226949848355       -30.629415727056983        1.6666666343350083     
 -0.35000000000000014       -1.8799999999999999       -12.398764732918146        88.076665826257511       -30.139342801581275        1.6666666316834999     
 -0.35000000000000014       -1.7999999999999998       -12.187301967631978        72.329320029917838       -29.652728847950719        1.6666666288841685     
 -0.35000000000000014       -1.7199999999999998       -11.976349031355358        60.015862235849767       -29.162714501150262        1.6666666259453915     
 -0.35000000000000014       -1.6399999999999997       -11.763300862663961        50.414826928329269       -28.661136396929152        1.6666666228808091     
 -0.35000000000000014       -1.5599999999999996       -11.545841945077804        42.801372646458326       -28.140617247238733        1.6666666197107112     
 -0.35000000000000014       -1.4799999999999995       -11.322605340391895        36.546507746373123       -27.596582473840765        1.6666666164637218     
 -0.35000000000000014       -1.3999999999999995       -11.093487164699512        31.198952853084055       -27.028222865531333        1.6666666131788017     
 -0.35000000000000014       -1.3199999999999994       -10.859528537711270        26.498393139017168       -26.438136744779687        1.6666666099075562     
 -0.35000000000000014       -1.2399999999999993       -10.622515062359408        22.328189716851107       -25.831129405255346        1.6666666067167766     
 -0.35000000000000014       -1.1599999999999993       -10.384529463418339        18.647952438051068       -25.212905441567610        1.6666666036909883     
 -0.35000000000000014       -1.0799999999999992       -10.147623525955188        15.440324397887714       -24.589154137017704        1.6666666009345765     
 -0.35000000000000014      -0.99999999999999911       -9.9136524880204089        12.683601153595456       -23.965131160808472        1.6666665985727229     
 -0.35000000000000014      -0.91999999999999926       -9.6842297127355987        10.344678650531698       -23.345577241238882        1.6666665967499708     
 -0.35000000000000014      -0.83999999999999919       -9.4607371017516204        8.3819225657663612       -22.734761091403382        1.6666665956248357     
 -0.35000000000000014      -0.75999999999999934       -9.2443449489498395        6.7502830320328391       -22.136508908218794        1.6666665953587165     
 -0.35000000000000014      -0.67999999999999927       -9.0360221771541234        5.4052678606152966       -21.554178478059153        1.6666665960978830     
 -0.35000000000000014      -0.59999999999999942       -8.8365365069709476        4.3051885767612657       -20.990595683618711        1.6666665979489734     
 -0.35000000000000014      -0.51999999999999935       -8.6464507177588654        3.4121657975663031       -20.447987219000456        1.6666666009513906     
 -0.35000000000000014      -0.43999999999999939       -8.4661198840322829        2.6924674749875099       -19.927932803979051        1.6666666050535006     
 -0.35000000000000014      -0.35999999999999938       -8.2956909276636068        2.1165272275799283       -19.431343365895884        1.6666666101017018     
 -0.35000000000000014      -0.27999999999999936       -8.1351024395729805        1.6588032763252809       -18.958457616021896        1.6666666158498420     
 -0.35000000000000014      -0.19999999999999929       -7.9840810883014655        1.2975342397436735       -18.508842975646857        1.6666666219902508     
 -0.35000000000000014      -0.11999999999999930       -7.8421306431585229        1.0144186706516174       -18.081385874375769        1.6666666281991649     
 -0.35000000000000014       -3.9999999999999321E-002  -7.7085101798941862       0.79424309579527175       -17.674259831566921        1.6666666341833296     
 -0.35000000000000014        4.0000000000000667E-002  -7.5821946882342459       0.62450668551230126       -17.284844462637466        1.6666666397147805     
 -0.35000000000000014       0.12000000000000069       -7.4618203877619713       0.49501031802278772       -16.909613785786476        1.6666666446467622     
 -0.35000000000000014       0.20000000000000070       -7.3456015698990687       0.39751811905651224       -16.543940173273544        1.6666666489114352     
 -0.35000000000000014       0.28000000000000075       -7.2312122282301763       0.32543633153546553       -16.181807713178895        1.6666666525053069     
 -0.35000000000000014       0.36000000000000076       -7.1155290033799554       0.27374794137671349       -15.815138207466191        1.6666666554696792     
 -0.35000000000000014       0.44000000000000072       -6.9936093935753618       0.23996839081523114       -15.430953681394957        1.6666666578718292     
 -0.35000000000000014       0.52000000000000068       -6.8549909224738359       0.22693505104282319       -15.000937618906194        1.6666666597902178     
 -0.35000000000000014       0.60000000000000075       -6.6755557677549096       0.24433630877795717       -14.458400814101676        1.6666666613052106     
 -0.35000000000000014       0.68000000000000060       -6.4079656651864365       0.30307528426065211       -13.670610316955418        1.6666666624956532     
 -0.35000000000000014       0.76000000000000068       -5.9406007844491713       0.44028769708570836       -12.299842697221173        1.6666666634396967     
 -0.35000000000000014       0.84000000000000052       -4.2641301972722685        1.3136401493439889       -6.9933610916434219        1.6666666642102852     
 -0.35000000000000014       0.92000000000000060        9.9695569592899460        9.2767935421438352        40.127272935019420        1.6666666648603203     
 -0.35000000000000014        1.0000000000000004        135.85947009391131        68.245089715138860        463.94432454265535        1.6666666653771636     
 -0.35000000000000014        1.0800000000000005        2306.5518349161057        978.76572783029383        8254.6195997684263        1.6666666654242774     
 -0.35000000000000014        1.1600000000000006        15171.419018332273        4824.8718414226787        54361.929650806378        1.6666666655811726     
 -0.35000000000000014        1.2400000000000007        16472.835842818437        405.97275798527448        59005.488247913818        1.6666666662698222     
 -0.35000000000000014        1.3200000000000007        10318.775865603186       -1596.7693939748403        36938.114815726272        1.6666666666484362     
 -0.35000000000000014        1.4000000000000008        6142.4853516152662       -901.30374766004365        21958.937078732710        1.6666666666659731     
 -0.35000000000000014        1.4800000000000009        3567.9486412896990       -462.14638895233020        12696.752390157408        1.6666666666666206     
 -0.35000000000000014        1.5600000000000009        2110.1728336459705       -217.65628577171029        7392.1828587549217        1.6666666666666619     
 -0.35000000000000014        1.6400000000000010        1207.6327643388113       -112.08486347461846        4090.7433998665042        1.6666666666666659     
 -0.35000000000000014        1.7200000000000011        645.78627631341840       -58.036090021746297        2055.2973072965810        1.6666666666666663     
 -0.35000000000000014        1.8000000000000012        308.71161746986837       -28.960534885765991        894.09278095891943        1.6666666666666665     
 -0.35000000000000014        1.8800000000000012        126.82044875899477       -12.998465582911679        353.57322109493128        1.6666666666666665     
 -0.35000000000000014        1.9600000000000013        45.389019488849563       -4.8403028172867995        194.43515891857206        1.6666666666666667     
 -0.25000000000000017       -1.9600000000000000       -16.804313599352565        140.77543018269651       -32.298409169204220        1.6666666259543934     
 -0.25000000000000017       -1.8799999999999999       -16.524672568427928        114.99563869291848       -31.793976350887235        1.6666666226150291     
 -0.25000000000000017       -1.7999999999999998       -16.248022061527841        94.626318836492743       -31.291643870892663        1.6666666190893964     
 -0.25000000000000017       -1.7199999999999998       -15.971100464044840        78.783868752971983       -30.783293675514084        1.6666666153880265     
 -0.25000000000000017       -1.6399999999999997       -15.690044081729015        66.508005952772081       -30.259226822388666        1.6666666115280762     
 -0.25000000000000017       -1.5599999999999996       -15.401390270647033        56.814314497106544       -29.710603622270447        1.6666666075350747     
 -0.25000000000000017       -1.4799999999999995       -15.103042774873487        48.843060844524700       -29.131804000431739        1.6666666034450468     
 -0.25000000000000017       -1.3999999999999995       -14.794732427014649        41.982527042639994       -28.521554293115010        1.6666665993070335     
 -0.25000000000000017       -1.3199999999999994       -14.477844951942197        35.890999205266908       -27.882510005188031        1.6666665951860034     
 -0.25000000000000017       -1.2399999999999993       -14.154839996390388        30.429138749756735       -27.219865274172825        1.6666665911660523     
 -0.25000000000000017       -1.1599999999999993       -13.828609909612389        25.562568361978133       -26.539859013432675        1.6666665873536153     
 -0.25000000000000017       -1.0799999999999992       -13.502019729505228        21.285487312041258       -25.848758096167867        1.6666665838801500     
 -0.25000000000000017      -0.99999999999999911       -13.177684980454606        17.582229978209089       -25.152421239229675        1.6666665809033172     
 -0.25000000000000017      -0.91999999999999926       -12.857918451876598        14.418280736204487       -24.456238175969510        1.6666665786051824     
 -0.25000000000000017      -0.83999999999999919       -12.544747940575302        11.745224882611890       -23.765186132260023        1.6666665771854321     
 -0.25000000000000017      -0.75999999999999934       -12.239938028112736        9.5084463713258263       -23.083844650160216        1.6666665768474136     
 -0.25000000000000017      -0.67999999999999927       -11.944991730946677        7.6528539196019256       -22.416329420335686        1.6666665777754492     
 -0.25000000000000017      -0.59999999999999942       -11.661135833327251        6.1260198126278089       -21.766177957246665        1.6666665801039762     
 -0.25000000000000017      -0.51999999999999935       -11.389302325709197        4.8795914790448975       -21.136235377490202        1.6666665838827677     
 -0.25000000000000017      -0.43999999999999939       -11.130115019704252        3.8698506346731221       -20.528572551589278        1.6666665890469390     
 -0.25000000000000017      -0.35999999999999938       -10.883883887858024        3.0579011098500768       -19.944445937384064        1.6666665954031556     
 -0.25000000000000017      -0.27999999999999936       -10.650603782835589        2.4096733652186964       -19.384289084207008        1.6666666026414696     
 -0.25000000000000017      -0.19999999999999929       -10.429951455893942        1.8957845819507184       -18.847717332726809        1.6666666103743883     
 -0.25000000000000017      -0.11999999999999930       -10.221274460416671        1.4912657733088577       -18.333526893219865        1.6666666181940826     
 -0.25000000000000017       -3.9999999999999321E-002  -10.023566681050779        1.1751795713784614       -17.839674220363705        1.6666666257310907     
 -0.25000000000000017        4.0000000000000667E-002  -9.8354187357088314       0.93020775351748275       -17.363197370065816        1.6666666326981459     
 -0.25000000000000017       0.12000000000000069       -9.6549500187510375       0.74213413182008880       -16.900113720906965        1.6666666389102480     
 -0.25000000000000017       0.20000000000000070       -9.4796989561197105       0.59943367228223665       -16.445215097638233        1.6666666442817937     
 -0.25000000000000017       0.28000000000000075       -9.3064656046475562       0.49284684726901540       -15.991767000718946        1.6666666488082411     
 -0.25000000000000017       0.36000000000000076       -9.1309592450992181       0.41531090343551347       -15.530773831298603        1.6666666525414875     
 -0.25000000000000017       0.44000000000000072       -8.9463662710779097       0.36332530101340732       -15.047816979333302        1.6666666555661824     
 -0.25000000000000017       0.52000000000000068       -8.7381315254297611       0.34090523620002405       -14.511358513750849        1.6666666579811809     
 -0.25000000000000017       0.60000000000000075       -8.4724693908489073       0.36175132708658725       -13.846899037718995        1.6666666598882367     
 -0.25000000000000017       0.68000000000000060       -8.0827207234014828       0.44143332299299909       -12.905553113946119        1.6666666613886367     
 -0.25000000000000017       0.76000000000000068       -7.4061727127563017       0.63735162364999887       -11.293601574928015        1.6666666625853355     
 -0.25000000000000017       0.84000000000000052       -4.9033855702005216        1.9611210007922808       -4.9260601592054858        1.6666666635753649     
 -0.25000000000000017       0.92000000000000060        16.773562929125617        14.127932814599109        52.431225689151248        1.6666666644233952     
 -0.25000000000000017        1.0000000000000004        210.17120436049885        104.84111920918136        572.64137156213974        1.6666666650914372     
 -0.25000000000000017        1.0800000000000005        3655.7904053609541        1553.6305557372198        10397.144316028605        1.6666666650697568     
 -0.25000000000000017        1.1600000000000006        24054.634491049426        7650.4333098349716        68453.478342060058        1.6666666652050512     
 -0.25000000000000017        1.2400000000000007        26111.893628713919        641.75531643201168        74277.949849485885        1.6666666661289591     
 -0.25000000000000017        1.3200000000000007        16347.050567018550       -2533.6448776273228        46453.491191416972        1.6666666666432155     
 -0.25000000000000017        1.4000000000000008        9716.5714254271188       -1430.9530620731605        27541.673890243164        1.6666666666658172     
 -0.25000000000000017        1.4800000000000009        5618.1188752205917       -735.69937409472618        15798.477942694513        1.6666666666666119     
 -0.25000000000000017        1.5600000000000009        3279.9800658639870       -349.10073702335870        9014.4581408569102        1.6666666666666612     
 -0.25000000000000017        1.6400000000000010        1828.8266650405810       -180.21618800468423        4786.8796336763535        1.6666666666666656     
 -0.25000000000000017        1.7200000000000011        935.57211876075758       -92.268978030680515        2233.0707783379889        1.6666666666666665     
 -0.25000000000000017        1.8000000000000012        423.29078731056183       -44.013814095932986        882.93960055682942        1.6666666666666667     
 -0.25000000000000017        1.8800000000000012        175.22909982902524       -17.727200996180017        373.03390396958179        1.6666666666666667     
 -0.25000000000000017        1.9600000000000013        84.651630847003673       -5.3839455137394143        302.55511920347857        1.6666666666666667     
 -0.15000000000000013       -1.9600000000000000       -22.360377990603684        183.13953466624599       -34.008900746944249        1.6666666154027063     
 -0.15000000000000013       -1.8799999999999999       -21.996126236535591        149.78976069990534       -33.490994998759604        1.6666666111972204     
 -0.15000000000000013       -1.7999999999999998       -21.634930597051628        123.54437418943222       -32.973490733112527        1.6666666067570459     
 -0.15000000000000013       -1.7199999999999998       -21.271953870580148        103.26645172725421       -32.446743716799489        1.6666666020954226     
 -0.15000000000000013       -1.6399999999999997       -20.901442754376767        87.676199768103530       -31.899187577796358        1.6666665972339316     
 -0.15000000000000013       -1.5599999999999996       -20.518197803938463        75.432224719339317       -31.320191287729042        1.6666665922046975     
 -0.15000000000000013       -1.4799999999999995       -20.118991530725456        65.354851534797902       -30.702830524812402        1.6666665870530604     
 -0.15000000000000013       -1.3999999999999995       -19.703245216864069        56.612050116965527       -30.045210517710572        1.6666665818407502     
 -0.15000000000000013       -1.3199999999999994       -19.272776986569085        48.755271592471487       -29.349978000749722        1.6666665766495583     
 -0.15000000000000013       -1.2399999999999993       -18.830956974725417        41.622279199532883       -28.622706109690430        1.6666665715853659     
 -0.15000000000000013       -1.1599999999999993       -18.381786773038183        35.195846281973857       -27.870184563620906        1.6666665667821952     
 -0.15000000000000013       -1.0799999999999992       -17.929254970789881        29.493721862337772       -27.099290667205363        1.6666665624055887     
 -0.15000000000000013      -0.99999999999999911       -17.477041805666634        24.514535959049450       -26.316541574747312        1.6666665586541045     
 -0.15000000000000013      -0.91999999999999926       -17.028461064615602        20.226516784262504       -25.528064433681568        1.6666665557570566     
 -0.15000000000000013      -0.83999999999999919       -16.586489860354316        16.575798162213861       -24.739670046116242        1.6666665539659773     
 -0.15000000000000013      -0.75999999999999934       -16.153789330193401        13.497952716300155       -23.956846267000696        1.6666665535370402     
 -0.15000000000000013      -0.67999999999999927       -15.732686532519660        10.926186314922427       -23.184637091184879        1.6666665547024955     
 -0.15000000000000013      -0.59999999999999942       -15.325129859761359        8.7956610132984050       -22.427459512278041        1.6666665576317969     
 -0.15000000000000013      -0.51999999999999935       -14.932641535952907        7.0454253313440471       -21.688926374519340        1.6666665623877923     
 -0.15000000000000013      -0.43999999999999939       -14.556283370373583        5.6192948195687240       -20.971718679811200        1.6666665688889266     
 -0.15000000000000013      -0.35999999999999938       -14.196640382022927        4.4663430045639654       -20.277519998914119        1.6666665768918452     
 -0.15000000000000013      -0.27999999999999936       -13.853816863813615        3.5412051135697937       -19.607000220126043        1.6666665860062748     
 -0.15000000000000013      -0.19999999999999929       -13.527434898403135        2.8041847843988283       -18.959824714680334        1.6666665957442099     
 -0.15000000000000013      -0.11999999999999930       -13.216624946579442        2.2211372274091046       -18.334664649788557        1.6666666055919530     
 -0.15000000000000013       -3.9999999999999321E-002  -12.920000569060846        1.7631420976490064       -17.729192046897584        1.6666666150840628     
 -0.15000000000000013        4.0000000000000667E-002  -12.635596448755150        1.4061004884207742       -17.140004004768812        1.6666666238585741     
 -0.15000000000000013       0.12000000000000069       -12.360786421593559        1.1300900475217481       -16.562536929313424        1.6666666316823004     
 -0.15000000000000013       0.20000000000000070       -12.092138661661052       0.91889036716148087       -15.990851868641728        1.6666666384472406     
 -0.15000000000000013       0.28000000000000075       -11.825206961470903       0.75941754723841115       -15.417320387127473        1.6666666441475027     
 -0.15000000000000013       0.36000000000000076       -11.554047486093378       0.64166043318289578       -14.831823694991721        1.6666666488482997     
 -0.15000000000000013       0.44000000000000072       -11.269210886451582       0.56062991483383784       -14.218228301891296        1.6666666526561380     
 -0.15000000000000013       0.52000000000000068       -10.950382338368081       0.52196054579368301       -13.541279046916213        1.6666666556955991     
 -0.15000000000000013       0.60000000000000075       -10.550155865765573       0.54498718015486203       -12.717605148704571        1.6666666580957041     
 -0.15000000000000013       0.68000000000000060       -9.9745533539090623       0.65193328612525026       -11.579986053090860        1.6666666599871849     
 -0.15000000000000013       0.76000000000000068       -8.9856403023482372       0.93161952905589607       -9.6679866727303345        1.6666666615067940     
 -0.15000000000000013       0.84000000000000052       -5.2286649595228090        2.9438713021155438       -1.9910486429760885        1.6666666627840245     
 -0.15000000000000013       0.92000000000000060        27.886745345215402        21.582940602906746        68.024250828809613        1.6666666638945871     
 -0.15000000000000013        1.0000000000000004        325.90688365429571        161.55711422306123        708.42289664259749        1.6666666647557249     
 -0.15000000000000013        1.0800000000000005        5795.2156554493813        2466.1126871347869        13095.510754039273        1.6666666646143309     
 -0.15000000000000013        1.1600000000000006        38135.855390796642        12129.114103394677        86191.737577660417        1.6666666647000268     
 -0.15000000000000013        1.2400000000000007        41385.750468631064        1013.7942303244263        93491.911668577362        1.6666666659389724     
 -0.15000000000000013        1.3200000000000007        25887.107425576483       -4021.3710868786734        58395.083997549256        1.6666666666360730     
 -0.15000000000000013        1.4000000000000008        15351.927072368660       -2273.6439198415737        34494.245814060887        1.6666666666655883     
 -0.15000000000000013        1.4800000000000009        8815.6142702831476       -1173.3114336383710        19572.002027321148        1.6666666666665981     
 -0.15000000000000013        1.5600000000000009        5056.0692645552872       -561.32678142117595        10871.515702936375        1.6666666666666601     
 -0.15000000000000013        1.6400000000000010        2721.0016516154342       -289.98793904106896        5461.0401231325695        1.6666666666666656     
 -0.15000000000000013        1.7200000000000011        1312.2851460185855       -145.51376519460163        2305.8760755664039        1.6666666666666665     
 -0.15000000000000013        1.8000000000000012        558.54434093484065       -64.759353181114506        827.89261552165124        1.6666666666666663     
 -0.15000000000000013        1.8800000000000012        247.15924791956121       -22.252473516318094        440.28742197013793        1.6666666666666667     
 -0.15000000000000013        1.9600000000000013        162.61262897817016       -5.0254704052471171        477.20250538322324        1.6666666666666665     
  -5.0000000000000135E-002  -1.9600000000000000       -29.714456059647439        237.65029147424022       -35.756381335012428        1.6666666021176639     
  -5.0000000000000135E-002  -1.8799999999999999       -29.241113924050207        194.65055261487419       -35.225971235294097        1.6666665968216134     
  -5.0000000000000135E-002  -1.7999999999999998       -28.770477068466143        160.97795609239924       -34.693855337162006        1.6666665912298932     
  -5.0000000000000135E-002  -1.7199999999999998       -28.295343193588870        135.17502852308158       -34.148534260856579        1.6666665853591507     
  -5.0000000000000135E-002  -1.6399999999999997       -27.807111925677489        115.53300375186427       -33.576165216665281        1.6666665792365345     
  -5.0000000000000135E-002  -1.5599999999999996       -27.297945148442697        100.21680055033021       -32.963918676029621        1.6666665729024701     
  -5.0000000000000135E-002  -1.4799999999999995       -26.762856455579051        87.600432224152698       -32.303242576573389        1.6666665664140217     
  -5.0000000000000135E-002  -1.3999999999999995       -26.200708378054685        76.547534101711165       -31.591420205297894        1.6666665598488950     
  -5.0000000000000135E-002  -1.3199999999999994       -25.613842656027135        66.469011304638599       -30.830997443705396        1.6666665533100578     
  -5.0000000000000135E-002  -1.2399999999999993       -25.006848433960993        57.182749323450182       -30.027901257891820        1.6666665469308191     
  -5.0000000000000135E-002  -1.1599999999999993       -24.385238394461627        48.707797880112942       -29.189478747242568        1.6666665408799324     
  -5.0000000000000135E-002  -1.0799999999999992       -23.754546818659666        41.105270005788554       -28.323245244968579        1.6666665353658576     
  -5.0000000000000135E-002 -0.99999999999999911       -23.119941684460063        34.402028914601864       -27.436434316731319        1.6666665306386466     
  -5.0000000000000135E-002 -0.91999999999999926       -22.486169585436325        28.576799726768858       -26.536012434688139        1.6666665269871075     
  -5.0000000000000135E-002 -0.83999999999999919       -21.857605171457209        23.573836389369308       -25.628774586713778        1.6666665247280577     
  -5.0000000000000135E-002 -0.75999999999999934       -21.238264301160605        19.320137600540608       -24.721307585176238        1.6666665241841963     
  -5.0000000000000135E-002 -0.67999999999999927       -20.631745861459823        15.737092016997581       -23.819795208022878        1.6666665256481319     
  -5.0000000000000135E-002 -0.59999999999999942       -20.041130708265555        12.746327134471601       -22.929743624177309        1.6666665293334249     
  -5.0000000000000135E-002 -0.51999999999999935       -19.468880493815035        10.272270312745372       -22.055720442623517        1.6666665353194028     
  -5.0000000000000135E-002 -0.43999999999999939       -18.916764547240231        8.2434833680662507       -21.201165707023986        1.6666665435035350     
  -5.0000000000000135E-002 -0.35999999999999938       -18.385822946287011        6.5936703399241559       -20.368291965832892        1.6666665535794964     
  -5.0000000000000135E-002 -0.27999999999999936       -17.876356923794404        5.2625435193724481       -19.558056763835683        1.6666665650558761     
  -5.0000000000000135E-002 -0.19999999999999929       -17.387930286400582        4.1964283876784938       -18.770176756260952        1.6666665773180984     
  -5.0000000000000135E-002 -0.11999999999999930       -16.919365093436461        3.3485015117891246       -18.003152459421052        1.6666665897191471     
  -5.0000000000000135E-002  -3.9999999999999321E-002  -16.468719791967253        2.6786459992765708       -17.254284846289341        1.6666666016727019     
  -5.0000000000000135E-002   4.0000000000000667E-002  -16.033212243760069        2.1531592987712069       -16.519602437651859        1.6666666127227068     
  -5.0000000000000135E-002  0.12000000000000069       -15.609125578155169        1.7439542691976602       -15.793802091439083        1.6666666225752649     
  -5.0000000000000135E-002  0.20000000000000070       -15.191616856869441        1.4280585934970975       -15.070022815495879        1.6666666310941367     
  -5.0000000000000135E-002  0.28000000000000075       -14.774441358161106        1.1868593867695927       -14.339520024717702        1.6666666382716921     
  -5.0000000000000135E-002  0.36000000000000076       -14.349289809916007        1.0060608290951880       -13.590792688901161        1.6666666441898768     
  -5.0000000000000135E-002  0.44000000000000072       -13.902972360914417       0.87846475395818790       -12.805654052378461        1.6666666489826973     
  -5.0000000000000135E-002  0.52000000000000068       -13.407037487632936       0.81190482687995857       -11.944542538308669        1.6666666528072076     
  -5.0000000000000135E-002  0.60000000000000075       -12.794855441717479       0.83360644480968882       -10.913989934120114        1.6666666558273029     
  -5.0000000000000135E-002  0.68000000000000060       -11.933768433003342       0.97527594419308317       -9.5259311674006657        1.6666666582126870     
  -5.0000000000000135E-002  0.76000000000000068       -10.474761915837565        1.3744777281138572       -7.2402821626636440        1.6666666601466180     
  -5.0000000000000135E-002  0.84000000000000052       -4.8058958134782248        4.4419807721497477        2.0555526689715062        1.6666666618019912     
  -5.0000000000000135E-002  0.92000000000000060        45.934482861742303        33.069998802327625        87.750195036895605        1.6666666632607892     
  -5.0000000000000135E-002   1.0000000000000004        506.55072938390697        249.70068121772871        878.31134957899860        1.6666666643653694     
  -5.0000000000000135E-002   1.0800000000000005        9187.4166614811347        3914.2046104365008        16493.275105040568        1.6666666640281267     
  -5.0000000000000135E-002   1.1600000000000006        60455.387966276576        19227.667692849707        108520.15854270969        1.6666666640220273     
  -5.0000000000000135E-002   1.2400000000000007        65585.407941856916        1600.2930950490754        117661.54406651005        1.6666666656822136     
  -5.0000000000000135E-002   1.3200000000000007        40977.396846782460       -6384.9424784105940        73370.739055875340        1.6666666666261063     
  -5.0000000000000135E-002   1.4000000000000008        24222.213438402348       -3616.0103201929842        43128.362097453704        1.6666666666652428     
  -5.0000000000000135E-002   1.4800000000000009        13775.881238985165       -1875.1858089242805        24117.393858376272        1.6666666666665768     
  -5.0000000000000135E-002   1.5600000000000009        7715.2246365584442       -904.89909251147537        12929.122130295134        1.6666666666666581     
  -5.0000000000000135E-002   1.6400000000000010        3960.7441779091441       -466.26232334357769        6027.7720893373098        1.6666666666666656     
  -5.0000000000000135E-002   1.7200000000000011        1771.4187103545144       -226.14698610727945        2232.3606923897696        1.6666666666666665     
  -5.0000000000000135E-002   1.8000000000000012        716.60720522223824       -90.626526174040080        768.51999629362103        1.6666666666666665     
  -5.0000000000000135E-002   1.8800000000000012        370.27713817452184       -24.749741775550628        598.61347565093286        1.6666666666666667     
  -5.0000000000000135E-002   1.9600000000000013        310.93322180977481       -3.5274159884410570        721.15194145764144        1.6666666666666665     
   4.9999999999999864E-002  -1.9600000000000000       -39.433457228064100        307.59547550641145       -37.535910828801860        1.6666665853913767     
   4.9999999999999864E-002  -1.8799999999999999       -38.819808132685630        252.34841047126801       -36.994029061349949        1.6666665787221813     
   4.9999999999999864E-002  -1.7999999999999998       -38.207749534278719        209.35024746000613       -36.447841872371875        1.6666665716805193     
   4.9999999999999864E-002  -1.7199999999999998       -37.586516451456880        176.74008133310804       -35.883589770068731        1.6666665642873244     
   4.9999999999999864E-002  -1.6399999999999997       -36.943204135185653        152.23073394568985       -35.284648757345231        1.6666665565767529     
   4.9999999999999864E-002  -1.5599999999999996       -36.265952666167784        133.30008639130821       -34.635486164078046        1.6666665485996766     
   4.9999999999999864E-002  -1.4799999999999995       -35.547035129800250        117.69541715090463       -33.925517829065711        1.6666665404279175     
   4.9999999999999864E-002  -1.3999999999999995       -34.784331403048377        103.85713634413452       -33.150948628469287        1.6666665321592915     
   4.9999999999999864E-002  -1.3199999999999994       -33.980783744345146        91.010628846463050       -32.314097833585038        1.6666665239234266     
   4.9999999999999864E-002  -1.2399999999999993       -33.142595740238249        78.962686599585084       -31.421200607164703        1.6666665158881613     
   4.9999999999999864E-002  -1.1599999999999993       -32.277324844086074        67.800449225800079       -30.480154091241779        1.6666665082659766     
   4.9999999999999864E-002  -1.0799999999999992       -31.392621533740922        57.660463278760254       -29.499131283232817        1.6666665013193667     
   4.9999999999999864E-002 -0.99999999999999911       -30.495727743375596        48.620731927091448       -28.486142043017843        1.6666664953632195     
   4.9999999999999864E-002 -0.91999999999999926       -29.593441767003977        40.684097142746147       -27.449110275887403        1.6666664907612532     
   4.9999999999999864E-002 -0.83999999999999919       -28.692199672118385        33.800408072021831       -26.395997416021640        1.6666664879124933     
   4.9999999999999864E-002 -0.75999999999999934       -27.798068215181985        27.892140837904293       -25.334724268918411        1.6666664872234096     
   4.9999999999999864E-002 -0.67999999999999927       -26.916610739914621        22.870825500699116       -24.272877794825920        1.6666664890626215     
   4.9999999999999864E-002 -0.59999999999999942       -26.052683726400407        18.644791409436056       -23.217315660440995        1.6666664936992415     
   4.9999999999999864E-002 -0.51999999999999935       -25.210239456074412        15.122432547310847       -22.173794848778577        1.6666665012333626     
   4.9999999999999864E-002 -0.43999999999999939       -24.392182938932724        12.214165040933173       -21.146701491181478        1.6666665115360613     
   4.9999999999999864E-002 -0.35999999999999938       -23.600297187199583        9.8342898436233099       -20.138904886855293        1.6666665242217342     
   4.9999999999999864E-002 -0.27999999999999936       -22.835222407895660        7.9028613173503537       -19.151714193442348        1.6666665386716273     
   4.9999999999999864E-002 -0.19999999999999929       -22.096462443603233        6.3472240219720391       -18.184897822797321        1.6666665541117882     
   4.9999999999999864E-002 -0.11999999999999930       -21.382391646316176        5.1029551066616801       -17.236726677208488        1.6666665697273111     
   4.9999999999999864E-002  -3.9999999999999321E-002  -20.690244956504923        4.1141357860182071       -16.304020278602753        1.6666665847796414     
   4.9999999999999864E-002   4.0000000000000667E-002  -20.016022416026129        3.3333716911433222       -15.382075265104515        1.6666665986942109     
   4.9999999999999864E-002  0.12000000000000069       -19.354390451010772        2.7208020992132691       -14.464647741230216        1.6666666111006332     
   4.9999999999999864E-002  0.20000000000000070       -18.698428147466757        2.2436719446277227       -13.543712323551528        1.6666666218270643     
   4.9999999999999864E-002  0.28000000000000075       -18.039264851359846        1.8753118239703570       -12.609127356700364        1.6666666308636404     
   4.9999999999999864E-002  0.36000000000000076       -17.365171191630811        1.5951470222656559       -11.647684021498360        1.6666666383133295     
   4.9999999999999864E-002  0.44000000000000072       -16.657608595500989        1.3926607693910402       -10.638724934331169        1.6666666443447402     
   4.9999999999999864E-002  0.52000000000000068       -15.876585353215720        1.2786286556560325       -9.5376805562288816        1.6666666491559441     
   4.9999999999999864E-002  0.60000000000000075       -14.928288821724172        1.2912925256733170       -8.2395673921054389        1.6666666529556200     
   4.9999999999999864E-002  0.68000000000000060       -13.625221867504608        1.4758669463856540       -6.5325895314048497        1.6666666559655607     
   4.9999999999999864E-002  0.76000000000000068       -11.453870545730792        2.0455522278860316       -3.7814311971494328        1.6666666584335927     
   4.9999999999999864E-002  0.84000000000000052       -2.8589781157949505        6.7347413438784312        7.5192221736465834        1.6666666605897016     
   4.9999999999999864E-002  0.92000000000000060        75.106699218790069        50.814064131857471        112.66648628616734        1.6666666625094719     
   4.9999999999999864E-002   1.0000000000000004        789.08499794372460        387.04858743559834        1091.1801456722924        1.6666666639158141     
   4.9999999999999864E-002   1.0800000000000005        14565.585108599533        6211.8273304308841        20771.110915114714        1.6666666632705316     
   4.9999999999999864E-002   1.1600000000000006        95831.420251629635        30478.141286740047        136626.34362623026        1.6666666631101550     
   4.9999999999999864E-002   1.2400000000000007        103921.98529286798        2523.8255274190187        148060.31237091063        1.6666666653335240     
   4.9999999999999864E-002   1.3200000000000007        64833.326084962398       -10142.178481487577        92134.368244798679        1.6666666666119045     
   4.9999999999999864E-002   1.4000000000000008        38155.595347120274       -5757.4391945550851        53812.338511579816        1.6666666666647101     
   4.9999999999999864E-002   1.4800000000000009        21419.690744629705       -3004.2057069419798        29521.279710162202        1.6666666666665440     
   4.9999999999999864E-002   1.5600000000000009        11625.700796960669       -1462.3122867848344        15102.712913751622        1.6666666666666554     
   4.9999999999999864E-002   1.6400000000000010        5609.7090719292764       -747.11542910467131        6368.4938554079718        1.6666666666666652     
   4.9999999999999864E-002   1.7200000000000011        2289.4573642582332       -342.96632818419369        2000.7254224839614        1.6666666666666665     
   4.9999999999999864E-002   1.8000000000000012        919.48743818797197       -117.70407770351807        783.54701286335478        1.6666666666666665     
   4.9999999999999864E-002   1.8800000000000012        596.45688403043891       -23.084691632939993        873.53243657566804        1.6666666666666665     
   4.9999999999999864E-002   1.9600000000000013        577.24366469169854       -1.1420381605477918        1028.5218474176929        1.6666666666666665     
  0.14999999999999986       -1.9600000000000000       -52.257736289334005        397.09508774817226       -39.342167606352994        1.6666665643326446     
  0.14999999999999986       -1.8799999999999999       -51.464062483159140        326.37923681348184       -38.789889984227102        1.6666665559345326     
  0.14999999999999986       -1.7999999999999998       -50.669534101483244        271.76272623371233       -38.230111398455094        1.6666665470672410     
  0.14999999999999986       -1.7199999999999998       -49.858001488858505        230.88007372089655       -37.646312811326212        1.6666665377570977     
  0.14999999999999986       -1.6399999999999997       -49.010031102247432        200.66016311677382       -37.018465267863156        1.6666665280470774     
  0.14999999999999986       -1.5599999999999996       -48.107614706981899        177.61819494356055       -36.327707040817018        1.6666665180011999     
  0.14999999999999986       -1.4799999999999995       -47.138748137811668        158.61506953665352       -35.560916432581784        1.6666665077098664     
  0.14999999999999986       -1.3999999999999995       -46.099616175116445        141.49828582690978       -34.712893246432024        1.6666664972962046     
  0.14999999999999986       -1.3199999999999994       -44.993788180361108        125.24720856149743       -33.785561301435415        1.6666664869234062     
  0.14999999999999986       -1.2399999999999993       -43.829576973158730        109.67616362870537       -32.785391277182036        1.6666664768027810     
  0.14999999999999986       -1.1599999999999993       -42.617284894368112        94.992155520769387       -31.720803906220336        1.6666664672018614     
  0.14999999999999986       -1.0799999999999992       -41.367443591052492        81.458301027485291       -30.600638004475762        1.6666664584511712     
  0.14999999999999986      -0.99999999999999911       -40.090178908477391        69.240688695291496       -29.433740799385376        1.6666664509472326     
  0.14999999999999986      -0.91999999999999926       -38.795228958372192        58.389325496261065       -28.229131028044876        1.6666664451480839     
  0.14999999999999986      -0.83999999999999919       -37.492077366195019        48.873721994626685       -26.996157951781775        1.6666664415562609     
  0.14999999999999986      -0.75999999999999934       -36.189902428253369        40.620924901919992       -25.744367114753732        1.6666664406837177     
  0.14999999999999986      -0.67999999999999927       -34.897305079297716        33.538507801143794       -24.483077201845539        1.6666664429947926     
  0.14999999999999986      -0.59999999999999942       -33.621924914536159        27.524544050294583       -23.220826219845144        1.6666664488285585     
  0.14999999999999986      -0.51999999999999935       -32.370074609386265        22.471541994859983       -21.964855356754825        1.6666664583112725     
  0.14999999999999986      -0.43999999999999939       -31.146474041848176        18.269225857779194       -20.720732242603368        1.6666664712807937     
  0.14999999999999986      -0.35999999999999938       -29.954108060072450        14.807783368743525       -19.492143855054195        1.6666664872517107     
  0.14999999999999986      -0.27999999999999936       -28.794184369557083        11.981464182092338       -18.280831159046130        1.6666665054449286     
  0.14999999999999986      -0.19999999999999929       -27.666148181789563        9.6917791092122965       -17.086614286818406        1.6666665248858075     
  0.14999999999999986      -0.11999999999999930       -26.567710788738388        7.8497492482741960       -15.907459110875298        1.6666665445480222     
  0.14999999999999986       -3.9999999999999321E-002  -25.494867925228625        6.3770025668162980       -14.739564011182969        1.6666665635012969     
  0.14999999999999986        4.0000000000000667E-002  -24.441780021152535        5.2064907311462090       -13.577285448491532        1.6666665810217889     
  0.14999999999999986       0.12000000000000069       -23.400688708314540        4.2812372727133452       -12.413184668205069        1.6666665966427479     
  0.14999999999999986       0.20000000000000070       -22.361577607369966        3.5542048863850995       -11.237765439296565        1.6666666101474381     
  0.14999999999999986       0.28000000000000075       -21.311699325262364        2.9868913633303125       -10.039134748860628        1.6666666215231207     
  0.14999999999999986       0.36000000000000076       -20.234328999192993        2.5494440463922259       -8.8019674879883656        1.6666666308991727     
  0.14999999999999986       0.44000000000000072       -19.103221136118922        2.2263041538221269       -7.5026204602617161        1.6666666384877433     
  0.14999999999999986       0.52000000000000068       -17.861950561260485        2.0321087011350896       -6.0906792811934070        1.6666666445387703     
  0.14999999999999986       0.60000000000000075       -16.378194751741685        2.0204258089422997       -4.4480038089989575        1.6666666493187199     
  0.14999999999999986       0.68000000000000060       -14.386600903569896        2.2556995414730494       -2.3357493630427784        1.6666666531197682     
  0.14999999999999986       0.76000000000000068       -11.129415068047937        3.0684779914140532       0.99536057526606947        1.6666666562800532     
  0.14999999999999986       0.84000000000000052        1.9595660274513333        10.256196089909665        14.782271221368276        1.6666666591025332     
  0.14999999999999986       0.92000000000000060        122.07809108411912        78.287146912864472        144.09826569123879        1.6666666616296189     
  0.14999999999999986        1.0000000000000004        1231.8267403353377        601.59622199767421        1358.2377420423018        1.6666666634021103     
  0.14999999999999986        1.0800000000000005        23091.738044116319        9856.6394502905168        26156.428460726573        1.6666666622850328     
  0.14999999999999986        1.1600000000000006        151899.57672058538        48308.412743331639        172005.20969967503        1.6666666618784922     
  0.14999999999999986        1.2400000000000007        164645.29635135620        3975.9859052491452        186286.23643185024        1.6666666648561981     
  0.14999999999999986        1.3200000000000007        102520.83455903287       -16119.186289118545        115617.28093788894        1.6666666665912260     
  0.14999999999999986        1.4000000000000008        59986.415371725387       -9179.5413392963965        66972.324626495858        1.6666666666638765     
  0.14999999999999986        1.4800000000000009        33100.408505508050       -4826.2162806754613        35833.964132832465        1.6666666666664927     
  0.14999999999999986        1.5600000000000009        17243.190255556910       -2367.5953523569874        17233.265959913530        1.6666666666666514     
  0.14999999999999986        1.6400000000000010        7677.5785397754798       -1187.9364913267764        6343.7848477393709        1.6666666666666650     
  0.14999999999999986        1.7200000000000011        2832.8392327289607       -500.43870086972396        1666.9802989698601        1.6666666666666665     
  0.14999999999999986        1.8000000000000012        1234.9386197001465       -137.28726035464572        967.73730479357789        1.6666666666666667     
  0.14999999999999986        1.8800000000000012        1006.4057302102287       -16.331616975423124        1257.6360931777194        1.6666666666666665     
  0.14999999999999986        1.9600000000000013        1034.2691393525110        1.6562074248161276        1402.0572024809198        1.6666666666666667     
  0.24999999999999986       -1.9600000000000000       -69.152430877948859        511.29659858773965       -41.169507309349584        1.6666665378194929     
  0.24999999999999986       -1.8799999999999999       -68.128302399914560        421.14817001550756       -40.607928332717222        1.6666665272445442     
  0.24999999999999986       -1.7999999999999998       -67.098632600476179        352.19115927068378       -40.034928550653852        1.6666665160786265     
  0.24999999999999986       -1.7199999999999998       -66.039107401731542        301.43367276901540       -39.430612649388145        1.6666665043548550     
  0.24999999999999986       -1.6399999999999997       -64.920359976876256        264.73570811252279       -38.770774899926167        1.6666664921273036     
  0.24999999999999986       -1.5599999999999996       -63.714956766197609        237.25360441497190       -38.032447382588700        1.6666664794765411     
  0.24999999999999986       -1.4799999999999995       -62.404208308584629        214.58523223419755       -37.199339164422796        1.6666664665163529     
  0.24999999999999986       -1.3999999999999995       -60.981418535409652        193.74085412033929       -36.264430104659183        1.6666664534017339     
  0.24999999999999986       -1.3199999999999994       -59.450692130385093        173.37163664690885       -35.229024692885837        1.6666664403381255     
  0.24999999999999986       -1.2399999999999993       -57.823049556701363        153.33437106258023       -34.099720997594815        1.6666664275915646     
  0.24999999999999986       -1.1599999999999993       -56.112442258058543        134.03888171054140       -32.885411263940888        1.6666664154988935     
  0.24999999999999986       -1.0799999999999992       -54.333298981033224        115.95551230903534       -31.595592062936841        1.6666664044762851     
  0.24999999999999986      -0.99999999999999911       -52.499744897925673        99.397211248707407       -30.240009076739039        1.6666663950230414     
  0.24999999999999986      -0.91999999999999926       -50.625734324553200        84.499183418780746       -28.828936480124959        1.6666663877159575     
  0.24999999999999986      -0.83999999999999919       -48.725267839571316        71.275568556019437       -27.373381322479279        1.6666663831879007     
  0.24999999999999986      -0.75999999999999934       -46.812255566371320        59.675797484585239       -25.884874264429886        1.6666663820836458     
  0.24999999999999986      -0.67999999999999927       -44.900001701291139        49.616488246379191       -24.374876357331498        1.6666663849880594     
  0.24999999999999986      -0.59999999999999942       -43.000508471981163        40.993804441951148       -22.854018597043730        1.6666663923283163     
  0.24999999999999986      -0.51999999999999935       -41.123821482522715        33.687774266087906       -21.331397498043454        1.6666664042636341     
  0.24999999999999986      -0.43999999999999939       -39.277552067267919        27.566114168666253       -19.814059049400981        1.6666664205900632     
  0.24999999999999986      -0.35999999999999938       -37.466616999313857        22.489684032405112       -18.306711024778025        1.6666664406965299     
  0.24999999999999986      -0.27999999999999936       -35.693157261034017        18.319001936361651       -16.811627661743415        1.6666664636020514     
  0.24999999999999986      -0.19999999999999929       -33.956565385981804        14.920323512996655       -15.328680593099927        1.6666664880792839     
  0.24999999999999986      -0.11999999999999930       -32.253553507946158        12.170212243302187       -13.855435039706640        1.6666665128356675     
  0.24999999999999986       -3.9999999999999321E-002  -30.578230214748906        9.9581600477960279       -12.387292344160420        1.6666665366994760     
  0.24999999999999986        4.0000000000000667E-002  -28.921945502624599        8.1887095734709856       -10.917403955964737        1.6666665587588521     
  0.24999999999999986       0.12000000000000069       -27.273266671879767        6.7797946000310043       -9.4368161520045639        1.6666665784256371     
  0.24999999999999986       0.20000000000000070       -25.617518239260225        5.6633685892599743       -7.9341754857022417        1.6666665954264959     
  0.24999999999999986       0.28000000000000075       -23.936170461004792        4.7834146521673180       -6.3953913484140399        1.6666666097449843     
  0.24999999999999986       0.36000000000000076       -22.205130767966615        4.0962598771266387       -4.8025098884878341        1.6666666215436525     
  0.24999999999999986       0.44000000000000072       -20.386964718279021        3.5786070992000409       -3.1282655340029990        1.6666666310894425     
  0.24999999999999986       0.52000000000000068       -18.401749388616338        3.2500354288140518       -1.3153982542768845        1.6666666386979605     
  0.24999999999999986       0.60000000000000075       -16.062501911685658        3.1853462312148855       0.76928994590730304        1.6666666447106824     
  0.24999999999999986       0.68000000000000060       -12.993193035096116        3.4763305941709230        3.3954988132602737        1.6666666495160050     
  0.24999999999999986       0.76000000000000068       -8.0726208543399682        4.6354946276483959        7.4488894169909665        1.6666666535790156     
  0.24999999999999986       0.84000000000000052        11.940943014035390        15.682124834191232        24.322924019204592        1.6666666572915647     
  0.24999999999999986       0.92000000000000060        197.46551461753231        120.91548232229121        183.70637408760328        1.6666666606127267     
  0.24999999999999986        1.0000000000000004        1926.8413497785218        937.49694541093061        1693.6328084236677        1.6666666628179136     
  0.24999999999999986        1.0800000000000005        36607.440172561444        15637.490645134318        32935.475373611582        1.6666666609912295     
  0.24999999999999986        1.1600000000000006        240760.28125509244        76565.990168581018        216538.47636361918        1.6666666602031015     
  0.24999999999999986        1.2400000000000007        260812.41162220167        6255.1970402178877        234342.96099854721        1.6666666641954460     
  0.24999999999999986        1.3200000000000007        162009.55168394535       -25635.983947296590        144963.92116779368        1.6666666665604548     
  0.24999999999999986        1.4000000000000008        94082.607841787278       -14659.614518427990        83086.642244669929        1.6666666666625625     
  0.24999999999999986        1.4800000000000009        50759.761507988995       -7776.7378153911513        43032.850265547808        1.6666666666664145     
  0.24999999999999986        1.5600000000000009        25065.712486686116       -3836.3040785073849        19062.160874399528        1.6666666666666461     
  0.24999999999999986        1.6400000000000010        10071.639768298497       -1862.0875135871893        5833.9214556224570        1.6666666666666647     
  0.24999999999999986        1.7200000000000011        3401.4871183675691       -688.99528234247032        1385.6985198194263        1.6666666666666665     
  0.24999999999999986        1.8000000000000012        1799.8033800943911       -137.61229615233074        1376.4796847831908        1.6666666666666667     
  0.24999999999999986        1.8800000000000012        1716.3145696931442       -5.9663502975445439        1729.9275226768082        1.6666666666666665     
  0.24999999999999986        1.9600000000000013        1798.0373299445282        4.8576195975753409        1861.1736329591001        1.6666666666666667     
  0.34999999999999987       -1.9600000000000000       -91.373481170027873        656.61219029277129       -43.012026695289585        1.6666665044394136     
  0.34999999999999987       -1.8799999999999999       -90.054982926479212        542.20064606052495       -42.442231836533374        1.6666664911236961     
  0.34999999999999987       -1.7999999999999998       -88.722561306074553        455.74524511022400       -41.856212308460442        1.6666664770636468     
  0.34999999999999987       -1.7199999999999998       -87.339485622151088        393.48340522389873       -41.229933985750087        1.6666664623009222     
  0.34999999999999987       -1.6399999999999997       -85.861231958007252        349.80775986829360       -40.534058149182890        1.6666664469035632     
  0.34999999999999987       -1.5599999999999996       -84.245880764878436        317.94165601240360       -39.740545091381463        1.6666664309729700     
  0.34999999999999987       -1.4799999999999995       -82.464281067202123        291.66922352933216       -38.829145052188295        1.6666664146523631     
  0.34999999999999987       -1.3999999999999995       -80.504898204776666        266.80857317940399       -37.790492244333542        1.6666663981368508     
  0.34999999999999987       -1.3199999999999994       -78.372039010326816        241.56981160408304       -36.624977956194705        1.6666663816850631     
  0.34999999999999987       -1.2399999999999993       -76.080118861796151        215.91357966585846       -35.339173531703416        1.6666663656319347     
  0.34999999999999987       -1.1599999999999993       -73.647882196268426        190.58394230012291       -33.942356496298814        1.6666663504015633     
  0.34999999999999987       -1.0799999999999992       -71.094988106290742        166.38465597273995       -32.444650934016167        1.6666663365179546     
  0.34999999999999987      -0.99999999999999911       -68.441091492700991        143.86808917364050       -30.856760426745254        1.6666663246098126     
  0.34999999999999987      -0.91999999999999926       -65.706200540722932        123.31630112720066       -29.190403106126897        1.6666663154034516     
  0.34999999999999987      -0.83999999999999919       -62.911029335234431        104.83079731053834       -27.458573925372558        1.6666663096958356     
  0.34999999999999987      -0.75999999999999934       -60.076701884072172        88.415925684381023       -25.675236391439064        1.6666663082989761     
  0.34999999999999987      -0.67999999999999927       -57.223815636659808        74.022701456041858       -23.854507640658653        1.6666663119495033     
  0.34999999999999987      -0.59999999999999942       -54.371214258129967        61.563253428796216       -22.009630255526407        1.6666663211855333     
  0.34999999999999987      -0.51999999999999935       -51.534842869353973        50.914744769157750       -20.152023596078212        1.6666663362077974     
  0.34999999999999987      -0.43999999999999939       -48.726910328167087        41.924427913240777       -18.290586827753575        1.6666663567597166     
  0.34999999999999987      -0.35999999999999938       -45.955425781293101        34.418579032934431       -16.431305682785485        1.6666663820720033     
  0.34999999999999987      -0.27999999999999936       -43.224047197414663        28.213851426668530       -14.577116505530668        1.6666664109094707     
  0.34999999999999987      -0.19999999999999929       -40.532127536733661        23.128239159329901       -12.727942696097157        1.6666664417265715     
  0.34999999999999987      -0.11999999999999930       -37.874851797450951        18.989656004836977       -10.880828264744657        1.6666664728954839     
  0.34999999999999987       -3.9999999999999321E-002  -35.243427279926834        15.641247635965589       -9.0301573538919282        1.6666665029404077     
  0.34999999999999987        4.0000000000000667E-002  -32.624869403126425        12.946210151841369       -7.1675397681712809        1.6666665307126749     
  0.34999999999999987       0.12000000000000069       -30.002129467424560        10.785386287348565       -5.2821049350486664        1.6666665554711677     
  0.34999999999999987       0.20000000000000070       -27.353455561226461        9.0595988545330055       -3.3601554135529330        1.6666665768711817     
  0.34999999999999987       0.28000000000000075       -24.651612895648597        7.6867106029580299       -1.3848413415819332        1.6666665948915007     
  0.34999999999999987       0.36000000000000076       -21.861543259022493        6.6023040100494974       0.66506285313348001        1.6666666097363354     
  0.34999999999999987       0.44000000000000072       -18.929447569844459        5.7711001977125660        2.8212332753531761        1.6666666217415844     
  0.34999999999999987       0.52000000000000068       -15.741664369395545        5.2187831647449556        5.1489756944229415        1.6666666313061411     
  0.34999999999999987       0.60000000000000075       -12.033480505831220        5.0494227784547068        7.7987482133676664        1.6666666388695388     
  0.34999999999999987       0.68000000000000060       -7.2713477247037410        5.3936402448138425        11.075451430153276        1.6666666449533207     
  0.34999999999999987       0.76000000000000068       0.20774239521446081        7.0457826441743947        16.027829488486699        1.6666666502013279     
  0.34999999999999987       0.84000000000000052        30.921320679037787        24.066386772458511        36.739240498671315        1.6666666551049882     
  0.34999999999999987       0.92000000000000060        318.13485126901639        187.19117516679830        233.57279071577668        1.6666666594537232     
  0.34999999999999987        1.0000000000000004        3019.6100392487024        1464.4733003330132        2115.2103714927721        1.6666666621537747     
  0.34999999999999987        1.0800000000000005        58031.098720724847        24804.693945087598        41468.560723830640        1.6666666592723605     
  0.34999999999999987        1.1600000000000006        381589.27624096163        121348.06504585191        272594.69791858702        1.6666666579011349     
  0.34999999999999987        1.2400000000000007        413082.26032767276        9824.1342560762441        294740.10955018003        1.6666666632676885     
  0.34999999999999987        1.3200000000000007        255813.54276423517       -40805.886807200848        181571.06506834892        1.6666666665137069     
  0.34999999999999987        1.4000000000000008        147123.30759770569       -23456.920911399957        102667.87410366617        1.6666666666604888     
  0.34999999999999987        1.4800000000000009        77090.792826055738       -12571.300180402533        50967.483853402991        1.6666666666662955     
  0.34999999999999987        1.5600000000000009        35510.114593878665       -6208.2906962989628        20216.636763161481        1.6666666666666388     
  0.34999999999999987        1.6400000000000010        12562.082221750055       -2849.8757705191642        4820.6082018150555        1.6666666666666645     
  0.34999999999999987        1.7200000000000011        4117.7396922310745       -872.26072185659939        1386.4094821192455        1.6666666666666665     
  0.34999999999999987        1.8000000000000012        2825.7978995336971       -111.00011340561029        1985.9593979261638        1.6666666666666667     
  0.34999999999999987        1.8800000000000012        2900.5421352705339        5.3414378643674612        2292.2421305202347        1.6666666666666667     
  0.34999999999999987        1.9600000000000013        3056.1175653602663        9.2474392174277842        2435.1945546789516        1.6666666666666667     
  0.44999999999999990       -1.9600000000000000       -120.55239385320898        841.00601015794962       -44.863631914828034        1.6666664624141367     
  0.44999999999999990       -1.8799999999999999       -118.85864229165908        696.51453495052567       -44.286666387825051        1.6666664456476643     
  0.44999999999999990       -1.7999999999999998       -117.13658621419627        589.01691258844028       -43.687589340212291        1.6666664279437433     
  0.44999999999999990       -1.7199999999999998       -115.33055736414671        513.81308348518860       -43.037283574253109        1.6666664093547783     
  0.44999999999999990       -1.6399999999999997       -113.37284042718456        463.26594195968482       -42.300091478647751        1.6666663899663881     
  0.44999999999999990       -1.5599999999999996       -111.19919948162928        427.82709094213703       -41.441700824183158        1.6666663699061932     
  0.44999999999999990       -1.4799999999999995       -108.76409665061962        398.65551889182296       -40.436916158373677        1.6666663493544656     
  0.44999999999999990       -1.3999999999999995       -106.04794780787007        369.85716838404073       -39.273361136445338        1.6666663285568104     
  0.44999999999999990       -1.3199999999999994       -103.05447148250855        339.04418718338889       -37.950131220374061        1.6666663078388153     
  0.44999999999999990       -1.2399999999999993       -99.802200773976736        306.38476265052384       -36.473557555656093        1.6666662876221490     
  0.44999999999999990       -1.1599999999999993       -96.316079478495013        273.16368889832648       -34.853171880825784        1.6666662684407605     
  0.44999999999999990       -1.0799999999999992       -92.622720204685251        240.71437768181661       -33.099665477942892        1.6666662509544115     
  0.44999999999999990      -0.99999999999999911       -88.749398430232930        209.97328968718122       -31.224755259093229        1.6666662359547229     
  0.44999999999999990      -0.91999999999999926       -84.724827262970436        181.46801414916987       -29.241825357126466        1.6666662243562573     
  0.44999999999999990      -0.83999999999999919       -80.579728808604060        155.45880518827312       -27.166263465460702        1.6666662171625830     
  0.44999999999999990      -0.75999999999999934       -76.346253301018280        132.06189556956849       -25.015022804806705        1.6666662153962744     
  0.44999999999999990      -0.67999999999999927       -72.056325871942548        111.30903576635252       -22.805520095757636        1.6666662199850493     
  0.44999999999999990      -0.59999999999999942       -67.739525615909642        93.162777724173409       -20.554261448677700        1.6666662316067140     
  0.44999999999999990      -0.51999999999999935       -63.421118870972556        77.518260865959377       -18.275578571577309        1.6666662505142800     
  0.44999999999999990      -0.43999999999999939       -59.120615839778381        64.209565820183201       -15.980697545759686        1.6666662763849132     
  0.44999999999999990      -0.35999999999999938       -54.850961933104728        53.024080756964146       -13.677208055458424        1.6666663082501203     
  0.44999999999999990      -0.27999999999999936       -50.618262385025851        43.721788289652693       -11.368872859585041        1.6666663445546357     
  0.44999999999999990      -0.19999999999999929       -46.421855045073698        36.054386758268890       -9.0556687249388492        1.6666663833522295     
  0.44999999999999990      -0.11999999999999930       -42.254564845936940        29.780653239733784       -6.7339669655717724        1.6666664225928967     
  0.44999999999999990       -3.9999999999999321E-002  -38.103106523375537        24.676363407402242       -4.3968601011821393        1.6666664604178958     
  0.44999999999999990        4.0000000000000667E-002  -33.947757540698873        20.544140597612138       -2.0339882816384773        1.6666664953802868     
  0.44999999999999990       0.12000000000000069       -29.762824786187121        17.209527993826097       0.36793958880860000        1.6666665265462401     
  0.44999999999999990       0.20000000000000070       -25.515724609209233        14.526901106397672        2.8255777000666140        1.6666665534810541     
  0.44999999999999990       0.28000000000000075       -21.166008629775671        12.374890797653803        5.3592424256101170        1.6666665761573585     
  0.44999999999999990       0.36000000000000076       -16.662160353641248        10.657718052562608        7.9942389692172311        1.6666665948316741     
  0.44999999999999990       0.44000000000000072       -11.926273802992368        9.3214133186955834        10.767632554475945        1.6666666099267018     
  0.44999999999999990       0.52000000000000068       -6.7960412143546840        8.3988056217367397        13.754218631588920        1.6666666219471860     
  0.44999999999999990       0.60000000000000075      -0.89600982399697005        8.0340549423118546        17.124263352692086        1.6666666314619221     
  0.44999999999999990       0.68000000000000060        6.5317639605340956        8.4127724813533575        21.222782652991580        1.6666666391789469     
  0.44999999999999990       0.76000000000000068        17.958970145794499        10.765161232258372        27.293153671807115        1.6666666459931456     
  0.44999999999999990       0.84000000000000052        65.248407260064184        37.054812478274215        52.779135185777065        1.6666666524902753     
  0.44999999999999990       0.92000000000000060        510.85099739912835        290.42111050324939        296.30803374688895        1.6666666581515865     
  0.44999999999999990        1.0000000000000004        4740.1923513673228        2292.7315854833869        2645.4574359293110        1.6666666613944932     
  0.44999999999999990        1.0800000000000005        91987.511962674558        39339.838138509433        52209.211541755816        1.6666666569555788     
  0.44999999999999990        1.1600000000000006        604774.37419396790        192316.86242517983        343155.14742295392        1.6666666546968538     
  0.44999999999999990        1.2400000000000007        654128.26517306338        15395.786239354078        370616.93673585122        1.6666666619428616     
  0.44999999999999990        1.3200000000000007        403535.69537389884       -65020.254481477277        227128.14395465967        1.6666666664413796     
  0.44999999999999990        1.4000000000000008        229218.60796461315       -37620.142477383954        126224.48881452458        1.6666666666572261     
  0.44999999999999990        1.4800000000000009        115647.80507687405       -20386.711222442915        59282.798647713105        1.6666666666661172     
  0.44999999999999990        1.5600000000000009        48668.046729683476       -10000.553821304133        20230.795797997424        1.6666666666666288     
  0.44999999999999990        1.6400000000000010        14838.299587868032       -4201.2567848450763        3499.7663956998117        1.6666666666666639     
  0.44999999999999990        1.7200000000000011        5326.0588560969272       -982.56956514541628        1857.8343474243682        1.6666666666666665     
  0.44999999999999990        1.8000000000000012        4602.6143062874498       -62.156381599718557        2731.9193870707727        1.6666666666666665     
  0.44999999999999990        1.8800000000000012        4837.3653908955930        16.775987066642678        2977.9356951339419        1.6666666666666667     
  0.44999999999999990        1.9600000000000013        5109.7429440804117        16.190184181496587        3157.5231771729436        1.6666666666666667     
  0.54999999999999982       -1.9600000000000000       -158.80490405801635        1074.3405515778700       -46.718109909654807        1.6666664095049215     
  0.54999999999999982       -1.8799999999999999       -156.63365973444098        892.87193271438230       -46.134944014974081        1.6666663883938313     
  0.54999999999999982       -1.7999999999999998       -154.41009577999390        760.55407981895507       -45.522448260000992        1.6666663661021219     
  0.54999999999999982       -1.7199999999999998       -152.04958252517338        671.56324442641539       -44.845251829581542        1.6666663426957224     
  0.54999999999999982       -1.6399999999999997       -149.44882896864377        615.43143619131922       -44.059905840310755        1.6666663182823769     
  0.54999999999999982       -1.5599999999999996       -146.50914518131529        578.60354792921908       -43.124331325439655        1.6666662930227070     
  0.54999999999999982       -1.4799999999999995       -143.15930393135048        548.40916149575867       -42.007153661372001        1.6666662671436259     
  0.54999999999999982       -1.3999999999999995       -139.36643512130792        516.47380145574766       -40.692146580670844        1.6666662409543043     
  0.54999999999999982       -1.3199999999999994       -135.13205050187938        479.59072846270374       -39.176614926417749        1.6666662148646187     
  0.54999999999999982       -1.2399999999999993       -130.47943318430453        438.30639583886443       -37.466359927657869        1.6666661894054293     
  0.54999999999999982       -1.1599999999999993       -125.44138436193160        394.76882314821739       -35.570977889069191        1.6666661652489776     
  0.54999999999999982       -1.0799999999999992       -120.05365275854423        351.14495067474633       -33.501626824334714        1.6666661432259366     
  0.54999999999999982      -0.99999999999999911       -114.35397662840461        308.98020275274973       -31.271085009793797        1.6666661243330338     
  0.54999999999999982      -0.91999999999999926       -108.38360681425736        269.20412359024016       -28.894664885715372        1.6666661097218349     
  0.54999999999999982      -0.83999999999999919       -102.18823110469580        232.35291419588589       -26.390644165489899        1.6666661006560273     
  0.54999999999999982      -0.75999999999999934       -95.816896628657815        198.75171279617260       -23.779659168041562        1.6666660984232922     
  0.54999999999999982      -0.67999999999999927       -89.319151085402140        168.59441168465875       -21.083232482144680        1.6666661041919353     
  0.54999999999999982      -0.59999999999999942       -82.741432231627115        141.95666307467809       -18.321953732578475        1.6666661188156471     
  0.54999999999999982      -0.51999999999999935       -76.123734487168733        118.79205697527911       -15.513810448522408        1.6666661426132672     
  0.54999999999999982      -0.43999999999999939       -69.497155695187516        98.939529636419493       -12.672954712028130        1.6666661751785421     
  0.54999999999999982      -0.35999999999999938       -62.882507674785657        82.146150128109042       -9.8089938332233757        1.6666662152921561     
  0.54999999999999982      -0.27999999999999936       -56.289825143410340        68.099298479267290       -6.9267269229409232        1.6666662609958134     
  0.54999999999999982      -0.19999999999999929       -49.718473885711262        56.459256829967494       -4.0261880985731793        1.6666663098387422     
  0.54999999999999982      -0.11999999999999930       -43.157601292777095        46.885880825078935       -1.1028859478769713        1.6666663592392947     
  0.54999999999999982       -3.9999999999999321E-002  -36.586929537481851        39.056223492177629        1.8517196045494682        1.6666664068564661     
  0.54999999999999982        4.0000000000000667E-002  -29.976194350000593        32.683626263735306        4.8505032653481512        1.6666664508676288     
  0.54999999999999982       0.12000000000000069       -23.286321935913989        27.510489018306895        7.9098069739545478        1.6666664900961512     
  0.54999999999999982       0.20000000000000070       -16.468039357996080        23.321445833040762        11.050013495350102        1.6666665239938361     
  0.54999999999999982       0.28000000000000075       -9.4606947549875429        19.935812971184337        14.295797509796731        1.6666665525253690     
  0.54999999999999982       0.36000000000000076       -2.1878780961688769        17.210088938474783        17.677561701113625        1.6666665760129398     
  0.54999999999999982       0.44000000000000072        5.4640767974972260        15.060967676707605        21.238980301454852        1.6666665949885426     
  0.54999999999999982       0.52000000000000068        13.727918135321145        13.528898716790271        25.066082815107411        1.6666666100918093     
  0.54999999999999982       0.60000000000000075        23.137135799642607        12.812503303435243        29.351881293762208        1.6666666220635911     
  0.54999999999999982       0.68000000000000060        34.769484932052116        13.174917480447675        34.486964251035005        1.6666666318761625     
  0.54999999999999982       0.76000000000000068        52.304321208535853        16.518940556186255        41.946263846318232        1.6666666407741668     
  0.54999999999999982       0.84000000000000052        125.32992486053806        57.221024705772876        73.378058793251256        1.6666666493971003     
  0.54999999999999982       0.92000000000000060        818.05123108044006        451.48052429152324        375.18620881490557        1.6666666567094215     
  0.54999999999999982        1.0000000000000004        7452.6010937834681        3596.5983240893288        3312.6874306978357        1.6666666605151859     
  0.54999999999999982        1.0800000000000005        145805.43239092000        62383.326083618384        65728.275300475521        1.6666666537802546     
  0.54999999999999982        1.1600000000000006        958470.64007945976        304783.98425557278        431972.20093013009        1.6666666501657454     
  0.54999999999999982        1.2400000000000007        1035599.2847419693        24060.030579109931        465893.73936899198        1.6666666600149975     
  0.54999999999999982        1.3200000000000007        635789.89540822059       -103736.94742584915        283653.99253769155        1.6666666663278726     
  0.54999999999999982        1.4000000000000008        355468.41340380069       -60497.420242669446        154189.94086927272        1.6666666666521244     
  0.54999999999999982        1.4800000000000009        170771.21034214250       -33154.371076630181        67322.674825497103        1.6666666666658521     
  0.54999999999999982        1.5600000000000009        63933.965801065853       -15951.559702778221        18644.394347723275        1.6666666666666159     
  0.54999999999999982        1.6400000000000010        16764.750194454919       -5857.8619069294000        2352.7902010137000        1.6666666666666639     
  0.54999999999999982        1.7200000000000011        7622.8735962588917       -944.31269844766143        2805.1190078374693        1.6666666666666663     
  0.54999999999999982        1.8000000000000012        7546.0737519281965       -6.5984330551316184        3594.8715825392856        1.6666666666666665     
  0.54999999999999982        1.8800000000000012        7976.4969265343807        30.759276884406564        3833.8475388317302        1.6666666666666665     
  0.54999999999999982        1.9600000000000013        8440.0182288739616        27.551812435266605        4067.2929946657218        1.6666666666666665     
  0.64999999999999991       -1.9600000000000000       -208.87006363177261        1368.7922744215646       -48.569197651658740        1.6666663428933248     
  0.64999999999999991       -1.8799999999999999       -206.09218333322863        1142.3363663311256       -47.980688140819154        1.6666663163122606     
  0.64999999999999991       -1.7999999999999998       -203.22261701254163        981.51454926433962       -47.353988518237855        1.6666662882443846     
  0.64999999999999991       -1.7199999999999998       -200.13233088863549        879.18276728089654       -46.646021480457406        1.6666662587726466     
  0.64999999999999991       -1.6399999999999997       -196.66332934538596        820.89000572617510       -45.803717002918901        1.6666662280326359     
  0.64999999999999991       -1.5599999999999996       -192.66362363760115        787.24246572798143       -44.775368854065256        1.6666661962265139     
  0.64999999999999991       -1.4799999999999995       -188.02168705670022        759.94065332950038       -43.521881717555296        1.6666661636399036     
  0.64999999999999991       -1.3999999999999995       -182.68286446413038        726.98586156778606       -42.022121495813067        1.6666661306619930     
  0.64999999999999991       -1.3199999999999994       -176.64338778255282        684.03729976758518       -40.270966123646581        1.6666660978087675     
  0.64999999999999991       -1.2399999999999993       -169.93157495132422        632.29582207166425       -38.273299987004840        1.6666660657485437     
  0.64999999999999991       -1.1599999999999993       -162.58991175371980        575.27424656908943       -36.038518297375120        1.6666660353276621     
  0.64999999999999991       -1.0799999999999992       -154.66597118013831        516.44215537955074       -33.578092008754254        1.6666660075919619     
  0.64999999999999991      -0.99999999999999911       -146.21179446545040        458.30204660205135       -30.905896724417961        1.6666659837963889     
  0.64999999999999991      -0.91999999999999926       -137.28672399286825        402.43164985514096       -28.039483404200833        1.6666659653908886     
  0.64999999999999991      -0.83999999999999919       -127.95889767338171        349.83312232393433       -25.000631354136544        1.6666659539666355     
  0.64999999999999991      -0.75999999999999934       -118.30332140566139        301.20257042867695       -21.814523688164527        1.6666659511450781     
  0.64999999999999991      -0.67999999999999927       -108.39700218484397        257.03531322916609       -18.507799210200041        1.6666659583974297     
  0.64999999999999991      -0.59999999999999942       -98.312873874023765        217.63003813994996       -15.106162315065797        1.6666659767988203     
  0.64999999999999991      -0.51999999999999935       -88.114207360070907        183.07281782578823       -11.632193962008468        1.6666660067509658     
  0.64999999999999991      -0.43999999999999939       -77.850485534797684        153.24465936184467       -8.1037298489346519        1.6666660477425730     
  0.64999999999999991      -0.35999999999999938       -67.555044440875974        127.85727178949959       -4.5329199718728894        1.6666660982385024     
  0.64999999999999991      -0.27999999999999936       -57.244210677860060        106.50604555218101      -0.92586820961359062        1.6666661557729729     
  0.64999999999999991      -0.19999999999999929       -46.917452024295550        88.724692407758553        2.7173264915554092        1.6666662172598881     
  0.64999999999999991      -0.11999999999999930       -36.558150768688222        74.030543532362330        6.4022569712298383        1.6666662794481160     
  0.64999999999999991       -3.9999999999999321E-002  -26.135107655793934        61.954807125730532        10.139518321993545        1.6666663393892995     
  0.64999999999999991        4.0000000000000667E-002  -15.601476348420393        52.078514580668099        13.945197134088030        1.6666663947876108     
  0.64999999999999991       0.12000000000000069       -4.8973802913605660        44.018016906956568        17.839474575595045        1.6666664441604968     
  0.64999999999999991       0.20000000000000070        6.0523110455458786        37.452632753768775        21.847435606848649        1.6666664868166201     
  0.64999999999999991       0.28000000000000075        17.339338995706726        32.111461753761660        25.999240737283344        1.6666665227103994     
  0.64999999999999991       0.36000000000000076        29.078034110696287        27.777956798298401        30.331677411264266        1.6666665522464461     
  0.64999999999999991       0.44000000000000072        41.435471029012305        24.322537257474849        34.896558227530527        1.6666665760944170     
  0.64999999999999991       0.52000000000000068        54.746839828423141        21.792306133081343        39.793264060912072        1.6666665950664088     
  0.64999999999999991       0.60000000000000075        69.771499234730157        20.459033380240147        45.240914726362824        1.6666666101348127     
  0.64999999999999991       0.68000000000000060        88.042831378127758        20.694297472246813        51.681522941975317        1.6666666226501652     
  0.64999999999999991       0.76000000000000068        115.04325570805256        25.436131678970710        60.864276397089611        1.6666666343372190     
  0.64999999999999991       0.84000000000000052        228.10723855251973        88.594090731613605        99.706296860163334        1.6666666457809607     
  0.64999999999999991       0.92000000000000060        1306.9752583094394        703.15131760446695        474.31483125798405        1.6666666551337117     
  0.64999999999999991        1.0000000000000004        11733.028717206900        5651.9774774680645        4152.5271675085278        1.6666666594754904     
  0.64999999999999991        1.0800000000000005        231098.25356564179        98911.834509088294        82744.246201787086        1.6666666493463607     
  0.64999999999999991        1.1600000000000006        1518987.6595877858        483013.25162478420        543768.60354379192        1.6666666436419879     
  0.64999999999999991        1.2400000000000007        1639087.4701735117        37464.746436059751        585455.77819410386        1.6666666571533364     
  0.64999999999999991        1.3200000000000007        1000200.0860831660       -165769.56105223708        353521.50533138012        1.6666666661481473     
  0.64999999999999991        1.4000000000000008        548024.61185333191       -97585.991242295509        186802.56172497457        1.6666666666442023     
  0.64999999999999991        1.4800000000000009        247081.89580190176       -54021.210475218810        74030.499384874536        1.6666666666654666     
  0.64999999999999991        1.5600000000000009        79631.359075211265       -25001.554891572294        15228.350474437235        1.6666666666666012     
  0.64999999999999991        1.6400000000000010        18859.130959814524       -7547.1961002148282        2031.8000425170919        1.6666666666666634     
  0.64999999999999991        1.7200000000000011        11804.516629643254       -728.70835906340528        4056.6942905259357        1.6666666666666661     
  0.64999999999999991        1.8000000000000012        12314.180175533575        43.788901103985353        4625.6339794755631        1.6666666666666665     
  0.64999999999999991        1.8800000000000012        13038.130561154525        51.735574838092781        4910.3905097511488        1.6666666666666665     
  0.64999999999999991        1.9600000000000013        13813.603115849826        46.094266364503000        5213.0205655093168        1.6666666666666665     
  0.74999999999999978       -1.9600000000000000       -274.28801923055460        1739.3472996601772       -50.410649392852513        1.6666662590310983     
  0.74999999999999978       -1.8799999999999999       -270.74040362937546        1458.8714701330839       -49.817496395158336        1.6666662255632634     
  0.74999999999999978       -1.7999999999999998       -267.03741034490469        1266.5822561180853       -49.175263019301568        1.6666661902230755     
  0.74999999999999978       -1.7199999999999998       -262.98176083235990        1153.8275158332381       -48.431360296021346        1.6666661531149030     
  0.74999999999999978       -1.6399999999999997       -258.33115151331822        1100.5007241830781       -47.520821060117200        1.6666661144093833     
  0.74999999999999978       -1.5599999999999996       -252.85099318835071        1078.6326963831837       -46.379993940950591        1.6666660743609638     
  0.74999999999999978       -1.4799999999999995       -246.36650624656846        1061.5882309379158       -44.960136665056275        1.6666660333291690     
  0.74999999999999978       -1.3999999999999995       -238.78751339942949        1032.0291692144929       -43.233876095618903        1.6666659918039137     
  0.74999999999999978       -1.3199999999999994       -230.09939399339362        984.02528098026823       -41.192849308287087        1.6666659504347565     
  0.74999999999999978       -1.2399999999999993       -220.33495208400987        919.87306252618680       -38.840513274903444        1.6666659100630556     
  0.74999999999999978       -1.1599999999999993       -209.54813275888935        845.22800802962638       -36.185698460557809        1.6666658717543230     
  0.74999999999999978       -1.0799999999999992       -197.80151005705238        765.58513914057664       -33.239964575358279        1.6666658368252727     
  0.74999999999999978      -0.99999999999999911       -185.16657775361762        684.94136434150494       -30.018301619791231        1.6666658068559301     
  0.74999999999999978      -0.91999999999999926       -171.72883547661445        605.90813388815945       -26.540866195901057        1.6666657836718852     
  0.74999999999999978      -0.83999999999999919       -157.59020432530346        530.25874535385174       -22.833691407958604        1.6666657692766047     
  0.74999999999999978      -0.75999999999999934       -142.86566658406306        459.32717976270425       -18.927582797736989        1.6666657657117421     
  0.74999999999999978      -0.67999999999999927       -127.67508015655586        394.14408656688227       -14.855560995521785        1.6666657748298603     
  0.74999999999999978      -0.59999999999999942       -112.13305518477006        335.41932263520431       -10.649741469674661        1.6666657979848742     
  0.74999999999999978      -0.51999999999999935       -96.339660618580112        283.50189138072352       -6.3384805672484834        1.6666658356828248     
  0.74999999999999978      -0.43999999999999939       -80.373547796932641        238.38540856216306       -1.9442553031295091        1.6666658872801421     
  0.74999999999999978      -0.35999999999999938       -64.287984064898566        199.76378624401246        2.5175753912087169        1.6666659508440052     
  0.74999999999999978      -0.27999999999999936       -48.109355125300581        167.11759983885577        7.0392600364753957        1.6666660232696138     
  0.74999999999999978      -0.19999999999999929       -31.837356700283017        139.80457019985454        11.620622980821866        1.6666661006708545     
  0.74999999999999978      -0.11999999999999930       -15.446293320484497        117.13524890716626        16.268659485181090        1.6666661789535273     
  0.74999999999999978       -3.9999999999999321E-002   1.1121280991909670        98.423636384412148        20.996541943210971        1.6666662544043831     
  0.74999999999999978        4.0000000000000667E-002   17.910960204283253        83.053810902878595        25.824464764992030        1.6666663241315605     
  0.74999999999999978       0.12000000000000069        35.042530557322529        70.449456864266253        30.777434484856286        1.6666663862670452     
  0.74999999999999978       0.20000000000000070        52.622222806782929        60.130074673806419        35.886469892915912        1.6666664399389519     
  0.74999999999999978       0.28000000000000075        70.789893885386206        51.686810520140263        41.188648555798324        1.6666664850884167     
  0.74999999999999978       0.36000000000000076        89.718023719772447        44.790734205267043        46.728780002202853        1.6666665222234816     
  0.74999999999999978       0.44000000000000072        109.65399125089232        39.238987521819347        52.568746203197492        1.6666665521872832     
  0.74999999999999978       0.52000000000000068        131.08263387749381        35.081256268398519        58.823864407103954        1.6666665760133443     
  0.74999999999999978       0.60000000000000075        155.08645731795613        32.685933953062452        65.743149576192025        1.6666665949894481     
  0.74999999999999978       0.68000000000000060        183.84676573728115        32.574219173074603        73.825886199431437        1.6666666110121835     
  0.74999999999999978       0.76000000000000068        225.53504519694090        39.273033373419906        85.144251447945337        1.6666666264498744     
  0.74999999999999978       0.84000000000000052        400.99776415586228        137.48816955127276        133.22831002224663        1.6666666416073139     
  0.74999999999999978       0.92000000000000060        2084.1014772738349        1096.9614187011707        598.84838955341309        1.6666666534325092     
  0.74999999999999978        1.0000000000000004        18493.775938593724        8895.7063987441688        5209.7876598482171        1.6666666582108673     
  0.74999999999999978        1.0800000000000005        366268.64313402749        156811.77421910013        104161.41951330026        1.6666666430296453     
  0.74999999999999978        1.1600000000000006        2407248.6748041157        765454.23620114324        684488.13781400630        1.6666666340651926     
  0.74999999999999978        1.2400000000000007        2593383.4947470766        58064.153457653236        735374.28480364569        1.6666666528216978     
  0.74999999999999978        1.3200000000000007        1570482.1282018824       -265408.13726250047        439455.61760755826        1.6666666658626901     
  0.74999999999999978        1.4000000000000008        838599.56249144988       -157950.81714561227        223915.15945258801        1.6666666666319832     
  0.74999999999999978        1.4800000000000009        348165.30021938425       -88036.197898639963        77894.211350446189        1.6666666666649184     
  0.74999999999999978        1.5600000000000009        93049.067650401383       -38090.666157225227        10339.598607877826        1.6666666666665853     
  0.74999999999999978        1.6400000000000010        22729.032274868008       -8732.9214875163634        2982.1206821958885        1.6666666666666639     
  0.74999999999999978        1.7200000000000011        18896.211905273016       -395.91225138519428        5464.8140692947100        1.6666666666666659     
  0.74999999999999978        1.8000000000000012        19975.225692083914        92.705920173202074        5903.5516469838203        1.6666666666666663     
  0.74999999999999978        1.8800000000000012        21169.340966998774        85.334908852460600        6265.8576404084433        1.6666666666666665     
  0.74999999999999978        1.9600000000000013        22450.740965051446        76.166709539993136        6655.7220244581567        1.6666666666666665     
  0.84999999999999987       -1.9600000000000000       -359.62692697215618        2204.3883356906667       -52.236299633367345        1.6666661534512177     
  0.84999999999999987       -1.8799999999999999       -355.10349415384593        1860.1527976997156       -51.638997864568033        1.6666661113129040     
  0.84999999999999987       -1.7999999999999998       -350.32260005418840        1635.2704879051103       -50.979210301694202        1.6666660668167923     
  0.84999999999999987       -1.7199999999999998       -344.98184408037775        1519.4387924480216       -50.192591302834728        1.6666660200942056     
  0.84999999999999987       -1.6399999999999997       -338.70872042086864        1484.4457266950890       -49.199443540682438        1.6666659713598919     
  0.84999999999999987       -1.5599999999999996       -331.14041795396588        1489.6318706206789       -47.921281844424669        1.6666659209341126     
  0.84999999999999987       -1.4799999999999995       -322.00283478510352        1495.9318814842959       -46.297310631979052        1.6666658692694161     
  0.84999999999999987       -1.3999999999999995       -311.14814901469509        1478.0792862138403       -44.292245397667529        1.6666658169825117     
  0.84999999999999987       -1.3199999999999994       -298.54108938858678        1427.8884544677967       -41.893445823142805        1.6666657648911061     
  0.84999999999999987       -1.2399999999999993       -284.21668627171749        1349.4506584458561       -39.102274641622877        1.6666657140543912     
  0.84999999999999987       -1.1599999999999993       -268.24158876309184        1251.7684257350668       -35.926508031210538        1.6666656658137897     
  0.84999999999999987       -1.0799999999999992       -250.69688391506602        1143.4746516678081       -32.377477884208169        1.6666656218270193     
  0.84999999999999987      -0.99999999999999911       -231.68035664799930        1030.8884779541911       -28.471277119740655        1.6666655840833511     
  0.84999999999999987      -0.91999999999999926       -211.31540193228955        918.25631524646508       -24.231101634158843        1.6666655548812841     
  0.84999999999999987      -0.83999999999999919       -189.75493149878631        808.60925495239098       -19.688163004698310        1.6666655367433330     
  0.84999999999999987      -0.75999999999999934       -167.17562701142126        704.35408115644395       -14.880227677670923        1.6666655322401622     
  0.84999999999999987      -0.67999999999999927       -143.76430636000526        607.44419825475961       -9.8482821385198491        1.6666655437044304     
  0.84999999999999987      -0.59999999999999942       -119.70118083788573        519.31696659652391       -4.6324811242739354        1.6666655728410151     
  0.84999999999999987      -0.51999999999999935       -95.144512805955330        440.80845342549577       0.73155493664700189        1.6666656202872652     
  0.84999999999999987      -0.43999999999999939       -70.219233314433879        372.15213255015288        6.2154980408856604        1.6666656852330182     
  0.84999999999999987      -0.35999999999999938       -45.010323896882468        313.06501134950366        11.799935802035389        1.6666657652446850     
  0.84999999999999987      -0.27999999999999936       -19.560239398054215        262.88735918347419        17.475032231624546        1.6666658564128078     
  0.84999999999999987      -0.19999999999999929        6.1308853756840893        220.73113351714460        23.240518564378117        1.6666659538438655     
  0.84999999999999987      -0.11999999999999930        32.103089472504706        185.60483362527282        29.105174564420214        1.6666660523819861     
  0.84999999999999987       -3.9999999999999321E-002   58.431450132971733        156.49637912731998        35.085394924482245        1.6666661473506188     
  0.84999999999999987        4.0000000000000667E-002   85.230617220487659        132.49569623155466        41.206641474269908        1.6666662351071369     
  0.84999999999999987       0.12000000000000069        112.64367246099702        112.72958712400794        47.499981047867621        1.6666663132978266     
  0.84999999999999987       0.20000000000000070        140.84892486185328        96.474039988333800        54.003930518621253        1.6666663808230471     
  0.84999999999999987       0.28000000000000075        170.06109029743459        83.108267054114961        60.764311355425619        1.6666664376067331     
  0.84999999999999987       0.36000000000000076        200.54238747533773        72.129665850397330        67.836053038571023        1.6666664842866930     
  0.84999999999999987       0.44000000000000072        232.66176427284879        63.218994683793653        75.293568418568199        1.6666665219248302     
  0.84999999999999987       0.52000000000000068        267.12367633575678        56.418280413015040        83.271286735970918        1.6666665518404151     
  0.84999999999999987       0.60000000000000075        305.47304154404958        52.220214894064668        92.052252394171816        1.6666665757564663     
  0.84999999999999987       0.68000000000000060        350.80851031154032        51.347415139471600        102.19797683957407        1.6666665963624703     
  0.84999999999999987       0.76000000000000068        415.30432561010207        60.759195138225422        116.15856419073917        1.6666666168588502     
  0.84999999999999987       0.84000000000000052        688.16640844721053        213.80785919546096        175.77711908302459        1.6666666368559171     
  0.84999999999999987       0.92000000000000060        3317.9713442484563        1713.9731383158523        755.25686683296442        1.6666666516123776     
  0.84999999999999987        1.0000000000000004        29179.574257955945        14019.609411724077        6540.8215033883025        1.6666666566192005     
  0.84999999999999987        1.0800000000000005        580477.10337898729        248580.19316126709        131117.88760220169        1.6666666338419813     
  0.84999999999999987        1.1600000000000006        3814870.0658586184        1213034.7951730443        861610.89588935499        1.6666666197289626     
  0.84999999999999987        1.2400000000000007        4101571.4652754702        89435.571793420138        923168.11659350665        1.6666666461477087     
  0.84999999999999987        1.3200000000000007        2460005.1304941499       -425930.66873949755        544480.72172665189        1.6666666654100817     
  0.84999999999999987        1.4000000000000008        1271061.9876270466       -256591.08408087405        264712.04538915469        1.6666666666132777     
  0.84999999999999987        1.4800000000000009        474021.05086052074       -143074.12642302245        77036.827339986165        1.6666666666641616     
  0.84999999999999987        1.5600000000000009        101615.48396544787       -55602.797128390433        5243.5389819126476        1.6666666666665713     
  0.84999999999999987        1.6400000000000010        31007.289411563550       -8768.7074689512028        5067.1555528204663        1.6666666666666639     
  0.84999999999999987        1.7200000000000011        30426.094241003928       -60.034717592250864        7057.4888332336432        1.6666666666666661     
  0.84999999999999987        1.8000000000000012        32242.653142464143        156.07378382664197        7508.9432591398563        1.6666666666666665     
  0.84999999999999987        1.8800000000000012        34194.112225214529        139.45687359847548        7972.5165473211209        1.6666666666666667     
  0.84999999999999987        1.9600000000000013        36291.893969262812        124.69262761045991        8472.2272024910089        1.6666666666666667     
  0.94999999999999973       -1.9600000000000000       -470.77219573239023        2786.3834679543811       -54.040119999570933        1.6666660205299846     
  0.94999999999999973       -1.8799999999999999       -465.01222821933527        2368.6479084420375       -53.438902475577279        1.6666659674755624     
  0.94999999999999973       -1.7999999999999998       -458.83229298956553        2113.8024578146283       -52.758672436107993        1.6666659114521121     
  0.94999999999999973       -1.7199999999999998       -451.76772151685083        2009.8622742363382       -51.920533328101037        1.6666658526248777     
  0.94999999999999973       -1.6399999999999997       -443.24454055455305        2016.8898692365224       -50.826529345701076        1.6666657912641285     
  0.94999999999999973       -1.5599999999999996       -432.70060221916066        2075.3116904281696       -49.379740641135541        1.6666657277729642     
  0.94999999999999973       -1.4799999999999995       -419.70579508205304        2127.4056751003191       -47.504313567772137        1.6666656627210279     
  0.94999999999999973       -1.3999999999999995       -404.01914231968999        2136.0467735774482       -45.154955120113065        1.6666655968846393     
  0.94999999999999973       -1.3199999999999994       -385.56787505379162        2089.8093830471362       -42.313433517983839        1.6666655312931715     
  0.94999999999999973       -1.2399999999999993       -364.38374327567016        1995.6811005216734       -38.978153805644034        1.6666654672800369     
  0.94999999999999973       -1.1599999999999993       -340.54588348994486        1867.8746843804227       -35.155187504674608        1.6666654065339916     
  0.94999999999999973       -1.0799999999999992       -314.15732043829325        1719.8723606283208       -30.855200974306698        1.6666653511420360     
  0.94999999999999973      -0.99999999999999911       -285.35109551478411        1561.5892928269134       -26.095336321363884        1.6666653036086392     
  0.94999999999999973      -0.91999999999999926       -254.30561151621632        1399.8416465702612       -20.902338989649451        1.6666652668276454     
  0.94999999999999973      -0.83999999999999919       -221.25095799200295        1239.6899613744031       -15.313733730536068        1.6666652439750038     
  0.94999999999999973      -0.75999999999999934       -186.45922896366474        1085.3167042993757       -9.3759111399624455        1.6666652382873570     
  0.94999999999999973      -0.67999999999999927       -150.22199554454792        940.23304063005241       -3.1398034513320994        1.6666652527017529     
  0.94999999999999973      -0.59999999999999942       -112.82279117924995        807.12878907840582        3.3443529059104389        1.6666652893648766     
  0.94999999999999973      -0.51999999999999935       -74.511931502444639        687.70530193978391        10.031800561370773        1.6666653490793286     
  0.94999999999999973      -0.43999999999999939       -35.487782678339336        582.65826911932629        16.886834510091575        1.6666654308251165     
  0.94999999999999973      -0.35999999999999938        4.1142128907927571        491.81021625954872        23.884920091885302        1.6666655315380579     
  0.94999999999999973      -0.27999999999999936        44.225942063344604        414.33522764690127        31.013581944944502        1.6666656462954506     
  0.94999999999999973      -0.19999999999999929        84.846486024833368        349.00062927053187        38.272438875421308        1.6666657689352000     
  0.94999999999999973      -0.11999999999999930        126.03861869042305        294.37081664558673        45.672544839584937        1.6666658929644673     
  0.94999999999999973       -3.9999999999999321E-002   167.91940064393310        248.94032770473558        53.234312626327004        1.6666660124935069     
  0.94999999999999973        4.0000000000000667E-002   210.66979859953267        211.35894719436325        60.989986258388186        1.6666661229340098     
  0.94999999999999973       0.12000000000000069        254.51244040710742        180.29230474427908        68.978241984710309        1.6666662213202326     
  0.94999999999999973       0.20000000000000070        299.72438323301168        154.64420307772656        77.247092306605140        1.6666663062651981     
  0.94999999999999973       0.28000000000000075        346.63739951460786        133.46697950354644        85.853451483950451        1.6666663776705446     
  0.94999999999999973       0.36000000000000076        395.65307714004803        115.98864798696232        94.865082430322829        1.6666664363368613     
  0.94999999999999973       0.44000000000000072        447.32571065043021        101.70471126462226        104.37210284542869        1.6666664836021818     
  0.94999999999999973       0.52000000000000068        502.68362348200674        90.627538121214243        114.53198100889749        1.6666665211568388     
  0.94999999999999973       0.60000000000000075        563.93254469463830        83.402471211221410        125.66601098799561        1.6666665513326269     
  0.94999999999999973       0.68000000000000060        635.45861414460046        81.011157073895689        138.40018509661036        1.6666665779734793     
  0.94999999999999973       0.76000000000000068        735.37916742508810        94.131570660584913        155.62410396288564        1.6666666052979959     
  0.94999999999999973       0.84000000000000052        1160.4863125097584        333.10325741927022        229.64742069936912        1.6666666315248433     
  0.94999999999999973       0.92000000000000060        5275.2739869875659        2681.8093798197729        951.66326798197099        1.6666666496739895     
  0.94999999999999973        1.0000000000000004        46078.584745734661        22119.529151057759        8216.4950862965234        1.6666666545396489     
  0.94999999999999973        1.0800000000000005        919929.92749734875        394019.78804759006        165045.90392526638        1.6666666202034544     
  0.94999999999999973        1.1600000000000006        6045482.6015910218        1922300.0452614371        1084549.7109154002        1.6666665978771686     
  0.94999999999999973        1.2400000000000007        6483470.8314502668        136629.00793621680        1158107.1242237275        1.6666666357167799     
  0.94999999999999973        1.3200000000000007        3841666.6106554018       -685458.40311222011        671779.85189606936        1.6666666646955794     
  0.94999999999999973        1.4000000000000008        1903132.7753308213       -418363.57046805212        307320.15493543155        1.6666666665849028     
  0.94999999999999973        1.4800000000000009        617212.48139259382       -230831.20855904199        69621.335889306094        1.6666666666631562     
  0.94999999999999973        1.5600000000000009        105690.80701823195       -76373.820413447043        1981.4693802626746        1.6666666666665630     
  0.94999999999999973        1.6400000000000010        46856.132172319616       -7306.5747681872399        7705.8913456154332        1.6666666666666641     
  0.94999999999999973        1.7200000000000011        48890.870611101956        210.17887576177637        8977.7886358609412        1.6666666666666659     
  0.94999999999999973        1.8000000000000012        51842.951752418230        253.63475608643421        9529.8927315951350        1.6666666666666665     
  0.94999999999999973        1.8800000000000012        55010.670735655454        226.37430102720282        10121.252415242694        1.6666666666666665     
  0.94999999999999973        1.9600000000000013        58420.684154548071        202.69197908457997        10759.274689756256        1.6666666666666667     
   1.0499999999999998       -1.9600000000000000       -615.29470117814139        3512.6861456605566       -55.816269420723877        1.6666658531875338     
   1.0499999999999998       -1.8799999999999999       -607.96764359589451        3013.0759553570156       -55.211041043048191        1.6666657863898358     
   1.0499999999999998       -1.7999999999999998       -599.96320139908266        2737.8619613277783       -54.506395270970593        1.6666657158535103     
   1.0499999999999998       -1.7199999999999998       -590.56573627444106        2673.5677741272666       -53.605404659133150        1.6666656417864920     
   1.0499999999999998       -1.6399999999999997       -578.88898436519185        2763.1376988860638       -52.387458948397587        1.6666655645289292     
   1.0499999999999998       -1.5599999999999996       -564.06049322169326        2918.6192144368156       -50.732714912878897        1.6666654845881919     
   1.0499999999999998       -1.4799999999999995       -545.40504936569027        3054.1197504536290       -48.546511295523914        1.6666654026813164     
   1.0499999999999998       -1.3999999999999995       -522.53169043452112        3114.6583841665065       -45.770921939883856        1.6666653197855368     
   1.0499999999999998       -1.3199999999999994       -495.30166867207703        3084.1000869846075       -42.380465037366925        1.6666652371966755     
   1.0499999999999998       -1.2399999999999993       -463.73207389987039        2974.0583328077978       -38.369478660200862        1.6666651565933426     
   1.0499999999999998       -1.1599999999999993       -427.91113538860077        2806.8385676139869       -33.741474540207321        1.6666650801015355     
   1.0499999999999998       -1.0799999999999992       -387.96622922070372        2603.4058744156619       -28.505857447891152        1.6666650103486631     
   1.0499999999999998      -0.99999999999999911       -344.07719885985773        2379.2301860463062       -22.680702885878940        1.6666649504877655     
   1.0499999999999998      -0.91999999999999926       -296.50243246937242        2145.1474012234685       -16.296902131298129        1.6666649041621553     
   1.0499999999999998      -0.83999999999999919       -245.58912225297308        1909.4654714615754       -9.3996815887340368        1.6666648753703823     
   1.0499999999999998      -0.75999999999999934       -191.75714910147298        1679.2709450895941       -2.0461182628222736        1.6666648681874761     
   1.0499999999999998      -0.67999999999999927       -135.46210853375359        1460.6649617312032        5.7004397167967813        1.6666648863113283     
   1.0499999999999998      -0.59999999999999942       -77.150335642240989        1258.4521901383659        13.777116463704525        1.6666649324447671     
   1.0499999999999998      -0.51999999999999935       -17.217783007793518        1075.8290091424969        22.127665298528946        1.6666650075983396     
   1.0499999999999998      -0.43999999999999939        44.020656600399256        914.33341407404930        30.707082293623547        1.6666651104877426     
   1.0499999999999998      -0.35999999999999938        106.34925633281381        774.04791533906666        39.484360663407109        1.6666652372546995     
   1.0499999999999998      -0.27999999999999936        169.65895147947069        653.95926558050189        48.443684436751631        1.6666653817005892     
   1.0499999999999998      -0.19999999999999929        233.94750065883483        552.34967162821079        57.584542822907345        1.6666655360658582     
   1.0499999999999998      -0.11999999999999930        299.31383308717056        467.12659464048738        66.920899418900078        1.6666656921740077     
   1.0499999999999998       -3.9999999999999321E-002   365.94080904516028        396.03227197068617        76.478166831552343        1.6666658426073613     
   1.0499999999999998        4.0000000000000667E-002   434.11562213222993        337.05783825032580        86.297371117179296        1.6666659815863840     
   1.0499999999999998       0.12000000000000069        504.18579135235927        288.14669421531352        96.426746689401682        1.6666661053740848     
   1.0499999999999998       0.20000000000000070        576.58392900889351        247.63262984114766        106.92637074802502        1.6666662122209503     
   1.0499999999999998       0.28000000000000075        651.82578522949746        214.06219591008684        117.86729761291220        1.6666663019996930     
   1.0499999999999998       0.36000000000000076        730.53082492172371        186.24431173677058        129.33367391837410        1.6666663757150753     
   1.0499999999999998       0.44000000000000072        813.53808893527514        163.37912828979941        141.43547199452382        1.6666664350540934     
   1.0499999999999998       0.52000000000000068        902.35592589157500        145.40544418808830        154.35808314067208        1.6666664821925536     
   1.0499999999999998       0.60000000000000075        1000.1304739120359        133.13930702807085        168.46470425396217        1.6666665203253190     
   1.0499999999999998       0.68000000000000060        1113.0255259991502        127.86608949472605        184.44188561692488        1.6666665549753907     
   1.0499999999999998       0.76000000000000068        1267.9591356394274        145.95739860060604        205.68856665089081        1.6666665915006962     
   1.0499999999999998       0.84000000000000052        1931.3382462904331        519.80717147846644        297.71196594386930        1.6666666256333915     
   1.0499999999999998       0.92000000000000060        8377.8936892747333        4201.5370469188347        1198.2677485335407        1.6666666476062704     
   1.0499999999999998        1.0000000000000004        72815.056081726318        34931.471624412894        10325.935623980318        1.6666666517188906     
   1.0499999999999998        1.0800000000000005        1457841.7587850250        624508.88513943215        207747.79406947093        1.6666665995787695     
   1.0499999999999998        1.1600000000000006        9580199.1624745838        3046229.1576201362        1365148.5717027590        1.6666665640771059     
   1.0499999999999998        1.2400000000000007        10241911.323243674        206418.96266085887        1451553.3511176489        1.6666666192602921     
   1.0499999999999998        1.3200000000000007        5976269.8789902655       -1106788.9700575534        824408.56366456847        1.6666666635730980     
   1.0499999999999998        1.4000000000000008        2805058.8325854242       -684393.09745631367        348334.31411961559        1.6666666665423513     
   1.0499999999999998        1.4800000000000009        759000.04056423856       -367281.10285799071        54760.001418616550        1.6666666666618910     
   1.0499999999999998        1.5600000000000009        111813.04263298315       -96629.617140612449        2364.4784698143394        1.6666666666665650     
   1.0499999999999998        1.6400000000000010        74020.759985866505       -4693.3570984255703        10491.294626246035        1.6666666666666639     
   1.0499999999999998        1.7200000000000011        78343.733664955405        446.54277449164044        11375.037641058962        1.6666666666666656     
   1.0499999999999998        1.8000000000000012        83106.300784840743        409.18677094992967        12074.268344613200        1.6666666666666665     
   1.0499999999999998        1.8800000000000012        88221.708405192825        365.56172774613486        12826.488307736468        1.6666666666666665     
   1.0499999999999998        1.9600000000000013        93734.648653428318        327.69043174403885        13638.663062918320        1.6666666666666665     
   1.1499999999999999       -1.9600000000000000       -802.91895734637035        4416.4537781545441       -57.559141515256584        1.6666656425107946     
   1.1499999999999999       -1.8799999999999999       -793.60433396699636        3830.4145180460800       -56.949398493090271        1.6666655584105294     
   1.1499999999999999       -1.7999999999999998       -783.20602545318138        3556.6667410583591       -56.215011090720267        1.6666654696026464     
   1.1499999999999999       -1.7199999999999998       -770.61953285224934        3580.8423400163010       -55.236685113298350        1.6666653763488042     
   1.1499999999999999       -1.6399999999999997       -754.47373896719921        3820.6730869127946       -53.865677841764636        1.6666652790771037     
   1.1499999999999999       -1.5599999999999996       -733.41258258520668        4145.3641574107642       -51.953628366892730        1.6666651784261601     
   1.1499999999999999       -1.4799999999999995       -706.37574071062124        4426.2550597257605       -49.382393258492236        1.6666650752985408     
   1.1499999999999999       -1.3999999999999995       -672.73156758412449        4581.3169033078402       -46.078135956347232        1.6666649709243866     
   1.1499999999999999       -1.3199999999999994       -632.22782822914724        4587.4949038848999       -42.006040988748140        1.6666648669349275     
   1.1499999999999999       -1.2399999999999993       -584.84528761750812        4463.7392640754297       -37.154964662407430        1.6666647654433164     
   1.1499999999999999       -1.1599999999999993       -530.67164501518585        4244.9102598608852       -31.524744383120286        1.6666646691259661     
   1.1499999999999999       -1.0799999999999992       -469.85820295349788        3963.5109328176454       -25.122720277825938        1.6666645812905792     
   1.1499999999999999      -0.99999999999999911       -402.64609532064833        3643.5773138093673       -17.967694948548498        1.6666645059066529     
   1.1499999999999999      -0.91999999999999926       -329.41016654178549        3302.2098523133091       -10.095394705906878        1.6666644475609802     
   1.1499999999999999      -0.83999999999999919       -250.67565164654084        2952.8788634199136       -1.5604393118732356        1.6666644112876530     
   1.1499999999999999      -0.75999999999999934       -167.09162862496044        2607.3764923834747        7.5668584257148481        1.6666644022171095     
   1.1499999999999999      -0.67999999999999927       -79.370680151153607        2276.0604584942876        17.207660299381150        1.6666644250050151     
   1.1499999999999999      -0.59999999999999942        11.784284322136635        1967.2556500180419        27.283254738371042        1.6666644830542419     
   1.1499999999999999      -0.51999999999999935        105.74690287750640        1686.6912282784299        37.722957046155898        1.6666645776369791     
   1.1499999999999999      -0.43999999999999939        202.01739897971723        1437.3869082706133        48.470048805452073        1.6666647071359679     
   1.1499999999999999      -0.35999999999999938        300.25233440994714        1219.9623817907263        59.485350877438819        1.6666648666929185     
   1.1499999999999999      -0.27999999999999936        400.27732918580278        1033.2109793260670        70.748825922143368        1.6666650485025061     
   1.1499999999999999      -0.19999999999999929        502.08804227768627        874.72986499727426        82.259829812082145        1.6666652427935522     
   1.1499999999999999      -0.11999999999999930        605.84113227030286        741.44939468363839        94.036072692817058        1.6666654392692886     
   1.1499999999999999       -3.9999999999999321E-002   711.82254271448994        629.95593243394160        106.10917832481424        1.6666656285877040     
   1.1499999999999999        4.0000000000000667E-002   820.49053973931348        537.25706761236108        118.53162813101987        1.6666658034687161     
   1.1499999999999999       0.12000000000000069        932.38904832623666        460.15566532531165        131.36367529875250        1.6666659592034190     
   1.1499999999999999       0.20000000000000070        1048.1967029657344        396.11176478274956        144.68079421588763        1.6666660935848390     
   1.1499999999999999       0.28000000000000075        1168.7199876631951        342.88732730081375        158.57217586845729        1.6666662064481501     
   1.1499999999999999       0.36000000000000076        1294.9214128995311        298.63777053227824        173.14305936096989        1.6666662990542007     
   1.1499999999999999       0.44000000000000072        1428.0811830273235        262.09184732551927        188.52878429722784        1.6666663735317000     
   1.1499999999999999       0.52000000000000068        1570.4228343715349        233.03034333468977        204.94875509262334        1.6666664326972698     
   1.1499999999999999       0.60000000000000075        1726.4182660537899        212.41850864269838        222.80968709721327        1.6666664809851779     
   1.1499999999999999       0.68000000000000060        1904.6129370866063        201.82510510897774        242.84222491800517        1.6666665263472580     
   1.1499999999999999       0.76000000000000068        2144.9355643320519        226.39933052001680        269.03776406928512        1.6666665752176082     
   1.1499999999999999       0.84000000000000052        3181.6421071391983        812.33714932772955        383.56670045443769        1.6666666192228536     
   1.1499999999999999       0.92000000000000060        13293.097527945967        6590.1325016947312        1507.8802661460832        1.6666666453788406     
   1.1499999999999999        1.0000000000000004        115129.75291678963        55205.786629381793        12981.251321368420        1.6666666477574990     
   1.1499999999999999        1.0800000000000005        2310219.4107766259        989766.47333622479        261491.38121798210        1.6666665679199251     
   1.1499999999999999        1.1600000000000006        15181332.852164328        4827214.4535749415        1718308.9930635297        1.6666665112846937     
   1.1499999999999999        1.2400000000000007        16165811.483600544        307104.91647403658        1817326.8990684513        1.6666665932012221     
   1.1499999999999999        1.3200000000000007        9251531.6580137946       -1794020.6055434830        1004780.8321184928        1.6666666618173476     
   1.1499999999999999        1.4000000000000008        4051428.9544578986       -1122257.1895403375        382359.91278718965        1.6666666664794569     
   1.1499999999999999        1.4800000000000009        869568.87709173968       -571164.95523592655        33920.173429800852        1.6666666666604153     
   1.1499999999999999        1.5600000000000009        133136.27600423223       -109954.61979369062        6541.5156453869977        1.6666666666665790     
   1.1499999999999999        1.6400000000000010        118089.16038984554       -1868.6748175291837        13519.250373092966        1.6666666666666634     
   1.1499999999999999        1.7200000000000011        125253.08550550445        739.99964720370269        14390.794005643793        1.6666666666666656     
   1.1499999999999999        1.8000000000000012        132906.25321285639        657.53928561641169        15277.568944428320        1.6666666666666661     
   1.1499999999999999        1.8800000000000012        141133.73193312241        587.95927112608013        16232.286338137137        1.6666666666666663     
   1.1499999999999999        1.9600000000000013        150008.86189507815        527.53975883351518        17263.734816523876        1.6666666666666665     
   1.2500000000000000       -1.9600000000000000       -1046.1176874556670        5537.6909400194063       -59.263408665620062        1.6666653772788362     
   1.2500000000000000       -1.8799999999999999       -1034.2781852403439        4868.7101265344299       -58.648138486294769        1.6666652713950130     
   1.2500000000000000       -1.7999999999999998       -1020.7153587263756        4639.0673937868669       -57.876999083599237        1.6666651595835402     
   1.2500000000000000       -1.7199999999999998       -1003.7212028963040        4834.8173441621775       -56.802926258089293        1.6666650421736902     
   1.2500000000000000       -1.6399999999999997       -981.17074791990228        5336.2452809305969       -55.242218899744998        1.6666649197042631     
   1.2500000000000000       -1.5599999999999996       -950.95347954015517        5947.5167936820890       -53.011029588570331        1.6666647929790721     
   1.2500000000000000       -1.4799999999999995       -911.40400210386190        6474.7234689586730       -49.961912373014954        1.6666646631342215     
   1.2500000000000000       -1.3999999999999995       -861.50562934220204        6794.6463633107314       -46.001039406785509        1.6666645317182032     
   1.2500000000000000       -1.3199999999999994       -800.81426456383372        6873.9659859669409       -41.081657241766749        1.6666644007844564     
   1.2500000000000000       -1.2399999999999993       -729.23509557511954        6743.2168680783807       -35.185349003659205        1.6666642729931418     
   1.2500000000000000       -1.1599999999999993       -646.83415870367571        6456.7299805818620       -28.306835801538998        1.6666641517135496     
   1.2500000000000000       -1.0799999999999992       -553.77999968719178        6064.7969281505357       -20.450319512551928        1.6666640411097586     
   1.2500000000000000      -0.99999999999999911       -450.39250874329588        5604.6496650960589       -11.634991719374288        1.6666639461790593     
   1.2500000000000000      -0.91999999999999926       -337.21619546159582        5103.1227841162172       -1.9021969470089937        1.6666638726959406     
   1.2500000000000000      -0.83999999999999919       -215.04739224908965        4581.8492341699130        8.6820029683829105        1.6666638269980811     
   1.2500000000000000      -0.75999999999999934       -84.890915954825516        4060.1890690701830        20.030920496114867        1.6666638155445037     
   1.2500000000000000      -0.67999999999999927        52.137905384076767        3555.4321670003578        32.046413417164814        1.6666638441965205     
   1.2500000000000000      -0.59999999999999942        194.93182361866030        3081.6987759071553        44.629951244213679        1.6666639172381541     
   1.2500000000000000      -0.51999999999999935        342.50002840319877        2648.9470005160028        57.692724072145978        1.6666640362707750     
   1.2500000000000000      -0.43999999999999939        494.04948817913260        2262.7411123563188        71.163270622021159        1.6666641992576636     
   1.2500000000000000      -0.35999999999999938        649.03368925858422        1924.7215286572732        84.992104843861938        1.6666644000811874     
   1.2500000000000000      -0.27999999999999936        807.17419644892709        1633.5167891925278        99.153870246517769        1.6666646289127602     
   1.2500000000000000      -0.19999999999999929        968.46360984833427        1385.7546276198366        113.64782143466985        1.6666648734480258     
   1.2500000000000000      -0.11999999999999930        1133.1512396524215        1176.9051258021634        128.49653603558806        1.6666651207201018     
   1.2500000000000000       -3.9999999999999321E-002   1301.6844287900269        1001.7651384735768        143.73934434220828        1.6666653589633875     
   1.2500000000000000        4.0000000000000667E-002   1474.7986873166685        855.88086137877053        159.44380600052870        1.6666655790075904     
   1.2500000000000000       0.12000000000000069        1653.3473345454513        734.23830751660614        175.68531516538994        1.6666657749189850     
   1.2500000000000000       0.20000000000000070        1838.3998364834586        632.95879144008495        192.55911085336814        1.6666659439133285     
   1.2500000000000000       0.28000000000000075        2031.2248995978512        548.58503644232201        210.17782884440405        1.6666660857770812     
   1.2500000000000000       0.36000000000000076        2233.3294831479320        478.25182744745206        228.67414207818257        1.6666662020923160     
   1.2500000000000000       0.44000000000000072        2446.6838593173547        419.93495882099563        248.21620838949784        1.6666662955480391     
   1.2500000000000000       0.52000000000000068        2674.5825523622125        373.09747487294402        269.06500938549067        1.6666663698154438     
   1.2500000000000000       0.60000000000000075        2923.3304650395867        338.71928215525151        291.66721698539698        1.6666664311293942     
   1.2500000000000000       0.68000000000000060        3204.4878004549296        318.44167080569764        316.75747322917124        1.6666664909182247     
   1.2500000000000000       0.76000000000000068        3577.2413324342024        351.15773764777015        349.02864020307555        1.6666665562407341     
   1.2500000000000000       0.84000000000000052        5199.4736291644213        1271.1403903219559        491.71134263081268        1.6666666123540492     
   1.2500000000000000       0.92000000000000060        21076.113818765254        10347.586789128436        1896.5891593542078        1.6666666429321217     
   1.2500000000000000        1.0000000000000004        182116.24798240041        87300.071388426688        16323.473524581039        1.6666666420267464     
   1.2500000000000000        1.0800000000000005        3660866.9661243684        1568569.5650665269        329129.91774184490        1.6666665188589052     
   1.2500000000000000        1.1600000000000006        24056701.817993775        7649304.7192859314        2162776.9924774193        1.6666664284983101     
   1.2500000000000000        1.2400000000000007        25489675.281521063        447011.42490421952        2272067.5817279746        1.6666665519972625     
   1.2500000000000000        1.3200000000000007        14232653.652016724       -2920814.4983726745        1213815.0072216163        1.6666666590823900     
   1.2500000000000000        1.4000000000000008        5700478.5064575374       -1841366.4970450420        401845.42684944079        1.6666666663881944     
   1.2500000000000000        1.4800000000000009        919425.85616426810       -858230.61246797699        12149.300797255977        1.6666666666588847     
   1.2500000000000000        1.5600000000000009        185569.23336338680       -109570.00793282987        12777.023046650456        1.6666666666666017     
   1.2500000000000000        1.6400000000000010        188393.39140682702        350.72721920561554        17131.949545168554        1.6666666666666630     
   1.2500000000000000        1.7200000000000011        199889.09598849507        1187.4520179165654        18187.530783722184        1.6666666666666652     
   1.2500000000000000        1.8000000000000012        212149.99537398966        1053.4230179234294        19310.356899387218        1.6666666666666661     
   1.2500000000000000        1.8800000000000012        225341.57334410786        942.70806792956046        20520.023752369860        1.6666666666666661     
   1.2500000000000000        1.9600000000000013        239582.35147884415        846.47511585789721        21827.541272204460        1.6666666666666665     
   1.3500000000000001       -1.9600000000000000       -1360.8661403952135        6924.4253895609136       -60.924072814697894        1.6666650433653263     
   1.3500000000000001       -1.8799999999999999       -1345.8109348170042        6191.0906829189535       -60.301627353882310        1.6666649100565942     
   1.3500000000000001       -1.7999999999999998       -1328.0272928318414        6082.7670096039546       -59.484628043153847        1.6666647692841152     
   1.3500000000000001       -1.7199999999999998       -1304.8691896634173        6588.4531115378277       -58.291507718143450        1.6666646214622551     
   1.3500000000000001       -1.6399999999999997       -1273.0380815327087        7532.3801992924864       -56.495104325973180        1.6666644672691451     
   1.3500000000000001       -1.5599999999999996       -1229.2455103976260        8619.4770814886397       -53.867409969342035        1.6666643077165322     
   1.3500000000000001       -1.4799999999999995       -1170.8755795690342        9555.8572581938697       -50.224441553868189        1.6666641442344816     
   1.3500000000000001       -1.3999999999999995       -1096.2974209906122        10155.285351442193       -45.447315394520984        1.6666639787722157     
   1.3500000000000001       -1.3199999999999994       -1004.7470043881972        10369.093725676188       -39.474103762304139        1.6666638139146461     
   1.3500000000000001       -1.2399999999999993       -895.98516463310568        10246.062964986450       -32.276865078335746        1.6666636530105066     
   1.3500000000000001       -1.1599999999999993       -770.01465915959056        9870.7316960344760       -23.843350806138822        1.6666635003012920     
   1.3500000000000001       -1.0799999999999992       -627.00215154929310        9320.8280640996745       -14.173196627442511        1.6666633610291091     
   1.3500000000000001      -0.99999999999999911       -467.36595027317384        8653.8997498733006       -3.2854528053261602        1.6666632414850620     
   1.3500000000000001      -0.91999999999999926       -291.89766440263332        7911.8693793020002        8.7720510150424165        1.6666631489387496     
   1.3500000000000001      -0.83999999999999919       -101.80674099472546        7129.2173528472040        21.919350573995661        1.6666630913688412     
   1.3500000000000001      -0.75999999999999934        101.34969714980667        6337.3992055592589        36.049539141086456        1.6666630769068016     
   1.3500000000000001      -0.67999999999999927        315.82521928818363        5564.9108194474056        51.040457745129828        1.6666631129315865     
   1.3500000000000001      -0.59999999999999942        539.87559561420539        4835.3303768242413        66.768809459627576        1.6666632048363013     
   1.3500000000000001      -0.51999999999999935        771.93381504983904        4165.5987156354740        83.123062376978325        1.6666633546364407     
   1.3500000000000001      -0.43999999999999939        1010.7419388686766        3565.5749649552477        100.01322705360724        1.6666635597668320     
   1.3500000000000001      -0.35999999999999938        1255.4307573535941        3038.7473915370197        117.37684104943175        1.6666638125239057     
   1.3500000000000001      -0.27999999999999936        1505.5563570114721        2583.6793729022729        135.18187366840129        1.6666641005312581     
   1.3500000000000001      -0.19999999999999929        1761.1075249430355        2195.6259006154933        153.42758685022679        1.6666644082945776     
   1.3500000000000001      -0.11999999999999930        2022.4832573619792        1867.8660905502638        172.14295446842414        1.6666647194844435     
   1.3500000000000001       -3.9999999999999321E-002   2290.3834452271690        1592.4048560829497        191.37686081273935        1.6666650192828827     
   1.3500000000000001        4.0000000000000667E-002   2565.9962673204636        1362.6361085903277        211.21692640103984        1.6666652961385429     
   1.3500000000000001       0.12000000000000069        2850.6633557826076        1170.6248380045456        231.75767117771170        1.6666655425741599     
   1.3500000000000001       0.20000000000000070        3146.0782343647047        1010.4453739478968        253.11989046067370        1.6666657550770201     
   1.3500000000000001       0.28000000000000075        3454.2495731385407        876.74383392490290        275.44681480787574        1.6666659333704097     
   1.3500000000000001       0.36000000000000076        3777.5563411209914        765.05960378390739        298.90723420214175        1.6666660794394392     
   1.3500000000000001       0.44000000000000072        4119.0600601026899        672.16502769981344        323.71237564043923        1.6666661966857641     
   1.3500000000000001       0.52000000000000068        4483.6660395898289        596.90368756723069        350.17402968742198        1.6666662899334481     
   1.3500000000000001       0.60000000000000075        4880.1146038904590        539.84281381913229        378.76360707925079        1.6666663680587748     
   1.3500000000000001       0.68000000000000060        5323.3582903154720        502.02232807031857        410.13774270710252        1.6666664473843391     
   1.3500000000000001       0.76000000000000068        5901.2930091276548        544.45157712810419        449.85350127578812        1.6666665344345990     
   1.3500000000000001       0.84000000000000052        8442.7023524158503        1991.3843850271094        627.77338870047072        1.6666666051007533     
   1.3500000000000001       0.92000000000000060        33395.531019382077        16262.984937758216        2384.5997130577744        1.6666666401639985     
   1.3500000000000001        1.0000000000000004        288179.34500755504        138118.64517687287        20530.032112195957        1.6666666335452984     
   1.3500000000000001        1.0800000000000005        5800996.5831318069        2485730.6654368090        414252.75136934739        1.6666664426080640     
   1.3500000000000001        1.1600000000000006        38119888.888611034        12120957.893113015        2722131.3563106414        1.6666662988504375     
   1.3500000000000001        1.2400000000000007        40138743.634462267        629775.19094890100        2835537.0730717923        1.6666664871581038     
   1.3500000000000001        1.3200000000000007        21721656.013492621       -4778608.2599449186        1449603.7102607640        1.6666666548416189     
   1.3500000000000001        1.4000000000000008        7755382.7208880363       -3014123.2793330769        397756.15358223551        1.6666666662588672     
   1.3500000000000001        1.4800000000000009        906134.98214832530       -1229485.3271283091       -2572.6390987974141        1.6666666666576011     
   1.3500000000000001        1.5600000000000009        284760.36990474566       -92775.644557017906        19199.865698399753        1.6666666666666248     
   1.3500000000000001        1.6400000000000010        300180.37283038080        1914.9830367363195        21637.971949911258        1.6666666666666621     
   1.3500000000000001        1.7200000000000011        318545.21417184215        1897.0014195051235        22967.591791468178        1.6666666666666652     
   1.3500000000000001        1.8000000000000012        338140.95074078825        1683.6122135797964        24387.354622627772        1.6666666666666661     
   1.3500000000000001        1.8800000000000012        359240.46589893301        1507.8319829547190        25918.049171108756        1.6666666666666661     
   1.3500000000000001        1.9600000000000013        382031.75909988070        1354.7196908970561        27573.123874834433        1.6666666666666663     
   1.4500000000000002       -1.9600000000000000       -1767.5982458171659        8634.0381180712811       -62.536529937633425        1.6666646229862967     
   1.4500000000000002       -1.8799999999999999       -1748.4321278425932        7881.6043928252848       -61.904462311992063        1.6666644551504954     
   1.4500000000000002       -1.7999999999999998       -1724.9602947270391        8028.3719301895717       -61.029882385365269        1.6666642779169225     
   1.4500000000000002       -1.7199999999999998       -1693.0768749367139        9070.7954272547504       -59.688333447213999        1.6666640918070368     
   1.4500000000000002       -1.6399999999999997       -1647.6543808260190        10748.588890997626       -57.598608773648856        1.6666638976743353     
   1.4500000000000002       -1.5599999999999996       -1583.5640626690497        12614.583117198130       -54.477756872902368        1.6666636967922934     
   1.4500000000000002       -1.4799999999999995       -1496.6974240912132        14221.109858542361       -50.096285153486811        1.6666634909609954     
   1.4500000000000002       -1.3999999999999995       -1384.4467160333293        15285.145047266755       -44.303994633648770        1.6666632826340879     
   1.4500000000000002       -1.3199999999999994       -1245.5204639375941        15734.929259727656       -37.019788850151969        1.6666630750654901     
   1.4500000000000002       -1.2399999999999993       -1079.4175670280235        15647.958366964283       -28.203394251361868        1.6666628724707084     
   1.4500000000000002       -1.1599999999999993       -886.00038700829680        15155.683326044282       -17.833224486727076        1.6666626801891731     
   1.4500000000000002       -1.0799999999999992       -665.39120500627064        14378.184741755407       -5.9024555937110748        1.6666625048200272     
   1.4500000000000002      -0.99999999999999911       -418.12603417539441        13404.277869933272        7.5708149077162661        1.6666623542830497     
   1.4500000000000002      -0.91999999999999926       -145.35572448824786        12299.220056145698        22.531352431762638        1.6666622377299132     
   1.4500000000000002      -0.83999999999999919        151.08078033477759        11117.628534355208        38.882369593297462        1.6666621652049896     
   1.4500000000000002      -0.75999999999999934        468.76912715455461        9910.1849547034744        56.492064132294566        1.6666621469450131     
   1.4500000000000002      -0.67999999999999927        804.97448692287173        8723.3863588582371        75.208466240140410        1.6666621922392908     
   1.4500000000000002      -0.59999999999999942        1156.9498343070838        7596.1358200248678        94.877392483501652        1.6666623078768790     
   1.4500000000000002      -0.51999999999999935        1522.2178435812727        6556.8026592452816        115.35887869807637        1.6666624963942487     
   1.4500000000000002      -0.43999999999999939        1898.7841235593205        5622.4021154097081        136.53969265881923        1.6666627545604520     
   1.4500000000000002      -0.35999999999999938        2285.2672045480185        4799.6653933738598        158.34107254461208        1.6666630726746974     
   1.4500000000000002      -0.27999999999999936        2680.9606923513966        4087.3269422550493        180.72266099956124        1.6666634351522294     
   1.4500000000000002      -0.19999999999999929        3085.8502934381004        3478.7009671343476        203.68398436536026        1.6666638224817556     
   1.4500000000000002      -0.11999999999999930        3500.5788627653706        2963.7695292506332        227.26253680441482        1.6666642140993666     
   1.4500000000000002       -3.9999999999999321E-002   3926.2412256672815        2530.1468399038054        251.51904090304009        1.6666645913428400     
   1.4500000000000002        4.0000000000000667E-002   4364.7711616067891        2168.1020529832390        276.56813545835433        1.6666649396614899     
   1.4500000000000002       0.12000000000000069        4818.2827610611039        1864.9572225311515        302.52858872897309        1.6666652496328935     
   1.4500000000000002       0.20000000000000070        5289.4720148535807        1611.6689993197358        329.55453364721126        1.6666655168251030     
   1.4500000000000002       0.28000000000000075        5781.5417308708102        1399.9325540649916        357.82957321418360        1.6666657408795853     
   1.4500000000000002       0.36000000000000076        6298.2822346639678        1222.7931000582978        387.57070859351444        1.6666659242873911     
   1.4500000000000002       0.44000000000000072        6844.5022597331326        1075.0980966637258        419.04657989479580        1.6666660713597361     
   1.4500000000000002       0.52000000000000068        7427.5354386641193        954.49519222771482        452.63055056030981        1.6666661884957814     
   1.4500000000000002       0.60000000000000075        8059.0895308334084        859.98530174300038        488.77887444737701        1.6666662884748940     
   1.4500000000000002       0.68000000000000060        8756.8927364897227        790.33904050380488        527.91831975574007        1.6666663943470921     
   1.4500000000000002       0.76000000000000068        9652.3716104008708        843.59854031241491        576.74188026927698        1.6666665097742843     
   1.4500000000000002       0.84000000000000052        13637.930499497907        3122.9836147075976        798.78508783019117        1.6666665975386605     
   1.4500000000000002       0.92000000000000060        52889.610486586927        25582.249168280174        2997.2851121323447        1.6666666369115271     
   1.4500000000000002        1.0000000000000004        456137.38910592813        218601.15829835398        25824.155784623148        1.6666666208090559     
   1.4500000000000002        1.0800000000000005        9191970.7410441618        3938989.4337304463        521374.52174824523        1.6666663245168485     
   1.4500000000000002        1.1600000000000006        60402448.624863788        19206105.217001460        3426024.0228335466        1.6666660968850691     
   1.4500000000000002        1.2400000000000007        63102523.848708913        842279.70990378642        3530764.1312447051        1.6666663857232158     
   1.4500000000000002        1.3200000000000007        32813929.943490583       -7858860.6405279897        1705477.1714667524        1.6666666483024808     
   1.4500000000000002        1.4000000000000008        10109496.752187850       -4899944.2580151483        361953.53313025669        1.6666666660811669     
   1.4500000000000002        1.4800000000000009        883925.03899464943       -1656051.2173601300       -3414.8589610404129        1.6666666666569963     
   1.4500000000000002        1.5600000000000009        450409.99324132933       -64726.876512880808        25469.227756680688        1.6666666666666408     
   1.4500000000000002        1.6400000000000010        477783.10049958481        3399.4180361132421        27307.060711050221        1.6666666666666614     
   1.4500000000000002        1.7200000000000011        507064.66888104618        3024.6477904256431        28985.546914271607        1.6666666666666645     
   1.4500000000000002        1.8000000000000012        538324.21834486187        2685.7351895454867        30778.900265441804        1.6666666666666659     
   1.4500000000000002        1.8800000000000012        572008.38169386308        2407.1671048369735        32713.835368550095        1.6666666666666661     
   1.4500000000000002        1.9600000000000013        608409.90903072886        2163.7151269647575        34806.458014151322        1.6666666666666663     
   1.5500000000000003       -1.9600000000000000       -2292.4179085465066        10734.805321442585       -64.096663342778200        1.6666640937531740     
   1.5500000000000003       -1.8799999999999999       -2267.9693672295343        10053.873762942630       -63.451516572074155        1.6666638824491078     
   1.5500000000000003       -1.7999999999999998       -2236.7424357980321        10680.947607986107       -62.504379943537010        1.6666636593122588     
   1.5500000000000003       -1.7199999999999998       -2192.3567599326475        12627.672574744092       -60.977468976633013        1.6666634249988668     
   1.5500000000000003       -1.6399999999999997       -2126.8320812047618        15505.485721333596       -58.522372395148899        1.6666631805831558     
   1.5500000000000003       -1.5599999999999996       -2032.1634124651823        18633.169950648196       -54.787812922513808        1.6666629276680376     
   1.5500000000000003       -1.4799999999999995       -1901.8997106451252        21325.729238429278       -49.487693376237594        1.6666626685193546     
   1.5500000000000003       -1.3999999999999995       -1731.8839794170449        23150.990823133674       -42.432802894671674        1.6666624062257043     
   1.5500000000000003       -1.3199999999999994       -1519.9637380513500        24002.303065771572       -33.517986075592532        1.6666621448831367     
   1.5500000000000003       -1.2399999999999993       -1265.1787483687847        24002.380363364337       -22.687168084813223        1.6666618897982441     
   1.5500000000000003       -1.1599999999999993       -967.11352086369982        23355.640890388742       -9.9064147222866836        1.6666616476925382     
   1.5500000000000003       -1.0799999999999992       -625.76103446300806        22247.619373710473        4.8400657976841011        1.6666614268734046     
   1.5500000000000003      -0.99999999999999911       -241.78765528973582        20815.248066684424        21.536353358152169        1.6666612373108176     
   1.5500000000000003      -0.91999999999999926        183.13545691613473        19159.793710526996        40.118902093054288        1.6666610905256203     
   1.5500000000000003      -0.83999999999999919        646.21118748924118        17367.307575227704        60.470689785339282        1.6666609991625025     
   1.5500000000000003      -0.75999999999999934        1143.6959938969860        15518.877204685325        82.429381425245936        1.6666609761082887     
   1.5500000000000003      -0.67999999999999927        1671.3086808750750        13689.755926309099        105.80611801644501        1.6666610330569476     
   1.5500000000000003      -0.59999999999999942        2224.7252069377741        11943.527091486176        130.40829726022503        1.6666611785545455     
   1.5500000000000003      -0.51999999999999935        2800.0315955989777        10327.130663728600        156.06045980043686        1.6666614157929507     
   1.5500000000000003      -0.43999999999999939        3394.0681278624215        8869.3874975298822        182.62028317922429        1.6666617407024580     
   1.5500000000000003      -0.35999999999999938        4004.6412952626761        7582.6007549845754        209.98859242373348        1.6666621410671572     
   1.5500000000000003      -0.27999999999999936        4630.6298416410737        6466.1661867604180        238.11472009628034        1.6666625972622255     
   1.5500000000000003      -0.19999999999999929        5272.0220817528580        5510.6671053068958        266.99898474908349        1.6666630847180364     
   1.5500000000000003      -0.11999999999999930        5929.8622419867097        4701.1148163267944        296.69040620998754        1.6666635775382310     
   1.5500000000000003       -3.9999999999999321E-002   6605.8624171909350        4018.1605331677570        327.26437211984370        1.6666640522191347     
   1.5500000000000003        4.0000000000000667E-002   7303.1970319303537        3447.6383159423931        358.87240350019374        1.6666644904320254     
   1.5500000000000003       0.12000000000000069        8025.2055485318542        2969.0861256584344        391.66415603754558        1.6666648803033273     
   1.5500000000000003       0.20000000000000070        8776.2057645285222        2568.7422980519177        425.83770233866858        1.6666652162412734     
   1.5500000000000003       0.28000000000000075        9561.3455793199664        2233.7135378203511        461.63059805312139        1.6666654977816007     
   1.5500000000000003       0.36000000000000076        10386.727091763883        1953.1482647934595        499.32518198387936        1.6666657280509711     
   1.5500000000000003       0.44000000000000072        11259.995484683039        1718.8113654110232        539.26787205358585        1.6666659125265157     
   1.5500000000000003       0.52000000000000068        12192.137493052609        1526.0281877844168        581.90482470537006        1.6666660597883498     
   1.5500000000000003       0.60000000000000075        13197.734516826942        1369.3184331242087        627.58700006090476        1.6666661884079785     
   1.5500000000000003       0.68000000000000060        14293.997470039591        1241.6386218332818        676.25122152308370        1.6666663303796472     
   1.5500000000000003       0.76000000000000068        15680.393529374154        1306.0740191907298        736.20734702270431        1.6666664823876500     
   1.5500000000000003       0.84000000000000052        21936.609631561634        4902.2134463123830        1013.5246071981633        1.6666665897299555     
   1.5500000000000003       0.92000000000000060        83729.507333710571        40273.468711820518        3766.5023361663375        1.6666666329263897     
   1.5500000000000003        1.0000000000000004        722136.46317862323        346081.26172757644        32486.688878349218        1.6666666015774600     
   1.5500000000000003        1.0800000000000005        14564672.876043534        6241603.1155409068        656172.59497702867        1.6666661431466250     
   1.5500000000000003        1.1600000000000006        95706684.207204834        30431702.095828425        4311735.7511478309        1.6666657846190671     
   1.5500000000000003        1.2400000000000007        98997389.344509318        1026524.7960316476        4383869.8753273636        1.6666662279322173     
   1.5500000000000003        1.3200000000000007        48923044.180011511       -12992590.595157515        1967419.5638914881        1.6666666382886604     
   1.5500000000000003        1.4000000000000008        12501239.972603414       -7860350.8349640220        292105.59528980468        1.6666666658468414     
   1.5500000000000003        1.4800000000000009        963852.31714057573       -2071037.4886210421        9761.5851749557933        1.6666666666574874     
   1.5500000000000003        1.5600000000000009        715826.87800059654       -37031.960317247002        32415.585611694751        1.6666666666666479     
   1.5500000000000003        1.6400000000000010        759815.76964149810        5462.9030683980145        34444.885223321362        1.6666666666666610     
   1.5500000000000003        1.7200000000000011        806430.53253107588        4815.0849619258015        36561.802732211632        1.6666666666666643     
   1.5500000000000003        1.8000000000000012        856224.03663673811        4278.1219973165507        38825.370078203799        1.6666666666666656     
   1.5500000000000003        1.8800000000000012        909918.82901576196        3837.1841561464762        41269.284899428887        1.6666666666666661     
   1.5500000000000003        1.9600000000000013        967964.86818167544        3450.2698703106030        43912.747190285787        1.6666666666666665     
   1.6500000000000004       -1.9600000000000000       -2968.6332508183532        13307.794981552170       -65.600982586504060        1.6666634274806897     
   1.6500000000000004       -1.8799999999999999       -2937.3508459790905        12864.135539934174       -64.938016022601275        1.6666631614519951     
   1.6500000000000004       -1.7999999999999998       -2895.4167459530458        14343.257721262624       -63.899292502721458        1.6666628805247805     
   1.6500000000000004       -1.7199999999999998       -2832.9037345103839        17784.878224075801       -62.140723965146591        1.6666625855249200     
   1.6500000000000004       -1.6399999999999997       -2737.3789806837535        22604.577927711074       -59.230357575743689        1.6666622778044573     
   1.6500000000000004       -1.5599999999999996       -2596.3414298102152        27759.729695566253       -54.732020967162818        1.6666619593809726     
   1.6500000000000004       -1.4799999999999995       -2399.6665716874259        32198.031483297669       -48.289343855566443        1.6666616331065791     
   1.6500000000000004       -1.3999999999999995       -2140.7479638872810        35256.868701627987       -39.664700649009994        1.6666613028691268     
   1.6500000000000004       -1.3199999999999994       -1816.0400851302893        36776.746117045317       -28.722949739275503        1.6666609738247229     
   1.6500000000000004       -1.2399999999999993       -1423.7980457256760        36951.716174571455       -15.387970537364373        1.6666606526534071     
   1.6500000000000004       -1.1599999999999993       -963.09002569543418        36099.920682511649       0.39032719308543634        1.6666603478164497     
   1.6500000000000004       -1.0799999999999992       -433.61949691346098        34508.196844101505        18.640029101653724        1.6666600697715788     
   1.6500000000000004      -0.99999999999999911        163.82444006448029        32387.515459816717        39.349228479217793        1.6666598310695631     
   1.6500000000000004      -0.91999999999999926        826.82201942188510        29894.577362768196        62.445301575442286        1.6666596462135699     
   1.6500000000000004      -0.83999999999999919        1551.1211344340320        27164.294469315304        87.787096744124028        1.6666595311215691     
   1.6500000000000004      -0.75999999999999934        2330.9209402458323        24325.602058110198        115.17503103380335        1.6666595020162831     
   1.6500000000000004      -0.67999999999999927        3159.5248067838816        21499.453998104807        144.37477835492584        1.6666595736185552     
   1.6500000000000004      -0.59999999999999942        4030.1323527981963        18788.966939336053        175.14610410824824        1.6666597566859236     
   1.6500000000000004      -0.51999999999999935        4936.5654952063278        16271.075176770670        207.26936285227305        1.6666600552347979     
   1.6500000000000004      -0.43999999999999939        5873.8232028976672        13993.923509866678        240.56592527116192        1.6666604641388658     
   1.6500000000000004      -0.35999999999999938        6838.4271030635682        11979.246144736457        274.91114414362846        1.6666609680150140     
   1.6500000000000004      -0.27999999999999936        7828.6033542609284        10228.053263062882        310.24171088555124        1.6666615421511783     
   1.6500000000000004      -0.19999999999999929        8844.3620622829512        8727.1216412759186        346.55973948845400        1.6666621556082652     
   1.6500000000000004      -0.11999999999999930        9887.4161493793945        7453.9642294507912        383.93010145523812        1.6666627757750230     
   1.6500000000000004       -3.9999999999999321E-002   10960.442054865069        6378.0905725158491        422.44634974248396        1.6666633730506715     
   1.6500000000000004        4.0000000000000667E-002   12068.702550649214        5479.2652889295132        462.31107904039135        1.6666639243478294     
   1.6500000000000004       0.12000000000000069        13217.487668961552        4724.1021092090514        503.71351797811207        1.6666644147044181     
   1.6500000000000004       0.20000000000000070        14413.760941656066        4091.7668066463361        546.91033445455923        1.6666648370656039     
   1.6500000000000004       0.28000000000000075        15665.872529869876        3562.2427404192367        592.21218618976332        1.6666651908309316     
   1.6500000000000004       0.36000000000000076        16983.762197966131        3118.5989504536301        639.99137267511173        1.6666654799264951     
   1.6500000000000004       0.44000000000000072        18379.748950561498        2747.6522862614079        690.70131057087121        1.6666657113319245     
   1.6500000000000004       0.52000000000000068        19870.254127520173        2440.1356163059409        744.86922160420852        1.6666658966885786     
   1.6500000000000004       0.60000000000000075        21470.439472809427        2178.9675565025564        802.55140609117086        1.6666660631709980     
   1.6500000000000004       0.68000000000000060        23187.570354760908        1944.8399816171093        862.78302704918997        1.6666662541255977     
   1.6500000000000004       0.76000000000000068        25332.269790275634        2020.4444414269931        936.34753152930830        1.6666664525952408     
   1.6500000000000004       0.84000000000000052        35161.107283197583        7701.6296324185660        1282.9345711761039        1.6666665817036421     
   1.6500000000000004       0.92000000000000060        132509.44938397285        63446.699467644976        4732.2382811650114        1.6666666278443389     
   1.6500000000000004        1.0000000000000004        1143434.4060542847        548023.76652260125        40870.943450445440        1.6666665726288095     
   1.6500000000000004        1.0800000000000005        23076868.132655274        9889790.7290481441        825784.83198244625        1.6666658676027146     
   1.6500000000000004        1.1600000000000006        151639221.44974846        48216345.302521907        5426125.6323167253        1.6666653058469627     
   1.6500000000000004        1.2400000000000007        154900926.81553760        1017478.4113518785        5423312.3073486770        1.6666659838131959     
   1.6500000000000004        1.3200000000000007        71714875.137880057       -21583953.002778318        2211080.4241122999        1.6666666230845153     
   1.6500000000000004        1.4000000000000008        14548592.343060318       -12337308.611599607        198617.68701010579        1.6666666655549427     
   1.6500000000000004        1.4800000000000009        1271367.2402616914       -2383349.8322071610        29832.628536618657        1.6666666666591932     
   1.6500000000000004        1.5600000000000009        1137526.3532100439       -19983.395394068790        40909.896893217250        1.6666666666666501     
   1.6500000000000004        1.6400000000000010        1207515.6444849751        8691.8469595018014        43432.246885904104        1.6666666666666607     
   1.6500000000000004        1.7200000000000011        1281625.8807260764        7655.2375670043357        46099.636925415893        1.6666666666666643     
   1.6500000000000004        1.8000000000000012        1360855.6375512059        6807.2045059605216        48955.305795001230        1.6666666666666656     
   1.6500000000000004        1.8800000000000012        1446347.5438271798        6109.4972846767205        52040.006458619624        1.6666666666666661     
   1.6500000000000004        1.9600000000000013        1538790.6790385558        5494.8411419630484        55376.936512770277        1.6666666666666665     
   1.7500000000000004       -1.9600000000000000       -3838.7007353787058        16449.430647468351       -67.046832189768978        1.6666625886862405     
   1.7500000000000004       -1.8799999999999999       -3798.5010221947668        16531.163819464786       -66.359670231898505        1.6666622537620199     
   1.7500000000000004       -1.7999999999999998       -3741.5865057830870        19467.201548781028       -65.205289127715446        1.6666619000794982     
   1.7500000000000004       -1.7199999999999998       -3652.4953664935938        25346.324333792803       -63.157195951856622        1.6666615286780526     
   1.7500000000000004       -1.6399999999999997       -3511.8425861946048        33283.485229263912       -59.679659701347759        1.6666611412594181     
   1.7500000000000004       -1.5599999999999996       -3300.0997964630578        41676.295224406727       -54.231160166802049        1.6666607403631302     
   1.7500000000000004       -1.4799999999999995       -3001.3884650178907        48902.625104651328       -46.368296164318160        1.6666603295792741     
   1.7500000000000004       -1.3999999999999995       -2605.2423405320046        53943.098243593464       -35.793633340667490        1.6666599138017779     
   1.7500000000000004       -1.3199999999999994       -2105.8809626401871        56558.179880597861       -22.334948749361676        1.6666594995211312     
   1.7500000000000004       -1.2399999999999993       -1500.2448826822008        57054.803624969034       -5.8909433346456828        1.6666590951462588     
   1.7500000000000004       -1.1599999999999993       -786.48031128977630        55928.795013297262        13.609429262630726        1.6666587113284355     
   1.7500000000000004       -1.0799999999999992        36.290714478645121        53624.031879839487        36.210974029658708        1.6666583612322450     
   1.7500000000000004      -0.99999999999999911        967.21231004733113        50465.383782899233        61.908544633470669        1.6666580606571721     
   1.7500000000000004      -0.91999999999999926        2002.7992477126959        46694.640806856645        90.620037276814799        1.6666578278605479     
   1.7500000000000004      -0.83999999999999919        3136.5988136772366        42522.301409309541        122.17587461570044        1.6666576828807478     
   1.7500000000000004      -0.75999999999999934        4359.6346393926324        38152.205960339990        156.33135286800388        1.6666576461396900     
   1.7500000000000004      -0.67999999999999927        5661.4456938129661        33777.572141523509        192.79638975300799        1.6666577361683332     
   1.7500000000000004      -0.59999999999999942        7031.3508049984184        29564.528772953843        231.27193407438344        1.6666579665077585     
   1.7500000000000004      -0.51999999999999935        8459.6102209974924        25638.202358655315        271.48352595491821        1.6666583422118173     
   1.7500000000000004      -0.43999999999999939        9938.3187772012025        22078.169386167130        313.20737476368129        1.6666588568233154     
   1.7500000000000004      -0.35999999999999938        11461.969898476300        18921.955237086353        356.28718855399308        1.6666594909710080     
   1.7500000000000004      -0.27999999999999936        13027.769624747878        16173.972038037584        400.64435765024342        1.6666602135372670     
   1.7500000000000004      -0.19999999999999929        14635.802357420771        13815.778442615521        446.28460722374820        1.6666609855628809     
   1.7500000000000004      -0.11999999999999930        16288.910640966877        11813.586817211835        493.29498522528087        1.6666617659812379     
   1.7500000000000004       -3.9999999999999321E-002   17991.276948467781        10118.904344556011        541.79154563344082        1.6666625175135605     
   1.7500000000000004        4.0000000000000667E-002   19751.724543614990        8703.6932542150917        592.04865761990118        1.6666632110791113     
   1.7500000000000004       0.12000000000000069        21578.661575484468        7512.8385178995477        644.30660123264443        1.6666638278247425     
   1.7500000000000004       0.20000000000000070        23483.409432923825        6515.0532374147142        698.90119008583679        1.6666643588505852     
   1.7500000000000004       0.28000000000000075        25479.653737273915        5679.2915649144779        756.24357125862207        1.6666648033814988     
   1.7500000000000004       0.36000000000000076        27583.798346894957        4979.1597354624482        816.83186361323919        1.6666651663506198     
   1.7500000000000004       0.44000000000000072        29815.981869255502        4393.4973932712874        881.26864063910671        1.6666654566863002     
   1.7500000000000004       0.52000000000000068        32200.475233772850        3903.7014265702774        950.15878658125666        1.6666656903840058     
   1.7500000000000004       0.60000000000000075        34744.415877600361        3464.0762989654645        1022.8839535966329        1.6666659073592827     
   1.7500000000000004       0.68000000000000060        37423.166400982889        3033.9802128136803        1096.9857352095751        1.6666661644328777     
   1.7500000000000004       0.76000000000000068        40738.662530635942        3123.4100288381533        1187.2065639075859        1.6666664209371242     
   1.7500000000000004       0.84000000000000052        56192.084186391905        12108.912191491250        1620.6333465361993        1.6666665734313875     
   1.7500000000000004       0.92000000000000060        209653.45806308498        100018.32037536988        5944.6669323220030        1.6666666211524870     
   1.7500000000000004        1.0000000000000004        1810729.9998532997        867945.72745819157        51421.362701563405        1.6666665294878023     
   1.7500000000000004        1.0800000000000005        36562353.231649488        15669515.568844447        1039182.6754527773        1.6666654538893231     
   1.7500000000000004        1.1600000000000006        240247181.52266824        76390465.485193387        6828071.5405526813        1.6666645781353533     
   1.7500000000000004        1.2400000000000007        241563354.35588926        410575.84705730120        6678150.0740623623        1.6666656083687923     
   1.7500000000000004        1.3200000000000007        102850318.45363705       -35991318.104487553        2399276.9298814326        1.6666666002433306     
   1.7500000000000004        1.4000000000000008        15968043.777863694       -18750448.396303866        109382.00063743132        1.6666666652203217     
   1.7500000000000004        1.4800000000000009        1912096.1292577707       -2523135.6861424493        49374.149778007697        1.6666666666616805     
   1.7500000000000004        1.5600000000000009        1806793.0408203769       -15722.499296115730        51573.253903502198        1.6666666666666521     
   1.7500000000000004        1.6400000000000010        1917984.9946387147        13808.733137767193        54748.304172982564        1.6666666666666616     
   1.7500000000000004        1.7200000000000011        2035677.2704046345        12157.056521293785        58106.707678872575        1.6666666666666645     
   1.7500000000000004        1.8000000000000012        2161643.6601574086        10822.688473186048        61708.202092375454        1.6666666666666659     
   1.7500000000000004        1.8800000000000012        2297634.0304284371        9718.2626298101677        65599.580751386427        1.6666666666666665     
   1.7500000000000004        1.9600000000000013        2444709.8229400730        8742.2188119416605        69809.537646790443        1.6666666666666665     
   1.8500000000000005       -1.9600000000000000       -4956.6917585950632        20275.344293873117       -68.432694560578895        1.6666615327008774     
   1.8500000000000005       -1.8799999999999999       -4904.7324163724243        21367.028025892876       -67.712882786208922        1.6666611110412244     
   1.8500000000000005       -1.7999999999999998       -4826.5738878367501        26733.563310183494       -66.412527986632682        1.6666606657638652     
   1.8500000000000005       -1.7199999999999998       -4698.1148467520452        36546.446087764118       -64.002802377841974        1.6666601981769056     
   1.8500000000000005       -1.6399999999999997       -4489.1142416025568        49457.028432805288       -59.819203650529992        1.6666597104222451     
   1.8500000000000005       -1.5599999999999996       -4169.0649523781749        62993.732542145764       -53.189717863250706        1.6666592056964351     
   1.8500000000000005       -1.4799999999999995       -3713.0891441852268        74648.704811331685       -43.563493967866663        1.6666586885184995     
   1.8500000000000005       -1.3999999999999995       -3104.6610228402756        82849.473704860255       -30.569624831088404        1.6666581650488026     
   1.8500000000000005       -1.3199999999999994       -2334.4441352465687        87235.551655010961       -13.990446661880261        1.6666576434575462     
   1.8500000000000005       -1.2399999999999993       -1397.2127188695536        88293.211355987427        6.3066415111473839        1.6666571343299723     
   1.8500000000000005       -1.1599999999999993       -289.51130851277082        86796.694034458618        30.419678930224091        1.6666566510741423     
   1.8500000000000005       -1.0799999999999992        990.63995949038429        83433.750407418454        58.416113396081052        1.6666562102620441     
   1.8500000000000005      -0.99999999999999911        2442.4787941632694        78704.376750360228        90.301673811765198        1.6666558317826723     
   1.8500000000000005      -0.91999999999999926        4061.0294127712045        72980.487697146877        125.98512268515861        1.6666555386191300     
   1.8500000000000005      -0.83999999999999919        5836.5309706648295        66588.852795356041        165.26396795375771        1.6666553559965844     
   1.8500000000000005      -0.75999999999999934        7755.1246717537706        59849.908317558802        207.83935420122987        1.6666553096229006     
   1.8500000000000005      -0.67999999999999927        9800.5004948895494        53070.550590200670        253.35326231573561        1.6666554228251438     
   1.8500000000000005      -0.59999999999999942        11955.911005416443        46516.868603297604        301.43437383859236        1.6666557126481203     
   1.8500000000000005      -0.51999999999999935        14206.026274453645        40391.059181305849        351.74051171971746        1.6666561854511928     
   1.8500000000000005      -0.43999999999999939        16538.370964283058        34823.563380996158        403.99193376622190        1.6666568331010967     
   1.8500000000000005      -0.35999999999999938        18944.246310392791        29878.142685971616        457.99324474129986        1.6666576312051276     
   1.8500000000000005      -0.27999999999999936        21419.276669477571        25565.895273498223        513.64762915793256        1.6666585405806096     
   1.8500000000000005      -0.19999999999999929        23963.750869330146        21861.427994491958        570.96760004017278        1.6666595121703529     
   1.8500000000000005      -0.11999999999999930        26582.449024379184        18713.969502580047        630.07175684927552        1.6666604942614260     
   1.8500000000000005       -3.9999999999999321E-002   29281.904911546557        16045.627656185690        691.10402386922874        1.6666614399069561     
   1.8500000000000005        4.0000000000000667E-002   32077.096310833491        13819.490334888034        754.44112159782276        1.6666623124785631     
   1.8500000000000005       0.12000000000000069        34981.441405360762        11943.419677200982        820.38971629838795        1.6666630882217652     
   1.8500000000000005       0.20000000000000070        38013.518032959990        10371.000325096187        889.39397822507249        1.6666637559109194     
   1.8500000000000005       0.28000000000000075        41196.018409921002        9054.1761380735534        962.00520479294903        1.6666643145480085     
   1.8500000000000005       0.36000000000000076        44556.401518212537        7951.8699389899748        1038.9000847065968        1.6666647703373014     
   1.8500000000000005       0.44000000000000072        48128.079814729637        7029.9592879159773        1120.8911157988098        1.6666651347538033     
   1.8500000000000005       0.52000000000000068        51945.897476822465        6250.2250900218623        1208.6254909640538        1.6666654300622381     
   1.8500000000000005       0.60000000000000075        55983.844907670180        5498.4608330415440        1300.0742664948748        1.6666657149154558     
   1.8500000000000005       0.68000000000000060        60140.683765437927        4708.0781626491880        1390.5486669328500        1.6666660605219794     
   1.8500000000000005       0.76000000000000068        65264.068161546958        4826.5567440352934        1501.2102580985011        1.6666663881732702     
   1.8500000000000005       0.84000000000000052        89577.532748445330        19051.418793327575        2043.5371633326481        1.6666665647982684     
   1.8500000000000005       0.92000000000000060        331637.89703547070        157762.63729328834        7466.7181399410647        1.6666666121631426     
   1.8500000000000005        1.0000000000000004        2867690.1853786735        1374797.3259397519        64696.971654264380        1.6666664660986266     
   1.8500000000000005        1.0800000000000005        57925353.254611790        24825513.988025270        1307638.0982587745        1.6666648402783211     
   1.8500000000000005        1.1600000000000006        380607635.31071430        121019567.02868007        8591521.6338930875        1.6666634820955393     
   1.8500000000000005        1.2400000000000007        375114861.96976382       -1713452.8309898681        8174743.2124742894        1.6666650349409400     
   1.8500000000000005        1.3200000000000007        143400898.10092551       -60121897.906782739        2482117.8109945282        1.6666665663768943     
   1.8500000000000005        1.4000000000000008        17009659.897719368       -27277052.753488716        63757.755025966973        1.6666666648841790     
   1.8500000000000005        1.4800000000000009        3005337.9741818071       -2513868.5266097453        66917.787084997181        1.6666666666640870     
   1.8500000000000005        1.5600000000000009        2868717.2605600711       -20398.443252019555        65000.822248877877        1.6666666666666561     
   1.8500000000000005        1.6400000000000010        3045179.8501389604        21914.578569914080        68996.064954786634        1.6666666666666630     
   1.8500000000000005        1.7200000000000011        3231915.2881652103        19288.889265161455        73222.225573558710        1.6666666666666652     
   1.8500000000000005        1.8000000000000012        3432068.1152848629        17196.584733395208        77763.208196352673        1.6666666666666659     
   1.8500000000000005        1.8800000000000012        3648222.9068885976        15447.042531838035        82670.105698896383        1.6666666666666663     
   1.8500000000000005        1.9600000000000013        3882032.8771920595        13897.718216576890        87979.140721123316        1.6666666666666667     
   1.9500000000000006       -1.9600000000000000       -6391.4294832250698        24926.653741451122       -69.758613813939547        1.6666602032914659     
   1.9500000000000006       -1.8799999999999999       -6323.7662399095880        27824.879115093634       -68.995071911540322        1.6666596724377705     
   1.9500000000000006       -1.7999999999999998       -6215.0790675638800        37175.666652713386       -67.510733807614983        1.6666591118485758     
   1.9500000000000006       -1.7199999999999998       -6027.7797239474166        53286.442946737086       -64.649849988541490        1.6666585231702462     
   1.9500000000000006       -1.6399999999999997       -5714.6793579487794        74090.760131726114       -59.588398762623562        1.6666579090987450     
   1.9500000000000006       -1.5599999999999996       -5228.1329448105625        95764.545182543283       -51.493115304992273        1.6666572736576657     
   1.9500000000000006       -1.4799999999999995       -4529.2155671728133        114421.15145879194       -39.681014158336595        1.6666566225353781     
   1.9500000000000006       -1.3999999999999995       -3591.9292501643149        127629.99498324432       -23.691546900996336        1.6666559634864384     
   1.9500000000000006       -1.3199999999999994       -2401.3277581445091        134848.74147866649       -3.2519593930784709        1.6666553067954812     
   1.9500000000000006       -1.2399999999999993       -948.66637695166264        136850.02030143864        21.808843878817338        1.6666546657873176     
   1.9500000000000006       -1.1599999999999993        772.23809066150693        134845.74194939644        51.623488413731600        1.6666540573402802     
   1.9500000000000006       -1.0799999999999992        2765.3829424881087        129903.04681143501        86.290064201012143        1.6666535023156412     
   1.9500000000000006      -0.99999999999999911        5030.4745874942591        122790.92000099583        125.83135997600773        1.6666530257503271     
   1.9500000000000006      -0.91999999999999926        7560.5085347706736        114079.29368398504        170.14873759206347        1.6666526565763142     
   1.9500000000000006      -0.83999999999999919        10340.794668514354        104272.54387118906        219.00253016310822        1.6666524265479854     
   1.9500000000000006      -0.75999999999999934        13350.007257497758        93871.410844557686        272.02968663411951        1.6666523680272360     
   1.9500000000000006      -0.67999999999999927        16562.783990663909        83360.636330937617        328.79007416059324        1.6666525103785224     
   1.9500000000000006      -0.59999999999999942        19952.925200213092        73164.138534646961        388.82411419360608        1.6666528750571090     
   1.9500000000000006      -0.51999999999999935        23496.351187802527        63606.843053219469        451.70638278397155        1.6666534700655375     
   1.9500000000000006      -0.43999999999999939        27173.414024625334        54901.160755689998        517.08814022601507        1.6666542851602173     
   1.9500000000000006      -0.35999999999999938        30970.408773061041        47154.209820176024        584.72598057133780        1.6666552896265256     
   1.9500000000000006      -0.27999999999999936        34880.533408826690        40389.741716653320        654.50193035992538        1.6666564341280812     
   1.9500000000000006      -0.19999999999999929        38904.585265888127        34573.555481264950        726.44071375225803        1.6666576568943909     
   1.9500000000000006      -0.11999999999999930        43050.721826077315        29629.483257286534        800.70654227240061        1.6666588928085013     
   1.9500000000000006       -3.9999999999999321E-002   47329.146812389525        25431.056166405364        877.47785295902349        1.6666600827505982     
   1.9500000000000006        4.0000000000000667E-002   51765.630494121448        21934.076992446109        957.27938917108997        1.6666611805884832     
   1.9500000000000006       0.12000000000000069        56381.689752138765        18982.431900814921        1040.5049189950485        1.6666621563950881     
   1.9500000000000006       0.20000000000000070        61208.131064471148        16508.495848566316        1127.7490131140285        1.6666629960144668     
   1.9500000000000006       0.28000000000000075        66283.061569687110        14438.117593118774        1219.7611629449984        1.6666636981660026     
   1.9500000000000006       0.36000000000000076        71653.138019959544        12707.524147956368        1317.4747863627172        1.6666642706624437     
   1.9500000000000006       0.44000000000000072        77374.587795408661        11261.249096394011        1421.9991714211176        1.6666647283358738     
   1.9500000000000006       0.52000000000000068        83494.138352382462        10018.437708700852        1533.9120969408323        1.6666651025746035     
   1.9500000000000006       0.60000000000000075        89886.648461699398        8704.6617279814909        1648.3936678707437        1.6666654792734010     
   1.9500000000000006       0.68000000000000060        96294.523039207968        7257.6242186986874        1757.8416378788359        1.6666659421821384     
   1.9500000000000006       0.76000000000000068        104211.84263235399        7458.6229184761078        1893.6860107460357        1.6666663552453977     
   1.9500000000000006       0.84000000000000052        142488.95642738609        29992.982797769168        2572.6148461850862        1.6666665555685887     
   1.9500000000000006       0.92000000000000060        524502.14303618728        248976.77064038013        9377.2835441057050        1.6666666000041546     
   1.9500000000000006        1.0000000000000004        4541875.6781945536        2177823.5483642421        81400.842287297361        1.6666663744102199     
   1.9500000000000006        1.0800000000000005        91764676.838185698        39328782.762705579        1645307.1980108572        1.6666639418649010     
   1.9500000000000006        1.1600000000000006        602924529.40753341        191706664.66785175        10809305.487254733        1.6666618476450070     
   1.9500000000000006        1.2400000000000007        579369611.81667101       -7347880.1553482879        9931103.0647832658        1.6666641663058883     
   1.9500000000000006        1.3200000000000007        192837841.91780126       -100291856.47500439        2403681.6016336428        1.6666665169761314     
   1.9500000000000006        1.4000000000000008        18873535.059456725       -37544007.344638795        90623.774208321280        1.6666666646206809     
   1.9500000000000006        1.4800000000000009        4760838.7188011119       -2533322.4521743134        85354.484231995782        1.6666666666656973     
   1.9500000000000006        1.5600000000000009        4553431.5844005942       -30967.358821201804        81912.766275042028        1.6666666666666607     
   1.9500000000000006        1.6400000000000010        4833170.6971373353        34740.308298642107        86934.190728680667        1.6666666666666647     
   1.9500000000000006        1.7200000000000011        5129261.1944895694        30584.750683964863        92251.160667621269        1.6666666666666661     
   1.9500000000000006        1.8000000000000012        5447143.4840561152        27311.578889209857        97975.303808468423        1.6666666666666661     
   1.9500000000000006        1.8800000000000012        5790513.3904871913        24538.200191822329        104160.65038031313        1.6666666666666663     
   1.9500000000000006        1.9600000000000013        6161973.1891183555        22079.655557297152        110853.34483660724        1.6666666666666667     
   2.0500000000000007       -1.9600000000000000       -8230.4929093714582        30580.575541191822       -71.026764557522370        1.6666585296675980     
   2.0500000000000007       -1.8799999999999999       -8141.5555959505464        36573.328050797740       -70.205135272161158        1.6666578613471605     
   2.0500000000000007       -1.7999999999999998       -7988.4439508091091        52370.738492686476       -68.489410558704122        1.6666571555893599     
   2.0500000000000007       -1.7199999999999998       -7712.5224522098242        78499.341796927823       -65.066720048385605        1.6666564144663625     
   2.0500000000000007       -1.6399999999999997       -7240.1613250597911        111777.56006640123       -58.915884560751039        1.6666556413715994     
   2.0500000000000007       -1.5599999999999996       -6496.9973229013704        146273.32715023498       -49.005015355522104        1.6666548413697619     
   2.0500000000000007       -1.4799999999999995       -5422.2350948055891        175951.45809477154       -34.489450898032352        1.6666540216212202     
   2.0500000000000007       -1.3999999999999995       -3975.1440221841799        197049.95473362223       -14.800199384234281        1.6666531918873375     
   2.0500000000000007       -1.3199999999999994       -2132.0084146205190        208755.42212939073        10.401425710122451        1.6666523651144423     
   2.0500000000000007       -1.2399999999999993        121.55824916425281        212300.43538181589        41.333317525693005        1.6666515580759731     
   2.0500000000000007       -1.1599999999999993        2796.3170229940320        209587.36419168225        78.172278198076683        1.6666507920187112     
   2.0500000000000007       -1.0799999999999992        5899.8815121929138        202274.55257616358        121.05797372243123        1.6666500932033679     
   2.0500000000000007      -0.99999999999999911        9433.2316948773259        191543.38438095630        170.03959081787727        1.6666494931471931     
   2.0500000000000007      -0.91999999999999926        13386.725097821149        178263.11598610788        225.01524754480309        1.6666490282707440     
   2.0500000000000007      -0.83999999999999919        17738.418827881360        163207.00588132878        285.70483322230768        1.6666487385475608     
   2.0500000000000007      -0.75999999999999934        22455.648383843629        147152.44623026755        351.67043138988532        1.6666486647158572     
   2.0500000000000007      -0.67999999999999927        27499.111323012661        130860.72106426975        422.37365798002713        1.6666488437402298     
   2.0500000000000007      -0.59999999999999942        32827.937458425098        115003.75633326746        497.24792051106084        1.6666493026281222     
   2.0500000000000007      -0.51999999999999935        38404.397101927847        100101.14352019862        575.76604052971197        1.6666500514507530     
   2.0500000000000007      -0.43999999999999939        44197.621261998851        86496.952872478767        657.49464756695545        1.6666510773081353     
   2.0500000000000007      -0.35999999999999938        50186.087983197824        74369.714730022708        742.13183931951198        1.6666523415273815     
   2.0500000000000007      -0.27999999999999936        56359.325122460352        63766.625577561026        829.53587153925935        1.6666537819899379     
   2.0500000000000007      -0.19999999999999929        62719.321712507495        54643.355199508725        919.75276901561290        1.6666553209206052     
   2.0500000000000007      -0.11999999999999930        69280.219544933600        46886.061193740919        1013.0136527390122        1.6666568763278007     
   2.0500000000000007       -3.9999999999999321E-002   76057.948516410353        40286.976330247198        1109.5396741845766        1.6666583737665199     
   2.0500000000000007        4.0000000000000667E-002   83097.482054720676        34803.615136915825        1210.0724816267325        1.6666597551392757     
   2.0500000000000007       0.12000000000000069        90433.520798536076        30167.692417369144        1315.1212470974745        1.6666609827473218     
   2.0500000000000007       0.20000000000000070        98117.744889915964        26283.336583387430        1425.4921357346736        1.6666620387448456     
   2.0500000000000007       0.28000000000000075        106215.01797428477        23036.646680295245        1542.2185148957676        1.6666629214953894     
   2.0500000000000007       0.36000000000000076        114805.82497886056        20328.926128331248        1666.6068679734360        1.6666636408530504     
   2.0500000000000007       0.44000000000000072        123985.96024433066        18068.810182806334        1800.1853169195927        1.6666642161184821     
   2.0500000000000007       0.52000000000000068        133808.02633785532        16079.899399896527        1943.1807653344497        1.6666646920727575     
   2.0500000000000007       0.60000000000000075        143884.91313834742        13721.666351626336        2085.4756704828114        1.6666651935803778     
   2.0500000000000007       0.68000000000000060        153684.39275806566        11098.990743099670        2216.4633946582130        1.6666658099804190     
   2.0500000000000007       0.76000000000000068        165926.26221360060        11532.626289974434        2383.4825308806053        1.6666663231944965     
   2.0500000000000007       0.84000000000000052        226220.32437785045        47244.909294458841        3233.8026372253657        1.6666665453503435     
   2.0500000000000007       0.92000000000000060        829392.45847189368        393116.92724572896        11775.217941067842        1.6666665836265087     
   2.0500000000000007        1.0000000000000004        7193715.1212439844        3450107.7988076345        102417.11791338213        1.6666662438863291     
   2.0500000000000007        1.0800000000000005        145361154.41781637        62299732.784398884        2069958.1863458452        1.6666626445071762     
   2.0500000000000007        1.1600000000000006        955008447.08803928        303652137.88793570        13597889.648637276        1.6666594369926022     
   2.0500000000000007        1.2400000000000007        888732444.01717615       -20674584.229032222        11947951.730841793        1.6666628631758673     
   2.0500000000000007        1.3200000000000007        247744118.97265583       -166314683.82104257        2120544.1626757821        1.6666664463714318     
   2.0500000000000007        1.4000000000000008        23655838.529641822       -48361484.023562744        184698.11197932085        1.6666666645270063     
   2.0500000000000007        1.4800000000000009        7546485.5497156195       -2891735.5414558840        107584.91457489508        1.6666666666664223     
   2.0500000000000007        1.5600000000000009        7225916.8921879157       -47863.178251724501        103214.48517814110        1.6666666666666643     
   2.0500000000000007        1.6400000000000010        7668844.6834511245        55006.423206187115        109517.02139487189        1.6666666666666661     
   2.0500000000000007        1.7200000000000011        8138158.5627676491        48477.908341464623        116207.10950804612        1.6666666666666661     
   2.0500000000000007        1.8000000000000012        8642822.9100087509        43359.383597750151        123420.84941794102        1.6666666666666667     
   2.0500000000000007        1.8800000000000012        9188020.4172433168        38961.380499690502        131215.66567042738        1.6666666666666665     
   2.0500000000000007        1.9600000000000013        9777873.9658376742        35061.030103945683        139650.28583574374        1.6666666666666667     
   2.1500000000000004       -1.9600000000000000       -10585.355126571685        37468.331070640335       -72.242177198680736        1.6666564227141871     
   2.1500000000000004       -1.8799999999999999       -10467.143017365826        48611.882721274531       -71.344088567802885        1.6666555813356390     
   2.1500000000000004       -1.7999999999999998       -10248.647482589131        74734.828321122841       -69.338249539740687        1.6666546928239110     
   2.1500000000000004       -1.7199999999999998       -9838.4121690304291        116711.46416532929       -65.217786631271508        1.6666537597872104     
   2.1500000000000004       -1.6399999999999997       -9121.6013467648445        169623.11277699351       -57.718588562818397        1.6666527864969940     
   2.1500000000000004       -1.5599999999999996       -7982.2731691962535        224248.37958371121       -45.565112087333681        1.6666517793285545     
   2.1500000000000004       -1.4799999999999995       -6325.6913009376658        271202.30647655699       -27.716119804342590        1.6666507472952943     
   2.1500000000000004       -1.3999999999999995       -4088.3463724909566        304658.58384109061       -3.4728079589694065        1.6666497026848341     
   2.1500000000000004       -1.3199999999999994       -1232.9505244544198        323405.05123836291        27.581188801131837        1.6666486617941469     
   2.1500000000000004       -1.2399999999999993        2263.8177354112863        329418.00033198582        65.719976430304271        1.6666476457379147     
   2.1500000000000004       -1.1599999999999993        6420.3214487930782        325693.16757237748        111.17676778926270        1.6666466812620480     
   2.1500000000000004       -1.0799999999999992        11250.576743610345        314811.47950626572        164.14797868886410        1.6666458014242165     
   2.1500000000000004      -0.99999999999999911        16758.489319218432        298584.67490048736        224.72336405006814        1.6666450458992752     
   2.1500000000000004      -0.91999999999999926        22931.258345298080        278330.30909628817        292.80603217742333        1.6666444605346302     
   2.1500000000000004      -0.83999999999999919        29736.459648085856        255223.96518294120        368.07443961657464        1.6666440956504054     
   2.1500000000000004      -0.75999999999999934        37124.370504784951        230463.48332154794        450.00527631682991        1.6666440025293632     
   2.1500000000000004      -0.67999999999999927        45034.354881844600        205237.20936862475        537.94407296800716        1.6666442277037716     
   2.1500000000000004      -0.59999999999999942        53402.880132376515        180604.84885879661        631.19559337594740        1.6666448051709728     
   2.1500000000000004      -0.51999999999999935        62171.004278929133        157393.63497763471        729.10908950490716        1.6666457476072343     
   2.1500000000000004      -0.43999999999999939        71290.368424978864        136158.58612972579        831.14800817267462        1.6666470387697729     
   2.1500000000000004      -0.35999999999999938        80727.307539640853        117195.68673523342        936.93982558503558        1.6666486299688092     
   2.1500000000000004      -0.27999999999999936        90465.902768738146        100595.09162148519        1046.3174481997571        1.6666504429962665     
   2.1500000000000004      -0.19999999999999929        100510.82737554664        86303.251184298715        1159.3632225159117        1.6666523799304724     
   2.1500000000000004      -0.11999999999999930        110886.99818546941        74151.098214990634        1276.4077037125019        1.6666543375379297     
   2.1500000000000004       -3.9999999999999321E-002   121619.27534280324        63792.901372530789        1397.7248528419611        1.6666562220819987     
   2.1500000000000004        4.0000000000000667E-002   132787.29279384878        55214.934213076296        1524.3779810832900        1.6666579604031933     
   2.1500000000000004       0.12000000000000069        144447.38504170527        47949.320985802093        1657.0307695028648        1.6666595050202246     
   2.1500000000000004       0.20000000000000070        156687.34001062941        41865.886833600700        1796.7909282591381        1.6666608334437325     
   2.1500000000000004       0.28000000000000075        169619.11084181082        36790.735903863388        1945.1030631861229        1.6666619435924814     
   2.1500000000000004       0.36000000000000076        183383.58900672491        32571.685018709624        2103.8203189146707        1.6666628479199719     
   2.1500000000000004       0.44000000000000072        198145.46148040178        29055.069882568023        2275.0561753169886        1.6666635717380167     
   2.1500000000000004       0.52000000000000068        213932.38263459393        25845.082040413472        2458.0452746832848        1.6666641796123596     
   2.1500000000000004       0.60000000000000075        229711.42894278356        21486.279748351062        2632.9754317690749        1.6666648509746320     
   2.1500000000000004       0.68000000000000060        244560.80165935430        16818.551261683646        2787.8954390937301        1.6666656654558882     
   2.1500000000000004       0.76000000000000068        263511.57938808465        17852.848230709016        2993.7105125794787        1.6666662930381628     
   2.1500000000000004       0.84000000000000052        358534.42691824684        74457.511259302279        4059.1159736607997        1.6666665335684505     
   2.1500000000000004       0.92000000000000060        1311314.2500343090        620973.44229552429        14784.338212088893        1.6666665618146899     
   2.1500000000000004        1.0000000000000004        11394055.994820796        5465867.7396314265        128857.54736197235        1.6666660609829222     
   2.1500000000000004        1.0800000000000005        230239164.50120774        98677313.920942828        2603877.2884156401        1.6666607983543893     
   2.1500000000000004        1.1600000000000006        1512521291.9402032        480910283.89436549        17103311.367505830        1.6666559242152024     
   2.1500000000000004        1.2400000000000007        1351465102.5774856       -50240955.976573274        14195656.319576574        1.6666609300582849     
   2.1500000000000004        1.3200000000000007        301039757.27762508       -272549674.23786032        1634997.1213695917        1.6666663480380395     
   2.1500000000000004        1.4000000000000008        33793259.732419059       -57675649.952931315        310994.57688841369        1.6666666646837816     
   2.1500000000000004        1.4800000000000009        11961231.610317918       -3918993.6269577877        135435.04365890092        1.6666666666666294     
   2.1500000000000004        1.5600000000000009        11465010.131112544       -74089.392564800713        130046.38772124120        1.6666666666666661     
   2.1500000000000004        1.6400000000000010        12165415.148651009        86982.066987897153        137945.24280895709        1.6666666666666663     
   2.1500000000000004        1.7200000000000011        12909220.305145115        76831.561540311712        146366.05288460190        1.6666666666666665     
   2.1500000000000004        1.8000000000000012        13710152.160323037        68813.879431284746        155454.91152365642        1.6666666666666667     
   2.1500000000000004        1.8800000000000012        14575483.255062632        61839.046571168154        165275.93085415650        1.6666666666666665     
   2.1500000000000004        1.9600000000000013        15511761.543310251        55652.596018364478        175903.50695828735        1.6666666666666663     
   2.2500000000000009       -1.9600000000000000       -13598.023510092660        45904.514911006430       -73.413622475066987        1.6666537702496051     
   2.2500000000000009       -1.8799999999999999       -13438.868279382596        65448.755307139094       -72.415907996599358        1.6666527110092506     
   2.2500000000000009       -1.7999999999999998       -13123.193453500176        107974.30685132350       -70.047813377007600        1.6666515924301391     
   2.2500000000000009       -1.7199999999999998       -12508.427351713195        174900.23283552233       -65.063744717592115        1.6666504177953496     
   2.2500000000000009       -1.6399999999999997       -11415.624144042000        258596.37714731961       -55.901447537240934        1.6666491924817177     
   2.2500000000000009       -1.5599999999999996       -9664.2960708288028        344705.31868670380       -40.988047330503342        1.6666479245144605     
   2.2500000000000009       -1.4799999999999995       -7107.2468249721687        418619.60856751923       -19.045183498661252        1.6666466252397312     
   2.2500000000000009       -1.3999999999999995       -3645.9969218395881        471317.35495991533        10.779306394890755        1.6666453101253700     
   2.2500000000000009       -1.3199999999999994        777.51195642271580        501011.13525520137        48.991563219746922        1.6666439996863116     
   2.2500000000000009       -1.2399999999999993        6200.5882540653520        510888.57392163458        95.932425290588270        1.6666427205021737     
   2.2500000000000009       -1.1599999999999993        12654.132426984119        505683.47550832719        151.90740814260576        1.6666415062413522     
   2.2500000000000009       -1.0799999999999992        20163.429444975391        489417.79678236536        217.19111435330626        1.6666403985177174     
   2.2500000000000009      -0.99999999999999911        28738.619475348616        464862.19457581226        291.93546734022192        1.6666394472751409     
   2.2500000000000009      -0.91999999999999926        38363.741649889533        433996.99852870277        376.06346233565245        1.6666387102278384     
   2.2500000000000009      -0.83999999999999919        48991.614448227447        398590.38937474822        469.21548781431852        1.6666382507206507     
   2.2500000000000009      -0.75999999999999934        60547.164055753383        360471.62261446886        570.77378063514243        1.6666381333105074     
   2.2500000000000009      -0.67999999999999927        72937.356320476028        321483.37629178358        679.94885356179032        1.6666384165745296     
   2.2500000000000009      -0.59999999999999942        86063.845020746550        283288.56480517564        795.89235878125396        1.6666391433105210     
   2.2500000000000009      -0.51999999999999935        99834.869486405645        247199.00879462500        917.80456037511988        1.6666403294761198     
   2.2500000000000009      -0.43999999999999939        114174.92367681602        214107.19786156440        1045.0239284517672        1.6666419546232591     
   2.2500000000000009      -0.35999999999999938        129031.59465332257        184502.38329777119        1177.0936082737906        1.6666439574558054     
   2.2500000000000009      -0.27999999999999936        144381.09276032352        158553.06972858973        1313.8218017503225        1.6666462395150721     
   2.2500000000000009      -0.19999999999999929        160233.96874409606        136203.58455390666        1455.3517331806315        1.6666486775216218     
   2.2500000000000009      -0.11999999999999930        176634.83710119245        117205.31809241087        1602.1634014259585        1.6666511415049579     
   2.2500000000000009       -3.9999999999999321E-002   193622.47541300880        100974.91142757081        1754.5959508403971        1.6666535134464069     
   2.2500000000000009        4.0000000000000667E-002   211339.93726459055        87595.537421567249        1914.1948105331669        1.6666557012291259     
   2.2500000000000009       0.12000000000000069        229879.37557839375        76238.974761837424        2081.8328146770214        1.6666576450611679     
   2.2500000000000009       0.20000000000000070        249391.88331729302        66741.131230511266        2259.0525997703180        1.6666593166128210     
   2.2500000000000009       0.28000000000000075        270073.38577036519        58838.631211389074        2447.9004247365856        1.6666607132509859     
   2.2500000000000009       0.36000000000000076        292173.89720490470        52297.725244181398        2651.0354271627889        1.6666618507514437     
   2.2500000000000009       0.44000000000000072        315977.74339456571        46851.943460952622        2871.3730018011684        1.6666627626030650     
   2.2500000000000009       0.52000000000000068        341383.86667878809        41592.868818200361        3105.7766545722939        1.6666635427134733     
   2.2500000000000009       0.60000000000000075        365843.95454414946        33307.227843778332        3317.3189242275216        1.6666644448745012     
   2.2500000000000009       0.68000000000000060        388119.91965637496        25229.985689924906        3498.2923939240436        1.6666655112565223     
   2.2500000000000009       0.76000000000000068        417508.22346911015        27685.667323896138        3752.6372145143714        1.6666662656220164     
   2.2500000000000009       0.84000000000000052        567330.69854071573        117397.11989792406        5088.0112603627203        1.6666665194628920     
   2.2500000000000009       0.92000000000000060        2072946.2440154359        981283.65584962699        18559.680838723700        1.6666665331883745     
   2.2500000000000009        1.0000000000000004        18046959.798332740        8659534.0403442048        162119.98999476427        1.6666658085927948     
   2.2500000000000009        1.0800000000000005        364634738.47086883        156276515.70852435        3274992.3568413039        1.6666582111360677     
   2.2500000000000009        1.1600000000000006        2395167581.5630794        761536096.56761384        21508594.122019246        1.6666508715876813     
   2.2500000000000009        1.2400000000000007        2032554961.3053904       -113115830.95938851        16597005.509716762        1.6666580988202191     
   2.2500000000000009        1.3200000000000007        343454206.81252706       -438264235.00904369        1033568.2488903430        1.6666662155816692     
   2.2500000000000009        1.4000000000000008        51838189.005772904       -62934944.024271451        439724.34288138465        1.6666666650926851     
   2.2500000000000009        1.4800000000000009        18957570.057923779       -5902288.8476678384        170488.91019994899        1.6666666666666639     
   2.2500000000000009        1.5600000000000009        18188670.900439523       -114802.10734291535        163844.21732899058        1.6666666666666667     
   2.2500000000000009        1.6400000000000010        19294773.117133122        137364.88845558607        173730.37047511220        1.6666666666666665     
   2.2500000000000009        1.7200000000000011        20473723.699739091        121780.02995760992        184334.12700174091        1.6666666666666667     
   2.2500000000000009        1.8000000000000012        21744499.228988137        109181.56580817365        195783.42102269226        1.6666666666666667     
   2.2500000000000009        1.8800000000000012        23117533.212461114        98120.953891450161        208155.27993914307        1.6666666666666665     
   2.2500000000000009        1.9600000000000013        24603227.848659776        88310.029649163364        221543.62515852891        1.6666666666666665     
   2.3500000000000005       -1.9600000000000000       -17449.696162153516        56333.145859514487       -74.554642896880793        1.6666504310576147     
   2.3500000000000005       -1.8799999999999999       -17232.366912066893        89371.419629401600       -73.428601399513440        1.6666490975562174     
   2.3500000000000005       -1.7999999999999998       -16771.107144567897        157770.59046405400       -70.610596258920921        1.6666476893516728     
   2.3500000000000005       -1.7199999999999998       -15843.886835969857        263793.08714684937       -64.562597398487497        1.6666462105767859     
   2.3500000000000005       -1.6399999999999997       -14172.243236722737        395570.74467965559       -53.358312251061150        1.6666446680000671     
   2.3500000000000005       -1.5599999999999996       -11475.808734628194        530725.98365707463       -35.064423161838057        1.6666430717238978     
   2.3500000000000005       -1.4799999999999995       -7526.7119214532713        646514.47945528221       -8.1193479563019082        1.6666414360311521     
   2.3500000000000005       -1.3999999999999995       -2173.2413525443280        728980.47208620398        28.507294223056856        1.6666397803931878     
   2.3500000000000005       -1.3199999999999994        4674.0453362736089        775530.68656440440        75.422986560169761        1.6666381306347571     
   2.3500000000000005       -1.2399999999999993        13074.117820201089        791340.71080975782        133.04701321650771        1.6666365202149673     
   2.3500000000000005       -1.1599999999999993        23078.492072732624        783917.58183598157        201.77841707331970        1.6666349915164389     
   2.3500000000000005       -1.0799999999999992        34732.274021741017        759534.25094263814        282.00086117384791        1.6666335969237658     
   2.3500000000000005      -0.99999999999999911        48058.370735649194        722409.47916197416        373.96146718169103        1.6666323993076433     
   2.3500000000000005      -0.91999999999999926        63039.188804960686        675485.45978803094        477.62863492120999        1.6666314713204944     
   2.3500000000000005      -0.83999999999999919        79607.565340361078        621384.52161240380        592.61559636698792        1.6666308927031515     
   2.3500000000000005      -0.75999999999999934        97651.347966084926        562869.94752385595        718.20464284129719        1.6666307447229636     
   2.3500000000000005      -0.67999999999999927        117028.75900914297        502777.95475802821        853.45227365500341        1.6666311011207031     
   2.3500000000000005      -0.59999999999999942        137588.31504481868        443704.88219428592        997.32994210719960        1.6666320157747538     
   2.3500000000000005      -0.51999999999999935        159187.72855345102        387723.77633878530        1148.8596286303894        1.6666335087770758     
   2.3500000000000005      -0.43999999999999939        181709.55058292014        336266.80495330063        1307.2294680765926        1.6666355543908840     
   2.3500000000000005      -0.35999999999999938        205072.63157712182        290141.99287481752        1471.8832220409599        1.6666380754569465     
   2.3500000000000005      -0.27999999999999936        229242.24705971873        249660.71869004809        1642.6092314006307        1.6666409480313003     
   2.3500000000000005      -0.19999999999999929        254241.54908983037        214787.18128700505        1819.6514126209593        1.6666440169203014     
   2.3500000000000005      -0.11999999999999930        280151.66593900323        185161.14031272396        2003.7165421342713        1.6666471185028437     
   2.3500000000000005       -3.9999999999999321E-002   307033.04339970934        159783.52366131078        2195.2240392123772        1.6666501041999757     
   2.3500000000000005        4.0000000000000667E-002   335146.25684169715        138992.37152178763        2396.4487063846277        1.6666528580379054     
   2.3500000000000005       0.12000000000000069        364643.34733771899        121299.68016342331        2608.5497646083654        1.6666553047359447     
   2.3500000000000005       0.20000000000000070        395787.87222371419        106527.61040982364        2833.7041229643696        1.6666574086224699     
   2.3500000000000005       0.28000000000000075        428927.33621699148        94281.385255639427        3074.8458184706346        1.6666591663844030     
   2.3500000000000005       0.36000000000000076        464510.79354316334        84203.204074899913        3335.8275547069088        1.6666605980607203     
   2.3500000000000005       0.44000000000000072        503027.98430504429        75811.498254184946        3620.6254203338563        1.6666617483925381     
   2.3500000000000005       0.52000000000000068        543946.10085157189        66987.860948642439        3920.8822756694726        1.6666627548682604     
   2.3500000000000005       0.60000000000000075        581305.88282538170        50872.702389500708        4170.5743379530604        1.6666639692274801     
   2.3500000000000005       0.68000000000000060        614373.37111771037        37452.575105683529        4379.4597313095082        1.6666653511667067     
   2.3500000000000005       0.76000000000000068        660052.35496939556        43032.532897096040        4694.7891849175176        1.6666662414660980     
   2.3500000000000005       0.84000000000000052        896372.61675405665        185174.60810724908        6369.0777816683203        1.6666665021220384     
   2.3500000000000005       0.92000000000000060        3276440.7356579998        1551207.3795391219        23295.360265043830        1.6666664962101825     
   2.3500000000000005        1.0000000000000004        28584128.875984814        13719331.474734152        203962.00526232910        1.6666654654134858     
   2.3500000000000005        1.0800000000000005        577394016.70228899        247458515.08201808        4118260.6738541229        1.6666546411706731     
   2.3500000000000005        1.1600000000000006        3792277254.3249078        1205717819.3539822        27043059.509432681        1.6666437030353938     
   2.3500000000000005        1.2400000000000007        3014559476.2628889       -242606538.77644283        19008104.413184747        1.6666540106987169     
   2.3500000000000005        1.3200000000000007        369189217.03368390       -686383668.87998557        498137.99621817155        1.6666660448292985     
   2.3500000000000005        1.4000000000000008        81269780.356018633       -62137168.483030245        569690.62047119869        1.6666666656386475     
   2.3500000000000005        1.4800000000000009        30045786.801853012       -9195046.0655041393        214628.32238989481        1.6666666666666665     
   2.3500000000000005        1.5600000000000009        28852523.300001610       -178162.71912189317        206414.14247106569        1.6666666666666667     
   2.3500000000000005        1.6400000000000010        30597300.861985106        216680.85604068873        218776.61887976388        1.6666666666666665     
   2.3500000000000005        1.7200000000000011        32466285.263519518        193057.26615450246        232133.21213268608        1.6666666666666667     
   2.3500000000000005        1.8000000000000012        34482074.447455488        173191.10604165343        246554.01888238857        1.6666666666666670     
   2.3500000000000005        1.8800000000000012        36660172.914932124        155653.17528247437        262137.19547496317        1.6666666666666667     
   2.3500000000000005        1.9600000000000013        39017099.804957673        140096.27447509661        279001.14405832835        1.6666666666666667     
   2.4500000000000011       -1.9600000000000000       -22372.163597827657        69395.825290652530       -75.684714349930090        1.6666462273764910     
   2.4500000000000011       -1.8799999999999999       -22070.987380919636        123851.46524434276       -74.395536957511936        1.6666445486201631     
   2.4500000000000011       -1.7999999999999998       -21390.354377071402        232805.63030395316       -71.022594231921730        1.6666427758208502     
   2.4500000000000011       -1.7199999999999998       -19985.035208036468        399811.65057405853       -63.671651608928464        1.6666409141813314     
   2.4500000000000011       -1.6399999999999997       -17422.559031972949        606373.63708738470       -49.974779056489183        1.6666389722223220     
   2.4500000000000011       -1.5599999999999996       -13268.631565474894        817597.17841647065       -27.565298421132702        1.6666369626613200     
   2.4500000000000011       -1.4799999999999995       -7172.0841020385933        998077.88875885296        5.4525307812956036        1.6666349034783183     
   2.4500000000000011       -1.3999999999999995        1099.0052800310725        1126271.7455523736        50.311973599693786        1.6666328191846529     
   2.4500000000000011       -1.3199999999999994        11680.820181938449        1198507.1677187777        107.73169343187182        1.6666307422893751     
   2.4500000000000011       -1.2399999999999993        24665.570834980255        1223246.8030634532        178.22277583113146        1.6666287149117096     
   2.4500000000000011       -1.1599999999999993        40138.722123930565        1212437.1835396802        262.30719756750955        1.6666267904038572     
   2.4500000000000011       -1.0799999999999992        58180.372903788346        1175863.0606619457        360.52298753168355        1.6666250347086093     
   2.4500000000000011      -0.99999999999999911        78838.981929930334        1119905.9489948202        473.26301213740425        1.6666235269688876     
   2.4500000000000011      -0.91999999999999926        102100.58827414522        1048866.4093063327        600.58312209613712        1.6666223586413231     
   2.4500000000000011      -0.83999999999999919        127872.61434578874        966560.48691879876        742.09255719756607        1.6666216301062882     
   2.4500000000000011      -0.75999999999999934        155989.80293295681        877106.57974869944        896.97481140965033        1.6666214436671152     
   2.4500000000000011      -0.67999999999999927        186237.85506690902        784834.14288571756        1064.1148436224305        1.6666218921546228     
   2.4500000000000011      -0.59999999999999942        218384.76341955340        693776.66321050958        1242.2745697439441        1.6666230433991527     
   2.4500000000000011      -0.51999999999999935        252210.85713618642        607200.78299167927        1430.2641930544219        1.6666249227027801     
   2.4500000000000011      -0.43999999999999939        287534.20232718211        527402.64140692353        1627.0922343538889        1.6666274976793163     
   2.4500000000000011      -0.35999999999999938        324229.97640297964        455718.36279120727        1832.0872049824097        1.6666306712109225     
   2.4500000000000011      -0.27999999999999936        362249.19529887673        392720.58425664552        2045.0298586196679        1.6666342872836915     
   2.4500000000000011      -0.19999999999999929        401641.59740836389        338448.76961083844        2266.3289697570694        1.6666381505415164     
   2.4500000000000011      -0.11999999999999930        442556.84454999515        292392.11312793492        2497.0382664276458        1.6666420550147978     
   2.4500000000000011       -3.9999999999999321E-002   485089.07372903975        252812.54494239201        2737.6757631942119        1.6666458136661400     
   2.4500000000000011        4.0000000000000667E-002   529719.15816933906        220652.16025109863        2991.6286191140498        1.6666492805021642     
   2.4500000000000011       0.12000000000000069        576700.34300723497        193198.80702484949        3260.4528832101191        1.6666523607582588     
   2.4500000000000011       0.20000000000000070        626498.54074698885        170331.15860172632        3547.2598392667869        1.6666550095368766     
   2.4500000000000011       0.28000000000000075        679737.92009674944        151465.40801819158        3856.3032960479027        1.6666572226922343     
   2.4500000000000011       0.36000000000000076        737233.41775123239        136054.93918174013        4193.2088286378312        1.6666590257574336     
   2.4500000000000011       0.44000000000000072        799819.16306476423        123184.45420659694        4563.2715461391672        1.6666604791384485     
   2.4500000000000011       0.52000000000000068        865707.53866695601        107867.16778502616        4947.1982959994994        1.6666617849971552     
   2.4500000000000011       0.60000000000000075        921559.16727412993        76052.994155413544        5231.5171154813816        1.6666634186880178     
   2.4500000000000011       0.68000000000000060        970144.08353849966        55027.772575541792        5470.1031739686741        1.6666651899778280     
   2.4500000000000011       0.76000000000000068        1041334.5651913704        67066.000277811661        5862.3516649852872        1.6666662206291558     
   2.4500000000000011       0.84000000000000052        1414225.9429204399        292188.29657726147        7962.1818891111161        1.6666664805318463     
   2.4500000000000011       0.92000000000000060        5177825.6783231609        2452922.9381370521        29234.480092637266        1.6666664492086731     
   2.4500000000000011        1.0000000000000004        45272742.044133410        21735507.606392946        256593.45379799916        1.6666650051882548     
   2.4500000000000011        1.0800000000000005        914125854.42823005        391766084.73024899        5177373.6005070349        1.6666497896767778     
   2.4500000000000011        1.1600000000000006        6003226251.3896074        1908628892.4245021        33994139.214084886        1.6666336749646908     
   2.4500000000000011        1.2400000000000007        4393687548.4895172       -502090378.73656160        21204592.120201036        1.6666481975355545     
   2.4500000000000011        1.3200000000000007        385134414.35812032       -1040083291.7457701        245163.16674992198        1.6666658372774839     
   2.4500000000000011        1.4000000000000008        127909231.36135572       -55512905.687718429        717098.40093499189        1.6666666661388625     
   2.4500000000000011        1.4800000000000009        47620583.240004756       -14412344.036241945        270218.84157929785        1.6666666666666667     
   2.4500000000000011        1.5600000000000009        45764399.530036047       -277141.41632982856        260026.20399584915        1.6666666666666667     
   2.4500000000000011        1.6400000000000010        48514506.574750781        341530.95594311284        275483.50782210723        1.6666666666666667     
   2.4500000000000011        1.7200000000000011        51477788.734398760        306093.05894494138        292308.73100923671        1.6666666666666665     
   2.4500000000000011        1.8000000000000012        54674798.572158277        274678.36132868414        310470.42510617879        1.6666666666666665     
   2.4500000000000011        1.8800000000000012        58129354.004529297        246872.45791087652        330096.41187612060        1.6666666666666667     
   2.4500000000000011        1.9600000000000013        61867677.704749055        222206.81744484187        351335.88666182529        1.6666666666666667     
   2.5500000000000007       -1.9600000000000000       -28663.002079996415        86025.517237806707       -76.830535319198447        1.6666409354473033     
   2.5500000000000007       -1.8799999999999999       -28239.542444551233        174137.57586887424       -75.337077724713723        1.6666388220736819     
   2.5500000000000007       -1.7999999999999998       -27227.174155157794        346273.30202830845       -71.285567000833481        1.6666365903144431     
   2.5500000000000007       -1.7199999999999998       -25090.297003727796        607939.03606532421       -62.350988317282756        1.6666342467197921     
   2.5500000000000007       -1.6399999999999997       -21159.038569971610        930276.54152445984       -45.633936386600638        1.6666318020166822     
   2.5500000000000007       -1.5599999999999996       -14763.094316893437        1258882.3509319222       -18.251998287914191        1.6666292722150753     
   2.5500000000000007       -1.4799999999999995       -5364.2768517739669        1538699.0667548815        22.078900799226307        1.6666266799494101     
   2.5500000000000007       -1.3999999999999995        7388.7447931668430        1736575.1094713185        76.817113518695550        1.6666240560757704     
   2.5500000000000007       -1.3199999999999994        23700.654972419423        1847503.6135337451        146.79924528639413        1.6666214415176750     
   2.5500000000000007       -1.2399999999999993        43714.366056378625        1885419.9633901794        232.64452555794699        1.6666188892957705     
   2.5500000000000007       -1.1599999999999993        67571.624718498904        1869394.7315008149        335.04032851491877        1.6666164665705661     
   2.5500000000000007       -1.0799999999999992        95414.753051750115        1814673.5295914086        454.74659175484072        1.6666142563514255     
   2.5500000000000007      -0.99999999999999911        127342.62821305590        1730814.3683179915        592.37907942294839        1.6666123582640258     
   2.5500000000000007      -0.91999999999999926        163358.51802072523        1623957.3682725246        748.14820763813975        1.6666108874349441     
   2.5500000000000007      -0.83999999999999919        203340.96309626065        1499511.5817818656        921.70124071533485        1.6666099702251187     
   2.5500000000000007      -0.75999999999999934        247050.74023976570        1363512.3231849037        1112.1348258711205        1.6666097354184073     
   2.5500000000000007      -0.67999999999999927        294167.05149355414        1222508.1335831503        1318.1482820667366        1.6666102998783794     
   2.5500000000000007      -0.59999999999999942        344336.80244986998        1082735.6096192654        1538.2627626941837        1.6666117490030408     
   2.5500000000000007      -0.51999999999999935        397222.43310373958        949332.09288213251        1771.0384777240008        1.6666141146614328     
   2.5500000000000007      -0.43999999999999939        452543.36545075185        825980.82619721361        2015.2706783509991        1.6666173561093718     
   2.5500000000000007      -0.35999999999999938        510109.07479056483        714898.41743265989        2270.1569392137226        1.6666213511206567     
   2.5500000000000007      -0.27999999999999936        569854.04786459694        617137.36929412559        2535.4953878880510        1.6666259033292490     
   2.5500000000000007      -0.19999999999999929        631883.42471273965        532939.47943643795        2811.9626493044480        1.6666307668405393     
   2.5500000000000007      -0.11999999999999930        696476.91105158930        461603.61440660845        3101.1469604411636        1.6666356823941459     
   2.5500000000000007       -3.9999999999999321E-002   763780.94785464788        400056.73714983655        3403.6871140267090        1.6666404145581875     
   2.5500000000000007        4.0000000000000667E-002   834693.61319519021        350593.84253427904        3724.6784677007045        1.6666447795681341     
   2.5500000000000007       0.12000000000000069        909641.13849996135        308203.64638115396        4066.2337174626145        1.6666486581525226     
   2.5500000000000007       0.20000000000000070        989457.93537054781        273007.62083589478        4432.8533735373294        1.6666519938232838     
   2.5500000000000007       0.28000000000000075        1075278.1875357432        244157.60794333654        4830.7662919299828        1.6666547814200394     
   2.5500000000000007       0.36000000000000076        1168593.5109147744        220817.47554138408        5268.2368124747518        1.6666570535892413     
   2.5500000000000007       0.44000000000000072        1270790.5824853098        201149.48571535203        5752.0132454026270        1.6666588927963741     
   2.5500000000000007       0.52000000000000068        1376690.8197338106        173371.38084457684        6240.6814504626018        1.6666605968755663     
   2.5500000000000007       0.60000000000000075        1457624.8915881247        110207.68144475106        6547.0154228342517        1.6666627887456968     
   2.5500000000000007       0.68000000000000060        1528355.9177425734        80110.682914072837        6817.4877108949640        1.6666650331800050     
   2.5500000000000007       0.76000000000000068        1639627.6567063453        104825.11570359604        7307.0034509972957        1.6666662026138610     
   2.5500000000000007       0.84000000000000052        2228209.1948042954        461197.67654863052        9941.2453777605842        1.6666664535870948     
   2.5500000000000007       0.92000000000000060        8181301.0803621737        3879922.5915451790        36681.695708891959        1.6666663903607128     
   2.5500000000000007        1.0000000000000004        71702844.939257830        34435113.596899226        322793.05210739508        1.6666643957383387     
   2.5500000000000007        1.0800000000000005        1446901669.3320150        620077492.36193335        6506835.4846822005        1.6666432915457845     
   2.5500000000000007        1.1600000000000006        9501330308.6957531        3020752984.6021371        42722636.749757424        1.6666198441216546     
   2.5500000000000007        1.2400000000000007        6267784369.0455303       -1008694169.6870955        22888500.852701381        1.6666400621195856     
   2.5500000000000007        1.3200000000000007        417623327.01355314       -1517917949.5042298        396789.80128497013        1.6666656043712889     
   2.5500000000000007        1.4000000000000008        201392939.10205686       -46665637.443051778        897462.65445543849        1.6666666664640486     
   2.5500000000000007        1.4800000000000009        75479530.242111325       -22602290.731346224        340243.64441528631        1.6666666666666667     
   2.5500000000000007        1.5600000000000009        72582460.102693990       -432553.15588267363        327531.21159608336        1.6666666666666667     
   2.5500000000000007        1.6400000000000010        76916269.673420176        538208.18662680755        346873.10269767762        1.6666666666666667     
   2.5500000000000007        1.7200000000000011        81614750.807434797        485330.92200591497        368065.23256459367        1.6666666666666667     
   2.5500000000000007        1.8000000000000012        86684440.005523503        435573.86184104841        390936.42185726546        1.6666666666666665     
   2.5500000000000007        1.8800000000000012        92162692.727341324        391491.68133738125        415652.00571988057        1.6666666666666665     
   2.5500000000000007        1.9600000000000013        98091121.547617167        352387.16768275941        442399.94230356102        1.6666666666666665     
   2.6500000000000012       -1.9600000000000000       -36706.079540683408        107563.17004153335       -78.027479037633910        1.6666342736211301     
   2.6500000000000012       -1.8799999999999999       -36102.758752564507        248101.14287250512       -76.282610560545464        1.6666316131513117     
   2.6500000000000012       -1.7999999999999998       -34588.145807864945        518062.47899188334       -71.410236210651419        1.6666288036582295     
   2.6500000000000012       -1.7199999999999998       -31333.753004424430        925870.92457681079       -60.568996705290445        1.6666258533890677     
   2.6500000000000012       -1.6399999999999997       -25305.562579292597        1426485.7512774505       -40.226246333913075        1.6666227758488241     
   2.6500000000000012       -1.5599999999999996       -15473.671140651857        1935162.9905821532       -6.8934457602131358        1.6666195911927884     
   2.6500000000000012       -1.4799999999999995       -1018.7836752556944        2366438.3243524549        42.156485424423543        1.6666163279150643     
   2.6500000000000012       -1.3999999999999995        18585.685972507163        2669534.7167544882        108.62373232471306        1.6666130248589242     
   2.6500000000000012       -1.3199999999999994        43643.093350366420        2838027.5619261228        193.46552362578589        1.6666097335401091     
   2.6500000000000012       -1.2399999999999993        74373.653601773811        2895015.8989057550        297.43178875872468        1.6666065207016070     
   2.6500000000000012       -1.1599999999999993        111013.58754170939        2871012.9876994896        421.43903998311146        1.6666034708848856     
   2.6500000000000012       -1.0799999999999992        153816.91467183564        2789703.2183959326        566.57087586652437        1.6666006885811306     
   2.6500000000000012      -0.99999999999999911        202981.01666922937        2665192.5226038177        733.78290816564913        1.6665982991975441     
   2.6500000000000012      -0.91999999999999926        258557.50684882264        2505945.3261281685        923.54414606792159        1.6665964476539286     
   2.6500000000000012      -0.83999999999999919        320399.65819359332        2319343.4520724788        1135.6094632339584        1.6665952930133094     
   2.6500000000000012      -0.75999999999999934        388169.05166248919        2114044.2520727115        1369.0165412658287        1.6665949973922318     
   2.6500000000000012      -0.67999999999999927        461390.79386910173        1899855.3371581056        1622.2704700506820        1.6665957079083740     
   2.6500000000000012      -0.59999999999999942        539531.12200054771        1686381.0204862035        1893.6185497963386        1.6665975320799138     
   2.6500000000000012      -0.51999999999999935        622073.76373593276        1481695.0816665660        2181.3270571173871        1.6666005100541035     
   2.6500000000000012      -0.43999999999999939        708587.98611091741        1291718.8095612163        2483.9393091650700        1.6666045905836699     
   2.6500000000000012      -0.35999999999999938        798785.64046155545        1120148.8019676455        2800.5082366352644        1.6666096198593805     
   2.6500000000000012      -0.27999999999999936        892586.96014570072        968923.35350890958        3130.8955646459067        1.6666153507466186     
   2.6500000000000012      -0.19999999999999929        990211.44337747630        838762.92036861833        3476.2107043752753        1.6666214737602953     
   2.6500000000000012      -0.11999999999999930        1092187.9018916776        728753.07562132785        3838.8702823830645        1.6666276625837626     
   2.6500000000000012       -3.9999999999999321E-002   1198743.8503212263        633370.99938549695        4219.6608102118753        1.6666336208907513     
   2.6500000000000012        4.0000000000000667E-002   1311574.5945970090        557837.78541790659        4626.3163523727217        1.6666391173946782     
   2.6500000000000012       0.12000000000000069        1431405.6509413442        492776.35738932819        5061.7403296304819        1.6666440020009932     
   2.6500000000000012       0.20000000000000070        1559750.0586517765        438992.82820668444        5532.5162429621814        1.6666482036618611     
   2.6500000000000012       0.28000000000000075        1698690.5931472967        395284.18634212005        6047.8465672393995        1.6666517159854188     
   2.6500000000000012       0.36000000000000076        1850976.1388111664        360362.14136395801        6619.9283115300777        1.6666545808748254     
   2.6500000000000012       0.44000000000000072        2018808.7708653724        330336.74160278647        7256.6718148464706        1.6666569122070001     
   2.6500000000000012       0.52000000000000068        2188253.1200719513        277400.70807698910        7873.1257639733640        1.6666591485778921     
   2.6500000000000012       0.60000000000000075        2300193.5841405853        152428.99216859340        8173.9248835094895        1.6666620758972044     
   2.6500000000000012       0.68000000000000060        2402446.0230363836        115812.15705374983        8479.7203186441129        1.6666648864957798     
   2.6500000000000012       0.76000000000000068        2576871.6380900410        164320.11802766522        9092.3885127320973        1.6666661863381076     
   2.6500000000000012       0.84000000000000052        3506186.8447893062        728188.00177807361        12397.912960824922        1.6666664200358385     
   2.6500000000000012       0.92000000000000060        12924963.985126084        6138680.0193992509        46019.208402781282        1.6666663175518690     
   2.6500000000000012        1.0000000000000004        113559025.53015158        54553858.903651446        406055.05412755581        1.6666635976555759     
   2.6500000000000012        1.0800000000000005        2289527094.8797178        981144544.31540811        8174475.2614734769        1.6666347034099114     
   2.6500000000000012        1.1600000000000006        15034981139.115385        4780086840.1853094        53683036.907526366        1.6666010308489332     
   2.6500000000000012        1.2400000000000007        8714865090.5345726       -1971539705.6146076        23739612.186089199        1.6666288551475228     
   2.6500000000000012        1.3200000000000007        509364197.17409861       -2129048585.3665795        889996.25557937054        1.6666653705784884     
   2.6500000000000012        1.4000000000000008        317095772.52174151       -41494300.052987993        1122455.9819766020        1.6666666666115175     
   2.6500000000000012        1.4800000000000009        119645549.16039762       -35443622.675217874        428463.25080996734        1.6666666666666665     
   2.6500000000000012        1.5600000000000009        115103915.64937054       -678098.15210493165        412509.01754147664        1.6666666666666667     
   2.6500000000000012        1.6400000000000010        121936379.20844632        848511.62985173485        436748.95214998862        1.6666666666666670     
   2.6500000000000012        1.7200000000000011        129385868.53259343        769497.08193726325        463437.02458707627        1.6666666666666670     
   2.6500000000000012        1.8000000000000012        137424273.10699901        690637.78600759199        492237.11732850323        1.6666666666666667     
   2.6500000000000012        1.8800000000000012        146110687.40540665        620756.12629792176        523360.12483281287        1.6666666666666667     
   2.6500000000000012        1.9600000000000013        155511128.97218055        558764.40100846172        557042.80451853538        1.6666666666666665     
   2.7500000000000009       -1.9600000000000000       -46999.613623017802        135879.69418660438       -79.321301451309239        1.6666258873968434     
   2.7500000000000009       -1.8799999999999999       -46130.499334691980        357402.31808151258       -77.273114095530786        1.6666225382624993     
   2.7500000000000009       -1.7999999999999998       -43856.421524074867        777831.98150496883       -71.420727433256062        1.6666190015472044     
   2.7500000000000009       -1.7199999999999998       -38900.731509329009        1409887.9800305841       -58.310642220848734        1.6666152876355667     
   2.7500000000000009       -1.6399999999999997       -29674.258028424036        2183314.0672165095       -33.664881846967234        1.6666114135307935     
   2.7500000000000009       -1.5599999999999996       -14603.341818082628        2966334.5518438057        6.7067009255747720        1.6666074046073585     
   2.7500000000000009       -1.4799999999999995        7549.3309102507174        3626658.0322165620        66.025331481895122        1.6666032967362603     
   2.7500000000000009       -1.3999999999999995        37563.390917256911        4087005.4951269086        146.24095502437126        1.6665991388153301     
   2.7500000000000009       -1.3199999999999994        75881.932597997627        4339997.1825835360        248.43038998533339        1.6665949956934067     
   2.7500000000000009       -1.2399999999999993        122844.05652244619        4424133.3153512701        373.50975969811475        1.6665909513858626     
   2.7500000000000009       -1.1599999999999993        178847.43027553507        4388283.3867464541        522.72316242919044        1.6665871123108893     
   2.7500000000000009       -1.0799999999999992        244348.64654856239        4269036.2197826058        697.63161394948213        1.6665836099972888     
   2.7500000000000009      -0.99999999999999911        319735.92599845078        4086754.4677199260        899.70570697553671        1.6665806023010976     
   2.7500000000000009      -0.91999999999999926        405175.61315731989        3852477.6215579985        1129.8295527748376        1.6665782716400166     
   2.7500000000000009      -0.83999999999999919        500517.12562044244        3575711.8378568254        1387.9734419814924        1.6665768182366905     
   2.7500000000000009      -0.75999999999999934        605295.91839841835        3268540.4616032578        1673.1654562737949        1.6665764461627475     
   2.7500000000000009      -0.67999999999999927        718817.70152022492        2945504.4232502826        1983.7149398977181        1.6665773406196198     
   2.7500000000000009      -0.59999999999999942        840281.07648779673        2621354.8768946249        2317.5595097403625        1.6665796369769452     
   2.7500000000000009      -0.51999999999999935        968899.96084082639        2308794.1498924438        2672.6200264865215        1.6665833858182291     
   2.7500000000000009      -0.43999999999999939        1104016.1252383939        2017380.3362829392        3047.1434179142075        1.6665885227005619     
   2.7500000000000009      -0.35999999999999938        1245198.6562477665        1753321.0160225185        3440.0295480379591        1.6665948540923612     
   2.7500000000000009      -0.27999999999999936        1392368.6834469088        1520196.9094886070        3851.2853230714259        1.6666020689911303     
   2.7500000000000009      -0.19999999999999929        1545980.0872965630        1319787.2647270733        4282.7168773014509        1.6666097779044704     
   2.7500000000000009      -0.11999999999999930        1707042.7603269794        1151000.1430610826        4738.0313879223304        1.6666175701429657     
   2.7500000000000009       -3.9999999999999321E-002   1875909.7543094079        1003749.2821209404        5218.1962359242079        1.6666250727603682     
   2.7500000000000009        4.0000000000000667E-002   2055811.6300002721        889438.99618908192        5735.0419947376404        1.6666319946809955     
   2.7500000000000009       0.12000000000000069        2247998.3153775646        790321.45462204388        6292.6097471067797        1.6666381470428546     
   2.7500000000000009       0.20000000000000070        2455245.6205612710        708874.52179510822        6900.6303225280399        1.6666434405075796     
   2.7500000000000009       0.28000000000000075        2681414.7777121048        643448.59176378790        7572.8083925165656        1.6666478671925420     
   2.7500000000000009       0.36000000000000076        2931598.4950310262        592024.27725109865        8327.2053103554299        1.6666514811154067     
   2.7500000000000009       0.44000000000000072        3208995.3627007673        545986.65512941428        9171.5001552578342        1.6666544413544524     
   2.7500000000000009       0.52000000000000068        3477783.9193033041        440039.08229263371        9937.0401300872654        1.6666573920016732     
   2.7500000000000009       0.60000000000000075        3621478.1867817449        195668.05046219530        10181.732865580077        1.6666612780132322     
   2.7500000000000009       0.68000000000000060        3768791.1631684955        166848.18222031422        10528.966424947403        1.6666647553204801     
   2.7500000000000009       0.76000000000000068        4042948.0804574564        258273.40206405241        11297.489327330810        1.6666661701966883     
   2.7500000000000009       0.84000000000000052        5510672.8888151050        1150072.2119399568        15446.438558549429        1.6666663784324078     
   2.7500000000000009       0.92000000000000060        20416226.720235310        9714682.0781182088        57727.181443188099        1.6666662281251476     
   2.7500000000000009        1.0000000000000004        179842187.12039426        86425025.639634594        510773.71479913872        1.6666625625173590     
   2.7500000000000009        1.0800000000000005        3621545011.5654869        1551864660.5731757        10264443.082702219        1.6666234877674944     
   2.7500000000000009        1.1600000000000006        23788191579.649155        7563349374.3098650        67451668.053628057        1.6665757740093254     
   2.7500000000000009        1.2400000000000007        11768772004.653126       -3749418958.1957521        23533207.254325185        1.6666136426623106     
   2.7500000000000009        1.3200000000000007        709373645.51890194       -2869537976.7215142        1541259.7479514345        1.6666651716551715     
   2.7500000000000009        1.4000000000000008        499261750.19234413       -45345178.466750979        1403759.1281482803        1.6666666666565790     
   2.7500000000000009        1.4800000000000009        189671253.50117472       -55573544.368566930        539613.50483966758        1.6666666666666667     
   2.7500000000000009        1.5600000000000009        182514290.03315356       -1068585.4969504403        519459.94297704246        1.6666666666666667     
   2.7500000000000009        1.6400000000000010        193296645.87621167        1339041.8040183696        549897.55498200597        1.6666666666666667     
   2.7500000000000009        1.7200000000000011        205107117.89675584        1219966.0084956142        583503.00286005938        1.6666666666666667     
   2.7500000000000009        1.8000000000000012        217851523.98660848        1094964.5945791875        619767.14322733344        1.6666666666666667     
   2.7500000000000009        1.8800000000000012        231623560.98008949        984189.33769623784        658956.61961482989        1.6666666666666667     
   2.7500000000000009        1.9600000000000013        246527942.83847421        885919.87326822989        701369.62408431736        1.6666666666666667     
   2.8500000000000014       -1.9600000000000000       -60195.123145736281        173455.68742142283       -80.770261476835671        1.6666153306005609     
   2.8500000000000014       -1.8799999999999999       -58932.971702782976        519029.38145267987       -78.364464740096011        1.6666111146317857     
   2.8500000000000014       -1.7999999999999998       -55514.664429101969        1169207.4508913185       -71.360588704687700        1.6666066625613492     
   2.8500000000000014       -1.7199999999999998       -47982.371163164389        2142928.5742472564       -55.589093260535599        1.6666019874663489     
   2.8500000000000014       -1.6399999999999997       -33906.810658843497        3330781.7246364257       -25.907630325669995        1.6665971107552708     
   2.8500000000000014       -1.5599999999999996       -10899.495555858934        4528417.0373338498        22.671396701639193        1.6665920643738792     
   2.8500000000000014       -1.4799999999999995        22890.808693322855        5531877.7927685427        93.905822268280318        1.6665868934799986     
   2.8500000000000014       -1.3999999999999995        68602.501279159842        6224547.3869998707        189.99168282383769        1.6665816596280303     
   2.8500000000000014       -1.3199999999999994        126873.93624118660        6599882.2624140959        312.12417075650956        1.6665764444491387     
   2.8500000000000014       -1.2399999999999993        198231.00071034450        6722293.1976319626        461.44661435867999        1.6665713536981106     
   2.8500000000000014       -1.1599999999999993        283353.30723942502        6669969.6562923687        639.68481048092485        1.6665665213264029     
   2.8500000000000014       -1.0799999999999992        383068.21502966183        6498910.6650237367        849.10823631946664        1.6665621128902219     
   2.8500000000000014      -0.99999999999999911        498130.41296232899        6237537.0871364977        1091.9600590860643        1.6665583270822593     
   2.8500000000000014      -0.91999999999999926        628955.75735894975        5898918.0365729062        1369.7675507998081        1.6665553935107877     
   2.8500000000000014      -0.83999999999999919        775449.77873879427        5494148.2769719129        1682.8741809974897        1.6665535641979781     
   2.8500000000000014      -0.75999999999999934        936999.95240053616        5039505.2776693841        2030.3741597204134        1.6665530960184776     
   2.8500000000000014      -0.67999999999999927        1112604.7221488894        4556346.9125800198        2410.3866976565778        1.6665542221094265     
   2.8500000000000014      -0.59999999999999942        1301068.4665078151        4067319.5152447168        2820.4987395953221        1.6665571129061103     
   2.8500000000000014      -0.51999999999999935        1501198.8913129165        3592473.6583568719        3258.2238468358346        1.6665618321496598     
   2.8500000000000014      -0.43999999999999939        1711994.6461365279        3147330.3926967373        3721.4617609646775        1.6665682988228308     
   2.8500000000000014      -0.35999999999999938        1932820.5873745733        2742398.5169235673        4208.9623806263535        1.6665762694417028     
   2.8500000000000014      -0.27999999999999936        2163645.6155152875        2384313.5799473389        4721.0181135453859        1.6665853526651389     
   2.8500000000000014      -0.19999999999999929        2405401.5356381857        2077100.8958609621        5260.5543561498625        1.6665950583463982     
   2.8500000000000014      -0.11999999999999930        2660033.8562708655        1819675.7321967569        5833.2980527929003        1.6666048696409534     
   2.8500000000000014       -3.9999999999999321E-002   2928090.0740953228        1593332.3017365411        6440.4394088437384        1.6666143171987986     
   2.8500000000000014        4.0000000000000667E-002   3215776.8898217003        1422330.2098094623        7100.1955004857327        1.6666230347213347     
   2.8500000000000014       0.12000000000000069        3525275.2494996381        1272737.4601607285        7818.2651279779529        1.6666307845845467     
   2.8500000000000014       0.20000000000000070        3861733.0383938085        1150829.7007537917        8609.1678617355610        1.6666374544688729     
   2.8500000000000014       0.28000000000000075        4232369.8558604419        1054457.3860514036        9493.4604067535474        1.6666430346901719     
   2.8500000000000014       0.36000000000000076        4646657.2753638681        980352.40955782612        10497.945979056674        1.6666475952231965     
   2.8500000000000014       0.44000000000000072        5108365.6419344833        908757.94246271381        11626.124313798551        1.6666513608284650     
   2.8500000000000014       0.52000000000000068        5528394.5865220223        687637.72404922324        12551.873005986232        1.6666552725277217     
   2.8500000000000014       0.60000000000000075        5689134.8594140541        218879.54460162422        12656.212312628453        1.6666603950548711     
   2.8500000000000014       0.68000000000000060        5901764.0810760120        240826.02898524248        13056.015760951590        1.6666646441580468     
   2.8500000000000014       0.76000000000000068        6333605.9062557761        406822.70010051067        14021.211626966702        1.6666661522083841     
   2.8500000000000014       0.84000000000000052        8652324.2465921659        1816889.3210440371        19230.178357253171        1.6666663272233990     
   2.8500000000000014       0.92000000000000060        32245879.300011538        15377079.512027087        72409.794438298064        1.6666661186162994     
   2.8500000000000014        1.0000000000000004        284803893.32925743        136912036.05226019        642474.96020889760        1.6666612305085196     
   2.8500000000000014        1.0800000000000005        5725880579.0206699        2453382832.4804668        12880725.350220848        1.6666089921683946     
   2.8500000000000014        1.1600000000000006        37636759485.399170        11967935531.344528        84767658.944988146        1.6665422708602562     
   2.8500000000000014        1.2400000000000007        15414279597.260941       -6932230534.9954319        22314303.283535652        1.6665932546571314     
   2.8500000000000014        1.3200000000000007        1070721290.8112254       -3721665857.8612690        2211823.9348052880        1.6666650447035609     
   2.8500000000000014        1.4000000000000008        786053772.39526629       -61435357.604083247        1755465.8713950356        1.6666666666654846     
   2.8500000000000014        1.4800000000000009        300706182.73415285       -87123106.479315445        679649.41041260958        1.6666666666666665     
   2.8500000000000014        1.5600000000000009        289367551.50488013       -1692938.2050094826        654053.24848312605        1.6666666666666667     
   2.8500000000000014        1.6400000000000010        306405495.74126244        2115912.3218640736        692343.96468096192        1.6666666666666670     
   2.8500000000000014        1.7200000000000011        325128705.44509828        1934019.1796637885        734657.11895810091        1.6666666666666667     
   2.8500000000000014        1.8000000000000012        345332760.34121412        1735877.2642842662        780317.93891885353        1.6666666666666667     
   2.8500000000000014        1.8800000000000012        367166261.93649960        1560284.7628731497        829662.49834287330        1.6666666666666667     
   2.8500000000000014        1.9600000000000013        390795275.46858764        1404513.9793586447        883066.33093917021        1.6666666666666667     
   2.9500000000000011       -1.9600000000000000       -77152.319384097864        223314.15113913565       -82.447856737307234        1.6666020417170089     
   2.9500000000000011       -1.8799999999999999       -75310.963747508082        757213.15570286755       -79.631698705795188        1.6665967346966124     
   2.9500000000000011       -1.7999999999999998       -70179.193659532772        1755285.0995342834       -71.300643580181458        1.6665911305232899     
   2.9500000000000011       -1.7199999999999998       -58772.123435417707        3245298.0611155876       -52.461028171702615        1.6665852456663039     
   2.9500000000000011       -1.6399999999999997       -37400.287941643379        5057341.6996607278       -16.985692120241197        1.6665791070819975     
   2.9500000000000011       -1.5599999999999996       -2466.9463910797090        6875758.3551352294        41.000033006352254        1.6665727549898863     
   2.9500000000000011       -1.4799999999999995        48768.192074245373        8387806.2356486814        125.81884220341007        1.6665662462387618     
   2.9500000000000011       -1.3999999999999995        117942.57602213400        9419454.9904626328        239.89717148014890        1.6665596583141942     
   2.9500000000000011       -1.3199999999999994        205966.36706488841        9969664.5114729051        384.55658081055583        1.6665530939697399     
   2.9500000000000011       -1.2399999999999993        313669.52943493600        10146328.764358794        561.27552836354096        1.6665466863195688     
   2.9500000000000011       -1.1599999999999993        442235.17972929362        10074080.711286904        772.50210925585668        1.6665406039640982     
   2.9500000000000011       -1.0799999999999992        593173.52921944030        9837394.1369541008        1021.5564295279697        1.6665350552790565     
   2.9500000000000011      -0.99999999999999911        767935.60028933221        9473875.1675953399        1311.8241435099660        1.6665302903437924     
   2.9500000000000011      -0.91999999999999926        967449.64521420433        8996093.2538339663        1645.7965798148168        1.6665265981480046     
   2.9500000000000011      -0.83999999999999919        1191813.5934928088        8414601.4167586379        2024.4092046171036        1.6665242958957238     
   2.9500000000000011      -0.75999999999999934        1440263.7618668263        7750322.4315952640        2446.9270674641471        1.6665237069094401     
   2.9500000000000011      -0.67999999999999927        1711374.7671534668        7034409.1090147262        2911.2894723389900        1.6665251246559967     
   2.9500000000000011      -0.59999999999999942        2003372.1828397601        6301725.5189413717        3414.6822019563615        1.6665287637155450     
   2.9500000000000011      -0.51999999999999935        2314452.9509155545        5584105.7951186029        3954.1356515922666        1.6665347044185999     
   2.9500000000000011      -0.43999999999999939        2643100.7802538197        4906945.6006628871        4527.1461197849412        1.6665428449357620     
   2.9500000000000011      -0.35999999999999938        2988398.0322775878        4288185.8287970880        5132.3400831802528        1.6665528789765203     
   2.9500000000000011      -0.27999999999999936        3350481.4221782372        3740150.4965362479        5770.5334763471419        1.6665643141553246     
   2.9500000000000011      -0.19999999999999929        3731253.8990412969        3271493.2168337312        6446.4481141867054        1.6665765337076648     
   2.9500000000000011      -0.11999999999999930        4134491.5725509352        2881652.2858127537        7168.9845920437474        1.6665888872364421     
   2.9500000000000011       -3.9999999999999321E-002   4561043.9767235573        2535437.2656138018        7939.6114505028463        1.6666007840991963     
   2.9500000000000011        4.0000000000000667E-002   5022919.5229675816        2283523.2853352111        8786.5372805220177        1.6666117633548636     
   2.9500000000000011       0.12000000000000069        5523974.1760888109        2060466.5797868089        9717.9062177531214        1.6666215260405473     
   2.9500000000000011       0.20000000000000070        6073850.0149671854        1880810.8119238261        10755.569553301879        1.6666299309540578     
   2.9500000000000011       0.28000000000000075        6686149.6661090935        1741985.3052817851        11930.562306202630        1.6666369662367244     
   2.9500000000000011       0.36000000000000076        7378533.2662643539        1638427.5717667995        13282.698221791357        1.6666427230370662     
   2.9500000000000011       0.44000000000000072        8152671.1963553010        1523697.7353413349        14801.767030781717        1.6666475223989852     
   2.9500000000000011       0.52000000000000068        8792742.2809876334        1047873.0800290481        15871.637461221255        1.6666527288333981     
   2.9500000000000011       0.60000000000000075        8919069.8199401964        172019.82862847068        15704.318753700387        1.6666594302153681     
   2.9500000000000011       0.68000000000000060        9228857.1253495887        350868.26734657725        16176.712636337541        1.6666645561337519     
   2.9500000000000011       0.76000000000000068        9909928.4993033893        641612.92204086727        17388.495636497650        1.6666661301565537     
   2.9500000000000011       0.84000000000000052        13574070.379510045        2871129.3377581486        23930.101082761110        1.6666662649477049     
   2.9500000000000011       0.92000000000000060        50926713.265482962        24344553.346941046        90828.383470275017        1.6666659845256258     
   2.9500000000000011        1.0000000000000004        451008648.76800483        216884950.52481812        808106.81629506499        1.6666595273470515     
   2.9500000000000011        1.0800000000000005        9047720427.1119652        3876259481.5536218        16151170.986635458        1.6665904229539956     
   2.9500000000000011        1.1600000000000006        59560340377.211060        18944378838.818401        106594995.48915523        1.6664982913208075     
   2.9500000000000011        1.2400000000000007        19641178781.264362       -12452653004.516802        20551674.549673501        1.6665662054640475     
   2.9500000000000011        1.3200000000000007        1665342328.7768483       -4664118579.3931332        2891116.5184413441        1.6666650108938121     
   2.9500000000000011        1.4000000000000008        1237524526.5656500       -92329254.192720115        2195103.2197596566        1.6666666666665804     
   2.9500000000000011        1.4800000000000009        476770255.46129149       -136560429.63414636        856043.96155743988        1.6666666666666665     
   2.9500000000000011        1.5600000000000009        458726552.41998762       -2694053.0669704517        823443.12398966553        1.6666666666666667     
   2.9500000000000011        1.6400000000000010        485684136.64294875        3347814.9613408623        871673.56521372346        1.6666666666666670     
   2.9500000000000011        1.7200000000000011        515364574.57239270        3065849.1318721422        924948.88091356726        1.6666666666666667     
   2.9500000000000011        1.8000000000000012        547392810.10981894        2751778.5994160962        982439.41990640922        1.6666666666666667     
   2.9500000000000011        1.8800000000000012        582004503.46964073        2473451.0646807505        1044568.4717352111        1.6666666666666665     
   2.9500000000000011        1.9600000000000013        619462982.29160416        2226540.5654583103        1111808.9374906146        1.6666666666666665     
   3.0500000000000016       -1.9600000000000000       -99017.635520567928        288599.45113205578       -84.446389348032810        1.6665853141321736     
   3.0500000000000016       -1.8799999999999999       -96329.077944179793        1105604.5482208238       -81.174397101586820        1.6665786339225208     
   3.0500000000000016       -1.7999999999999998       -88653.183276334617        2625484.6388449734       -71.348692616882531        1.6665715797528202     
   3.0500000000000016       -1.7199999999999998       -71471.183984937656        4888258.5879570805       -49.045246125223947        1.6665641723667142     
   3.0500000000000016       -1.6399999999999997       -39222.630039235366        7631162.8297376614       -7.0380967436315229        1.6665564457078095     
   3.0500000000000016       -1.5599999999999996        13459.540145653120        10369173.280806806        61.509939972185983        1.6665484504129990     
   3.0500000000000016       -1.4799999999999995        90583.624715289960        12626136.999897178        161.49605537476404        1.6665402580480921     
   3.0500000000000016       -1.3999999999999995        194469.02217882528        14146043.227667365        295.55401930779067        1.6665319661503899     
   3.0500000000000016       -1.3199999999999994        326410.08126536105        14943779.162411589        465.16760701811245        1.6665237040559571     
   3.0500000000000016       -1.2399999999999993        487755.03382432339        15199729.488986418        672.33842821026747        1.6665156393074245     
   3.0500000000000016       -1.1599999999999993        680603.49858611252        15111120.230092242        920.60612052365411        1.6665079841034005     
   3.0500000000000016       -1.0799999999999992        907725.61396681354        14802664.622780815        1214.8366688605486        1.6665010006955416     
   3.0500000000000016      -0.99999999999999911        1171878.4023497922        14319757.868466394        1560.0739968372536        1.6664950038158408     
   3.0500000000000016      -0.91999999999999926        1474997.3760575950        13667642.072560161        1960.2082596931955        1.6664903571640570     
   3.0500000000000016      -0.83999999999999919        1817650.5517826879        12850950.074799368        2417.0549887447341        1.6664874599529531     
   3.0500000000000016      -0.75999999999999934        2198962.5019622892        11894902.628777442        2930.1826145152077        1.6664867191109771     
   3.0500000000000016      -0.67999999999999927        2616930.1006480316        10844838.557399865        3497.3598273715684        1.6664885040226867     
   3.0500000000000016      -0.59999999999999942        3068929.3760246863        9754796.4987615459        4115.3055847294991        1.6664930848372950     
   3.0500000000000016      -0.51999999999999935        3552239.2731899288        8675732.7182020936        4780.4744760176236        1.6665005628026188     
   3.0500000000000016      -0.43999999999999939        4064576.0806124541        7649552.5569166383        5489.9026345418361        1.6665108099650503     
   3.0500000000000016      -0.35999999999999938        4604653.3271107832        6707124.3148221476        6242.1655859643115        1.6665234410816379     
   3.0500000000000016      -0.27999999999999936        5173058.2790165087        5871354.8381415233        7039.0034110947799        1.6665378366998518     
   3.0500000000000016      -0.19999999999999929        5773662.9024598915        5160231.0329290098        7888.0206823507888        1.6665532207953657     
   3.0500000000000016      -0.11999999999999930        6413843.4505419796        4574914.1533758901        8803.1215715628787        1.6665687749631046     
   3.0500000000000016       -3.9999999999999321E-002   7094921.8617654582        4048345.6844430654        9786.1305597003229        1.6665837559589731     
   3.0500000000000016        4.0000000000000667E-002   7840269.4281041939        3685015.4489521305        10880.932410667567        1.6665975837636435     
   3.0500000000000016       0.12000000000000069        8656795.6254983414        3357767.3229271225        12099.320138959376        1.6666098822454902     
   3.0500000000000016       0.20000000000000070        9562722.8305682521        3098658.9365100241        13474.431850569119        1.6666204738901640     
   3.0500000000000016       0.28000000000000075        10583856.410356820        2905113.0233442038        15053.395946112048        1.6666293442168676     
   3.0500000000000016       0.36000000000000076        11753162.023725446        2766995.8623156906        16895.324128860266        1.6666366127064212     
   3.0500000000000016       0.44000000000000072        13060603.214360734        2573372.3976409817        18955.003234317432        1.6666427426201649     
   3.0500000000000016       0.52000000000000068        13995533.889918840        1530593.5702023783        20093.785205861306        1.6666496928116352     
   3.0500000000000016       0.60000000000000075        13957888.035686079       -51262.246121358527        19460.500925075175        1.6666583914047577     
   3.0500000000000016       0.68000000000000060        14417937.987138525        521057.27555775596        20040.832708664278        1.6666644926357095     
   3.0500000000000016       0.76000000000000068        15491902.171101501        1011743.1514401936        21558.230353363226        1.6666661015354249     
   3.0500000000000016       0.84000000000000052        21283758.123890497        4538352.5228514848        29775.709116219292        1.6666661903242435     
   3.0500000000000016       0.92000000000000060        80429545.940778032        38548217.087358855        113943.36488976302        1.6666658200802458     
   3.0500000000000016        1.0000000000000004        714181151.32166064        343557590.03568006        1016402.7575743075        1.6666573604036905     
   3.0500000000000016        1.0800000000000005        14286285769.121967        6119665351.8050766        20231947.516122434        1.6665668136870044     
   3.0500000000000016        1.1600000000000006        94312787475.742462        30013338586.936470        134217985.24031204        1.6664410516760393     
   3.0500000000000016        1.2400000000000007        24599901728.531361       -21746708634.323895        19151163.699640706        1.6665305790567415     
   3.0500000000000016        1.3200000000000007        2609658906.4085016       -5705720586.8067770        3647060.2521715164        1.6666650591625052     
   3.0500000000000016        1.4000000000000008        1948136713.6520524       -142766033.51579055        2744466.7642405862        1.6666666666666627     
   3.0500000000000016        1.4800000000000009        755932062.15183938       -214008630.12488198        1078155.3064110463        1.6666666666666667     
   3.0500000000000016        1.5600000000000009        727143445.33252132       -4298345.0380657809        1036657.2019818224        1.6666666666666665     
   3.0500000000000016        1.6400000000000010        769838250.62459290        5302192.7612707941        1097436.1767454918        1.6666666666666667     
   3.0500000000000016        1.7200000000000011        816886328.66270375        4859844.3713090196        1164512.0191215705        1.6666666666666667     
   3.0500000000000016        1.8000000000000012        867656433.00969899        4362028.8251261702        1236895.2922800498        1.6666666666666667     
   3.0500000000000016        1.8800000000000012        922522249.38215518        3920868.8956710738        1315119.0667341975        1.6666666666666667     
   3.0500000000000016        1.9600000000000013        981901290.16399646        3529503.7918425282        1399778.8218659323        1.6666666666666667     
   3.1500000000000012       -1.9600000000000000       -127338.22151544889        371423.80078646995       -86.881549878750349        1.6665642587338980     
   3.1500000000000012       -1.8799999999999999       -123424.57161227861        1609394.2607329120       -83.123226512325786        1.6665558503584661     
   3.1500000000000012       -1.7999999999999998       -112012.24067732169        3903505.8269704017       -71.660632695640004        1.6665469714107228     
   3.1500000000000012       -1.7199999999999998       -86316.754117963923        7310335.7016437221       -45.543059816069643        1.6665376480214915     
   3.1500000000000012       -1.6399999999999997       -38032.188077529412        11425857.613280121        3.6520233971291440        1.6665279229352723     
   3.1500000000000012       -1.5599999999999996        40768.294289835576        15509912.621495368        83.777464411689024        1.6665178599055164     
   3.1500000000000012       -1.4799999999999995        155873.38211092952        18844082.446153197        200.29512506436436        1.6665075490236296     
   3.1500000000000012       -1.3999999999999995        310522.94069164817        21058583.730118729        356.02880221895032        1.6664971130630066     
   3.1500000000000012       -1.3199999999999994        506578.80248095840        22205487.225581326        552.71941554150669        1.6664867148100928     
   3.1500000000000012       -1.2399999999999993        746314.83207817201        22584671.790768560        793.20660994415255        1.6664765651256972     
   3.1500000000000012       -1.1599999999999993        1033519.7999130394        22504658.281792969        1082.6723445023958        1.6664669310586979     
   3.1500000000000012       -1.0799999999999992        1373280.6959447071        22143887.606286500        1428.2242282514635        1.6664581426362270     
   3.1500000000000012      -0.99999999999999911        1770765.9158338292        21547726.752950385        1837.2598428552690        1.6664505959185849     
   3.1500000000000012      -0.91999999999999926        2229819.6402278314        20698743.863988589        2315.6345778279970        1.6664447485830092     
   3.1500000000000012      -0.83999999999999919        2752006.1690246356        19584213.679327905        2866.4048186916075        1.6664411030016728     
   3.1500000000000012      -0.75999999999999934        3336458.8571120240        18231812.070542928        3489.5975081413135        1.6664401712777381     
   3.1500000000000012      -0.67999999999999927        3980391.9445137107        16707874.956331069        4182.8116910081199        1.6664424183126803     
   3.1500000000000012      -0.59999999999999942        4679931.9498701189        15097082.598877922        4942.2141370819982        1.6664481841964189     
   3.1500000000000012      -0.51999999999999935        5430979.2524381485        13481796.449906167        5763.5756988135954        1.6664575965530564     
   3.1500000000000012      -0.43999999999999939        6230119.9436349170        11931738.319630254        6643.4291714096516        1.6664704946519209     
   3.1500000000000012      -0.35999999999999938        7075638.6094438704        10500347.568522789        7580.4586492484568        1.6664863940270984     
   3.1500000000000012      -0.27999999999999936        7969209.5164540401        9230165.6600747518        8577.9988185226630        1.6665045154664204     
   3.1500000000000012      -0.19999999999999929        8918691.5201542825        8157690.2831875607        9648.2806100022917        1.6665238826584599     
   3.1500000000000012      -0.11999999999999930        9938571.5312562436        7288355.6232908769        10813.118012775620        1.6665434658668121     
   3.1500000000000012       -3.9999999999999321E-002   11030919.547475671        6492941.6415180285        12074.805913814394        1.6665623298635386     
   3.1500000000000012        4.0000000000000667E-002   12241447.350540852        5984877.1997653265        13501.880196354410        1.6665797448024866     
   3.1500000000000012       0.12000000000000069        13582701.934591623        5515586.4299574131        15111.635570284314        1.6665952374549045     
   3.1500000000000012       0.20000000000000070        15089398.395042095        5153547.0241481373        16954.668198083771        1.6666085846349152     
   3.1500000000000012       0.28000000000000075        16810792.698247902        4897346.5446011173        19102.919543613898        1.6666197687041586     
   3.1500000000000012       0.36000000000000076        18808393.915657237        4727039.9114948092        21643.954741466798        1.6666289474136904     
   3.1500000000000012       0.44000000000000072        21031198.411933672        4375037.1160408622        24452.095177212515        1.6666367954063301     
   3.1500000000000012       0.52000000000000068        22297599.161589272        2073249.8092067016        25468.975046196159        1.6666460894860979     
   3.1500000000000012       0.60000000000000075        21811933.534606852       -661329.41888170782        24094.545426701290        1.6666572927960652     
   3.1500000000000012       0.68000000000000060        22516266.122221228        797734.28522321524        24843.952732116919        1.6666644531145343     
   3.1500000000000012       0.76000000000000068        24206061.535921302        1591895.6727564726        26733.192301981995        1.6666660631874866     
   3.1500000000000012       0.84000000000000052        33363713.989182994        7175705.9314716337        37058.741942459026        1.6666661020215097     
   3.1500000000000012       0.92000000000000060        127032169.82086372        61048336.710232429        142966.96374327000        1.6666656179279784     
   3.1500000000000012        1.0000000000000004        1130877292.6900373        544185779.18194532        1278335.3634392757        1.6666546138830989     
   3.1500000000000012        1.0800000000000005        22537254480.599892        9652140804.5080547        25312221.639193904        1.6665369891570949     
   3.1500000000000012        1.1600000000000006        149526301715.25790        47626288669.456482        169383348.64429122        1.6663670294404600     
   3.1500000000000012        1.2400000000000007        30892162744.324677       -37007534928.906372        19303321.950773817        1.6664838707316083     
   3.1500000000000012        1.3200000000000007        4094201698.0936766       -6953160056.6094027        4554262.3527016090        1.6666651415934053     
   3.1500000000000012        1.4000000000000008        3066394363.1975169       -221815651.88332823        3430577.2406630162        1.6666666666666667     
   3.1500000000000012        1.4800000000000009        1198493404.6072047       -335300591.93599379        1357684.3133080851        1.6666666666666665     
   3.1500000000000012        1.5600000000000009        1152553906.4756901       -6859093.4772636732        1305069.0478450235        1.6666666666666667     
   3.1500000000000012        1.6400000000000010        1220213086.6666629        8402474.5630754922        1381654.4540708251        1.6666666666666667     
   3.1500000000000012        1.7200000000000011        1294789042.8767269        7703344.2413712656        1466104.1445145542        1.6666666666666667     
   3.1500000000000012        1.8000000000000012        1375265280.4602334        6914298.7313504238        1557236.2593994394        1.6666666666666667     
   3.1500000000000012        1.8800000000000012        1462234304.2610197        6215056.3475178042        1655722.0893874376        1.6666666666666667     
   3.1500000000000012        1.9600000000000013        1556358036.1096213        5594736.1912185326        1762311.4308115218        1.6666666666666667     
   3.2500000000000018       -1.9600000000000000       -164229.64996042382        470327.73963756656       -89.898158564005016        1.6665377569283883     
   3.2500000000000018       -1.8799999999999999       -158571.65106987144        2326715.7683961028       -85.647475723341060        1.6665271738364509     
   3.2500000000000018       -1.7999999999999998       -141744.29872090198        5755675.0081165032       -72.451986304153465        1.6665159986746878     
   3.2500000000000018       -1.7199999999999998       -103657.94110529176        10835523.942299871       -42.257533611095646        1.6665042643654309     
   3.2500000000000018       -1.6399999999999997       -32030.137838230716        16949703.567722391        14.625979173628206        1.6664920247396884     
   3.2500000000000018       -1.5599999999999996        84715.411492744839        22978454.124562696        107.09167623126268        1.6664793600663113     
   3.2500000000000018       -1.4799999999999995        254830.82951168495        27849932.815248311        241.14252747873891        1.6664663837553975     
   3.2500000000000018       -1.3999999999999995        482798.21320556360        31042249.853871770        419.80564098278222        1.6664532503381415     
   3.2500000000000018       -1.3199999999999994        771381.27780274593        32685212.754915137        645.27875222087403        1.6664401646879099     
   3.2500000000000018       -1.2399999999999993        1124568.7788618577        33272528.144490775        921.74075981198030        1.6664273921596211     
   3.2500000000000018       -1.1599999999999993        1549275.1220125749        33278919.911344387        1256.8083069889660        1.6664152687950688     
   3.2500000000000018       -1.0799999999999992        2054811.4696330656        32948288.615171686        1660.7749860016761        1.6664042098639875     
   3.2500000000000018      -0.99999999999999911        2650719.2030888316        32304237.662111472        2144.2970218558426        1.6663947137081085     
   3.2500000000000018      -0.91999999999999926        3344343.4932299079        31275536.514650762        2715.9057343087002        1.6663873561901328     
   3.2500000000000018      -0.83999999999999919        4139189.6375958235        29810107.835066915        3380.3310056421938        1.6663827694157545     
   3.2500000000000018      -0.75999999999999934        5034660.2591830390        27933915.644903790        4138.2289966001745        1.6663815977648095     
   3.2500000000000018      -0.67999999999999927        6026909.4941913057        25745495.096281111        4987.0164138357068        1.6663844262891221     
   3.2500000000000018      -0.59999999999999942        7110221.8164931946        23379442.898110241        5922.2045064491222        1.6663916830941541     
   3.2500000000000018      -0.51999999999999935        8278435.7786889840        20970214.252031635        6938.7689523276331        1.6664035290677388     
   3.2500000000000018      -0.43999999999999939        9526508.5891249031        18634613.832097027        8032.7404394992891        1.6664197623796129     
   3.2500000000000018      -0.35999999999999938        10852360.225951359        16465518.236256555        9203.2304804706582        1.6664397739080763     
   3.2500000000000018      -0.27999999999999936        12260145.551692681        14541757.871115224        10456.283867111413        1.6664625836284503     
   3.2500000000000018      -0.19999999999999929        13765789.060253154        12936078.168792641        11811.555193232454        1.6664869633943677     
   3.2500000000000018      -0.11999999999999930        15397870.704166429        11663324.408361139        13303.386813189984        1.6665116176783552     
   3.2500000000000018       -3.9999999999999321E-002   17159667.467002194        10472160.333021669        14934.719946943645        1.6665353697387524     
   3.2500000000000018        4.0000000000000667E-002   19140951.817741256        9795515.2347306982        16812.923021687144        1.6665573012104615     
   3.2500000000000018       0.12000000000000069        21364803.232492380        9145053.3189593107        18963.661910877436        1.6665768166743131     
   3.2500000000000018       0.20000000000000070        23897826.122720007        8664022.8610670529        21464.645472957520        1.6665936354744819     
   3.2500000000000018       0.28000000000000075        26834551.597366232        8354949.4319322519        24426.201556937529        1.6666077361787042     
   3.2500000000000018       0.36000000000000076        30289472.673136905        8175580.6283562146        27977.443057408247        1.6666193287737650     
   3.2500000000000018       0.44000000000000072        34088334.936538123        7477114.3521388639        31818.028717200301        1.6666294035768972     
   3.2500000000000018       0.52000000000000068        35557161.071125150        2404644.4256437221        32311.305072142419        1.6666418368075839     
   3.2500000000000018       0.60000000000000075        34049608.209857754       -2052830.1825064302        29821.139077098211        1.6666561559817066     
   3.2500000000000018       0.68000000000000060        35173098.082870752        1272476.1093891645        30842.554340598417        1.6666644350835587     
   3.2500000000000018       0.76000000000000068        37818917.566637725        2492531.6715594917        33172.222967284149        1.6666660108456071     
   3.2500000000000018       0.84000000000000052        52302280.185733199        11348798.350223659        46150.076011607605        1.6666659981972232     
   3.2500000000000018       0.92000000000000060        200664396.01008511        96694883.261053756        179429.25564003069        1.6666653687396868     
   3.2500000000000018        1.0000000000000004        1790620197.1555455        861917159.13128769        1607681.6414300755        1.6666511429004360     
   3.2500000000000018        1.0800000000000005        35512579960.912262        15205240054.705219        31618669.068033393        1.6664995267882301     
   3.2500000000000018        1.1600000000000006        237545972861.66559        75771107041.859283        214489020.53965217        1.6662717046741720     
   3.2500000000000018        1.2400000000000007        40083889970.019333       -61597656400.891891        22398681.385977484        1.6664227670018923     
   3.2500000000000018        1.3200000000000007        6422453775.3805141       -8733998575.2232094        5673555.7077464210        1.6666651789898692     
   3.2500000000000018        1.4000000000000008        4825561798.6829576       -344632328.23125535        4286792.8871820541        1.6666666666666665     
   3.2500000000000018        1.4800000000000009        1899919950.7124360       -525172086.29603112        1709257.6113397854        1.6666666666666667     
   3.2500000000000018        1.5600000000000009        1826785309.4028990       -10919521.578842398        1642987.6565931106        1.6666666666666665     
   3.2500000000000018        1.6400000000000010        1934035421.2420528        13319202.716791507        1739464.0469371029        1.6666666666666667     
   3.2500000000000018        1.7200000000000011        2052242680.4551563        12210251.880413147        1845786.1374891612        1.6666666666666670     
   3.2500000000000018        1.8000000000000012        2179802827.9299860        10959619.787653310        1960521.6458617039        1.6666666666666670     
   3.2500000000000018        1.8800000000000012        2317655261.9747410        9851331.0577471182        2084515.8926340244        1.6666666666666670     
   3.2500000000000018        1.9600000000000013        2466849321.5546074        8868129.0919160899        2218712.9477017391        1.6666666666666665     
   3.3500000000000014       -1.9600000000000000       -212625.53416992718        575282.01863969688       -93.677168099624410        1.6665044016490973     
   3.3500000000000014       -1.8799999999999999       -204532.22091296726        3328180.1459843456       -88.963268209092149        1.6664910822020156     
   3.3500000000000014       -1.7999999999999998       -179978.79652744287        8398322.4555285294       -74.008348782781908        1.6664770179347785     
   3.3500000000000014       -1.7199999999999998       -124120.12699834038        15891725.776883768       -39.607492639063601        1.6664622503345365     
   3.3500000000000014       -1.6399999999999997       -18994.818354778246        24876413.036571592        25.231728574222434        1.6664468471999845     
   3.3500000000000014       -1.5599999999999996        152102.31885917371        33676210.706489563        130.43701447320981        1.6664309095954613     
   3.3500000000000014       -1.4799999999999995        400792.72859579528        40713600.704848312        282.53016924851704        1.6664145802812951     
   3.3500000000000014       -1.3999999999999995        733269.74831251474        45273295.457810655        484.82354401900534        1.6663980537488303     
   3.3500000000000014       -1.3199999999999994        1153856.1443428989        47636044.946936652        740.33490558124049        1.6663815878158261     
   3.3500000000000014       -1.2399999999999993        1669781.6499562273        48603492.067254849        1055.3376306648170        1.6663655163762561     
   3.3500000000000014       -1.1599999999999993        2293719.1701658554        48890173.409466706        1440.9781199105689        1.6663502622329911     
   3.3500000000000014       -1.0799999999999992        3042582.7360443333        48807119.444700107        1911.9728150233288        1.6663363478383282     
   3.3500000000000014      -0.99999999999999911        3933690.9648877890        48307095.865804911        2483.3756704771972        1.6663244001297952     
   3.3500000000000014      -0.91999999999999926        4980625.4934205106        47206303.961636238        3167.2582595390445        1.6663151435548276     
   3.3500000000000014      -0.83999999999999919        6190459.9379817815        45373932.440372698        3970.5275745181880        1.6663093733230354     
   3.3500000000000014      -0.75999999999999934        7563355.7055658307        42827038.248292871        4894.6523505616606        1.6663079001280530     
   3.3500000000000014      -0.67999999999999927        9094026.4451353047        39715703.100822806        5936.8443182275505        1.6663114601186546     
   3.3500000000000014      -0.59999999999999942        10774044.532998635        36257214.234887488        7091.8538240883345        1.6663205921409898     
   3.3500000000000014      -0.51999999999999935        12594198.629268400        32672971.395365827        8353.7773642423344        1.6663354990395547     
   3.3500000000000014      -0.43999999999999939        14547190.026631061        29159549.188920744        9718.2482907001468        1.6663559274888813     
   3.3500000000000014      -0.35999999999999938        16631010.714500910        25878602.540580306        11185.405991580872        1.6663811118276730     
   3.3500000000000014      -0.27999999999999936        18855290.820403866        22975763.524560731        12765.848626796693        1.6664098196993642     
   3.3500000000000014      -0.19999999999999929        21252259.503009349        20594100.841292907        14491.136211149689        1.6664405063868855     
   3.3500000000000014      -0.11999999999999930        23878502.923008490        18767890.134055983        16415.478773287010        1.6664715421358904     
   3.3500000000000014       -3.9999999999999321E-002   26739294.771569371        17004612.308010999        18542.741226855669        1.6665014464107624     
   3.3500000000000014        4.0000000000000667E-002   30011521.150007851        16177962.203923570        21041.544488971114        1.6665290636409540     
   3.3500000000000014       0.12000000000000069        33738152.786990047        15324875.031786596        23950.390928997254        1.6665536446132803     
   3.3500000000000014       0.20000000000000070        38047767.591947965        14740727.901275715        27389.239131876922        1.6665748363179311     
   3.3500000000000014       0.28000000000000075        43122662.844108231        14438017.298589988        31527.973095423091        1.6665926127807407     
   3.3500000000000014       0.36000000000000076        49174903.076207623        14321767.969380461        36555.456469060926        1.6666072560939100     
   3.3500000000000014       0.44000000000000072        55686192.138791882        12815851.043039415        41805.747178184916        1.6666202294591306     
   3.3500000000000014       0.52000000000000068        56743263.637911551        1730552.7373256036        41008.737084609624        1.6666368453396947     
   3.3500000000000014       0.60000000000000075        53119056.723559156       -4935071.6200932460        36911.649888491018        1.6666550102266413     
   3.3500000000000014       0.68000000000000060        54996931.834614106        2126900.5378976865        38371.870605815035        1.6666644343954364     
   3.3500000000000014       0.76000000000000068        59106401.153612353        3871383.7031397736        41204.974575160923        1.6666659390643357     
   3.3500000000000014       0.84000000000000052        82018711.562779829        17953509.651725590        57520.410731165299        1.6666658761091555     
   3.3500000000000014       0.92000000000000060        317039544.83390898        153174628.91923326        225260.77489968500        1.6666650607073124     
   3.3500000000000014        1.0000000000000004        2835092673.3871684        1365039957.4256575        2021726.1308383639        1.6666467662479088     
   3.3500000000000014        1.0800000000000005        55877465066.299469        23916818920.237385        39419153.023187876        1.6664527185766471     
   3.3500000000000014        1.1600000000000006        378466646374.94537        120984650292.39243        272772154.84418297        1.6661492377387996     
   3.3500000000000014        1.2400000000000007        55851514503.047173       -100638744166.78871        30520496.485156965        1.6663428430670701     
   3.3500000000000014        1.3200000000000007        10071103504.568760       -11878460625.441940        7062484.3331346558        1.6666650493363382     
   3.3500000000000014        1.4000000000000008        7591613687.1246939       -535109676.22156149        5354089.7528422102        1.6666666666666667     
   3.3500000000000014        1.4800000000000009        3011272281.6816058       -822201614.83993077        2151181.6722973497        1.6666666666666665     
   3.3500000000000014        1.5600000000000009        2895376598.0478721       -17304049.020723369        2068411.5480326847        1.6666666666666667     
   3.3500000000000014        1.6400000000000010        3065400705.4437952        21114994.794076279        2189919.6107555437        1.6666666666666665     
   3.3500000000000014        1.7200000000000011        3252762152.0560427        19353552.997027125        2323777.4489497766        1.6666666666666665     
   3.3500000000000014        1.8000000000000012        3454948870.3681922        17371331.114616044        2468227.8693773341        1.6666666666666667     
   3.3500000000000014        1.8800000000000012        3673450173.2241449        15614730.968654634        2624335.3104143878        1.6666666666666667     
   3.3500000000000014        1.9600000000000013        3909929482.7065735        14056384.349101514        2793288.4179212945        1.6666666666666667     
   3.4500000000000020       -1.9600000000000000       -276652.68573201419        658539.74260756292       -98.444057577652046        1.6664624233406597     
   3.4500000000000020       -1.8799999999999999       -265241.12703115231        4692728.6634163531       -93.342135384229124        1.6664456613248437     
   3.4500000000000020       -1.7999999999999998       -229859.40752473587        12102063.027148826       -76.693240620962527        1.6664279625135954     
   3.4500000000000020       -1.7199999999999998       -148921.00602547062        23026880.022187099       -38.132247075768717        1.6664093791998331     
   3.4500000000000020       -1.6399999999999997        3527.0286906121141        36074664.865615338        34.628153106913132        1.6663899967830580     
   3.4500000000000020       -1.5599999999999996        251299.48874636396        48767838.597257137        152.51923075861382        1.6663699425132827     
   3.4500000000000020       -1.4799999999999995        610599.87589798192        58821779.702244133        322.58606521314607        1.6663493960901570     
   3.4500000000000020       -1.3999999999999995        1090091.5295381092        65292233.800999880        548.62637363884937        1.6663286022786268     
   3.4500000000000020       -1.3199999999999994        1696979.2245465133        68736720.421824142        835.07134824620880        1.6663078854853590     
   3.4500000000000020       -1.2399999999999993        2444636.0419558301        70434068.094353110        1191.3666080605988        1.6662876657857300     
   3.4500000000000020       -1.1599999999999993        3356225.8257698999        71429880.661759883        1633.6423506126944        1.6662684750548364     
   3.4500000000000020       -1.0799999999999992        4462130.0945914062        72077217.002080694        2182.6053242974658        1.6662509704693071     
   3.4500000000000020      -0.99999999999999911        5793226.4605719484        72158911.428190455        2859.1029733269643        1.6662359405887646     
   3.4500000000000020      -0.91999999999999926        7373921.0382395554        71273557.868480489        3679.7783232014899        1.6662242965940595     
   3.4500000000000020      -0.83999999999999919        9217574.4226134326        69144835.875771925        4654.2978306672185        1.6662170386755712     
   3.4500000000000020      -0.75999999999999934        11325965.840009058        65770586.527536146        5785.1489513507968        1.6662151865602666     
   3.4500000000000020      -0.67999999999999927        13691855.445404192        61386793.846744984        7069.3281177088647        1.6662196663495572     
   3.4500000000000020      -0.59999999999999942        16302862.957615947        56349309.226522736        8500.7579761161742        1.6662311561913272     
   3.4500000000000020      -0.51999999999999935        19145369.228082314        51024869.958225138        10072.661361567472        1.6662499118639422     
   3.4500000000000020      -0.43999999999999939        22209180.098144352        45744873.168293945        11780.586413063080        1.6662756155868839     
   3.4500000000000020      -0.35999999999999938        25493750.949257329        40790507.584037021        13626.783148709781        1.6663073052298651     
   3.4500000000000020      -0.27999999999999936        29020532.288635418        36429986.421826951        15629.425829117805        1.6663434315007097     
   3.4500000000000020      -0.19999999999999929        32854683.723376781        32941982.872309260        17839.146207880527        1.6663820518627905     
   3.4500000000000020      -0.11999999999999930        37108552.369810790        30399367.702558596        20341.678767846406        1.6664211163734852     
   3.4500000000000020       -3.9999999999999321E-002   41790814.679278716        27831474.469897948        23142.255375657020        1.6664587624104343     
   3.4500000000000020        4.0000000000000667E-002   47250924.181635298        26994906.507832073        26506.204684182940        1.6664935359383071     
   3.4500000000000020       0.12000000000000069        53569779.299363762        25984769.748150066        30491.841892255066        1.6665244941374653     
   3.4500000000000020       0.20000000000000070        60996920.191592053        25404001.965749789        35285.150826785357        1.6665511928516314     
   3.4500000000000020       0.28000000000000075        69885377.355849668        25287556.081221521        41148.639976172330        1.6665736007004168     
   3.4500000000000020       0.36000000000000076        80624616.414788693        25412885.819385409        48355.069922198629        1.6665921004981303     
   3.4500000000000020       0.44000000000000072        91778102.252535373        21952859.369827956        55492.615095947789        1.6666088647684236     
   3.4500000000000020       0.52000000000000068        90585600.205908045       -1952268.7753628292        52033.814536189428        1.6666310181479513     
   3.4500000000000020       0.60000000000000075        82848025.389018148       -10536232.281871479        45709.362850363585        1.6666538914090330     
   3.4500000000000020       0.68000000000000060        86128157.893834442        3715111.5895828698        47865.384229454125        1.6666644458134754     
   3.4500000000000020       0.76000000000000068        92438833.592350841        5945061.3104935102        51249.818524574228        1.6666658418279690     
   3.4500000000000020       0.84000000000000052        128694467.99387954        28409002.432894811        71765.660996615290        1.6666657319364935     
   3.4500000000000020       0.92000000000000060        501032615.69855034        242671072.23359394        282895.99053182307        1.6666646789135351     
   3.4500000000000020        1.0000000000000004        4488473921.3697748        2161597246.8611207        2542133.3731577368        1.6666412576103071     
   3.4500000000000020        1.0800000000000005        87762626016.884567        37548335916.265785        49024586.349875525        1.6663945385309886     
   3.4500000000000020        1.1600000000000006        605031296733.24072        193997731045.89157        348351331.28333127        1.6659921608888824     
   3.4500000000000020        1.2400000000000007        87342031716.095886       -161491487388.26260        48417807.352639981        1.6662381729342193     
   3.4500000000000020        1.3200000000000007        15785737816.274567       -18566426142.828411        8786456.6124149319        1.6666644820223260     
   3.4500000000000020        1.4000000000000008        11937884495.818583       -830422262.66521490        6682548.3142761718        1.6666666666666665     
   3.4500000000000020        1.4800000000000009        4771497009.3378143       -1286414012.0540130        2706409.0813248479        1.6666666666666667     
   3.4500000000000020        1.5600000000000009        4588989450.8501225       -27249675.222626876        2603990.9183503543        1.6666666666666667     
   3.4500000000000020        1.6400000000000010        4858535523.5111609        33474452.583057661        2757009.5337310438        1.6666666666666667     
   3.4500000000000020        1.7200000000000011        5155503062.8829966        30675344.984520771        2925532.8592771329        1.6666666666666665     
   3.4500000000000020        1.8000000000000012        5475969460.7791243        27533598.425428364        3107392.1377730737        1.6666666666666667     
   3.4500000000000020        1.8800000000000012        5822295766.3414993        24749472.968999457        3303927.6952559371        1.6666666666666667     
   3.4500000000000020        1.9600000000000013        6197118743.8706493        22279563.681726061        3516636.0805335268        1.6666666666666667     
   3.5500000000000016       -1.9600000000000000       -362199.36361834325        658744.25649880944       -104.47887154336520        1.6664095971725792     
   3.5500000000000016       -1.8799999999999999       -346399.94245481759        6497131.4176269472       -99.119938503373177        1.6663885048593579     
   3.5500000000000016       -1.7999999999999998       -296142.96214321553        17190039.143656850       -80.952658355988191        1.6663662345839445     
   3.5500000000000016       -1.7199999999999998       -180432.28894383350        32919550.419745535       -38.484992772821620        1.6663428522796282     
   3.5500000000000016       -1.6399999999999997        37765.068187256438        51633309.328825653        41.815203335186666        1.6663184655299070     
   3.5500000000000016       -1.5599999999999996        392000.49284408073        69722421.980262429        171.83931037837596        1.6662932345592310     
   3.5500000000000016       -1.4799999999999995        904727.82529729221        83939609.517190263        359.22091894014790        1.6662673855540444     
   3.5500000000000016       -1.3999999999999995        1588423.4159659322        93098622.292502329        608.61689120455878        1.6662412265166389     
   3.5500000000000016       -1.3199999999999994        2455806.2104001660        98240661.542661309        926.76172982413948        1.6662151655816437     
   3.5500000000000016       -1.2399999999999993        3531778.4425002262        101363486.15929088        1327.7360854006351        1.6661897311542135     
   3.5500000000000016       -1.1599999999999993        4858317.2523979153        103944241.77038747        1834.5167934819144        1.6661655921785479     
   3.5500000000000016       -1.0799999999999992        6489248.3606783925        106295796.77112995        2475.7364535783695        1.6661435751036640     
   3.5500000000000016      -0.99999999999999911        8478641.1668157354        107845249.19666277        3279.7193890698732        1.6661246715283147     
   3.5500000000000016      -0.91999999999999926        10869276.978501508        107793828.27899955        4268.9073766981073        1.6661100272005001     
   3.5500000000000016      -0.83999999999999919        13685254.692603035        105611129.79352516        5456.4151941155051        1.6661008997991265     
   3.5500000000000016      -0.75999999999999934        16931439.301245429        101263676.14927933        6846.0115128544212        1.6660985716581709     
   3.5500000000000016      -0.67999999999999927        20597999.499872841        95134774.896747679        8434.5313617621287        1.6661042075832939     
   3.5500000000000016      -0.59999999999999942        24666942.555666149        87813661.739252195        10215.120206822419        1.6661186609029763     
   3.5500000000000016      -0.51999999999999935        29118552.693009596        79909349.971424729        12180.332186541493        1.6661422542002264     
   3.5500000000000016      -0.43999999999999939        33939487.715537935        71979985.224636152        14326.322576199966        1.6661745891234165     
   3.5500000000000016      -0.35999999999999938        39134319.432806402        64513701.231085695        16659.340112130154        1.6662144571345645     
   3.5500000000000016      -0.27999999999999936        44749610.545583300        58003306.501882777        19210.054525867399        1.6662599110754486     
   3.5500000000000016      -0.19999999999999929        50916954.989949711        52988140.534322597        22059.602617757115        1.6663085086935947     
   3.5500000000000016      -0.11999999999999930        57859858.774996459        49615985.501116052        25343.743671089742        1.6663576719425781     
   3.5500000000000016       -3.9999999999999321E-002   65592986.063697442        45965885.822490320        29069.790528046422        1.6664050577237313     
   3.5500000000000016        4.0000000000000667E-002   74808140.190465063        45559933.184488170        33655.857861657525        1.6664488364639891     
   3.5500000000000016       0.12000000000000069        85659145.633146331        44622146.371565603        39191.010871867351        1.6664878215699266     
   3.5500000000000016       0.20000000000000070        98632510.236786127        44374461.811828502        45964.660170853524        1.6665214539878026     
   3.5500000000000016       0.28000000000000075        114414388.38605446        44899257.699236475        54383.652741719539        1.6665496959582520     
   3.5500000000000016       0.36000000000000076        133710370.55819561        45661204.580910496        64834.074507269906        1.6665730727145716     
   3.5500000000000016       0.44000000000000072        152706537.08914766        37389223.287351467        74412.405880813269        1.6665948201420828     
   3.5500000000000016       0.52000000000000068        144589280.22861755       -13288922.358860362        65955.145043257507        1.6666242516835232     
   3.5500000000000016       0.60000000000000075        129233312.22726297       -20910175.294471703        56650.737875697196        1.6666528395106550     
   3.5500000000000016       0.68000000000000060        135154871.32545990        6706818.3379205782        59876.734215470264        1.6666644635814549     
   3.5500000000000016       0.76000000000000068        144707268.00827247        8998970.4200497027        63835.875104000741        1.6666657135317449     
   3.5500000000000016       0.84000000000000052        202089874.90930441        44963566.241955683        89638.422910811045        1.6666655606722114     
   3.5500000000000016       0.92000000000000060        792034722.55515707        384496054.51240575        355403.30135927745        1.6666642045378852     
   3.5500000000000016        1.0000000000000004        7105362128.2412682        3422463201.9672370        3196027.4035698902        1.6666343349661821     
   3.5500000000000016        1.0800000000000005        137535220401.59549        58810855574.266739        60787684.847446971        1.6663226229924755     
   3.5500000000000016        1.1600000000000006        970108609632.92908        312250398262.82959        445871968.61725205        1.6657912775210089     
   3.5500000000000016        1.2400000000000007        160586103256.70059       -252527920633.32022        89453595.754731283        1.6661007430504566     
   3.5500000000000016        1.3200000000000007        24730911428.347610       -35249804702.465172        10924815.175063999        1.6666625624783373     
   3.5500000000000016        1.4000000000000008        18761027382.761833       -1288387109.4121706        8333161.3432634762        1.6666666666666665     
   3.5500000000000016        1.4800000000000009        7558453945.6826897       -2010936119.1686895        3403733.7620073622        1.6666666666666667     
   3.5500000000000016        1.5600000000000009        7273192809.8705511       -42591514.394964933        3278239.9605979477        1.6666666666666667     
   3.5500000000000016        1.6400000000000010        7700515127.6319170        53068406.904868148        3470933.4052964700        1.6666666666666665     
   3.5500000000000016        1.7200000000000011        8171201805.2965755        48619711.930544645        3683098.0384858134        1.6666666666666665     
   3.5500000000000016        1.8000000000000012        8679134572.1511021        43640197.292142533        3912052.2792002349        1.6666666666666665     
   3.5500000000000016        1.8800000000000012        9228056349.9084244        39227527.572990425        4159483.8199416422        1.6666666666666665     
   3.5500000000000016        1.9600000000000013        9822146654.7264023        35312863.864806198        4427276.8364268271        1.6666666666666665     
   3.6500000000000021       -1.9600000000000000       -477781.37580019905        454361.17418191175       -112.12838713450580        1.6663431268516158     
   3.6500000000000021       -1.8799999999999999       -456393.33081444120        8795318.3601048123       -106.70675306135593        1.6663165887798963     
   3.6500000000000021       -1.7999999999999998       -386149.70945647493        24026326.159052890       -87.317318819295423        1.6662885699507886     
   3.6500000000000021       -1.7199999999999998       -223124.91930292716        46380361.039648786       -41.416961812041258        1.6662591535277196     
   3.6500000000000021       -1.6399999999999997        84857.162884266043        72879590.873107463        45.684968841457994        1.6662284750628369     
   3.6500000000000021       -1.5599999999999996        584557.77178146772        98353621.044753909        186.80360992752944        1.6661967363061359     
   3.6500000000000021       -1.4799999999999995        1307075.1513997959        118284754.63628684        390.32506782086392        1.6661642219398516     
   3.6500000000000021       -1.3999999999999995        2271190.9755788082        131283360.87948899        662.36626099482658        1.6661313194921208     
   3.6500000000000021       -1.3199999999999994        3500223.6632394162        139201497.96387035        1013.2099473898741        1.6660985423416057     
   3.6500000000000021       -1.2399999999999993        5040328.5762675954        145087761.91267937        1463.4742051794080        1.6660665550083280     
   3.6500000000000021       -1.1599999999999993        6966617.8148471508        150939175.57530913        2045.3039119119487        1.6660361986074361     
   3.6500000000000021       -1.0799999999999992        9373027.3410644885        156837536.94329554        2797.6108030921009        1.6660085121563006     
   3.6500000000000021      -0.99999999999999911        12352618.386939300        161524027.76122734        3758.2216236624886        1.6659847421800404     
   3.6500000000000021      -0.91999999999999926        15978810.581447633        163505096.34750572        4956.8592127162119        1.6659663289086395     
   3.6500000000000021      -0.83999999999999919        20293656.683976054        161825063.27775067        6410.9409659977728        1.6659548532777952     
   3.6500000000000021      -0.75999999999999934        25307625.145204503        156409120.14947915        8125.9029090466747        1.6659519273464705     
   3.6500000000000021      -0.67999999999999927        31007675.241305076        147896926.11503130        10098.631520997338        1.6659590157383093     
   3.6500000000000021      -0.59999999999999942        37368260.138614312        137270599.01731941        12321.798419794999        1.6659771920079272     
   3.6500000000000021      -0.51999999999999935        44361905.073943987        125540558.01630601        14787.876458733397        1.6660068630846163     
   3.6500000000000021      -0.43999999999999939        51973325.062982902        113643908.45122634        17494.980900950701        1.6660475300695430     
   3.6500000000000021      -0.35999999999999938        60220962.160270952        102425954.20138845        20456.567544368503        1.6660976756656976     
   3.6500000000000021      -0.27999999999999936        69204069.754824743        92791260.983906955        23723.752663731990        1.6661548535937591     
   3.6500000000000021      -0.19999999999999929        79188084.238372609        85779928.026266724        27426.379462136083        1.6662159942185397     
   3.6500000000000021      -0.11999999999999930        90618260.476051092        81683323.871675730        31779.570873573372        1.6662778560082154     
   3.6500000000000021       -3.9999999999999321E-002   103520139.93592095        76689067.179124564        36793.879186005761        1.6663374917954603     
   3.6500000000000021        4.0000000000000667E-002   119265445.18788372        77845149.997552931        43128.907445079916        1.6663925995112532     
   3.6500000000000021       0.12000000000000069        138149238.11120948        77655050.154206067        50921.672836477999        1.6664416855521067     
   3.6500000000000021       0.20000000000000070        161123694.33817682        78582477.378695056        60623.928854860183        1.6664840459126493     
   3.6500000000000021       0.28000000000000075        189526558.23123616        80805813.685105264        72867.795774846483        1.6665196354047271     
   3.6500000000000021       0.36000000000000076        224608919.72609907        83017431.873002186        88182.473368149149        1.6665491830949382     
   3.6500000000000021       0.44000000000000072        256540397.34655410        62849161.945435092        100731.27349863126        1.6665775148454600     
   3.6500000000000021       0.52000000000000068        230609753.13528645       -42451572.441218004        83450.155482639835        1.6666164389762863     
   3.6500000000000021       0.60000000000000075        201695851.76182365       -39371972.259439513        70297.337209328674        1.6666518948849827     
   3.6500000000000021       0.68000000000000060        212579493.52919623        12326923.868918089        75111.151366217804        1.6666644812129525     
   3.6500000000000021       0.76000000000000068        226790448.61559388        13387631.262554899        79630.510653232297        1.6666655494976490     
   3.6500000000000021       0.84000000000000052        317629607.63154358        71179278.257986337        112087.37099777102        1.6666653559192710     
   3.6500000000000021       0.92000000000000060        1252440623.1535244        609262287.17350459        446648.83476919268        1.6666636138553657     
   3.6500000000000021        1.0000000000000004        11246420574.148323        5417749852.9019899        4017322.3826446957        1.6666256479137105     
   3.6500000000000021        1.0800000000000005        214945472038.53900        91847953029.132202        75097210.196253121        1.6662342738388913     
   3.6500000000000021        1.1600000000000006        1557198774335.4646        503402022731.90765        569547735.22242475        1.6655360668596648     
   3.6500000000000021        1.2400000000000007        359968371222.71698       -373472141707.87122        193424666.24541768        1.6659185164246368     
   3.6500000000000021        1.3200000000000007        38724111212.681465       -83351966713.563751        13575078.795129148        1.6666554066517714     
   3.6500000000000021        1.4000000000000008        29460981433.827065       -1999117052.9874144        10380236.228034858        1.6666666666666665     
   3.6500000000000021        1.4800000000000009        11969458127.374599       -3139844268.2645993        4279202.0592138218        1.6666666666666665     
   3.6500000000000021        1.5600000000000009        11527366561.952953       -66007411.836671881        4127057.7696849513        1.6666666666666667     
   3.6500000000000021        1.6400000000000010        12204815212.710651        84131156.181830868        4369710.2531407615        1.6666666666666667     
   3.6500000000000021        1.7200000000000011        12950834760.386244        77060297.696345747        4636816.0947562009        1.6666666666666665     
   3.6500000000000021        1.8000000000000012        13755888887.823921        69168053.815075129        4925059.3803375242        1.6666666666666667     
   3.6500000000000021        1.8800000000000012        14625911027.826056        62174282.145413749        5236565.1678485358        1.6666666666666667     
   3.6500000000000021        1.9600000000000013        15567525930.021194        55969805.574385665        5573705.6264534499        1.6666666666666667     
   3.7500000000000018       -1.9600000000000000       -635868.84368992038       -179529.95163549422       -121.82117041488378        1.6662594993351028     
   3.7500000000000018       -1.8799999999999999       -607704.11467480066        11582066.447822265       -116.59910195488038        1.6662261145815078     
   3.7500000000000018       -1.7999999999999998       -511255.47195635346        32989565.497231729       -96.405683618218049        1.6661908691634473     
   3.7500000000000018       -1.7199999999999998       -285102.25416415278        64340324.447596453       -47.759329520392590        1.6661538680272432     
   3.7500000000000018       -1.6399999999999997        143355.94848632294        101388555.76804104        45.078782176858901        1.6661152819993736     
   3.7500000000000018       -1.5599999999999996        838701.27696141624        136861412.04232228        195.84132548672059        1.6660753651276490     
   3.7500000000000018       -1.4799999999999995        1844278.3756134058        164625023.19979143        413.96529654079058        1.6660344756916792     
   3.7500000000000018       -1.3999999999999995        3189834.1357544353        183223921.86902905        707.90042031850851        1.6659931012009122     
   3.7500000000000018       -1.3199999999999994        4918774.9523109244        195821603.42182919        1093.1263599514527        1.6659518872691197     
   3.7500000000000018       -1.2399999999999993        7115604.0261565316        206955390.46250129        1599.1937097449220        1.6659116693555756     
   3.7500000000000018       -1.1599999999999993        9912735.6467297077        219176192.40621993        2270.2591625444593        1.6658735047093765     
   3.7500000000000018       -1.0799999999999992        13471638.909777040        231951218.57466799        3158.3633101445203        1.6658386991109599     
   3.7500000000000018      -0.99999999999999911        17949988.238746352        242771914.06464753        4313.2966559233164        1.6658088189336202     
   3.7500000000000018      -0.91999999999999926        23471607.851122607        248969965.81789482        5773.9006466343617        1.6657856738375991     
   3.7500000000000018      -0.83999999999999919        30108189.350123111        248900006.04989874        7563.0147817863935        1.6657712502840683     
   3.7500000000000018      -0.75999999999999934        37880226.635811426        242446182.70407361        9688.3646072063584        1.6657675740369993     
   3.7500000000000018      -0.67999999999999927        46771390.913824059        230695492.86968908        12147.416357211252        1.6657764860635025     
   3.7500000000000018      -0.59999999999999942        56747020.076028347        215288469.97226831        14933.145860819563        1.6657993366577339     
   3.7500000000000018      -0.51999999999999935        67771410.328190953        197895105.74871311        18039.211880445051        1.6658366393023802     
   3.7500000000000018      -0.43999999999999939        79832570.788043052        180081695.28010198        21468.152829610466        1.6658877698942391     
   3.7500000000000018      -0.35999999999999938        92982695.686915144        163309087.77221745        25245.977915342577        1.6659508246959462     
   3.7500000000000018      -0.27999999999999936        107430485.84775278        149238852.29514495        29457.026615514671        1.6660227318265308     
   3.7500000000000018      -0.19999999999999929        123710610.56236957        139874389.06260669        34308.768044790930        1.6660996345097268     
   3.7500000000000018      -0.11999999999999930        142710814.79185382        135780919.15931493        40142.182181568111        1.6661774580413591     
   3.7500000000000018       -3.9999999999999321E-002   164476998.57002196        129378695.18848731        46972.957203672297        1.6662524960187963     
   3.7500000000000018        4.0000000000000667E-002   191732303.66916561        134750853.01426104        55842.487923443383        1.6663218519208525     
   3.7500000000000018       0.12000000000000069        225047045.88299304        136998853.35501707        66962.883209887543        1.6663836453924785     
   3.7500000000000018       0.20000000000000070        266290892.63889539        141071615.47970551        81041.156248924322        1.6664369893904960     
   3.7500000000000018       0.28000000000000075        318078661.35000509        147335592.82590020        99061.411193881751        1.6664818302440918     
   3.7500000000000018       0.36000000000000076        382553064.98833996        152569530.20057306        121710.72693407109        1.6665191921881184     
   3.7500000000000018       0.44000000000000072        434940604.93854672        103111826.56152247        137474.03498343859        1.6665562672226160     
   3.7500000000000018       0.52000000000000068        367282485.32029003       -110764450.84858176        105319.11492308513        1.6666074767880570     
   3.7500000000000018       0.60000000000000075        315096445.82770741       -71061572.518115908        87385.757259935795        1.6666510938763359     
   3.7500000000000018       0.68000000000000060        335184776.07405609        22752248.088757563        94478.830093485638        1.6666644897412963     
   3.7500000000000018       0.76000000000000068        355877990.47144699        19494335.342346583        99474.016788163033        1.6666653452564044     
   3.7500000000000018       0.84000000000000052        499706079.99773073        112700070.28475890        140306.94061173164        1.6666651095508613     
   3.7500000000000018       0.92000000000000060        1981104063.1380746        965499880.12104285        561503.28854261339        1.6666628769741028     
   3.7500000000000018        1.0000000000000004        17797676619.551060        8574185065.5194187        5048355.1276516756        1.6666147627030048     
   3.7500000000000018        1.0800000000000005        334809850116.42737        142940867970.09082        92366707.009859726        1.6661264964449982     
   3.7500000000000018        1.1600000000000006        2493837753164.8701        809727204000.41638        721767880.65702546        1.6652158280529714     
   3.7500000000000018        1.2400000000000007        973411840975.38989       -474291932661.58118        472715531.89003193        1.6656667245672565     
   3.7500000000000018        1.3200000000000007        60600268100.232178       -236843577642.97195        16857623.642122507        1.6666263607253216     
   3.7500000000000018        1.4000000000000008        46220700752.693344       -3103318099.3175120        12914930.262995105        1.6666666666666667     
   3.7500000000000018        1.4800000000000009        18948122581.261768       -4895608389.9667521        5377713.2561723851        1.6666666666666667     
   3.7500000000000018        1.5600000000000009        18269753901.726120       -101285263.75413269        5195639.6549701840        1.6666666666666667     
   3.7500000000000018        1.6400000000000010        19343732695.966942        133375537.13213627        5501203.1941217706        1.6666666666666667     
   3.7500000000000018        1.7200000000000011        20526133826.865894        122136455.30799301        5837475.9924997762        1.6666666666666667     
   3.7500000000000018        1.8000000000000012        21802102626.180180        109627757.40089546        6200359.7634864030        1.6666666666666665     
   3.7500000000000018        1.8800000000000012        23181044839.421516        98543172.968078539        6592530.2485806169        1.6666666666666667     
   3.7500000000000018        1.9600000000000013        24673460822.146587        88709548.027009934        7016973.9644022025        1.6666666666666667     
   3.8500000000000023       -1.9600000000000000       -854927.15474168712       -1640204.3588642930       -134.08650141067122        1.6661543034803150     
   3.8500000000000023       -1.8799999999999999       -819100.29782431270        14732932.001969323       -129.39648111953682        1.6661123136989280     
   3.8500000000000023       -1.7999999999999998       -689219.16110538854        44424909.940431356       -108.93231277808619        1.6660679870152888     
   3.8500000000000023       -1.7199999999999998       -380532.39237555803        87821022.608692735       -58.413183688247649        1.6660214559430471     
   3.8500000000000023       -1.6399999999999997        206791.90916445709        138981964.47692508        38.829414826200527        1.6659729358168192     
   3.8500000000000023       -1.5599999999999996        1161345.4155399851        187880086.91883248        197.49181637959660        1.6659227465545769     
   3.8500000000000023       -1.4799999999999995        2544360.0153829283        226416065.84915867        428.52287743767852        1.6658713390181281     
   3.8500000000000023       -1.3999999999999995        4405123.6808470767        253379626.88517436        743.88377469015552        1.6658193263700039     
   3.8500000000000023       -1.3199999999999994        6824247.7848082334        273992467.74540585        1166.3478295615457        1.6657675202869344     
   3.8500000000000023       -1.2399999999999993        9953930.4473086428        294836182.36518908        1737.3513830471420        1.6657169707640087     
   3.8500000000000023       -1.1599999999999993        14024004.025813295        318920719.77900344        2516.5244389260679        1.6656690061712807     
   3.8500000000000023       -1.0799999999999992        19308073.255896125        344388764.27935088        3572.5056877629709        1.6656252667879021     
   3.8500000000000023      -0.99999999999999911        26069670.746423412        366547101.24808919        4970.0913642238256        1.6655877199360718     
   3.8500000000000023      -0.91999999999999926        34514800.813006923        380791124.99749249        6759.5842474659376        1.6655586383042429     
   3.8500000000000023      -0.83999999999999919        44763834.939220160        384382329.42732370        8970.7814943043668        1.6655405166163342     
   3.8500000000000023      -0.75999999999999934        56855316.126105785        377189834.43334264        11614.731034362401        1.6655358992520544     
   3.8500000000000023      -0.67999999999999927        70771510.366740003        361077940.84432703        14690.572731199451        1.6655470992119765     
   3.8500000000000023      -0.59999999999999942        86469409.456225514        338783310.98743683        18193.197904344859        1.6655758143665564     
   3.8500000000000023      -0.51999999999999935        103908852.76073278        313049556.30241323        22119.878503783391        1.6656226929014437     
   3.8500000000000023      -0.43999999999999939        123096237.04657380        286481280.27868146        26481.869685530499        1.6656869552389493     
   3.8500000000000023      -0.35999999999999938        144161102.49777293        261600858.34431058        31326.515228259552        1.6657662146869943     
   3.8500000000000023      -0.27999999999999936        167537596.62191707        241468149.44945246        36791.811983370761        1.6658566160946859     
   3.8500000000000023      -0.19999999999999929        194301090.95017445        229944640.10367730        43208.726035793203        1.6659533159399476     
   3.8500000000000023      -0.11999999999999930        226222294.99907231        228118096.73632386        51117.723654713322        1.6660511939014542     
   3.8500000000000023       -3.9999999999999321E-002   263386258.35705721        220903449.87859437        60542.768445013018        1.6661455896688313     
   3.8500000000000023        4.0000000000000667E-002   311203717.27571166        236410612.71647698        73128.948142503359        1.6662328588993962     
   3.8500000000000023       0.12000000000000069        370784359.95221692        245011042.75236875        89206.414834050724        1.6663106338834690     
   3.8500000000000023       0.20000000000000070        445809581.63853830        256618382.07411489        109884.13464077208        1.6663777961885984     
   3.8500000000000023       0.28000000000000075        541401028.16038394        271956540.95365781        136696.54763876073        1.6664342827478968     
   3.8500000000000023       0.36000000000000076        661017335.79313791        283055023.85454583        170449.13594383313        1.6664815499422785     
   3.8500000000000023       0.44000000000000072        743386918.53973210        162124011.51465547        188801.26878193658        1.6665302863104496     
   3.8500000000000023       0.52000000000000068        583748091.34661245       -261347893.31901845        132499.49590340455        1.6665972782459666     
   3.8500000000000023       0.60000000000000075        493015345.91581106       -123550505.68869218        108904.89720799013        1.6666504646147002     
   3.8500000000000023       0.68000000000000060        529883874.28422153        41757671.932834826        119176.12612581681        1.6666644747825963     
   3.8500000000000023       0.76000000000000068        559149845.45974064        27570422.132530190        124423.54613149825        1.6666650947977133     
   3.8500000000000023       0.84000000000000052        786912381.06999028        178468989.30559182        175800.16895491627        1.6666648112482505     
   3.8500000000000023       0.92000000000000060        3134671567.5273194        1530150060.1968088        706103.45739422913        1.6666619562468594     
   3.8500000000000023        1.0000000000000004        28158457195.002625        13565427544.089718        6341876.7933330908        1.6666011448618687     
   3.8500000000000023        1.0800000000000005        519448450249.51923        221522780206.18176        113018053.49608308        1.6659960836146972     
   3.8500000000000023        1.1600000000000006        3967444837504.3770        1293145155795.9644        902001012.62704766        1.6648214445085543     
   3.8500000000000023        1.2400000000000007        2883148786581.2798       -338242636781.33478        1168957910.8937893        1.6652856786525594     
   3.8500000000000023        1.3200000000000007        94783766229.645065       -723485949147.71204        20923861.085864205        1.6665221479256473     
   3.8500000000000023        1.4000000000000008        72442993181.755554       -4821461152.2457800        16050774.033173237        1.6666666666666665     
   3.8500000000000023        1.4800000000000009        29983530227.766815       -7621754781.0999136        6754818.8236088250        1.6666666666666667     
   3.8500000000000023        1.5600000000000009        28955652473.280544       -153469451.95260397        6540882.8681712141        1.6666666666666670     
   3.8500000000000023        1.6400000000000010        30658258681.626457        211443669.81954190        6925668.3175042449        1.6666666666666670     
   3.8500000000000023        1.7200000000000011        32532288731.288494        193578457.78814965        7349017.2493303102        1.6666666666666670     
   3.8500000000000023        1.8000000000000012        34554618382.063759        173753045.10500053        7805867.8243292319        1.6666666666666667     
   3.8500000000000023        1.8800000000000012        36740157515.647346        156184906.66333589        8299589.1471041339        1.6666666666666667     
   3.8500000000000023        1.9600000000000013        39105549125.858040        140599419.38274372        8833941.1520306710        1.6666666666666670     
   3.9500000000000020       -1.9600000000000000       -1162567.2513712021       -4606042.7581926929       -149.57818649395068        1.6660220041886298     
   3.9500000000000020       -1.8799999999999999       -1119019.2824839503        17908053.333269499       -145.82409221682585        1.6659692041497867     
   3.9500000000000020       -1.7999999999999998       -947801.87651250418        58563683.939543910       -125.72591821753747        1.6659134708755938     
   3.9500000000000020       -1.7199999999999998       -533464.21643515758        117878576.92447031       -74.357228302379184        1.6658549718123346     
   3.9500000000000020       -1.6399999999999997        259792.69710991107        187712995.85308337        25.769598405693845        1.6657939784845923     
   3.9500000000000020       -1.5599999999999996        1553007.9435748723        254537216.91637731        190.43086809209512        1.6657308937836055     
   3.9500000000000020       -1.4799999999999995        3434364.4163233447        308000603.22424114        432.73047214200636        1.6656662850106441     
   3.9500000000000020       -1.3999999999999995        5988083.9779612850        347739222.18423682        769.65367365429552        1.6656009231730631     
   3.9500000000000020       -1.3199999999999994        9361959.1080232784        382128544.47478187        1233.8647066178723        1.6655358283571360     
   3.9500000000000020       -1.2399999999999993        13825272.431245336        420472745.26776552        1882.2914164940751        1.6654723195923569     
   3.9500000000000020       -1.1599999999999993        19771004.044820618        465892561.70422256        2794.2581283838513        1.6654120650281972     
   3.9500000000000020       -1.0799999999999992        27656840.586174645        513958728.30820042        4059.2676000453257        1.6653571239426537     
   3.9500000000000020      -0.99999999999999911        37918316.704767495        556275988.19156945        5760.9492204533144        1.6653099657134787     
   3.9500000000000020      -0.91999999999999926        50894752.715090968        585107822.83641756        7964.1227759802005        1.6652734427002516     
   3.9500000000000020      -0.83999999999999919        66786578.933153376        596011009.94772434        10707.713800389691        1.6652506859181331     
   3.9500000000000020      -0.75999999999999934        85665414.321964949        588919147.66600084        14007.804210382032        1.6652448891570422     
   3.9500000000000020      -0.67999999999999927        107519432.46482934        567037491.26746976        17867.266344909305        1.6652589568945095     
   3.9500000000000020      -0.59999999999999942        132305277.44949335        534914295.32440931        22285.931144618400        1.6652950232668451     
   3.9500000000000020      -0.51999999999999935        159993583.58026448        497023431.17587197        27269.047233754154        1.6653539069005299     
   3.9500000000000020      -0.43999999999999939        190646789.03577521        457674136.95989698        32843.862597593186        1.6654346358455236     
   3.9500000000000020      -0.35999999999999938        224565034.29978171        421224721.09556454        39093.325082429859        1.6655342209626836     
   3.9500000000000020      -0.27999999999999936        262643602.70620397        393333636.68448758        46241.644280531196        1.6656478277944786     
   3.9500000000000020      -0.19999999999999929        307041982.45703989        381458763.48490620        54815.930303183668        1.6657693771776056     
   3.9500000000000020      -0.11999999999999930        361292420.94800931        387689222.39630359        65672.663317624188        1.6658924375786475     
   3.9500000000000020       -3.9999999999999321E-002   425557103.44833779        381990745.52216548        78849.347587345415        1.6660111507587536     
   3.9500000000000020        4.0000000000000667E-002   510593551.58156115        420422148.33305389        96945.652233087152        1.6661209317303589     
   3.9500000000000020       0.12000000000000069        618573512.34504330        444041581.20055431        120477.96257334894        1.6662187984336527     
   3.9500000000000020       0.20000000000000070        756762677.01368392        472666112.28028423        151189.00494595812        1.6663033395298394     
   3.9500000000000020       0.28000000000000075        935208668.28332233        507676746.17882222        191473.84649274018        1.6663744820480320     
   3.9500000000000020       0.36000000000000076        1158890101.7103164        529310381.89946443        242071.51878613100        1.6664343213897150     
   3.9500000000000020       0.44000000000000072        1278806447.0455251        236025463.57107323        260327.19065158136        1.6664986645398223     
   3.9500000000000020       0.52000000000000068        925325748.13008916       -578690269.87229717        166079.02223504809        1.6665857916547937     
   3.9500000000000020       0.60000000000000075        773155186.23341715       -207210194.99630281        136207.24261400555        1.6666500239936808     
   3.9500000000000020       0.68000000000000060        840018480.68845999        75730050.472925559        150791.04610614851        1.6666644141243476     
   3.9500000000000020       0.76000000000000068        879604530.81499517        37292598.492717408        155808.78830191429        1.6666647889461395     
   3.9500000000000020       0.84000000000000052        1240332622.6113391        282657451.91383928        220458.18536808126        1.6666644479115975     
   3.9500000000000020       0.92000000000000060        4961413523.7136984        2425211323.9138021        888183.14645060420        1.6666608042767914     
   3.9500000000000020        1.0000000000000004        44537060243.567268        21454010839.159763        7963466.9477397064        1.6665841394999874     
   3.9500000000000020        1.0800000000000005        802170182060.61426        341616963288.27368        137462588.23231524        1.6658397512622223     
   3.9500000000000020        1.1600000000000006        6243883531980.1357        2040873732840.8708        1106830921.3099909        1.6643471719743375     
   3.9500000000000020        1.2400000000000007        8074649524235.6699        571101514224.76038        2524167928.7843857        1.6646744700802423     
   3.9500000000000020        1.3200000000000007        148557188130.17834       -2056551561565.8286        26145262.004459348        1.6662449347197492     
   3.9500000000000020        1.4000000000000008        113437576622.96106       -7579318862.4691772        19932042.391063813        1.6666666666660919     
   3.9500000000000020        1.4800000000000009        47422416270.675026       -11850158457.853182        8478988.8488242701        1.6666666666666665     
   3.9500000000000020        1.5600000000000009        45891520289.952400       -228573647.14091948        8234415.5474953195        1.6666666666666665     
   3.9500000000000020        1.6400000000000010        48590704908.107758        335206989.37054223        8718963.5400082711        1.6666666666666665     
   3.9500000000000020        1.7200000000000011        51560906663.771652        306807820.54949492        9251934.9493470080        1.6666666666666667     
   3.9500000000000020        1.8000000000000012        54766152891.543373        275386009.48324895        9827082.7220180240        1.6666666666666667     
   3.9500000000000020        1.8800000000000012        58230078310.013977        247542064.04233965        10448648.975010136        1.6666666666666665     
   3.9500000000000020        1.9600000000000013        61979061611.862831        222840426.60851383        11121367.318134848        1.6666666666666667     
