  0.12589254117941673        1145.4238945146008        27.982641813448978        36.340034548629774        31.158084865295926        1.6666666666666667     
  0.12589254117941673        1258.5816295658865        78.446357973737989        79.856353743963382        67.191094869596640        1.6666666666666667     
  0.12589254117941673        1382.9183465323026        195.34282569735012        164.02808402787628        135.74319993535337        1.6666666666666667     
  0.12589254117941673        1519.5384298079177        447.92443160541126        313.20477161642657        254.50833096203868        1.6666666666666667     
  0.12589254117941673        1669.6553671827205        959.05433576491964        560.91436125257133        446.80335507565860        1.6666666666666667     
  0.12589254117941673        1834.6025282917387        1931.6596662277448        941.47763512523852        732.52181800969538        1.6666666666666667     
  0.12589254117941673        2015.8450078794640        1935.7863983409604        2.1604137145914137E-002  -190.55307703906729        1.6666666666666667     
  0.12589254117941673        2214.9926390738938        1935.8197149875289        2.0599653680619667E-002  -173.42269678188572        1.6666666666666667     
  0.12589254117941673        2433.8142922567858        1935.8546216949687        1.9642744746306562E-002  -157.83239493413922        1.6666666666666667     
  0.12589254117941673        2674.2535865356385        1935.8911959732768        1.8731050204223720E-002  -143.64370932875269        1.6666666666666667     
  0.12589254117941673        2938.4461533699364        1935.9295189347163        1.7862334971141536E-002  -130.73062653875317        1.6666666666666667     
  0.12589254117941673        3228.7386056907535        1935.9696755931325        1.7034486745615141E-002  -118.97846264335561        1.6666666666666667     
  0.12589254117941673        3547.7093810013553        1936.0117551169078        1.6245509186774143E-002  -108.28284461972291        1.6666666666666667     
  0.12589254117941673        3898.1916435915168        1936.0558508194986        1.5493510545638856E-002  -98.548783305438647        1.6666666666666667     
  0.12589254117941673        4283.2984492877567        1936.1020605683368        1.4635971865573083E-002  -89.689970454359781        1.6666666666666667     
  0.12589254117941673        4706.4503962579947        1936.1504869004182        1.4227612155082170E-002  -81.627173031207064        1.6666666666666667     
  0.12589254117941673        5171.4060074707941        1936.2012373436880        1.3313944009496481E-002  -74.289740860133904        1.6666666666666667     
  0.12589254117941673        5682.2951146724481        1936.2544244431949        1.2698792488663457E-002  -67.611703124887796        1.6666666666666667     
  0.12589254117941673        6243.6555404053188        1936.3101662807424        1.2112278682252509E-002  -61.534021602858168        1.6666666666666667     
  0.12589254117941673        6860.4734038846545        1936.3685865342402        1.1775216535170330E-002  -56.002499504888632        1.6666666666666667     
  0.12589254117941673        7538.2274087390351        1936.4298148437679        1.1019789099009358E-002  -50.968681406545805        1.6666666666666667     
  0.12589254117941673        8282.9375059872782        1936.4939870824242        1.0511292884984869E-002  -46.387195208482652        1.6666666666666667     
  0.12589254117941673        9101.2183644864454        1936.5612457604586        1.0026384416050860E-002  -42.217576823774998        1.6666666666666667     
  0.12589254117941673        10000.338123786458        1936.6317400108985        9.5639484243292827E-003  -38.422797933289360        1.6666666666666667     
  0.12589254117941673        10988.282951246380        1936.7056263772820        9.1229344434395898E-003  -34.969159280500129        1.6666666666666667     
  0.12589254117941673        12073.827976821927        1936.7830687523608        8.7023408923414536E-003  -31.825991368317617        1.6666666666666667     
  0.12589254117941673        13266.615235581701        1936.8642390910311        8.3012059803877492E-003  -28.965382074843397        1.6666666666666667     
  0.12589254117941673        14577.239310253626        1936.9493175005389        7.9186224866134580E-003  -26.361928724177357        1.6666666666666667     
  0.12589254117941673        16017.341434496371        1937.0384927259547        7.5537252541835187E-003  -23.992512480513536        1.6666666666666667     
  0.12589254117941673        17599.712892740492        1937.1319627635460        7.2056855060509406E-003  -21.836093020813369        1.6666666666666667     
  0.12589254117941673        19338.408635017982        1937.2299350909586        6.8737267611140851E-003  -19.873521641685045        1.6666666666666667     
  0.12589254117941673        21248.872115930611        1937.3326270377052        6.5570907281653490E-003  -18.087371220145013        1.6666666666666667     
  0.12589254117941673        23348.072466602614        1937.4402664523493        6.2550736856792355E-003  -16.461781397396301        1.6666666666666667     
  0.12589254117941673        25654.655218007207        1937.5530923871895        5.9669935126294149E-003  -14.982317746916042        1.6666666666666667     
  0.12589254117941673        28189.107914422781        1937.6713552092144        5.6922021940408740E-003  -13.635843557054120        1.6666666666666667     
  0.12589254117941673        30973.942088031603        1937.7953173034759        5.4300869578582933E-003  -12.410403156630831        1.6666666666666667     
  0.12589254117941673        34033.893210997012        1937.9252537397726        4.7815899506531423E-003  -11.295514210821317        1.6666666666666667     
  0.12589254117941673        37396.140401034725        1938.0614530002267        4.5614365262736101E-003  -10.280458855099358        1.6666666666666667     
  0.12589254117941673        41090.547831948541        1938.2042173911802        4.3514273784239776E-003  -9.3566424517857421        1.6666666666666667     
  0.12589254117941673        45149.929993388658        1938.3538635846232        4.1511043491482269E-003  -8.5158628813754156        1.6666666666666667     
  0.12589254117941673        49610.343155924507        1938.5107238475121        3.9600070067535853E-003  -7.7506554422975391        1.6666666666666667     
  0.12589254117941673        54511.405630285117        1938.6751461593515        3.7777158468088601E-003  -7.0542265080240272        1.6666666666666667     
  0.12589254117941673        59896.649665375713        1938.8474955794077        3.6038227335666306E-003  -6.4203932228335212        1.6666666666666667     
  0.12589254117941673        65813.908110701348        1939.0281544591471        3.4379388580418890E-003  -5.8435285798983463        1.6666666666666667     
  0.12589254117941673        72315.739277613073        1939.2175238397294        3.2796970117487945E-003  -5.3185114462031651        1.6666666666666667     
  0.12589254117941673        79459.893773082033        1939.4160240259739        4.1716577925399179E-003  -4.8396381734837712        1.6666666666666667     
  0.12589254117941673        87309.827452515252        1939.6240954814193        3.9796532291802578E-003  -4.4048008619825154        1.6666666666666667     
  0.12589254117941673        95935.265047766443        1939.8421999525071        3.7964946386637166E-003  -4.0090459818134221        1.6666666666666667     
  0.12589254117941673        105412.81947660125        1940.0708215580821        3.6217670640326105E-003  -3.6488602942641530        1.6666666666666667     
  0.12589254117941673        115826.67233445279        1940.3104675702657        2.5913107037922600E-003  -3.3219101677971259        1.6666666666666667     
  0.15848931924611134        1145.4238945146008      -0.74737738194066072        6.1040188282146524        5.7302803736703414        1.6666666666666667     
  0.15848931924611134        1258.5816295658863        6.7371497509432183        16.181959773824417        14.357566219340573        1.6666666666666667     
  0.15848931924611134        1382.9183465323024        27.602400759526272        39.821173949778910        34.395043447698967        1.6666666666666667     
  0.15848931924611134        1519.5384298079173        81.408255694021960        90.041674724261611        76.265602648695491        1.6666666666666667     
  0.15848931924611134        1669.6553671827198        210.12166983514641        190.88750566055523        159.10921988506615        1.6666666666666667     
  0.15848931924611134        1834.6025282917383        496.82356766396447        375.51184703232821        307.58619997743608        1.6666666666666667     
  0.15848931924611134        2015.8450078794638        1093.8402240375867        691.57070412984467        555.83326336217056        1.6666666666666667     
  0.15848931924611134        2214.9926390738929        2260.7725474067720        1197.2662615244190        942.24072892115441        1.6666666666666667     
  0.15848931924611134        2433.8142922567854        3069.2672463766035        3.4972440516867209E-002  -314.97322426597043        1.6666666666666667     
  0.15848931924611134        2674.2535865356381        3069.3189684460435        3.3345688734698342E-002  -286.65762650140789        1.6666666666666667     
  0.15848931924611134        2938.4461533699350        3069.3731579339128        3.1796084840607364E-002  -260.88769868073894        1.6666666666666667     
  0.15848931924611134        3228.7386056907526        3069.4299350564961        3.0031010282982606E-002  -237.43485863871916        1.6666666666666667     
  0.15848931924611134        3547.7093810013548        3069.4894258136865        2.8637762170546921E-002  -216.09022165711642        1.6666666666666667     
  0.15848931924611134        3898.1916435915159        3069.5517621935728        2.7572709768719506E-002  -196.66426124313972        1.6666666666666667     
  0.15848931924611134        4283.2984492877549        3069.6170825109839        2.6295288080291357E-002  -178.98499141542359        1.6666666666666667     
  0.15848931924611134        4706.4503962579938        3069.6855317377763        2.5077779355342500E-002  -162.89512457929021        1.6666666666666667     
  0.15848931924611134        5171.4060074707922        3069.7572617938567        2.4145074348780327E-002  -148.25153718869609        1.6666666666666667     
  0.15848931924611134        5682.2951146724472        3069.8324317337961        2.3028308078210102E-002  -134.92464691268330        1.6666666666666667     
  0.15848931924611134        6243.6555404053170        3069.9112084093513        2.1963692233839538E-002  -122.79585873737119        1.6666666666666667     
  0.15848931924611134        6860.4734038846536        3069.9937667125578        2.0948714336554985E-002  -111.75745752846210        1.6666666666666667     
  0.15848931924611134        7538.2274087390324        3070.0802898604202        1.9604008230089676E-002  -101.71178944057810        1.6666666666666667     
  0.15848931924611134        8282.9375059872764        3070.1709697805613        1.8698738131206483E-002  -92.568865833623363        1.6666666666666667     
  0.15848931924611134        9101.2183644864417        3070.2660077333494        1.7835548078437569E-002  -84.247885912397606        1.6666666666666667     
  0.15848931924611134        10000.338123786454        3070.3656146585085        1.7339609712507809E-002  -76.674626501871529        1.6666666666666667     
  0.15848931924611134        10988.282951246378        3070.4700115926003        1.6851674899953650E-002  -69.782192659281762        1.6666666666666667     
  0.15848931924611134        12073.827976821922        3070.5794302686836        1.5479022295039613E-002  -63.510269405937684        1.6666666666666667     
  0.15848931924611134        13266.615235581698        3070.6941134500048        1.4765187188459095E-002  -57.801608372821349        1.6666666666666667     
  0.15848931924611134        14577.239310253613        3070.8143157839777        1.4626118627347751E-002  -52.605596905093563        1.6666666666666667     
  0.15848931924611134        16017.341434496349        3070.9403037720244        1.3435135315376101E-002  -47.877722831785718        1.6666666666666667     
  0.15848931924611134        17599.712892740470        3071.0723572865272        1.3308824691193877E-002  -43.573878801377852        1.6666666666666667     
  0.15848931924611134        19338.408635017953        3071.2107692320001        1.2695495570369530E-002  -39.657400874076032        1.6666666666666667     
  0.15848931924611134        21248.872115930586        3071.3558468053079        1.2559057722683065E-002  -36.092545243228244        1.6666666666666667     
  0.15848931924611134        23348.072466602585        3071.5079120156615        1.1124695902253734E-002  -32.849433664875107        1.6666666666666667     
  0.15848931924611134        25654.655218007170        3071.6673024230681        1.0612222922645742E-002  -29.897038983054824        1.6666666666666667     
  0.15848931924611134        28189.107914422744        3071.8343716458762        1.0123401352757355E-002  -27.210041958976849        1.6666666666666667     
  0.15848931924611134        30973.942088031567        3072.0094903759673        9.6571443464199547E-003  -24.764583228517360        1.6666666666666667     
  0.15848931924611134        34033.893210996968        3072.1930475254385        9.9210501502966508E-003  -22.538239859931213        1.6666666666666667     
  0.15848931924611134        37396.140401034674        3072.3854502183358        8.7881744548212737E-003  -20.513375716699596        1.6666666666666667     
  0.15848931924611134        41090.547831948497        3072.5871256043501        7.7386198427120689E-003  -18.670524356860444        1.6666666666666667     
  0.15848931924611134        45149.929993388607        3072.7985212672602        7.3823116508719977E-003  -16.992706514809893        1.6666666666666667     
  0.15848931924611134        49610.343155924435        3073.0201063047084        8.2161614045617171E-003  -15.464527562185973        1.6666666666666667     
  0.15848931924611134        54511.405630285051        3073.2523724467483        7.8379002843576018E-003  -14.074831368670921        1.6666666666666667     
  0.15848931924611134        59896.649665375633        3073.4958350894212        7.4770764513232280E-003  -12.810048893388032        1.6666666666666667     
  0.15848931924611134        65813.908110701261        3073.7510348676615        6.1138962337281555E-003  -11.659969760150068        1.6666666666666667     
  0.15848931924611134        72315.739277612971        3074.0185378251913        5.8324599194747861E-003  -10.612289284644273        1.6666666666666667     
  0.15848931924611134        79459.893773081916        3074.2989378286488        5.5639907259319443E-003  -9.6587744840114844        1.6666666666666667     
  0.15848931924611134        87309.827452515165        3074.5928570553692        5.3078838391229510E-003  -8.7909604188921069        1.6666666666666667     
  0.15848931924611134        95935.265047766297        3074.9009480277700        6.7514383772504516E-003  -7.9994552846824707        1.6666666666666667     
  0.15848931924611134        105412.81947660110        3075.2238941728124        6.4406981437059585E-003  -7.2807011483537734        1.6666666666666667     
  0.15848931924611134        115826.67233445264        3075.5624124294372        6.1442619880835991E-003  -6.6265478725456362        1.6666666666666667     
  0.19952623149688792        1145.4238945146005       -4.9542377058586542       0.68966981333851152        1.1982816874615061        1.6666666666666667     
  0.19952623149688792        1258.5816295658863       -4.2369476837484799        2.0762243340000097        2.3600305084456696        1.6666666666666667     
  0.19952623149688792        1382.9183465323022       -1.8799970369310361        6.1145841420850999        5.8373480112319260        1.6666666666666667     
  0.19952623149688792        1519.5384298079173        5.4565723918802984        16.819423601943662        15.050036473879613        1.6666666666666667     
  0.19952623149688792        1669.6553671827201        26.636044900991578        42.768710980336522        37.172616009552549        1.6666666666666667     
  0.19952623149688792        1834.6025282917381        83.161634973620352        100.53320864599868        85.759048025524564        1.6666666666666667     
  0.19952623149688792        2015.8450078794638        222.90592036773091        219.09794828275153        183.86984351629380        1.6666666666666667     
  0.19952623149688792        2214.9926390738938        544.04285582032560        444.39811956976882        366.78147590578601        1.6666666666666667     
  0.19952623149688792        2433.8142922567854        1232.7261090024094        842.32626331413485        682.77646160957045        1.6666666666666667     
  0.19952623149688792        2674.2535865356385        2616.5291197068368        1490.9804947819794        1183.1840981400744        1.6666666666666667     
  0.19952623149688792        2938.4461533699355        4866.0309912128459        5.6343815231230110E-002  -520.61061389850977        1.6666666666666667     
  0.19952623149688792        3228.7386056907526        4866.1112873597558        5.3978837968315929E-002  -473.80818101648043        1.6666666666666667     
  0.19952623149688792        3547.7093810013548        4866.1954122549650        5.1469346544763539E-002  -431.21369875226264        1.6666666666666667     
  0.19952623149688792        3898.1916435915164        4866.2835526243416        4.9078698793891817E-002  -392.44860162035121        1.6666666666666667     
  0.19952623149688792        4283.2984492877558        4866.3759039228071        4.6800973905192222E-002  -357.16860528025188        1.6666666666666667     
  0.19952623149688792        4706.4503962579938        4866.4726712213424        4.4630601223616395E-002  -325.06037902115162        1.6666666666666667     
  0.19952623149688792        5171.4060074707922        4866.5740690477896        4.2562296584947035E-002  -295.83876278671295        1.6666666666666667     
  0.19952623149688792        5682.2951146724472        4866.6803225028707        4.0591094148112461E-002  -269.24423440955235        1.6666666666666667     
  0.19952623149688792        6243.6555404053188        4866.7916673718728        3.8712259993189946E-002  -245.04060460650172        1.6666666666666667     
  0.19952623149688792        6860.4734038846536        4866.9083506737925        3.7272980080160778E-002  -223.01256747496228        1.6666666666666667     
  0.19952623149688792        7538.2274087390333        4867.0306314013214        3.5549469430407044E-002  -202.96521418374641        1.6666666666666667     
  0.19952623149688792        8282.9375059872764        4867.1587810124229        3.3906371754710563E-002  -184.72013601122103        1.6666666666666667     
  0.19952623149688792        9101.2183644864435        4867.2930835639872        3.2339844437956344E-002  -168.11529990708783        1.6666666666666667     
  0.19952623149688792        10000.338123786454        4867.4338374647814        3.0264232009358238E-002  -153.00382269888911        1.6666666666666667     
  0.19952623149688792        10988.282951246378        4867.5813548933411        2.9422085390251596E-002  -139.24975125641527        1.6666666666666667     
  0.19952623149688792        12073.827976821924        4867.7359632248827        2.7534588298294693E-002  -126.73322008036520        1.6666666666666667     
  0.19952623149688792        13266.615235581701        4867.8980056781056        2.7274222702544648E-002  -115.34039379197141        1.6666666666666667     
  0.19952623149688792        14577.239310253615        4868.0678417131749        2.5052477212739177E-002  -104.97369211033715        1.6666666666666667     
  0.19952623149688792        16017.341434496351        4868.2458482881857        2.3897036953712814E-002  -95.538014135577640        1.6666666666666667     
  0.19952623149688792        17599.712892740463        4868.4324204903714        2.2795125005359296E-002  -86.950577248245864        1.6666666666666667     
  0.19952623149688792        19338.408635017939        4868.6279725575905        2.2580538825422991E-002  -79.134285844386397        1.6666666666666667     
  0.19952623149688792        21248.872115930557        4868.8329381244839        2.0741936168633401E-002  -72.022245719638022        1.6666666666666667     
  0.19952623149688792        23348.072466602553        4869.0477722008709        2.0547004169202410E-002  -65.548023494680308        1.6666666666666667     
  0.19952623149688792        25654.655218007138        4869.2729516399104        1.8874261513701640E-002  -59.657253801151178        1.6666666666666667     
  0.19952623149688792        28189.107914422704        4869.5089763740916        1.8004648154601455E-002  -54.295337130701618        1.6666666666666667     
  0.19952623149688792        30973.942088031516        4869.7563697631422        1.7175188986584544E-002  -49.415421502971533        1.6666666666666667     
  0.19952623149688792        34033.893210996925        4870.0156812422547        1.6384037735406309E-002  -44.974174554628959        1.6666666666666667     
  0.19952623149688792        37396.140401034616        4870.2874859936092        1.5629402696504258E-002  -40.932159733287484        1.6666666666666667     
  0.19952623149688792        41090.547831948432        4870.5723874569640        1.4909587662259582E-002  -37.253486007522397        1.6666666666666667     
  0.19952623149688792        45149.929993388541        4870.8710178684814        1.4222982827050146E-002  -33.905489097929220        1.6666666666666667     
  0.19952623149688792        49610.343155924376        4871.1840397769884        1.3568042049882933E-002  -30.858441390827327        1.6666666666666667     
  0.19952623149688792        54511.405630284971        4871.5121481110200        1.3938943084212951E-002  -28.084292254185847        1.6666666666666667     
  0.19952623149688792        59896.649665375560        4871.8560713228035        1.1397569323889911E-002  -25.562355762791704        1.6666666666666667     
  0.19952623149688792        65813.908110701159        4872.2165719021305        1.2684972716670018E-002  -23.263480544004487        1.6666666666666667     
  0.19952623149688792        72315.739277612884        4872.5944508065922        1.0372286851634271E-002  -21.174699854262851        1.6666666666666667     
  0.19952623149688792        79459.893773081800        4872.9905458439052        1.1543929758772720E-002  -19.270367228221733        1.6666666666666667     
  0.19952623149688792        87309.827452515034        4873.4057369802467        1.1012530194420833E-002  -17.538776722123419        1.6666666666666667     
  0.19952623149688792        95935.265047766181        4873.8409447391259        9.0048069978365675E-003  -15.964326994315538        1.6666666666666667     
  0.19952623149688792        105412.81947660095        4874.2971355937707        8.5903275248710997E-003  -14.529956022576842        1.6666666666666667     
  0.19952623149688792        115826.67233445245        4874.7753213865863        8.1949337982223369E-003  -13.224503406701382        1.6666666666666667     
  0.25118864315095796        1145.4238945146010       -6.3666301884410217       0.19682319355229794        1.0476810988631697        1.6666666666666667     
  0.25118864315095796        1258.5816295658863       -6.2606283464032826       0.29674653528211081        1.0377882935156353        1.6666666666666667     
  0.25118864315095796        1382.9183465323024       -6.0360693265332790       0.68589348220182700        1.2960756626522241        1.6666666666666667     
  0.25118864315095796        1519.5384298079175       -5.3660554116807822        2.0068234609915692        2.3877239541498594        1.6666666666666667     
  0.25118864315095796        1669.6553671827203       -3.1546544212576646        6.0264736526294271        5.8492054164004905        1.6666666666666667     
  0.25118864315095796        1834.6025282917387        3.9294339328032777        17.170268750423823        15.481484081596964        1.6666666666666667     
  0.25118864315095796        2015.8450078794640        25.096475410222531        45.226572613046301        39.535980459120573        1.6666666666666667     
  0.25118864315095796        2214.9926390738933        83.588611149851758        110.05736319226855        94.432371208670247        1.6666666666666667     
  0.25118864315095796        2433.8142922567854        233.13767903619623        247.93951218896382        209.41283948695659        1.6666666666666667     
  0.25118864315095796        2674.2535865356390        587.97440730177163        516.46954665841349        428.91970446330743        1.6666666666666667     
  0.25118864315095796        2938.4461533699368        1372.2639678665910        1013.1480095549250        827.88887312038833        1.6666666666666667     
  0.25118864315095796        3228.7386056907535        2993.5911670864575        1852.6549134844572        1485.4134379320692        1.6666666666666667     
  0.25118864315095796        3547.7093810013562        6141.0720785061767        3170.8870784268584        2485.7170422510462        1.6666666666666667     
  0.25118864315095796        3898.1916435915173        7714.2305154696151        8.6963777903292794E-002  -783.11789913865584        1.6666666666666667     
  0.25118864315095796        4283.2984492877567        7714.3611140184948        8.2522342381707858E-002  -712.71728584431594        1.6666666666666667     
  0.25118864315095796        4706.4503962579956        7714.4979435551431        7.9444453149335459E-002  -648.64479186544315        1.6666666666666667     
  0.25118864315095796        5171.4060074707950        7714.6413075213522        7.5034654400951695E-002  -590.33406212507418        1.6666666666666667     
  0.25118864315095796        5682.2951146724490        7714.7915241722085        7.2241837187903002E-002  -537.26425863232839        1.6666666666666667     
  0.25118864315095796        6243.6555404053197        7714.9489267463205        6.8892959461663850E-002  -488.96622692351599        1.6666666666666667     
  0.25118864315095796        6860.4734038846564        7715.1138646147092        6.5075691964011639E-002  -445.01092721103532        1.6666666666666667     
  0.25118864315095796        7538.2274087390360        7715.2867036051803        6.2659560171596240E-002  -405.00610335142767        1.6666666666666667     
  0.25118864315095796        8282.9375059872800        7715.4678273789368        5.9190965657762717E-002  -368.59892053314866        1.6666666666666667     
  0.25118864315095796        9101.2183644864454        7715.6576377170859        5.7539041335985530E-002  -335.46316380410525        1.6666666666666667     
  0.25118864315095796        10000.338123786460        7715.8565560283259        5.4879083108971827E-002  -305.30738279753461        1.6666666666666667     
  0.25118864315095796        10988.282951246381        7716.0650238368635        5.2343157221912406E-002  -277.86262743170658        1.6666666666666667     
  0.25118864315095796        12073.827976821929        7716.2835033989713        4.9925320126931183E-002  -252.88516400077424        1.6666666666666667     
  0.25118864315095796        13266.615235581701        7716.5124796715590        4.6721474973310251E-002  -230.15407053473064        1.6666666666666667     
  0.25118864315095796        14577.239310253621        7716.7524610491437        4.4564744712261017E-002  -209.46563122534013        1.6666666666666667     
  0.25118864315095796        16017.341434496357        7717.0039799327478        4.2508158912824001E-002  -190.63706067471210        1.6666666666666667     
  0.25118864315095796        17599.712892740466        7717.2675944852290        4.0547001844970509E-002  -173.50114972455208        1.6666666666666667     
  0.25118864315095796        19338.408635017946        7717.5438899018009        4.0164336496673059E-002  -157.90423480546366        1.6666666666666667     
  0.25118864315095796        21248.872115930561        7717.8334790578856        3.6893170545226894E-002  -143.71228415571474        1.6666666666666667     
  0.25118864315095796        23348.072466602545        7718.1370047645269        3.5192183531762566E-002  -130.79479203123560        1.6666666666666667     
  0.25118864315095796        25654.655218007130        7718.4551408049210        3.4861059248214588E-002  -119.03724387516192        1.6666666666666667     
  0.25118864315095796        28189.107914422697        7718.7885933141488        3.2022667255660053E-002  -108.33911529669909        1.6666666666666667     
  0.25118864315095796        30973.942088031512        7719.1381018999145        3.0546962079824880E-002  -98.601520930268407        1.6666666666666667     
  0.25118864315095796        34033.893210996917        7719.5044422236206        2.9139459911675658E-002  -89.739282101506433        1.6666666666666667     
  0.25118864315095796        37396.140401034623        7719.8884277101342        2.7796968424809165E-002  -81.673703093914142        1.6666666666666667     
  0.25118864315095796        41090.547831948425        7720.2909104488144        2.6516468096815515E-002  -74.333163304839715        1.6666666666666667     
  0.25118864315095796        45149.929993388527        7720.7127834991416        2.5295089471910615E-002  -67.652481163468849        1.6666666666666667     
  0.25118864315095796        49610.343155924362        7721.1549834339985        2.4130081328621600E-002  -61.572335247164283        1.6666666666666667     
  0.25118864315095796        54511.405630284957        7721.6184910511274        2.3018810679786839E-002  -56.038737398870843        1.6666666666666667     
  0.25118864315095796        59896.649665375546        7722.1043355017455        2.1958808247291017E-002  -51.002553196129142        1.6666666666666667     
  0.25118864315095796        65813.908110701159        7722.6135950897296        1.9336339391884394E-002  -46.420676976748616        1.6666666666666667     
  0.25118864315095796        72315.739277612854        7723.1473994907274        2.1520363588933833E-002  -42.246040723603130        1.6666666666666667     
  0.25118864315095796        79459.893773081785        7723.7069342144232        1.7596762518223841E-002  -38.452518398445001        1.6666666666666667     
  0.25118864315095796        87309.827452515019        7724.2934399013729        1.9584417714213487E-002  -34.994380893492540        1.6666666666666667     
  0.25118864315095796        95935.265047766152        7724.9082195050587        1.6013864296837710E-002  -31.852418022959608        1.6666666666666667     
  0.25118864315095796        105412.81947660094        7725.5526366726945        1.7822799236455467E-002  -28.987770531471110        1.6666666666666667     
  0.25118864315095796        115826.67233445244        7726.2281212730541        1.4573479347745888E-002  -26.385464743286253        1.6666666666666667     
  0.31622776601683783        1145.4238945146008       -7.8167018310516703       0.29261715606132555        1.5548729435872513        1.6666666666666667     
  0.31622776601683783        1258.5816295658863       -7.7139657405797939       0.28312905453908854        1.3912460768044135        1.6666666666666667     
  0.31622776601683783        1382.9183465323026       -7.6020745541648438       0.29169887523661231        1.2598936446255331        1.6666666666666667     
  0.31622776601683783        1519.5384298079175       -7.4633119721715824       0.37149884784426490        1.2071677628273525        1.6666666666666667     
  0.31622776601683783        1669.6553671827203       -7.2220206144990726       0.71709231267647056        1.4056588303357969        1.6666666666666667     
  0.31622776601683783        1834.6025282917385       -6.5849910062947101        1.9506407186486996        2.4043794770522915        1.6666666666666667     
  0.31622776601683783        2015.8450078794635       -4.5246873123638549        5.8855484040920558        5.7895123831982627        1.6666666666666667     
  0.31622776601683783        2214.9926390738933        2.2200066603349571        17.263869030645917        15.660058891046873        1.6666666666666667     
  0.31622776601683783        2433.8142922567858        23.049056415912002        46.969866017008144        41.248303220072529        1.6666666666666667     
  0.31622776601683783        2674.2535865356381        82.653969280938341        118.09787453870513        101.79117165689597        1.6666666666666667     
  0.31622776601683783        2938.4461533699355        240.35421652012565        276.53466551754491        234.96765295653108        1.6666666666666667     
  0.31622776601683783        3228.7386056907526        626.98070941495143        597.72816209033408        500.26562245376505        1.6666666666666667     
  0.31622776601683783        3547.7093810013548        1508.4435178344331        1197.2510956059068        984.81925085299372        1.6666666666666667     
  0.31622776601683783        3898.1916435915164        3384.6626559306405        2263.5319693267775        1830.5114442005111        1.6666666666666667     
  0.31622776601683783        4283.2984492877558        7128.2236944290762        3998.2470731638386        3168.9148915289866        1.6666666666666667     
  0.31622776601683783        4706.4503962579947        12228.686981745914       0.14077665582590271       -1294.3146081919313        1.6666666666666667     
  0.31622776601683783        5171.4060074707932        12228.889729435803       0.13486841453413945       -1177.9569344318288        1.6666666666666667     
  0.31622776601683783        5682.2951146724472        12229.102145823756       0.12859905837103724       -1072.0608395851414        1.6666666666666667     
  0.31622776601683783        6243.6555404053188        12229.324702669437       0.12262643394933548       -975.68515192719860        1.6666666666666667     
  0.31622776601683783        6860.4734038846536        12229.557893108844       0.11693589840433560       -887.97393058707996        1.6666666666666667     
  0.31622776601683783        7538.2274087390333        12229.802235143034       0.11151347280247137       -808.14819015035937        1.6666666666666667     
  0.31622776601683783        8282.9375059872782        12230.058270345076       0.10634601494530216       -735.49898137749756        1.6666666666666667     
  0.31622776601683783        9101.2183644864435        12230.326567324180       0.10142111023014877       -669.38109461454201        1.6666666666666667     
  0.31622776601683783        10000.338123786456        12230.607721384220        9.6726944320835173E-002  -609.20732909143146        1.6666666666666667     
  0.31622776601683783        10988.282951246378        12230.902356126298        9.1373776740510948E-002  -554.44415599203955        1.6666666666666667     
  0.31622776601683783        12073.827976821925        12231.211125794085        8.8824799604481086E-002  -504.60174106955617        1.6666666666666667     
  0.31622776601683783        13266.615235581698        12231.534715090182        8.3121021816623397E-002  -459.24339986942283        1.6666666666666667     
  0.31622776601683783        14577.239310253615        12231.873842577854        7.9280871432274580E-002  -417.96126677697515        1.6666666666666667     
  0.31622776601683783        16017.341434496349        12232.229260459499        7.7073664215276949E-002  -380.38894351101101        1.6666666666666667     
  0.31622776601683783        17599.712892740463        12232.601757898967        7.2128259489545599E-002  -346.19713424929353        1.6666666666666667     
  0.31622776601683783        19338.408635017935        12232.992161487336        7.0122323450050317E-002  -315.07649280787200        1.6666666666666667     
  0.31622776601683783        21248.872115930557        12233.401337056408        6.5624781200313009E-002  -286.75608312394712        1.6666666666666667     
  0.31622776601683783        23348.072466602538        12233.830193713673        6.5005115175154060E-002  -260.97801542439981        1.6666666666666667     
  0.31622776601683783        25654.655218007112        12234.279682065513        5.9710528148571029E-002  -237.52193507514721        1.6666666666666667     
  0.31622776601683783        28189.107914422661        12234.750800252188        5.6957305787364021E-002  -216.17229825583505        1.6666666666666667     
  0.31622776601683783        30973.942088031457        12235.244593933738        5.4331503633875400E-002  -196.74192095520104        1.6666666666666667     
  0.31622776601683783        34033.893210996830        12235.762158758869        5.1827173592755571E-002  -179.05825683814007        1.6666666666666667     
  0.31622776601683783        37396.140401034529        12236.304643607911        4.9438649512012489E-002  -162.96427245665416        1.6666666666666667     
  0.31622776601683783        41090.547831948330        12236.873252289402        4.7160538088064641E-002  -148.31705251350880        1.6666666666666667     
  0.31622776601683783        45149.929993388418        12237.469245966215        4.4987682485952973E-002  -134.98653056347800        1.6666666666666667     
  0.31622776601683783        49610.343155924245        12238.093948806505        4.2915189624181949E-002  -122.85433380467850        1.6666666666666667     
  0.31622776601683783        54511.405630284833        12238.748746094288        4.0938366510090418E-002  -111.81273173750914        1.6666666666666667     
  0.31622776601683783        59896.649665375407        12239.435091221514        3.9052811189321801E-002  -101.76367929164682        1.6666666666666667     
  0.31622776601683783        65813.908110700999        12240.154507983401        3.7254230846883729E-002  -92.617946194353507        1.6666666666666667     
  0.31622776601683783        72315.739277612694        12240.908592198553        3.5538650990929455E-002  -84.294324238804364        1.6666666666666667     
  0.31622776601683783        79459.893773081596        12241.699017773923        3.6510045902105048E-002  -76.716298416602456        1.6666666666666667     
  0.31622776601683783        87309.827452514815        12242.527539521010        3.4828963180189021E-002  -69.821941873459366        1.6666666666666667     
  0.31622776601683783        95935.265047765919        12243.395994227256        3.3225369406864047E-002  -63.547305653211659        1.6666666666666667     
  0.31622776601683783        105412.81947660069        12244.306311950248        2.7167752705281600E-002  -57.841205950330355        1.6666666666666667     
  0.31622776601683783        115826.67233445217        12245.260511048658        2.5917024686350487E-002  -52.643675353380623        1.6666666666666667     
  0.39810717055349715        1145.4238945146008       -9.5507268119402973       0.52161144910911617        2.3634674242906781        1.6666666666666667     
  0.39810717055349715        1258.5816295658863       -9.4061573103857423       0.49644703040918614        2.1006889250401763        1.6666666666666667     
  0.39810717055349715        1382.9183465323024       -9.2548925063411698       0.47312147808398208        1.8645524043326902        1.6666666666666667     
  0.39810717055349715        1519.5384298079177       -9.0961044170990633       0.45386408699776837        1.6546791807326899        1.6666666666666667     
  0.39810717055349715        1669.6553671827203       -8.9266652715680106       0.44903729426337691        1.4782655195105796        1.6666666666666667     
  0.39810717055349715        1834.6025282917387       -8.7322196397320599       0.50612589888920922        1.3763692222348214        1.6666666666666667     
  0.39810717055349715        2015.8450078794638       -8.4491186284255235       0.80072441470235844        1.5046788975022536        1.6666666666666667     
  0.39810717055349715        2214.9926390738938       -7.8195515055350668        1.9345500141154659        2.3970174849643349        1.6666666666666667     
  0.39810717055349715        2433.8142922567858       -5.8987681363808386        5.7067493094553612        5.6328510178983011        1.6666666666666667     
  0.39810717055349715        2674.2535865356381       0.44557827967742697        17.071821034879974        15.517225747444570        1.6666666666666667     
  0.39810717055349715        2938.4461533699359        20.632914634727360        48.252316079846480        42.530366930215351        1.6666666666666667     
  0.39810717055349715        3228.7386056907535        80.436569319788532        125.97627977712023        109.15640817650073        1.6666666666666667     
  0.39810717055349715        3547.7093810013544        244.24948712646062        303.88162632263516        259.62548977250430        1.6666666666666667     
  0.39810717055349715        3898.1916435915168        659.52093620569792        678.85233167487513        571.78772015991251        1.6666666666666667     
  0.39810717055349715        4283.2984492877576        1636.8645143316242        1409.5481472793381        1169.0571811214434        1.6666666666666667     
  0.39810717055349715        4706.4503962579956        3780.5418980929844        2731.2824796899804        2226.8571877977033        1.6666666666666667     
  0.39810717055349715        5171.4060074707950        8180.1426679983715        4959.2843359869221        3966.8385233577801        1.6666666666666667     
  0.39810717055349715        5682.2951146724490        16663.354587284888        8472.3729165307304        6633.1849473134098        1.6666666666666667     
  0.39810717055349715        6243.6555404053197        19384.542777789524       0.21832183847436681       -1946.8512503181337        1.6666666666666667     
  0.39810717055349715        6860.4734038846573        19384.872540241602       0.20816880351048894       -1771.8325851598579        1.6666666666666667     
  0.39810717055349715        7538.2274087390360        19385.218037330083       0.19660650650621392       -1612.5505832594408        1.6666666666666667     
  0.39810717055349715        8282.9375059872818        19385.580036005987       0.18928227291326039       -1467.5849236874624        1.6666666666666667     
  0.39810717055349715        9101.2183644864454        19385.959339726913       0.17878317521535791       -1335.6555342550150        1.6666666666666667     
  0.39810717055349715        10000.338123786460        19386.356789482448       0.17213547835126519       -1215.5836568292993        1.6666666666666667     
  0.39810717055349715        10988.282951246381        19386.773267731376       0.16416164726251736       -1106.3080833822787        1.6666666666666667     
  0.39810717055349715        12073.827976821929        19387.209698481667       0.15656176401535049       -1006.8566030342612        1.6666666666666667     
  0.39810717055349715        13266.615235581701        19387.667049874719       0.14789553461014293       -916.34740023922291        1.6666666666666667     
  0.39810717055349715        14577.239310253623        19388.146337516439       0.14376833860296756       -833.97102392544718        1.6666666666666667     
  0.39810717055349715        16017.341434496358        19388.648623929861       0.13453523934003897       -759.00554380845426        1.6666666666666667     
  0.39810717055349715        17599.712892740466        19389.175024969245       0.12831867934437469       -690.77703522731861        1.6666666666666667     
  0.39810717055349715        19338.408635017942        19389.726707875921       0.12239162970217876       -628.68228235545041        1.6666666666666667     
  0.39810717055349715        21248.872115930564        19390.304897390575       0.11898529919562861       -572.16758883869579        1.6666666666666667     
  0.39810717055349715        23348.072466602549        19390.910876746093       0.11349293345119804       -520.73567600240847        1.6666666666666667     
  0.39810717055349715        25654.655218007119        19391.545990891616       0.10621306500979699       -473.92948205067898        1.6666666666666667     
  0.39810717055349715        28189.107914422668        19392.211648666267       0.10131292583537288       -431.32914184120756        1.6666666666666667     
  0.39810717055349715        30973.942088031465        19392.909327653681        9.6639996627345681E-002  -392.55848331962648        1.6666666666666667     
  0.39810717055349715        34033.893210996845        19393.640576309226        9.2183508968446404E-002  -357.27320587245583        1.6666666666666667     
  0.39810717055349715        37396.140401034521        19394.407017884740        8.7933403847273439E-002  -325.15996336563757        1.6666666666666667     
  0.39810717055349715        41090.547831948323        19395.210352359147        8.3879949670517817E-002  -295.93358142219728        1.6666666666666667     
  0.39810717055349715        45149.929993388418        19396.052363394509        8.0013978731585667E-002  -269.33452438586284        1.6666666666666667     
  0.39810717055349715        49610.343155924238        19396.934918984443        7.6326759881339967E-002  -245.12659025916173        1.6666666666666667     
  0.39810717055349715        54511.405630284826        19397.859977924047        7.2809907578630373E-002  -223.09481294757535        1.6666666666666667     
  0.39810717055349715        59896.649665375393        19398.829594592429        6.9455491029657423E-002  -203.04355288027713        1.6666666666666667     
  0.39810717055349715        65813.908110700984        19399.845918985429        7.1352642407873645E-002  -184.78966274191802        1.6666666666666667     
  0.39810717055349715        72315.739277612694        19400.911207621284        6.3204206526279449E-002  -168.18638950322372        1.6666666666666667     
  0.39810717055349715        79459.893773081581        19402.027823891636        6.0293277783785015E-002  -153.07096862542247        1.6666666666666667     
  0.39810717055349715        87309.827452514801        19403.198247734970        5.7516626839060336E-002  -139.31428085860853        1.6666666666666667     
  0.39810717055349715        95935.265047765919        19404.425073976749        5.4868032748345286E-002  -126.79417680098300        1.6666666666666667     
  0.39810717055349715        105412.81947660066        19405.711027996542        4.8315323510905728E-002  -115.40351505329264        1.6666666666666667     
  0.39810717055349715        115826.67233445217        19407.058962122519        4.6090717660263181E-002  -105.03288446877612        1.6666666666666667     
  0.50118723362727213        1145.4238945146008       -11.623232999831895       0.93309680710973453        3.5763267079198773        1.6666666666666667     
  0.50118723362727213        1258.5816295658865       -11.417634514495601       0.88846486797855562        3.1651115685910232        1.6666666666666667     
  0.50118723362727213        1382.9183465323028       -11.202759696611670       0.84517019911523050        2.7944907833255215        1.6666666666666667     
  0.50118723362727213        1519.5384298079182       -10.978131161491621       0.80326667657892870        2.4606504623340082        1.6666666666666667     
  0.50118723362727213        1669.6553671827207       -10.743201838774205       0.76580509476009695        2.1631206378412093        1.6666666666666667     
  0.50118723362727213        1834.6025282917392       -10.497102555945878       0.73154554053544985        1.8973546330183657        1.6666666666666667     
  0.50118723362727213        2015.8450078794644       -10.237216971916798       0.71099827597898013        1.6702367503272850        1.6666666666666667     
  0.50118723362727213        2214.9926390738942       -9.9520157715781163       0.74177444456147157        1.5131426888676198        1.6666666666666667     
  0.50118723362727213        2433.8142922567863       -9.5889224938191138       0.97938212901382826        1.5636485226993750        1.6666666666666667     
  0.50118723362727213        2674.2535865356390       -8.9257061894172480        1.9900738989608868        2.3260698363259427        1.6666666666666667     
  0.50118723362727213        2938.4461533699368       -7.1107324268933514        5.5495389380277871        5.3678210387061345        1.6666666666666667     
  0.50118723362727213        3228.7386056907540       -1.1927289855683194        16.715892835039714        15.103845888145509        1.6666666666666667     
  0.50118723362727213        3547.7093810013562        18.093051036945464        48.698454976747740        42.940770892618296        1.6666666666666667     
  0.50118723362727213        3898.1916435915177        77.171190183175369        131.35029861750525        114.14866451167609        1.6666666666666667     
  0.50118723362727213        4283.2984492877576        244.75034806400100        328.91019311776404        282.37580392804051        1.6666666666666667     
  0.50118723362727213        4706.4503962579956        684.29728329060458        759.94184698970457        643.87933952387198        1.6666666666666667     
  0.50118723362727213        5171.4060074707959        1752.9952031200128        1629.2266064294836        1360.4921518301555        1.6666666666666667     
  0.50118723362727213        5682.2951146724508        4170.3696699514776        3253.7095348880030        2673.3632023534492        1.6666666666666667     
  0.50118723362727213        6243.6555404053224        9277.7268241759248        6077.8433762607165        4904.0455542731797        1.6666666666666667     
  0.50118723362727213        6860.4734038846582        19397.401969394581        10662.841497287445        8430.3486381343992        1.6666666666666667     
  0.50118723362727213        7538.2274087390379        30726.238126687229       0.35341769034857862       -3217.5758378311202        1.6666666666666667     
  0.50118723362727213        8282.9375059872818        30726.750064698259       0.33697473554639146       -2928.3204676002956        1.6666666666666667     
  0.50118723362727213        9101.2183644864490        30727.286420214856       0.32131210900843143       -2665.0701695361167        1.6666666666666667     
  0.50118723362727213        10000.338123786463        30727.848381827011       0.30639061151305214       -2425.4869316902277        1.6666666666666667     
  0.50118723362727213        10988.282951246383        30728.437196849340       0.29217359042377211       -2207.4429460677570        1.6666666666666667     
  0.50118723362727213        12073.827976821933        30729.054171981490       0.27862632123287767       -2009.0017099158686        1.6666666666666667     
  0.50118723362727213        13266.615235581707        30729.700675980603       0.26571595299174078       -1828.4008258253352        1.6666666666666667     
  0.50118723362727213        14577.239310253626        30730.378143963586       0.25341134460177273       -1664.0363484377872        1.6666666666666667     
  0.50118723362727213        16017.341434496362        30731.088078364224       0.24168324671336450       -1514.4485379723105        1.6666666666666667     
  0.50118723362727213        17599.712892740474        30731.832055146657       0.22830838133813813       -1378.3110909885604        1.6666666666666667     
  0.50118723362727213        19338.408635017946        30732.611725368679       0.21775240384158678       -1254.4104576755446        1.6666666666666667     
  0.50118723362727213        21248.872115930571        30733.428819504061       0.21168283637962304       -1141.6445901959025        1.6666666666666667     
  0.50118723362727213        23348.072466602553        30734.285149523883       0.19809409423032776       -1039.0240443416858        1.6666666666666667     
  0.50118723362727213        25654.655218007127        30735.182617029630       0.18894586901296861       -945.62544673149853        1.6666666666666667     
  0.50118723362727213        28189.107914422679        30736.123213012503       0.18368878954788670       -860.61987411231917        1.6666666666666667     
  0.50118723362727213        30973.942088031476        30737.109025875845       0.17190523067256436       -783.26284558453847        1.6666666666666667     
  0.50118723362727213        34033.893210996859        30738.142242801001       0.16397349099861458       -712.85695360271188        1.6666666666666667     
  0.50118723362727213        37396.140401034529        30739.225156198918       0.15640962374163792       -648.78042027557365        1.6666666666666667     
  0.50118723362727213        41090.547831948315        30740.360169225489       0.14919625755283050       -590.46421524322625        1.6666666666666667     
  0.50118723362727213        45149.929993388381        30741.549802259276       0.14231702152756043       -537.39046724126297        1.6666666666666667     
  0.50118723362727213        49610.343155924173        30742.796694760207       0.13575618140748702       -489.08786476256176        1.6666666666666667     
  0.50118723362727213        54511.405630284746        30744.103613827563       0.13447957826429047       -445.12248908752412        1.6666666666666667     
  0.50118723362727213        59896.649665375313        30745.473459247569       0.12353082638583146       -405.11890833937190        1.6666666666666667     
  0.50118723362727213        65813.908110700911        30746.909271758748       0.11783860827563331       -368.70690300944239        1.6666666666666667     
  0.50118723362727213        72315.739277612593        30748.414237688925       0.11240947060286999       -335.56811765411942        1.6666666666666667     
  0.50118723362727213        79459.893773081480        30749.991698603939       0.10723102604970336       -305.40828594641715        1.6666666666666667     
  0.50118723362727213        87309.827452514684        30751.645152692665       0.11016025382559747       -277.95172873141820        1.6666666666666667     
  0.50118723362727213        95935.265047765788        30753.378270690027        9.7580323199508712E-002  -252.97831868581400        1.6666666666666667     
  0.50118723362727213        105412.81947660053        30755.194900342536        9.3086346169002354E-002  -230.24262977204123        1.6666666666666667     
  0.50118723362727213        115826.67233445200        30757.099070797700        8.8799588411347941E-002  -209.55065287769119        1.6666666666666667     
  0.63095734448019303        1145.4238945146010       -14.083688931410272        1.6757795593580482        5.3886875465670609        1.6666666666666667     
  0.63095734448019303        1258.5816295658867       -13.790836543515043        1.5926844758240577        4.7405657517591964        1.6666666666666667     
  0.63095734448019303        1382.9183465323031       -13.484965859176471        1.5141290410092267        4.1592180712151947        1.6666666666666667     
  0.63095734448019303        1519.5384298079182       -13.165412234647832        1.4381092690118891        3.6364234775778805        1.6666666666666667     
  0.63095734448019303        1669.6553671827212       -12.831477959830705        1.3695106748912167        3.1714481613657615        1.6666666666666667     
  0.63095734448019303        1834.6025282917401       -12.482428219850794        1.3029707276768221        2.7538501388741645        1.6666666666666667     
  0.63095734448019303        2015.8450078794656       -12.117461781426121        1.2402001282563191        2.3807362809034207        1.6666666666666667     
  0.63095734448019303        2214.9926390738956       -11.735531568610837        1.1823062712768007        2.0489662197813043        1.6666666666666667     
  0.63095734448019303        2433.8142922567877       -11.334279485757266        1.1360339812860332        1.7609575214296298        1.6666666666666667     
  0.63095734448019303        2674.2535865356408       -10.904417603330288        1.1324260710221523        1.5414458540365104        1.6666666666666667     
  0.63095734448019303        2938.4461533699382       -10.403199873487180        1.3102772253414940        1.5130360302100747        1.6666666666666667     
  0.63095734448019303        3228.7386056907553       -9.6427669082134226        2.1782097204603446        2.1287179666749036        1.6666666666666667     
  0.63095734448019303        3547.7093810013580       -7.8705357720602773        5.4437114542116305        4.9023073582827230        1.6666666666666667     
  0.63095734448019303        3898.1916435915196       -2.3595638153296519        16.266991726530122        14.369539747021626        1.6666666666666667     
  0.63095734448019303        4283.2984492877604        15.831966938595119        48.323123574869342        42.376223432646427        1.6666666666666667     
  0.63095734448019303        4706.4503962579984        73.306609784300591        135.14506720099462        117.59870442053482        1.6666666666666667     
  0.63095734448019303        5171.4060074707977        242.10439559708885        350.55209651147834        302.15051248211421        1.6666666666666667     
  0.63095734448019303        5682.2951146724527        700.43391312930919        838.24801554612804        714.05244850422798        1.6666666666666667     
  0.63095734448019303        6243.6555404053242        1852.4959423307841        1856.9797597717752        1560.6079586769754        1.6666666666666667     
  0.63095734448019303        6860.4734038846600        4542.0713540321003        3825.3102878888967        3166.0414960028934        1.6666666666666667     
  0.63095734448019303        7538.2274087390406        10396.456158199633        7322.0735264840187        5950.3969948115655        1.6666666666666667     
  0.63095734448019303        8282.9375059872837        22325.808670785562        13265.160248229222        10585.746642743838        1.6666666666666667     
  0.63095734448019303        9101.2183644864508        45173.394193392203        22406.493205635343        17473.577309222153        1.6666666666666667     
  0.63095734448019303        10000.338123786465        48703.328818172980       0.54288797400658950       -4839.5941050986548        1.6666666666666667     
  0.63095734448019303        10988.282951246387        48704.161470496772       0.52012052037753165       -4404.5205998816155        1.6666666666666667     
  0.63095734448019303        12073.827976821934        48705.033858378622       0.49595728341955692       -4008.5640338314065        1.6666666666666667     
  0.63095734448019303        13266.615235581710        48705.947918274855       0.47293597162934020       -3648.2051980188062        1.6666666666666667     
  0.63095734448019303        14577.239310253628        48706.905676010429       0.45100023271515965       -3320.2436492934871        1.6666666666666667     
  0.63095734448019303        16017.341434496364        48707.909258383996       0.43009662476833910       -3021.7666876286494        1.6666666666666667     
  0.63095734448019303        17599.712892740477        48708.960892388815       0.41017472540261224       -2750.1234850877659        1.6666666666666667     
  0.63095734448019303        19338.408635017953        48710.062910916560       0.39118676795624197       -2502.9015417529376        1.6666666666666667     
  0.63095734448019303        21248.872115930575        48711.217759010295       0.36953431845176965       -2277.9088114203664        1.6666666666666667     
  0.63095734448019303        23348.072466602560        48712.427999923537       0.35922297684010118       -2073.1330457493459        1.6666666666666667     
  0.63095734448019303        25654.655218007134        48713.696320441093       0.33615368010941893       -1886.7797550576845        1.6666666666666667     
  0.63095734448019303        28189.107914422686        48715.025532615611       0.32678733987268060       -1717.1673913336160        1.6666666666666667     
  0.63095734448019303        30973.942088031486        48716.418588941495       0.30581257306039333       -1562.8149808664627        1.6666666666666667     
  0.63095734448019303        34033.893210996859        48717.878579797114       0.29169244953664020       -1422.3331988159482        1.6666666666666667     
  0.63095734448019303        37396.140401034543        48719.408744039552       0.28357884730212390       -1294.4752794743647        1.6666666666666667     
  0.63095734448019303        41090.547831948323        48721.012480013676       0.26538938982412219       -1178.1218585796166        1.6666666666666667     
  0.63095734448019303        45149.929993388389        48722.693344259897       0.25314606318715960       -1072.2235498608982        1.6666666666666667     
  0.63095734448019303        49610.343155924187        48724.455069732699       0.24147015210473910       -975.84527244477033        1.6666666666666667     
  0.63095734448019303        54511.405630284738        48726.301562243185       0.23919434170238674       -888.12228574355561        1.6666666666666667     
  0.63095734448019303        59896.649665375277        48728.236924797115       0.21971594833303243       -808.30223476345384        1.6666666666666667     
  0.63095734448019303        65813.908110700824        48730.265448040060       0.20958792447345331       -735.64964043199052        1.6666666666666667     
  0.63095734448019303        72315.739277612491        48732.391636874963       0.19992829038528726       -669.52819416250406        1.6666666666666667     
  0.63095734448019303        79459.893773081392        48734.620208581808       0.19071529095526785       -609.35073227619318        1.6666666666666667     
  0.63095734448019303        87309.827452514568        48736.956109052138       0.18192800780525431       -554.58288045052188        1.6666666666666667     
  0.63095734448019303        95935.265047765672        48739.404522024743       0.17354657757095993       -504.73830731258317        1.6666666666666667     
  0.63095734448019303        105412.81947660040        48741.970881114641       0.16555219190195203       -459.37440499652604        1.6666666666666667     
  0.63095734448019303        115826.67233445185        48744.660885044766       0.15792677004355937       -418.08835840236787        1.6666666666666667     
  0.79432823472428127        1145.4238945146008       -16.983549443061221        3.0112400176385279        8.0802656011297369        1.6666666666666667     
  0.79432823472428127        1258.5816295658865       -16.565705182137137        2.8598139629743002        7.0577913334359437        1.6666666666666667     
  0.79432823472428127        1382.9183465323026       -16.129600589042056        2.7152308261868541        6.1412966837479832        1.6666666666666667     
  0.79432823472428127        1519.5384298079180       -15.674298452919103        2.5818025324042537        5.3250217689587878        1.6666666666666667     
  0.79432823472428127        1669.6553671827207       -15.198815808910565        2.4541639043818009        4.5945102479076034        1.6666666666666667     
  0.79432823472428127        1834.6025282917399       -14.702121139997493        2.3334620549153584        3.9427044254099464        1.6666666666666667     
  0.79432823472428127        2015.8450078794651       -14.183132592785265        2.2192614531846289        3.3617658742919376        1.6666666666666667     
  0.79432823472428127        2214.9926390738951       -13.640712752027051        2.1111781467997304        2.8446311900670791        1.6666666666666667     
  0.79432823472428127        2433.8142922567881       -13.073651512692944        2.0089910865284111        2.3850469613520606        1.6666666666666667     
  0.79432823472428127        2674.2535865356408       -12.480535534561668        1.9133170628560237        1.9781258323020334        1.6666666666666667     
  0.79432823472428127        2938.4461533699387       -11.858975736168741        1.8291719500496129        1.6235528438980209        1.6666666666666667     
  0.79432823472428127        3228.7386056907558       -11.201291294752473        1.7847340407772805        1.3427951596218859        1.6666666666666667     
  0.79432823472428127        3547.7093810013589       -10.473104919625902        1.8917053371847459        1.2327445968172037        1.6666666666666667     
  0.79432823472428127        3898.1916435915205       -9.5185452495600629        2.6031034393270147        1.6970756304422736        1.6666666666666667     
  0.79432823472428127        4283.2984492877604       -7.6856530605023599        5.5323639373572320        4.1725113808479293        1.6666666666666667     
  0.79432823472428127        4706.4503962579984       -2.5039531343864874        15.726113755001325        13.111298596731654        1.6666666666666667     
  0.79432823472428127        5171.4060074707977        14.492649471197996        47.449423536036761        40.958397967515694        1.6666666666666667     
  0.79432823472428127        5682.2951146724527        69.593556203490436        136.91596733679035        118.87853066561834        1.6666666666666667     
  0.79432823472428127        6243.6555404053242        236.99577056369716        366.95311716457013        316.99852809583297        1.6666666666666667     
  0.79432823472428127        6860.4734038846618        707.68284987989841        910.78311239414234        779.49673284316884        1.6666666666666667     
  0.79432823472428127        7538.2274087390415        1931.6376009538806        2076.4980820104029        1753.9096821735218        1.6666666666666667     
  0.79432823472428127        8282.9375059872891        4883.0230787292485        4415.7121293483215        3676.4014482633925        1.6666666666666667     
  0.79432823472428127        9101.2183644864526        11506.916766556256        8792.9826474919537        7209.7261446340253        1.6666666666666667     
  0.79432823472428127        10000.338123786469        25398.781961265126        16306.915265558928        13128.318248724430        1.6666666666666667     
  0.79432823472428127        10988.282951246390        52733.895542860118        28415.632807191287        22410.979557425406        1.6666666666666667     
  0.79432823472428127        12073.827976821940        77195.398983290725       0.87882057414390147       -7998.2399069147241        1.6666666666666667     
  0.79432823472428127        13266.615235581714        77196.691629443361       0.84194703958928585       -7279.2064113143315        1.6666666666666667     
  0.79432823472428127        14577.239310253632        77198.045935104339       0.80281693954020739       -6624.8203567203254        1.6666666666666667     
  0.79432823472428127        16017.341434496371        77199.464903936285       0.76553827966563404       -6029.2657237871281        1.6666666666666667     
  0.79432823472428127        17599.712892740485        77200.951684705244       0.73001923738047481       -5487.2532225166560        1.6666666666666667     
  0.79432823472428127        19338.408635017960        77202.509577945282       0.69617286499124020       -4993.9691081965575        1.6666666666666667     
  0.79432823472428127        21248.872115930582        77204.142039954371       0.66391752625349909       -4545.0324251959737        1.6666666666666667     
  0.79432823472428127        23348.072466602567        77205.852691473716       0.63317536842077971       -4136.4560971898973        1.6666666666666667     
  0.79432823472428127        25654.655218007145        77207.645330032858       0.59812191466335207       -3764.6172647778567        1.6666666666666667     
  0.79432823472428127        28189.107914422697        77209.523931835400       0.57045595895033330       -3426.2017861186896        1.6666666666666667     
  0.79432823472428127        30973.942088031497        77211.492667483224       0.55454504035878927       -3118.1997603645559        1.6666666666666667     
  0.79432823472428127        34033.893210996874        77213.555907466187       0.52891751693096012       -2837.8973410461940        1.6666666666666667     
  0.79432823472428127        37396.140401034550        77215.718227088437       0.50448375986889005       -2582.7942204326009        1.6666666666666667     
  0.79432823472428127        41090.547831948337        77217.984425597897       0.47210800403263420       -2350.6339479840258        1.6666666666666667     
  0.79432823472428127        45149.929993388410        77220.359533306051       0.45897329982835799       -2139.3274430522360        1.6666666666666667     
  0.79432823472428127        49610.343155924209        77222.848822307860       0.43779116822406650       -1947.0254721573365        1.6666666666666667     
  0.79432823472428127        54511.405630284753        77225.457813899717       0.40971295675262809       -1772.0190709885544        1.6666666666666667     
  0.79432823472428127        59896.649665375298        77228.192299101516       0.40584527596365660       -1612.7228610681314        1.6666666666666667     
  0.79432823472428127        65813.908110700853        77231.058351200452       0.38712882087565958       -1467.7613665024248        1.6666666666666667     
  0.79432823472428127        72315.739277612491        77234.062323000704       0.35560202377382666       -1335.8451867606170        1.6666666666666667     
  0.79432823472428127        79459.893773081378        77237.210885810084       0.33920900023076683       -1215.7747554977227        1.6666666666666667     
  0.79432823472428127        87309.827452514553        77240.511025005238       0.33601951145101339       -1106.4857144651173        1.6666666666666667     
  0.79432823472428127        95935.265047765657        77243.970068880182       0.30866256565786898       -1007.0450099426711        1.6666666666666667     
  0.79432823472428127        105412.81947660039        77247.595689421229       0.29443996027112007       -916.53216021983928        1.6666666666666667     
  0.79432823472428127        115826.67233445185        77251.395933661042       0.28087437385693192       -834.15586384946062        1.6666666666666667     
  0.99999999999999967        1145.4238945146008       -20.376352674909530        5.4214209450620388        12.074000469066526        1.6666666666666667     
  0.99999999999999967        1258.5816295658865       -19.779036588255202        5.1446229988627579        10.451683042748700        1.6666666666666667     
  0.99999999999999967        1382.9183465323026       -19.156113985609704        4.8836109465177913        9.0041635454467972        1.6666666666666667     
  0.99999999999999967        1519.5384298079180       -18.506270166058126        4.6373678470246205        7.7139676789507075        1.6666666666666667     
  0.99999999999999967        1669.6553671827207       -17.828121966118566        4.4023145028404542        6.5626775402925581        1.6666666666666667     
  0.99999999999999967        1834.6025282917392       -17.120216465412941        4.1829405855864366        5.5414091766000233        1.6666666666666667     
  0.99999999999999967        2015.8450078794649       -16.381027752371320        3.9780225300489747        4.6368892462522879        1.6666666666666667     
  0.99999999999999967        2214.9926390738947       -15.608956739396147        3.7819293277596699        3.8326352748194665        1.6666666666666667     
  0.99999999999999967        2433.8142922567872       -14.802322502799305        3.5921524856785680        3.1163656273137552        1.6666666666666667     
  0.99999999999999967        2674.2535865356408       -13.959364657206779        3.4208997805595942        2.4914929514419248        1.6666666666666667     
  0.99999999999999967        2938.4461533699387       -13.078225371707481        3.2547997624199354        1.9367254173930031        1.6666666666666667     
  0.99999999999999967        3228.7386056907562       -12.156858304279520        3.0982572940718711        1.4492968421054084        1.6666666666666667     
  0.99999999999999967        3547.7093810013580       -11.192478964058813        2.9547580285615993        1.0259726685271522        1.6666666666666667     
  0.99999999999999967        3898.1916435915200       -10.178326219248603        2.8446566968742815       0.67958590300429700        1.6666666666666667     
  0.99999999999999967        4283.2984492877604       -9.0867691362309557        2.8675017334123254       0.49576682985874498        1.6666666666666667     
  0.99999999999999967        4706.4503962579993       -7.7906173528064162        3.4162481884347784       0.82405421019474012        1.6666666666666667     
  0.99999999999999967        5171.4060074707977       -5.7360628251873953        5.9580803874448307        2.9732922382539355        1.6666666666666667     
  0.99999999999999967        5682.2951146724527      -0.72898443374944832        15.386558948469741        11.282457729755624        1.6666666666666667     
  0.99999999999999967        6243.6555404053242        15.091871236928119        46.141814189217811        38.416300232458589        1.6666666666666667     
  0.99999999999999967        6860.4734038846609        67.221469241401266        136.66954751762717        117.67241762548764        1.6666666666666667     
  0.99999999999999967        7538.2274087390406        230.70261234765786        379.04496198962079        327.60316987109246        1.6666666666666667     
  0.99999999999999967        8282.9375059872837        706.66993361050481        969.86928317619459        832.55872465026960        1.6666666666666667     
  0.99999999999999967        9101.2183644864508        1987.7829005086794        2310.0694082791051        1963.4305941795842        1.6666666666666667     
  0.99999999999999967        10000.338123786465        5180.9299533515614        5050.9282039183745        4232.6145078351519        1.6666666666666667     
  0.99999999999999967        10988.282951246389        12575.955196794055        10372.430813840765        8567.8610771777076        1.6666666666666667     
  0.99999999999999967        12073.827976821936        28551.077558399244        19801.451730963890        16075.475483328006        1.6666666666666667     
  0.99999999999999967        13266.615235581712        60872.022486623369        35454.996952939837        28227.386805807706        1.6666666666666667     
  0.99999999999999967        14577.239310253630        122353.62886237435        1.4294457650976256       -13218.313168863882        1.6666666666666667     
  0.99999999999999967        16017.341434496368        122355.63564074882        1.3629174645757303       -12030.004009602009        1.6666666666666667     
  0.99999999999999967        17599.712892740477        122357.73809674168        1.2995486031286418       -10948.528106160458        1.6666666666666667     
  0.99999999999999967        19338.408635017957        122359.94089884438        1.2391813652357087       -9964.2805036201244        1.6666666666666667     
  0.99999999999999967        21248.872115930579        122362.24892988935        1.1816665210062638       -9068.5198014771122        1.6666666666666667     
  0.99999999999999967        23348.072466602567        122364.66731175198        1.1268628441030160       -8253.2905146252015        1.6666666666666667     
  0.99999999999999967        25654.655218007138        122367.20141345833        1.0746374027803540       -7511.3524122811077        1.6666666666666667     
  0.99999999999999967        28189.107914422690        122369.85685509963        1.0151033347938210       -6836.1259723280409        1.6666666666666667     
  0.99999999999999967        30973.942088031490        122372.63953014607       0.97742362413555384       -6221.5850524645284        1.6666666666666667     
  0.99999999999999967        34033.893210996866        122375.55561439837       0.92332484200596809       -5662.3101124055584        1.6666666666666667     
  0.99999999999999967        37396.140401034543        122378.61157767805       0.88062821305356920       -5153.3062078036110        1.6666666666666667     
  0.99999999999999967        41090.547831948330        122381.81420258216       0.85607585788238794       -4690.0460475470945        1.6666666666666667     
  0.99999999999999967        45149.929993388396        122385.17059275377       0.80111640272662044       -4268.4640576250604        1.6666666666666667     
  0.99999999999999967        49610.343155924194        122388.68820316969       0.76411561167333275       -3884.7676306367021        1.6666666666666667     
  0.99999999999999967        54511.405630284746        122392.37483493243       0.72883551183622330       -3535.5653907171632        1.6666666666666667     
  0.99999999999999967        59896.649665375269        122396.23867053833       0.70856382080819458       -3217.7427995132093        1.6666666666666667     
  0.99999999999999967        65813.908110700824        122400.28828977769       0.68862005718983710       -2928.4921057480001        1.6666666666666667     
  0.99999999999999967        72315.739277612462        122404.53267231390       0.65685235313139856       -2665.2567802911294        1.6666666666666667     
  0.99999999999999967        79459.893773081320        122408.98123808282       0.60335158195812255       -2425.7089885900200        1.6666666666666667     
  0.99999999999999967        87309.827452514452        122413.64386768422       0.57552970247343183       -2207.6737494439431        1.6666666666666667     
  0.99999999999999967        95935.265047765482        122418.53089985404       0.54899610404390842       -2009.2391621103575        1.6666666666666667     
  0.99999999999999967        105412.81947660017        122423.65318566428       0.52369025070220232       -1828.6430771066516        1.6666666666666667     
  0.99999999999999967        115826.67233445158        122429.02209336928       0.51876821089535952       -1664.2625582886005        1.6666666666666667     
   1.2589254117941668        1145.4238945146008       -24.319872222276334        9.7807582429609852        18.018136221394144        1.6666666666666667     
   1.2589254117941668        1258.5816295658865       -23.464257741813068        9.2707608747488734        15.419732515975717        1.6666666666666667     
   1.2589254117941668        1382.9183465323026       -22.572716741348327        8.7956556113510942        13.113661425035920        1.6666666666666667     
   1.2589254117941668        1519.5384298079180       -21.643416194605148        8.3453071035854975        11.062616212036961        1.6666666666666667     
   1.2589254117941668        1669.6553671827207       -20.674424255996055        7.9207254900204305        9.2431368450340976        1.6666666666666667     
   1.2589254117941668        1834.6025282917392       -19.663702670772075        7.5202541400898326        7.6315345383400679        1.6666666666666667     
   1.2589254117941668        2015.8450078794647       -18.609108437369070        7.1380807830401238        6.2021751182329377        1.6666666666666667     
   1.2589254117941668        2214.9926390738947       -17.508389208529717        6.7814742653737881        4.9445009448739805        1.6666666666666667     
   1.2589254117941668        2433.8142922567872       -16.359178324887054        6.4484371952922004        3.8404889938335982        1.6666666666666667     
   1.2589254117941668        2674.2535865356399       -15.158992335201930        6.1298294375866647        2.8666003758946053        1.6666666666666667     
   1.2589254117941668        2938.4461533699382       -13.905226477619925        5.8285186994666560        2.0127714844219695        1.6666666666666667     
   1.2589254117941668        3228.7386056907558       -12.595147930327707        5.5434229025497217        1.2663108819690541        1.6666666666666667     
   1.2589254117941668        3547.7093810013589       -11.225885399619285        5.2735996361885640       0.61585581196528061        1.6666666666666667     
   1.2589254117941668        3898.1916435915214       -9.7943648475690974        5.0185932778390452        5.1573122384979797E-002   1.6666666666666667     
   1.2589254117941668        4283.2984492877622       -8.2969225567647857        4.7804883145463606      -0.43305576059488349        1.6666666666666667     
   1.2589254117941668        4706.4503962580011       -6.7269270231168132        4.5746032992344254      -0.83154635426681001        1.6666666666666667     
   1.2589254117941668        5171.4060074707995       -5.0617470146277928        4.4841091785929876       -1.0743586676776564        1.6666666666666667     
   1.2589254117941668        5682.2951146724545       -3.1988815139745701        4.8398828062579113      -0.86878516825358520        1.6666666666666667     
   1.2589254117941668        6243.6555404053270      -0.67672401734030663        6.9596465161175791       0.96337337218626740        1.6666666666666667     
   1.2589254117941668        6860.4734038846627        4.4150059655883647        15.510346994265234        8.5817693180890178        1.6666666666666667     
   1.2589254117941668        7538.2274087390442        19.233788495252718        44.802942444039928        34.599954361508992        1.6666666666666667     
   1.2589254117941668        8282.9375059872891        68.035673510811165        134.60457253131608        113.63796540278426        1.6666666666666667     
   1.2589254117941668        9101.2183644864563        225.32974633719684        385.49484807248291        332.14924397916974        1.6666666666666667     
   1.2589254117941668        10000.338123786469        699.21237878416355        1024.1359106083792        881.63966703899348        1.6666666666666667     
   1.2589254117941668        10988.282951246390        2019.9537235569255        2507.5870790772115        2139.6079104183245        1.6666666666666667     
   1.2589254117941668        12073.827976821940        5424.9491870891352        5695.7537488597154        4801.7484553948871        1.6666666666666667     
   1.2589254117941668        13266.615235581716        13568.354451428040        12072.111477937142        10041.536759758148        1.6666666666666667     
   1.2589254117941668        14577.239310253633        31703.244305086813        23742.868861354509        19428.447279364515        1.6666666666666667     
   1.2589254117941668        16017.341434496371        69458.579751326717        43717.543439706787        35117.828922493027        1.6666666666666667     
   1.2589254117941668        17599.712892740485        143240.69071335703        75670.283254585229        59532.406027354788        1.6666666666666667     
   1.2589254117941668        19338.408635017964        193929.31281624842        2.2062691277824342       -19881.292641235694        1.6666666666666667     
   1.2589254117941668        21248.872115930579        193932.57675081689        2.1036446560174227       -18093.995568046212        1.6666666666666667     
   1.2589254117941668        23348.072466602574        193935.99639862156        2.0058861991856247       -16467.382675700886        1.6666666666666667     
   1.2589254117941668        25654.655218007145        193939.57933833948        1.9127520499750972       -14987.007494517546        1.6666666666666667     
   1.2589254117941668        28189.107914422701        193943.33352283583        1.8240125791635364       -13639.722398844093        1.6666666666666667     
   1.2589254117941668        30973.942088031497        193947.26728173631        1.7394512542523444       -12413.561827801272        1.6666666666666667     
   1.2589254117941668        34033.893210996881        193951.38934293884        1.6430653340648860       -11297.651807322040        1.6666666666666667     
   1.2589254117941668        37396.140401034558        193955.70885660234        1.5820568660274148       -10282.034236826337        1.6666666666666667     
   1.2589254117941668        41090.547831948345        193960.23540143680        1.4944763097446412       -9357.7512185402556        1.6666666666666667     
   1.2589254117941668        45149.929993388410        193964.97903153975        1.4253534027375281       -8516.5488157953951        1.6666666666666667     
   1.2589254117941668        49610.343155924216        193969.95026278935        1.3856012083124369       -7750.9452379238583        1.6666666666666667     
   1.2589254117941668        54511.405630284760        193975.16013960977        1.2966354552190751       -7054.2198685332405        1.6666666666666667     
   1.2589254117941668        59896.649665375291        193980.62021016458        1.2605224037542939       -6420.0827270866976        1.6666666666666667     
   1.2589254117941668        65813.908110700853        193986.34260531733        1.2023143062833697       -5842.9771764342995        1.6666666666666667     
   1.2589254117941668        72315.739277612491        193992.34000985223        1.1468118464108557       -5317.7531405173222        1.6666666666666667     
   1.2589254117941668        79459.893773081349        193998.62574557355        1.0732475493568927       -4839.7669018716442        1.6666666666666667     
   1.2589254117941668        87309.827452514481        194005.21375636739        1.0237307287752628       -4404.7312271468290        1.6666666666666667     
   1.2589254117941668        95935.265047765526        194012.11866043913        1.0140679660253227       -4008.7668438125256        1.6666666666666667     
   1.2589254117941668        105412.81947660020        194019.35578939997       0.93147697043605149       -3648.4704127196583        1.6666666666666667     
   1.2589254117941668        115826.67233445156        194026.94120052864       0.88852932094596326       -3320.5293563229397        1.6666666666666667     
   1.5848931924611129        1145.4238945146008       -28.883498978191934        17.676159136215119        26.954406905370455        1.6666666666666667     
   1.5848931924611129        1258.5816295658865       -27.655367946225759        16.750715257636273        22.759257432886884        1.6666666666666667     
   1.5848931924611129        1382.9183465323026       -26.376733211654745        15.869447105956169        19.030084168386011        1.6666666666666667     
   1.5848931924611129        1519.5384298079180       -25.045071893312553        15.044140829552077        15.733308251546770        1.6666666666666667     
   1.5848931924611129        1669.6553671827205       -23.657709267404250        14.270954982880113        12.824252346602394        1.6666666666666667     
   1.5848931924611129        1834.6025282917392       -22.211812115652648        13.538183737651366        10.254474077127504        1.6666666666666667     
   1.5848931924611129        2015.8450078794647       -20.704387521181882        12.847465109917522        7.9925902275800089        1.6666666666666667     
   1.5848931924611129        2214.9926390738947       -19.132281600870805        12.196105439059579        6.0062490529175463        1.6666666666666667     
   1.5848931924611129        2433.8142922567868       -17.492171842095622        11.581567517158220        4.2662896611525039        1.6666666666666667     
   1.5848931924611129        2674.2535865356399       -15.780565678400116        11.001473153751107        2.7464531804306933        1.6666666666666667     
   1.5848931924611129        2938.4461533699377       -13.993792775891240        10.453599889324039        1.4231080466457566        1.6666666666666667     
   1.5848931924611129        3228.7386056907549       -12.128000910490350        9.9358771642776844       0.27500395775630793        1.6666666666666667     
   1.5848931924611129        3547.7093810013580       -10.179148291408996        9.4463786617637879      -0.71695818135341227        1.6666666666666667     
   1.5848931924611129        3898.1916435915205       -8.1429970950845583        8.9833211383449907       -1.5699272556110397        1.6666666666666667     
   1.5848931924611129        4283.2984492877613       -6.0150948440628982        8.5450907950157529       -2.2992632644664628        1.6666666666666667     
   1.5848931924611129        4706.4503962580011       -3.7907389130402298        8.1207885887235598       -2.9281674214002038        1.6666666666666667     
   1.5848931924611129        5171.4060074707995       -1.4647012182776924        7.7309597138919273       -3.4472206034940660        1.6666666666666667     
   1.5848931924611129        5682.2951146724554       0.97048298517861931        7.3850839703831772       -3.8577098685778175        1.6666666666666667     
   1.5848931924611129        6243.6555404053261        3.5343422902652910        7.1179677192589885       -4.1388985881223181        1.6666666666666667     
   1.5848931924611129        6860.4734038846645        6.3091604948678537        7.2405251043727858       -4.0137492801637604        1.6666666666666667     
   1.5848931924611129        7538.2274087390442        9.6730856383108215        8.9308852255243210       -2.4253194659985198        1.6666666666666667     
   1.5848931924611129        8282.9375059872891        15.256781006734457        16.382501811786909        4.3647883148227056        1.6666666666666667     
   1.5848931924611129        9101.2183644864563        29.449003077452545        43.564171939056706        28.734919620357058        1.6666666666666667     
   1.5848931924611129        10000.338123786469        74.884009612218733        131.47306291564576        106.63737653053629        1.6666666666666667     
   1.5848931924611129        10988.282951246392        224.16489941765869        387.12519726033179        330.61457908329004        1.6666666666666667     
   1.5848931924611129        12073.827976821940        688.73165089000668        1062.0679044012604        914.60312203960177        1.6666666666666667     
   1.5848931924611129        13266.615235581716        2029.5180932385524        2706.3910351603226        2319.9378011055164        1.6666666666666667     
   1.5848931924611129        14577.239310253635        5607.0136136527235        6329.8176981334109        5365.5762095510481        1.6666666666666667     
   1.5848931924611129        16017.341434496378        14449.243480778658        13857.618446909328        11602.234500736331        1.6666666666666667     
   1.5848931924611129        17599.712892740492        34764.266553707799        27967.316299909726        23033.746286915273        1.6666666666666667     
   1.5848931924611129        19338.408635017968        78320.639227007137        53252.360764527111        43140.797565645509        1.6666666666666667     
   1.5848931924611129        21248.872115930590        165822.49646521310        94692.688977374928        75212.268002278681        1.6666666666666667     
   1.5848931924611129        23348.072466602578        307367.77891332214        3.5715094418264925       -32856.490650477615        1.6666666666666667     
   1.5848931924611129        25654.655218007152        307372.84602184419        3.4053056151606143       -29902.736601883706        1.6666666666666667     
   1.5848931924611129        28189.107914422704        307378.15475438914        3.2469930010847747       -27214.535559895925        1.6666666666666667     
   1.5848931924611129        30973.942088031505        307383.71687671926        3.0961766606196761       -24768.012707922248        1.6666666666666667     
   1.5848931924611129        34033.893210996888        307389.54473827558        2.9524846468120813       -22541.439748709792        1.6666666666666667     
   1.5848931924611129        37396.140401034572        307395.65126982960        2.7887499891221523       -20515.068729662205        1.6666666666666667     
   1.5848931924611129        41090.547831948345        307402.05001471797        2.6850844733417034       -18670.822330666946        1.6666666666666667     
   1.5848931924611129        45149.929993388425        307408.75518105086        2.5607293355278671       -16992.402167271928        1.6666666666666667     
   1.5848931924611129        49610.343155924224        307415.78163512395        2.4422016576863825       -15464.875166023276        1.6666666666666667     
   1.5848931924611129        54511.405630284775        307423.14497950836        2.3070370662026107       -14074.697427842570        1.6666666666666667     
   1.5848931924611129        59896.649665375313        307430.86155545368        2.2426739451475441       -12809.434848821524        1.6666666666666667     
   1.5848931924611129        65813.908110700868        307438.94847333257        2.0986582967452705       -11658.001255734942        1.6666666666666667     
   1.5848931924611129        72315.739277612520        307447.42369429913        2.0016974303871393       -10610.043553441912        1.6666666666666667     
   1.5848931924611129        79459.893773081363        307456.30601812160        1.9092499860562384       -9656.2973051539266        1.6666666666666667     
   1.5848931924611129        87309.827452514510        307465.61515909067        1.8561223987489939       -8788.2574758007504        1.6666666666666667     
   1.5848931924611129        95935.265047765541        307475.37177922425        1.7370475688949227       -7998.3206232237417        1.6666666666666667     
   1.5848931924611129        105412.81947660023        307485.59753119736        1.6568953287787735       -7279.3662217583042        1.6666666666666667     
   1.5848931924611129        115826.67233445161        307496.31509745889        1.5804611030034721       -6625.0445631245675        1.6666666666666667     
   1.9952623149688791        1145.4238945146008       -34.166292699053265        32.021591418320838        40.702854561818214        1.6666666666666667     
   1.9952623149688791        1258.5816295658863       -32.400161159282604        30.315203275357305        33.806660641510035        1.6666666666666667     
   1.9952623149688791        1382.9183465323026       -30.562733124491587        28.698546349410492        27.701248139027197        1.6666666666666667     
   1.9952623149688791        1519.5384298079180       -28.650606141705296        27.192249575023197        22.330666018841775        1.6666666666666667     
   1.9952623149688791        1669.6553671827207       -26.660131671035849        25.757853317855961        17.587470636931261        1.6666666666666667     
   1.9952623149688791        1834.6025282917392       -24.587420858947198        24.421850266254097        13.436101702168560        1.6666666666666667     
   1.9952623149688791        2015.8450078794647       -22.428343234326380        23.156221943470001        9.7927848408159477        1.6666666666666667     
   1.9952623149688791        2214.9926390738947       -20.178518716159029        21.963827439748229        6.6103254964240996        1.6666666666666667     
   1.9952623149688791        2433.8142922567868       -17.833317298300855        20.840055886797160        3.8392280807506332        1.6666666666666667     
   1.9952623149688791        2674.2535865356399       -15.387855370157704        19.780529802604363        1.4349043348817503        1.6666666666666667     
   1.9952623149688791        2938.4461533699373       -12.836986171159195        18.781116968149547      -0.64277365597475722        1.6666666666666667     
   1.9952623149688791        3228.7386056907553       -10.175294832618214        17.837936410982635       -2.4298789627932038        1.6666666666666667     
   1.9952623149688791        3547.7093810013580       -7.3970915818430472        16.947357240817418       -3.9588074473113792        1.6666666666666667     
   1.9952623149688791        3898.1916435915196       -4.4963990441768971        16.105991354069538       -5.2586315239810943        1.6666666666666667     
   1.9952623149688791        4283.2984492877595       -1.4669477689506083        15.310685715642647       -6.3554138885373810        1.6666666666666667     
   1.9952623149688791        4706.4503962579993        1.6978424642563883        14.558513584970179       -7.2725041329723297        1.6666666666666667     
   1.9952623149688791        5171.4060074707977        5.0048720293501292        13.846783434972032       -8.0307813210219159        1.6666666666666667     
   1.9952623149688791        5682.2951146724527        8.4613973303985084        13.173194209796790       -8.6487408476040386        1.6666666666666667     
   1.9952623149688791        6243.6555404053233        12.075225863398645        12.536902705830855       -9.1417195188433737        1.6666666666666667     
   1.9952623149688791        6860.4734038846600        15.855910273302715        11.930526703363142       -9.5305739111426622        1.6666666666666667     
   1.9952623149688791        7538.2274087390415        19.822021369790278        11.443395836270298       -9.7413468309408504        1.6666666666666667     
   1.9952623149688791        8282.9375059872855        24.040460635973048        11.251484208418816       -9.6288323866206937        1.6666666666666667     
   1.9952623149688791        9101.2183644864508        28.816756001279362        12.397742563301506       -8.2542366075791946        1.6666666666666667     
   1.9952623149688791        10000.338123786467        35.516441100708725        18.717621214712210       -2.1826277958930014        1.6666666666666667     
   1.9952623149688791        10988.282951246387        49.729723461330686        43.418593941417782        20.333116597294666        1.6666666666666667     
   1.9952623149688791        12073.827976821936        92.167233639583756        127.08019459729769        95.026186016004573        1.6666666666666667     
   1.9952623149688791        13266.615235581712        232.23937282265524        381.58297214849313        319.23537238780307        1.6666666666666667     
   1.9952623149688791        14577.239310253630        680.86682641938273        1086.9334805551034        933.48917809509351        1.6666666666666667     
   1.9952623149688791        16017.341434496366        2021.0176446757380        2862.2497525907420        2459.7021071796830        1.6666666666666667     
   1.9952623149688791        17599.712892740477        5723.3864725251624        6963.4061040733286        5936.0527338988195        1.6666666666666667     
   1.9952623149688791        19338.408635017957        15187.028291562267        15683.457553113840        13210.799947056623        1.6666666666666667     
   1.9952623149688791        21248.872115930575        37636.141670476114        32661.748577884282        27091.775665687277        1.6666666666666667     
   1.9952623149688791        23348.072466602564        87243.964879684398        64057.788441132288        52312.466113704184        1.6666666666666667     
   1.9952623149688791        25654.655218007138        189774.33420198908        116555.01530884067        93307.929636778383        1.6666666666666667     
   1.9952623149688791        28189.107914422686        388777.03717109840        201362.80820704997        158023.67863406107        1.6666666666666667     
   1.9952623149688791        30973.942088031486        487165.57290669548        5.5124412756413221       -49418.047645333689        1.6666666666666667     
   1.9952623149688791        34033.893210996859        487173.81436109351        5.2560580661520362       -44975.445217100641        1.6666666666666667     
   1.9952623149688791        37396.140401034543        487182.44903185812        5.0118300714530051       -40932.247970804390        1.6666666666666667     
   1.9952623149688791        41090.547831948323        487191.49606319232        4.7791493125259876       -37252.547000132166        1.6666666666666667     
   1.9952623149688791        45149.929993388403        487200.97554148029        4.5574465184472501       -33903.661865385635        1.6666666666666667     
   1.9952623149688791        49610.343155924187        487210.90848766681        4.3461803579702973       -30855.850333163442        1.6666666666666667     
   1.9952623149688791        54511.405630284746        487221.31694782065        4.1448388947173953       -28082.044208845440        1.6666666666666667     
   1.9952623149688791        59896.649665375277        487232.22401192709        3.9529404602944851       -25557.608915253011        1.6666666666666667     
   1.9952623149688791        65813.908110700824        487243.65389930404        3.8059317739680409       -23260.088793417657        1.6666666666666667     
   1.9952623149688791        72315.739277612476        487255.63194806059        3.5614194348454475       -21169.221736840856        1.6666666666666667     
   1.9952623149688791        79459.893773081320        487268.18476123945        3.3967799390666187       -19266.260358638079        1.6666666666666667     
   1.9952623149688791        87309.827452514452        487281.34019423154        3.2398165785707533       -17534.376397274376        1.6666666666666667     
   1.9952623149688791        95935.265047765482        487295.12743281334        3.1495891744270921       -15958.129782967870        1.6666666666666667     
   1.9952623149688791        105412.81947660014        487309.57706678211        3.0041544232517481       -14523.644288557280        1.6666666666666667     
   1.9952623149688791        115826.67233445152        487324.72118569369        2.8114119777455926       -13218.172356958148        1.6666666666666667     
   2.5118864315095797        1145.4238945146008       -40.334940001714465        58.053409763054731        62.564234004405023        1.6666666666666667     
   2.5118864315095797        1258.5816295658865       -37.791671415686025        54.930012193743494        51.041770441925678        1.6666666666666667     
   2.5118864315095797        1382.9183465323028       -35.146974443390278        51.988254600203732        40.884657510042430        1.6666666666666667     
   2.5118864315095797        1519.5384298079180       -32.396392898841256        49.212995677478943        31.947280948785522        1.6666666666666667     
   2.5118864315095797        1669.6553671827210       -29.535091554528016        46.596895954849060        24.104563718150832        1.6666666666666667     
   2.5118864315095797        1834.6025282917396       -26.557838292755985        44.132120056747937        17.242566178937825        1.6666666666666667     
   2.5118864315095797        2015.8450078794651       -23.459028714277206        41.823049896265729        11.270260794104594        1.6666666666666667     
   2.5118864315095797        2214.9926390738947       -20.232668837130710        39.624194005991598        6.0564592598504916        1.6666666666666667     
   2.5118864315095797        2433.8142922567877       -16.872382576666787        37.576143442450416        1.5649079877705248        1.6666666666666667     
   2.5118864315095797        2674.2535865356408       -13.371400918550977        35.635703587759693       -2.3164138722062759        1.6666666666666667     
   2.5118864315095797        2938.4461533699387       -9.7225683777741239        33.807227075195456       -5.6447024730306765        1.6666666666666667     
   2.5118864315095797        3228.7386056907553       -5.9183221076256833        32.064485745904037       -8.5011794415986444        1.6666666666666667     
   2.5118864315095797        3547.7093810013589       -1.9506869320420159        30.458117178701059       -10.884279843450951        1.6666666666666667     
   2.5118864315095797        3898.1916435915205        2.1887223014312980        28.924433271313443       -12.901417374035923        1.6666666666666667     
   2.5118864315095797        4283.2984492877613        6.5087346833015625        27.460248740416304       -14.594717082846326        1.6666666666666667     
   2.5118864315095797        4706.4503962580002        11.018611217760370        26.109149475255222       -15.955207386638936        1.6666666666666667     
   2.5118864315095797        5171.4060074707995        15.728085680627657        24.816850380426914       -17.067929637488117        1.6666666666666667     
   2.5118864315095797        5682.2951146724563        20.647369107610434        23.594930517703006       -17.948590041148034        1.6666666666666667     
   2.5118864315095797        6243.6555404053288        25.787163275822355        22.438948555354443       -18.625803239657241        1.6666666666666667     
   2.5118864315095797        6860.4734038846664        31.158702874196305        21.344915817298471       -19.124960159104031        1.6666666666666667     
   2.5118864315095797        7538.2274087390488        36.773903594783988        20.310028126289126       -19.467852147510023        1.6666666666666667     
   2.5118864315095797        8282.9375059872946        42.646174403113442        19.337259585476829       -19.668685548143152        1.6666666666666667     
   2.5118864315095797        9101.2183644864599        48.795682631540956        18.460307035148560       -19.711459208093277        1.6666666666666667     
   2.5118864315095797        10000.338123786474        55.279190141264785        17.863300657658954       -19.441094377397132        1.6666666666666667     
   2.5118864315095797        10988.282951246398        62.341898050896681        18.367022351561957       -18.125913628406831        1.6666666666666667     
   2.5118864315095797        12073.827976821947        71.107097600629544        23.416886779159540       -12.666734852613939        1.6666666666666667     
   2.5118864315095797        13266.615235581725        86.370342315883036        45.374241358189238        7.9837949966725219        1.6666666666666667     
   2.5118864315095797        14577.239310253644        126.71066941433172        123.51408885869830        78.538496338429439        1.6666666666666667     
   2.5118864315095797        16017.341434496382        257.21599823698062        373.57611637645505        300.41395043161032        1.6666666666666667     
   2.5118864315095797        17599.712892740496        684.39145434255602        1090.3755550003780        927.77899580359804        1.6666666666666667     
   2.5118864315095797        19338.408635017975        2003.2932303187329        2980.0152841994532        2562.2524831271376        1.6666666666666667     
   2.5118864315095797        21248.872115930597        5776.5260875768890        7508.7390452472391        6426.1053091943886        1.6666666666666667     
   2.5118864315095797        23348.072466602589        15757.069298927119        17494.130442528331        14817.890363700371        1.6666666666666667     
   2.5118864315095797        25654.655218007159        40219.988500840074        37624.408795199997        31416.815313281688        1.6666666666666667     
   2.5118864315095797        28189.107914422715        95979.643999994296        76067.509376516682        62593.382029244611        1.6666666666666667     
   2.5118864315095797        30973.942088031516        214640.00012602587        142417.08652247326        115000.11876487356        1.6666666666666667     
   2.5118864315095797        34033.893210996896        451350.93553291343        252715.38227476412        200250.76021869836        1.6666666666666667     
   2.5118864315095797        37396.140401034580        772120.00285961805        8.9235184714198112       -81669.294695520875        1.6666666666666667     
   2.5118864315095797        41090.547831948359        772132.79732087837        8.5083028534427285       -74327.339929711045        1.6666666666666667     
   2.5118864315095797        45149.929993388439        772146.20192398643        8.1127928569912910       -67645.452845539054        1.6666666666666667     
   2.5118864315095797        49610.343155924238        772160.24643577368        7.7360071009024978       -61564.289387384015        1.6666666666666667     
   2.5118864315095797        54511.405630284789        772174.96201177314        7.3770142626017332       -56029.840960604422        1.6666666666666667     
   2.5118864315095797        59896.649665375335        772190.38128630561        7.0349365705624223       -50992.954727672302        1.6666666666666667     
   2.5118864315095797        65813.908110700882        772206.53848969005        6.6450494341552258       -46408.960937743941        1.6666666666666667     
   2.5118864315095797        72315.739277612534        772223.46945967793        6.3982506981119514       -42236.956130377243        1.6666666666666667     
   2.5118864315095797        79459.893773081378        772241.21178078104        6.1021151486784220       -38440.080485221893        1.6666666666666667     
   2.5118864315095797        87309.827452514524        772259.80481614254        5.8752601034939289       -34984.494363900078        1.6666666666666667     
   2.5118864315095797        95935.265047765584        772279.28983527748        5.4978730622678995       -31839.728282959924        1.6666666666666667     
   2.5118864315095797        105412.81947660023        772299.71006871318        5.2437739213928580       -28977.578275725962        1.6666666666666667     
   2.5118864315095797        115826.67233445162        772321.11082700314        5.0976965576410294       -26372.640544697588        1.6666666666666667     
   3.1622776601683786        1145.4238945146008       -47.696117571896629        105.27447318871452        99.021572408971224        1.6666666666666667     
   3.1622776601683786        1258.5816295658867       -44.032365870006799        99.638306963854006        79.450838608934490        1.6666666666666667     
   3.1622776601683786        1382.9183465323028       -40.222492020706063        94.291189468549419        62.199190002076890        1.6666666666666667     
   3.1622776601683786        1519.5384298079184       -36.260967852285155        89.229343108279124        47.039645982524775        1.6666666666666667     
   3.1622776601683786        1669.6553671827214       -32.141625508695128        84.433087328861234        33.750145181254901        1.6666666666666667     
   3.1622776601683786        1834.6025282917396       -27.857685247875928        79.918782427697010        22.164082510576804        1.6666666666666667     
   3.1622776601683786        2015.8450078794651       -23.401740678926274        75.662020504907446        12.091971463162132        1.6666666666666667     
   3.1622776601683786        2214.9926390738951       -18.765783816020722        71.650675158370092        3.3731261630884148        1.6666666666666667     
   3.1622776601683786        2433.8142922567877       -13.941193101987441        67.872065978367146       -4.1385888114911893        1.6666666666666667     
   3.1622776601683786        2674.2535865356408       -8.9187407166253152        64.313330064047491       -10.575677616816307        1.6666666666666667     
   3.1622776601683786        2938.4461533699387       -3.6885927239210883        60.961697339390049       -16.057971888749634        1.6666666666666667     
   3.1622776601683786        3228.7386056907562        1.7597007714708963        57.821916311495691       -20.676374218917083        1.6666666666666667     
   3.1622776601683786        3547.7093810013589        7.4372069680669135        54.846599710707267       -24.563580889014759        1.6666666666666667     
   3.1622776601683786        3898.1916435915214        13.355628749290293        52.042396538514168       -27.788921111115179        1.6666666666666667     
   3.1622776601683786        4283.2984492877613        19.527308542234447        49.398377791902703       -30.430877188258151        1.6666666666666667     
   3.1622776601683786        4706.4503962580011        25.965247963259710        46.904234693165847       -32.559736002846783        1.6666666666666667     
   3.1622776601683786        5171.4060074707995        32.683116959785501        44.523741566138142       -34.264887202787222        1.6666666666666667     
   3.1622776601683786        5682.2951146724554        39.695298604735136        42.302268901579509       -35.548035883782219        1.6666666666666667     
   3.1622776601683786        6243.6555404053279        47.016882747789666        40.227401109973471       -36.463190717134026        1.6666666666666667     
   3.1622776601683786        6860.4734038846664        54.663708703260461        38.242156393835103       -37.104038093941952        1.6666666666666667     
   3.1622776601683786        7538.2274087390479        62.652386926098778        36.364468935978778       -37.484974743763189        1.6666666666666667     
   3.1622776601683786        8282.9375059872928        71.000338762324304        34.587657860214449       -37.641114494442625        1.6666666666666667     
   3.1622776601683786        9101.2183644864617        79.725915631038276        32.866909433053593       -37.642273880045444        1.6666666666666667     
   3.1622776601683786        10000.338123786478        88.848965393111655        31.318680464309523       -37.394190347624743        1.6666666666666667     
   3.1622776601683786        10988.282951246400        98.394562095546547        29.847426673725863       -37.013672672368401        1.6666666666666667     
   3.1622776601683786        12073.827976821951        108.41514262527501        28.633797070014566       -36.348975486079226        1.6666666666666667     
   3.1622776601683786        13266.615235581725        119.10899579552442        28.335008962514507       -34.819444211055348        1.6666666666666667     
   3.1622776601683786        14577.239310253646        131.38641463997479        32.036722619182001       -29.633867152127827        1.6666666666666667     
   3.1622776601683786        16017.341434496386        149.28234126187445        50.635698787715455       -11.054191252134743        1.6666666666666667     
   3.1622776601683786        17599.712892740499        189.13518725237876        122.47081402321669        55.050747968243101        1.6666666666666667     
   3.1622776601683786        19338.408635017979        310.79741324320963        362.23795330784014        269.54948788381080        1.6666666666666667     
   3.1622776601683786        21248.872115930601        712.64817121601925        1083.5057464441888        904.97156040791765        1.6666666666666667     
   3.1622776601683786        23348.072466602589        1991.0564128505130        3054.4414086534744        2619.2843623773106        1.6666666666666667     
   3.1622776601683786        25654.655218007170        5777.3064842169952        7934.4552726570328        6803.4531040771690        1.6666666666666667     
   3.1622776601683786        28189.107914422719        16145.869331763164        19226.279992508353        16365.226357483054        1.6666666666666667     
   3.1622776601683786        30973.942088031523        42424.005164129674        42939.774516817124        36110.978137333746        1.6666666666666667     
   3.1622776601683786        34033.893210996910        104255.12913585802        88713.702127788565        73451.517249319208        1.6666666666666667     
   3.1622776601683786        37396.140401034594        239843.51349063465        172685.30111425207        140739.30477294355        1.6666666666666667     
   3.1622776601683786        41090.547831948374        518061.54107476800        313486.40572221484        250694.03349088968        1.6666666666666667     
   3.1622776601683786        45149.929993388447        1054409.7067982606        535453.04032741114        419147.92065966147        1.6666666666666667     
   3.1622776601683786        49610.343155924253        1223764.3367056716        13.707452453672886       -122834.62889846886        1.6666666666666667     
   3.1622776601683786        54511.405630284804        1223785.1464592465        13.007454108446836       -111792.06680281124        1.6666666666666667     
   3.1622776601683786        59896.649665375357        1223806.9491647419        12.522368924692273       -101742.08936822321        1.6666666666666667     
   3.1622776601683786        65813.908110700897        1223829.7932324558        11.941058328375220       -92595.750365539512        1.6666666666666667     
   3.1622776601683786        72315.739277612549        1223853.7293039009        11.387161212041974       -84271.693609219990        1.6666666666666667     
   3.1622776601683786        79459.893773081407        1223878.8105187535        10.859334142878652       -76695.991237327558        1.6666666666666667     
   3.1622776601683786        87309.827452514553        1223905.0925170064        10.356301208958030       -69801.362028218122        1.6666666666666667     
   3.1622776601683786        95935.265047765599        1223932.6336384015        9.8768528550863266       -63526.573818189776        1.6666666666666667     
   3.1622776601683786        105412.81947660027        1223961.4949782202        9.3301373999565840       -57815.989345121801        1.6666666666666667     
   3.1622776601683786        115826.67233445164        1223991.7405688607        8.8986440096050501       -52618.708304366781        1.6666666666666667     
   3.9810717055349714        1145.4238945146005       -56.824129084636269        190.58121060794520        163.03712317308143        1.6666666666666667     
   3.9810717055349714        1258.5816295658860       -51.552920157384854        180.55261823629820        129.22738466613541        1.6666666666666667     
   3.9810717055349714        1382.9183465323024       -46.067274924002064        170.96257979915208        99.382992712333532        1.6666666666666667     
   3.9810717055349714        1519.5384298079175       -40.360917213094069        161.82627551831530        73.138694171526595        1.6666666666666667     
   3.9810717055349714        1669.6553671827205       -34.426544372484642        153.14858491439765        50.151778260163368        1.6666666666666667     
   3.9810717055349714        1834.6025282917394       -28.255833182850463        144.92642939849532        30.102727048731410        1.6666666666666667     
   3.9810717055349714        2015.8450078794649       -21.839461078111228        137.17113390063318        12.715788934539646        1.6666666666666667     
   3.9810717055349714        2214.9926390738947       -15.167112581791661        129.82721423892229       -2.3241669488457148        1.6666666666666667     
   3.9810717055349714        2433.8142922567868       -8.2274893023025069        122.86304653866154       -15.282925425269042        1.6666666666666667     
   3.9810717055349714        2674.2535865356399       -1.0083143646114030        116.36988144610838       -26.279854426553371        1.6666666666666667     
   3.9810717055349714        2938.4461533699377        6.5036314287535886        110.18521932071756       -35.666353611634023        1.6666666666666667     
   3.9810717055349714        3228.7386056907558        14.322556510237884        104.42388427180482       -43.496729543056716        1.6666666666666667     
   3.9810717055349714        3547.7093810013585        22.463618498659688        98.937499739033541       -50.070366777885383        1.6666666666666667     
   3.9810717055349714        3898.1916435915200        30.942935472229905        93.827356657403271       -55.420532065922785        1.6666666666666667     
   3.9810717055349714        4283.2984492877604        39.777623737364358        88.985560843610756       -59.774819333710155        1.6666666666666667     
   3.9810717055349714        4706.4503962580002        48.985773694964948        84.422960224692645       -63.228595122982199        1.6666666666666667     
   3.9810717055349714        5171.4060074707995        58.586500508768509        80.121805749655550       -65.893718573643596        1.6666666666666667     
   3.9810717055349714        5682.2951146724545        68.599932345612530        76.065323457541467       -67.870145631720391        1.6666666666666667     
   3.9810717055349714        6243.6555404053270        79.047277617028129        72.194677996293422       -69.290136317794833        1.6666666666666667     
   3.9810717055349714        6860.4734038846636        89.950810035489752        68.624234663943184       -70.103961245276338        1.6666666666666667     
   3.9810717055349714        7538.2274087390451        101.33394536981579        65.211040671186993       -70.511393949575947        1.6666666666666667     
   3.9810717055349714        8282.9375059872909        113.22124986529739        61.985285165704340       -70.532060814424185        1.6666666666666667     
   3.9810717055349714        9101.2183644864581        125.63852387637969        58.935019821362289       -70.221512842498981        1.6666666666666667     
   3.9810717055349714        10000.338123786474        138.61277493650971        56.049198391860955       -69.628815442367909        1.6666666666666667     
   3.9810717055349714        10988.282951246400        152.17239572295114        53.317977948807993       -68.796949800457554        1.6666666666666667     
   3.9810717055349714        12073.827976821949        166.34756834945807        50.735009184705859       -67.761234958034379        1.6666666666666667     
   3.9810717055349714        13266.615235581727        181.17278497618742        48.311456898204597       -66.536868639388246        1.6666666666666667     
   3.9810717055349714        14577.239310253648        196.70305551059687        46.151137964187683       -65.050582510988335        1.6666666666666667     
   3.9810717055349714        16017.341434496388        213.10418017481268        44.752740348599218       -62.870574077066244        1.6666666666666667     
   3.9810717055349714        17599.712892740499        231.10727239626721        46.710016403181953       -57.650097277888499        1.6666666666666667     
   3.9810717055349714        19338.408635017975        254.04576779767896        61.891525894424149       -40.522213446054721        1.6666666666666667     
   3.9810717055349714        21248.872115930601        296.00530370749169        125.93834773809931        20.352506469809001        1.6666666666666667     
   3.9810717055349714        23348.072466602593        410.94711106634099        350.56840912943699        223.61160315759741        1.6666666666666667     
   3.9810717055349714        25654.655218007167        785.80897345475194        1061.0000450509460        853.85022162594532        1.6666666666666667     
   3.9810717055349714        28189.107914422719        2007.2468566036107        3083.0226769376168        2622.8433295997961        1.6666666666666667     
   3.9810717055349714        30973.942088031527        5747.9846471902265        8333.3148330393669        7157.3507606311332        1.6666666666666667     
   3.9810717055349714        34033.893210996910        16356.126644150683        20812.138118117218        17787.771376708683        1.6666666666666667     
   3.9810717055349714        37396.140401034587        44173.440908689881        48074.123864607827        40658.145559844277        1.6666666666666667     
   3.9810717055349714        41090.547831948381        111791.01144152319        103040.77412270999        85974.784642114231        1.6666666666666667     
   3.9810717055349714        45149.929993388454        264705.72515238001        205735.35075294785        168970.39830802236        1.6666666666666667     
   3.9810717055349714        49610.343155924260        587709.92791131278        384227.20951959491        309948.76776585757        1.6666666666666667     
   3.9810717055349714        54511.405630284818        1227577.8576097244        673946.85078528710        532754.93543369847        1.6666666666666667     
   3.9810717055349714        59896.649665375357        1939553.6378272211        22.189515875652432       -202998.07780310034        1.6666666666666667     
   3.9810717055349714        65813.908110700911        1939585.9438477503        21.258374908939004       -184748.75020171166        1.6666666666666667     
   3.9810717055349714        72315.739277612578        1939619.7907028701        20.270276581868529       -168140.19779238218        1.6666666666666667     
   3.9810717055349714        79459.893773081436        1939655.2534848666        19.328946946188807       -153024.80840046625        1.6666666666666667     
   3.9810717055349714        87309.827452514568        1939692.4108454813        18.432054203003645       -139268.33789546197        1.6666666666666667     
   3.9810717055349714        95935.265047765613        1939731.3452866410        17.577412072569132       -126748.61164699034        1.6666666666666667     
   3.9810717055349714        105412.81947660029        1939772.1431461256        16.762950690463185       -115354.43938644067        1.6666666666666667     
   3.9810717055349714        115826.67233445166        1939814.8950077244        15.986708458513021       -104984.62764368224        1.6666666666666667     
   5.0118723362727211        1145.4238945146005       -68.769904584154659        343.46089066474406        280.73703092708354        1.6666666666666667     
   5.0118723362727211        1258.5816295658863       -61.214700148241739        326.13405347568403        221.67005941042805        1.6666666666666667     
   5.0118723362727211        1382.9183465323022       -53.336994321858640        309.32129884075010        169.28922009102871        1.6666666666666667     
   5.0118723362727211        1519.5384298079173       -45.130870652816384        293.13130311873437        123.06551191565342        1.6666666666666667     
   5.0118723362727211        1669.6553671827203       -36.588769385744946        277.61936841788071        82.464211951601698        1.6666666666666667     
   5.0118723362727211        1834.6025282917385       -27.701478500136023        262.81811011486411        46.974798105880922        1.6666666666666667     
   5.0118723362727211        2015.8450078794642       -18.458138979959458        248.74205241145475        16.114194074284086        1.6666666666666667     
   5.0118723362727211        2214.9926390738942       -8.8462924968605936        235.39147409806560       -10.571080270731585        1.6666666666666667     
   5.0118723362727211        2433.8142922567868        1.1481460140309512        222.75585287941044       -33.503829199409267        1.6666666666666667     
   5.0118723362727211        2674.2535865356394        11.540828647180630        210.78515242166418       -53.107148603315721        1.6666666666666667     
   5.0118723362727211        2938.4461533699377        22.348966939131394        199.57898792339890       -69.617866109538397        1.6666666666666667     
   5.0118723362727211        3228.7386056907553        33.591327333897020        188.89750777372427       -83.578305733115997        1.6666666666666667     
   5.0118723362727211        3547.7093810013575        45.288213683995963        178.88843953379308       -95.111833436784394        1.6666666666666667     
   5.0118723362727211        3898.1916435915196        57.461447315090318        169.51088388271529       -104.50159914088769        1.6666666666666667     
   5.0118723362727211        4283.2984492877595        70.134365793269666        160.62886065306259       -112.09947872455393        1.6666666666666667     
   5.0118723362727211        4706.4503962579984        83.331852708417529        152.21829185030344       -118.12150468665658        1.6666666666666667     
   5.0118723362727211        5171.4060074707977        97.080322531653010        144.38403476681572       -122.63301235889347        1.6666666666666667     
   5.0118723362727211        5682.2951146724536        111.40776047570566        136.95985696401181       -125.95079435215334        1.6666666666666667     
   5.0118723362727211        6243.6555404053252        126.34374725155939        129.96234653037675       -128.19112591114623        1.6666666666666667     
   5.0118723362727211        6860.4734038846636        141.91944543790962        123.36423315701950       -129.49818077426863        1.6666666666666667     
   5.0118723362727211        7538.2274087390424        158.16771555746578        117.13979228119342       -130.00037590613277        1.6666666666666667     
   5.0118723362727211        8282.9375059872891        175.12310643328794        111.19858619665024       -129.87806239607139        1.6666666666666667     
   5.0118723362727211        9101.2183644864563        192.82190456473364        105.71697440042271       -129.03339125484933        1.6666666666666667     
   5.0118723362727211        10000.338123786472        211.30224109845361        100.47499603047072       -127.75471911788235        1.6666666666666667     
   5.0118723362727211        10988.282951246396        230.60412669003014        95.519384093591952       -126.05468394598522        1.6666666666666667     
   5.0118723362727211        12073.827976821947        250.76948532833242        90.831987941584202       -124.00277172364740        1.6666666666666667     
   5.0118723362727211        13266.615235581725        271.84233698195317        86.293246366437870       -121.76282833178145        1.6666666666666667     
   5.0118723362727211        14577.239310253646        293.86908110038104        82.198600850347248       -119.07755204344610        1.6666666666666667     
   5.0118723362727211        16017.341434496386        316.90025476690295        78.238856875714191       -116.28962291364832        1.6666666666666667     
   5.0118723362727211        17599.712892740499        341.00207828330798        74.587345061161159       -113.25991485905061        1.6666666666666667     
   5.0118723362727211        19338.408635017975        366.32384993383482        71.586499524016745       -109.70635507600851        1.6666666666666667     
   5.0118723362727211        21248.872115930601        393.45453317962341        71.631804624416873       -103.43866341009300        1.6666666666666667     
   5.0118723362727211        23348.072466602593        425.10455587868671        82.751305173758283       -87.277913328554305        1.6666666666666667     
   5.0118723362727211        25654.655218007167        473.18264769486120        137.76673637977410       -31.766669247870027        1.6666666666666667     
   5.0118723362727211        28189.107914422719        585.38096619522798        345.47070902817723        159.76528863968670        1.6666666666666667     
   5.0118723362727211        30973.942088031527        934.45255741784638        1027.6402214111613        769.68171519272119        1.6666666666666667     
   5.0118723362727211        34033.893210996910        2086.6856998191975        3059.5727472768885        2557.5955974565845        1.6666666666666667     
   5.0118723362727211        37396.140401034587        5726.2947656361184        8554.6321884612553        7329.6227612927587        1.6666666666666667     
   5.0118723362727211        41090.547831948374        16412.790582462290        22078.447227886500        18910.904567233010        1.6666666666666667     
   5.0118723362727211        45149.929993388454        45422.000627462221        53033.594299377000        45079.707841356430        1.6666666666666667     
   5.0118723362727211        49610.343155924245        118321.82318468238        116898.00598913280        98061.313979695653        1.6666666666666667     
   5.0118723362727211        54511.405630284804        288472.14943236491        241902.02991012484        200122.84025151841        1.6666666666666667     
   5.0118723362727211        59896.649665375342        658755.00543057523        465142.09537708666        378326.24683892750        1.6666666666666667     
   5.0118723362727211        65813.908110700911        1413116.3710649770        838499.35708567500        669022.47697585227        1.6666666666666667     
   5.0118723362727211        72315.739277612549        2857616.3856271529        1416058.8183929212        1104163.2434899467        1.6666666666666667     
   5.0118723362727211        79459.893773081407        3074053.8527279058        34.412464592605829       -305317.59114139358        1.6666666666666667     
   5.0118723362727211        87309.827452514539        3074106.3975457922        32.499795779585838       -277870.38008578471        1.6666666666666667     
   5.0118723362727211        95935.265047765584        3074161.4498700569        31.287937890738249       -252890.16895392162        1.6666666666666667     
   5.0118723362727211        105412.81947660027        3074219.1319071976        29.835621826350689       -230156.04111917294        1.6666666666666667     
   5.0118723362727211        115826.67233445165        3074279.5715708006        28.451788239181042       -209465.77622391621        1.6666666666666667     
   6.3095734448019298        1145.4238945146010       -85.376331923875313        613.91234412980111        504.09326614845338        1.6666666666666667     
   6.3095734448019298        1258.5816295658865       -74.627899630414561        585.22577005383880        400.42295050719184        1.6666666666666667     
   6.3095734448019298        1382.9183465323024       -63.380506679996138        556.83062133009992        307.83015554339863        1.6666666666666667     
   6.3095734448019298        1519.5384298079175       -51.630968290041444        529.00473853032531        225.56083214566866        1.6666666666666667     
   6.3095734448019298        1669.6553671827201       -39.373637184580687        501.95928850062188        152.85272897188202        1.6666666666666667     
   6.3095734448019298        1834.6025282917390       -26.600281489702198        475.84833112404465        88.948178347945543        1.6666666666666667     
   6.3095734448019298        2015.8450078794642       -13.300075923974555        450.77799156928222        33.105347928934293        1.6666666666666667     
   6.3095734448019298        2214.9926390738947       0.54041631342600238        426.81500056005734       -15.392834137862110        1.6666666666666667     
   6.3095734448019298        2433.8142922567868        14.937241457357025        403.99429074355453       -57.231858845212855        1.6666666666666667     
   6.3095734448019298        2674.2535865356399        29.909025932748325        382.32559230724661       -93.060693623708971        1.6666666666666667     
   6.3095734448019298        2938.4461533699377        45.476949414825583        361.79925392861634       -123.48838744723633        1.6666666666666667     
   6.3095734448019298        3228.7386056907549        61.664723455744799        342.33994247617971       -149.13334273264792        1.6666666666666667     
   6.3095734448019298        3547.7093810013585        78.498528815275918        324.11403388756810       -170.31911500054292        1.6666666666666667     
   6.3095734448019298        3898.1916435915205        96.007039392198649        306.82695192034259       -187.78073948598006        1.6666666666666667     
   6.3095734448019298        4283.2984492877604        114.22131471437015        290.44698804717939       -201.94427518295396        1.6666666666666667     
   6.3095734448019298        4706.4503962580002        133.17491262901828        275.10190307339144       -213.03413650395447        1.6666666666666667     
   6.3095734448019298        5171.4060074707986        152.90371217486054        260.72686057148076       -221.42829027822842        1.6666666666666667     
   6.3095734448019298        5682.2951146724545        173.44609199969352        247.11136129923261       -227.61513269474949        1.6666666666666667     
   6.3095734448019298        6243.6555404053261        194.84283396721673        234.21743607656254       -231.87830580756741        1.6666666666666667     
   6.3095734448019298        6860.4734038846636        217.13716643650676        222.20592425568952       -234.27354318124580        1.6666666666666667     
   6.3095734448019298        7538.2274087390451        240.37484399118267        210.82080424292826       -235.24727543522297        1.6666666666666667     
   6.3095734448019298        8282.9375059872909        264.60415773991815        200.08757125708598       -234.94085085681425        1.6666666666666667     
   6.3095734448019298        9101.2183644864581        289.87595738648974        189.96436998264699       -233.54182216612480        1.6666666666666667     
   6.3095734448019298        10000.338123786474        316.24381236806846        180.41182827118973       -231.21647435848794        1.6666666666666667     
   6.3095734448019298        10988.282951246396        343.76401950908183        171.29094836150216       -228.21389328066141        1.6666666666666667     
   6.3095734448019298        12073.827976821945        372.49566982413643        162.87374812321787       -224.35717721495777        1.6666666666666667     
   6.3095734448019298        13266.615235581725        402.50083745185134        154.82176178181817       -220.06670278034687        1.6666666666666667     
   6.3095734448019298        14577.239310253648        433.84464544423213        147.20737343310475       -215.34026125415863        1.6666666666666667     
   6.3095734448019298        16017.341434496388        466.59531385064798        139.83623019015567       -210.43196568412358        1.6666666666666667     
   6.3095734448019298        17599.712892740503        500.82460376553183        133.18472397884307       -204.91619042578375        1.6666666666666667     
   6.3095734448019298        19338.408635017986        536.60895800262324        126.73838169860119       -199.35072514906193        1.6666666666666667     
   6.3095734448019298        21248.872115930611        574.03756374589204        120.70333267047317       -193.56970622231410        1.6666666666666667     
   6.3095734448019298        23348.072466602600        613.26165443765024        115.39788904258330       -187.31195471585897        1.6666666666666667     
   6.3095734448019298        25654.655218007181        654.76803798819890        112.34022691496648       -179.22918571856758        1.6666666666666667     
   6.3095734448019298        28189.107914422730        700.73660759312838        119.13247855602549       -162.42563046123863        1.6666666666666667     
   6.3095734448019298        30973.942088031537        761.04967913733515        164.92244627386299       -110.66930295033092        1.6666666666666667     
   6.3095734448019298        34033.893210996917        877.02887844746363        350.98134428437788        66.307147698826100        1.6666666666666667     
   6.3095734448019298        37396.140401034609        1205.2027844170450        995.82053580547836        649.54369128182907        1.6666666666666667     
   6.3095734448019298        41090.547831948395        2281.8055655292524        3011.6830703877895        2436.2002399318808        1.6666666666666667     
   6.3095734448019298        45149.929993388469        5771.4585802134397        8688.3865124127624        7396.6620148710635        1.6666666666666667     
   6.3095734448019298        49610.343155924267        16370.811190469174        23280.092258510194        19981.586500669368        1.6666666666666667     
   6.3095734448019298        54511.405630284833        46165.515201650240        57629.111208079848        49196.193441050193        1.6666666666666667     
   6.3095734448019298        59896.649665375371        123622.99278972932        131984.68944494380        111460.44054566609        1.6666666666666667     
   6.3095734448019298        65813.908110700941        310355.11682607478        280601.69618169311        233730.64698067339        1.6666666666666667     
   6.3095734448019298        72315.739277612593        729349.47891064698        555975.82512476947        455748.18616553966        1.6666666666666667     
   6.3095734448019298        79459.893773081465        1607890.5357691469        1025953.1620645430        824876.68904418009        1.6666666666666667     
   6.3095734448019298        87309.827452514612        3336255.3896709238        1795977.2427426651        1416281.9603058328        1.6666666666666667     
   6.3095734448019298        95935.265047765657        4872062.0358781116        55.706491693854332       -504570.20841312571        1.6666666666666667     
   6.3095734448019298        105412.81947660034        4872143.6086940914        53.115021437406540       -459210.10999857367        1.6666666666666667     
   6.3095734448019298        115826.67233445174        4872229.0725308824        50.646481104195118       -417928.04230347043        1.6666666666666667     
   7.9432823472428113        1145.4238945146010       -109.70669227340605        1082.2456654160105        932.48515058473822        1.6666666666666667     
   7.9432823472428113        1258.5816295658865       -94.605722921452696        1038.2890611785456        751.90405943113683        1.6666666666666667     
   7.9432823472428113        1382.9183465323024       -78.711197748651273        993.18201653240124        588.77259661960568        1.6666666666666667     
   7.9432823472428113        1519.5384298079177       -62.026623290268539        947.68396887538131        442.28423312449121        1.6666666666666667     
   7.9432823472428113        1669.6553671827201       -44.552291640046761        902.34716016059474        311.46917930716540        1.6666666666666667     
   7.9432823472428113        1834.6025282917385       -26.284823267068308        857.80153851443322        195.49334037682456        1.6666666666666667     
   7.9432823472428113        2015.8450078794640       -7.2170127043116628        814.41687967211510        93.332888915725562        1.6666666666666667     
   7.9432823472428113        2214.9926390738942        12.662335931780211        772.35112716892650        3.8309898093763195        1.6666666666666667     
   7.9432823472428113        2433.8142922567858        33.368550427833810        731.86842840044619       -73.978874968564469        1.6666666666666667     
   7.9432823472428113        2674.2535865356385        54.921082733687740        692.99742057626895       -141.21127677424499        1.6666666666666667     
   7.9432823472428113        2938.4461533699359        77.343543478170133        656.12427235727466       -198.53509980419346        1.6666666666666667     
   7.9432823472428113        3228.7386056907530        100.66364954700356        620.97115504755607       -247.19582016878610        1.6666666666666667     
   7.9432823472428113        3547.7093810013548        124.91316419140324        587.55104905337419       -288.06294594231485        1.6666666666666667     
   7.9432823472428113        3898.1916435915164        150.12790604922799        556.09760282010257       -321.70374249904103        1.6666666666666667     
   7.9432823472428113        4283.2984492877558        176.34763560000488        526.22107266728335       -349.23117427536897        1.6666666666666667     
   7.9432823472428113        4706.4503962579938        203.61601564257165        498.25602261975632       -370.96089681099221        1.6666666666666667     
   7.9432823472428113        5171.4060074707941        231.98064063243859        471.74293263609002       -387.93476741382290        1.6666666666666667     
   7.9432823472428113        5682.2951146724481        261.49290015719782        446.62795221427132       -400.72585735161982        1.6666666666666667     
   7.9432823472428113        6243.6555404053197        292.20805254441137        423.10389151651862       -409.60276301193824        1.6666666666666667     
   7.9432823472428113        6860.4734038846573        324.18518798977249        400.94901864904386       -415.19566586234822        1.6666666666666667     
   7.9432823472428113        7538.2274087390379        357.48718575468985        380.19634544440351       -417.83173249742975        1.6666666666666667     
   7.9432823472428113        8282.9375059872818        392.18085122324919        360.53526935091895       -418.13822333865932        1.6666666666666667     
   7.9432823472428113        9101.2183644864472        428.33697522444413        341.80612970033053       -416.55219087710407        1.6666666666666667     
   7.9432823472428113        10000.338123786461        466.03018987632373        324.54853133287997       -412.77584807009561        1.6666666666666667     
   7.9432823472428113        10988.282951246385        505.33933931046312        308.08292478525345       -407.69910072034287        1.6666666666666667     
   7.9432823472428113        12073.827976821934        546.34739346004210        292.54896824397747       -401.36430848002937        1.6666666666666667     
   7.9432823472428113        13266.615235581708        589.14163210343668        277.88648483294764       -393.98852274291869        1.6666666666666667     
   7.9432823472428113        14577.239310253628        633.81372817418821        264.03923912880600       -385.76248301584133        1.6666666666666667     
   7.9432823472428113        16017.341434496368        680.45992332206993        250.95480230334033       -376.85334302146930        1.6666666666666667     
   7.9432823472428113        17599.712892740477        729.18127569152898        238.58441543779918       -367.40717415879897        1.6666666666666667     
   7.9432823472428113        19338.408635017957        780.08375215569902        226.88288372705756       -357.55106282466733        1.6666666666666667     
   7.9432823472428113        21248.872115930571        833.27842037923460        215.80908908958918       -347.39446213295560        1.6666666666666667     
   7.9432823472428113        23348.072466602560        888.88264215117579        205.33079941060350       -337.02657810427394        1.6666666666666667     
   7.9432823472428113        25654.655218007130        947.02544586251076        195.45574174571811       -326.48905729166961        1.6666666666666667     
   7.9432823472428113        28189.107914422686        1007.8829180127536        186.40526789965861       -315.61794227499399        1.6666666666666667     
   7.9432823472428113        30973.942088031483        1071.8834122361843        179.47051621035826       -303.26349894216565        1.6666666666666667     
   7.9432823472428113        34033.893210996859        1140.7788304396181        180.53113337259674       -284.12318746458919        1.6666666666666667     
   7.9432823472428113        37396.140401034536        1222.6341032313235        215.27205727807086       -234.98648969963040        1.6666666666666667     
   7.9432823472428113        41090.547831948323        1352.5548570458416        376.89379046355498       -72.433982634326810        1.6666666666666667     
   7.9432823472428113        45149.929993388396        1669.5799037373010        974.19560951379935        477.43239531394426        1.6666666666666667     
   7.9432823472428113        49610.343155924180        2671.7055049509486        2928.8448648208032        2224.0619962154742        1.6666666666666667     
   7.9432823472428113        54511.405630284738        5973.4737262171375        8673.6565451747083        7274.5605475457342        1.6666666666666667     
   7.9432823472428113        59896.649665375269        16325.718032624696        23992.717616283699        20557.400039972388        1.6666666666666667     
   7.9432823472428113        65813.908110700824        46458.143870311760        61374.707447430410        52521.051034256394        1.6666666666666667     
   7.9432823472428113        72315.739277612447        127541.77381038177        146147.57102928706        124064.16999754713        1.6666666666666667     
   7.9432823472428113        79459.893773081320        329591.04696218902        319471.84147138614        267565.99186134286        1.6666666666666667     
   7.9432823472428113        87309.827452514452        797410.03315462510        655907.41963649634        541642.72584865906        1.6666666666666667     
   7.9432823472428113        95935.265047765497        1807794.8261505468        1245926.5994478483        1010190.1222254210        1.6666666666666667     
   7.9432823472428113        105412.81947660015        3851586.5328812576        2241084.3073180877        1784010.4023794597        1.6666666666666667     
   7.9432823472428113        115826.67233445153        7721706.3560981788        89.748497121036053       -833856.24285251764        1.6666666666666667     
   9.9999999999999947        1145.4238945146005       -146.54306612540577        1868.3131371668082        1746.8670283310071        1.6666666666666667     
   9.9999999999999947        1258.5816295658863       -125.73274358032904        1809.6569476714562        1438.7402873662340        1.6666666666666667     
   9.9999999999999947        1382.9183465323019       -103.63424682219940        1745.2292912313537        1156.0139373373645        1.6666666666666667     
   9.9999999999999947        1519.5384298079173       -80.262345078472563        1676.8200165411429        898.36114372480722        1.6666666666666667     
   9.9999999999999947        1669.6553671827201       -55.628783490034337        1605.8578301683467        665.04793986277900        1.6666666666666667     
   9.9999999999999947        1834.6025282917383       -29.741189782399108        1534.0092004596606        455.57019281331736        1.6666666666666667     
   9.9999999999999947        2015.8450078794635       -2.6023836926036630        1461.9931882640369        268.50375820784143        1.6666666666666667     
   9.9999999999999947        2214.9926390738929        25.790339062695878        1390.7963575367255        102.74728769444914        1.6666666666666667     
   9.9999999999999947        2433.8142922567849        55.445654950489455        1321.0966820194869       -43.030430989039132        1.6666666666666667     
   9.9999999999999947        2674.2535865356381        86.378506237107288        1253.2205273963370       -170.41543850832545        1.6666666666666667     
   9.9999999999999947        2938.4461533699346        118.61025407409068        1188.1005858167271       -280.27758082675632        1.6666666666666667     
   9.9999999999999947        3228.7386056907526        152.16884234614054        1125.2634410551821       -374.77495782901838        1.6666666666666667     
   9.9999999999999947        3547.7093810013553        187.08873454155417        1065.5566474348177       -454.62183386287234        1.6666666666666667     
   9.9999999999999947        3898.1916435915168        223.41100994724002        1008.5570176750025       -521.67965356796651        1.6666666666666667     
   9.9999999999999947        4283.2984492877576        261.18313140960021        954.45060688831518       -577.07759494317031        1.6666666666666667     
   9.9999999999999947        4706.4503962579956        300.45903440228989        903.07386228431596       -622.17551552668635        1.6666666666666667     
   9.9999999999999947        5171.4060074707950        341.29900321963146        854.63867640442004       -657.84354839085290        1.6666666666666667     
   9.9999999999999947        5682.2951146724508        383.76943800609854        808.91253554568721       -685.28747464221919        1.6666666666666667     
   9.9999999999999947        6243.6555404053215        427.94311177249142        765.78743680016714       -705.48748779645803        1.6666666666666667     
   9.9999999999999947        6860.4734038846591        473.89869183983143        725.14380470323658       -719.34015205453488        1.6666666666666667     
   9.9999999999999947        7538.2274087390388        521.72113752069140        687.06049301113126       -727.45681744794979        1.6666666666666667     
   9.9999999999999947        8282.9375059872855        571.50130028971091        650.98880802167969       -730.99587246279327        1.6666666666666667     
   9.9999999999999947        9101.2183644864508        623.33624860589862        616.83287317748636       -730.59014894643565        1.6666666666666667     
   9.9999999999999947        10000.338123786467        677.32907941378755        584.67000785924483       -726.63285052669175        1.6666666666666667     
   9.9999999999999947        10988.282951246389        733.58909526204184        554.87301043456227       -719.16193601717168        1.6666666666666667     
   9.9999999999999947        12073.827976821938        792.23192395338788        526.46342794275824       -709.51290344039421        1.6666666666666667     
   9.9999999999999947        13266.615235581716        853.37954449609788        499.38146734120892       -698.05435145040315        1.6666666666666667     
   9.9999999999999947        14577.239310253633        917.16059526751383        474.13329054847964       -684.54606767168593        1.6666666666666667     
   9.9999999999999947        16017.341434496373        983.71019979125674        450.57555062044230       -669.35884335177911        1.6666666666666667     
   9.9999999999999947        17599.712892740485        1053.1705925748570        428.06598273728014       -653.32870580858821        1.6666666666666667     
   9.9999999999999947        19338.408635017968        1125.6911387184562        406.80154143501568       -636.42245310409521        1.6666666666666667     
   9.9999999999999947        21248.872115930593        1201.4285073732565        386.24150086661757       -619.31805412735025        1.6666666666666667     
   9.9999999999999947        23348.072466602582        1280.5470589193624        367.69444333913270       -600.82096116723164        1.6666666666666667     
   9.9999999999999947        25654.655218007159        1363.2193035785460        349.70934109310292       -582.47597882100467        1.6666666666666667     
   9.9999999999999947        28189.107914422719        1449.6264642863891        332.68770888298604       -563.95775315923515        1.6666666666666667     
   9.9999999999999947        30973.942088031527        1539.9624081011293        316.60099605801406       -545.35738574580648        1.6666666666666667     
   9.9999999999999947        34033.893210996910        1634.4586079798203        301.58178553961079       -526.60375232372644        1.6666666666666667     
   9.9999999999999947        37396.140401034594        1733.5348623528471        288.60210897278193       -506.84452892675120        1.6666666666666667     
   9.9999999999999947        41090.547831948374        1838.6257029054398        282.26077826616347       -481.94436625160353        1.6666666666666667     
   9.9999999999999947        45149.929993388461        1956.2310521133895        304.82787250662113       -431.68845920072079        1.6666666666666667     
   9.9999999999999947        49610.343155924260        2115.6156345241861        441.01181786572852       -279.87927060276223        1.6666666666666667     
   9.9999999999999947        54511.405630284818        2437.8495608541275        979.41817604123571        230.25010925471815        1.6666666666666667     
   9.9999999999999947        59896.649665375357        3376.4128357821155        2837.0845601193651        1908.5062686667504        1.6666666666666667     
   9.9999999999999947        65813.908110700911        6467.6077159210909        8543.3782086738574        6958.6225442871946        1.6666666666666667     
   9.9999999999999947        72315.739277612578        16429.112752163193        24403.730993435602        20792.165050861291        1.6666666666666667     
   9.9999999999999947        79459.893773081421        46432.941118291965        64816.237442973943        55582.971861426631        1.6666666666666667     
   9.9999999999999947        87309.827452514568        130034.15091224737        159420.33115446975        135938.10851349679        1.6666666666666667     
   9.9999999999999947        95935.265047765613        345511.77855994267        362019.28885886446        305277.09585934487        1.6666666666666667     
   9.9999999999999947        105412.81947660030        860726.43385168200        763464.12847167812        634853.64131615125        1.6666666666666667     
   9.9999999999999947        115826.67233445168        2007820.1469966061        1501213.3074621670        1228204.8403910480        1.6666666666666667     
   12.589254117941667        1145.4238945146005       -202.81514972823831        3129.1914794860531        3253.9492307205069        1.6666666666666667     
   12.589254117941667        1258.5816295658860       -174.93275201294767        3072.5211947799380        2746.8492868781441        1.6666666666666667     
   12.589254117941667        1382.9183465323022       -144.94509727517030        2998.6043358633196        2272.3084913688658        1.6666666666666667     
   12.589254117941667        1519.5384298079171       -112.87787308540437        2910.5992445759907        1831.2190258329958        1.6666666666666667     
   12.589254117941667        1669.6553671827198       -78.757663524106292        2812.2864172775053        1424.8065193306941        1.6666666666666667     
   12.589254117941667        1834.6025282917381       -42.609338349843860        2706.3415564013480        1052.9723110801003        1.6666666666666667     
   12.589254117941667        2015.8450078794633       -4.4538533208173909        2595.4981302367528        715.52686999374077        1.6666666666666667     
   12.589254117941667        2214.9926390738929        35.693651839875059        2481.9964156959882        411.70558480231875        1.6666666666666667     
   12.589254117941667        2433.8142922567854        77.825127379500017        2367.7036137537752        140.35182377882802        1.6666666666666667     
   12.589254117941667        2674.2535865356376        121.94090402968624        2254.1381226857025       -100.00745122338412        1.6666666666666667     
   12.589254117941667        2938.4461533699350        168.05044704718358        2142.5028281905156       -311.08355764256567        1.6666666666666667     
   12.589254117941667        3228.7386056907517        216.17296869632705        2033.7222185771964       -494.75413435615292        1.6666666666666667     
   12.589254117941667        3547.7093810013539        266.33779723217845        1928.4810529501328       -652.99784557971543        1.6666666666666667     
   12.589254117941667        3898.1916435915150        318.58461018402670        1827.2613150108441       -787.83873977529015        1.6666666666666667     
   12.589254117941667        4283.2984492877558        372.96337703024710        1730.1192853139469       -901.55647792093669        1.6666666666666667     
   12.589254117941667        4706.4503962579938        429.53458836084388        1638.0065874116667       -995.36033008457048        1.6666666666666667     
   12.589254117941667        5171.4060074707932        488.36896747836937        1550.2190575156760       -1071.9377529133928        1.6666666666666667     
   12.589254117941667        5682.2951146724490        549.54746955460973        1466.9994326720825       -1132.8545931241390        1.6666666666666667     
   12.589254117941667        6243.6555404053197        613.16119801179070        1388.2684232203246       -1179.8293668093138        1.6666666666666667     
   12.589254117941667        6860.4734038846573        679.31116024087953        1313.7035770790817       -1214.6613751121654        1.6666666666666667     
   12.589254117941667        7538.2274087390379        748.10804532483962        1243.5467054626770       -1238.4319928329687        1.6666666666666667     
   12.589254117941667        8282.9375059872818        819.67259565373479        1177.7595088017279       -1252.3602156231223        1.6666666666666667     
   12.589254117941667        9101.2183644864490        894.13493916152720        1115.0932209875464       -1258.7417297986935        1.6666666666666667     
   12.589254117941667        10000.338123786463        971.63485441848911        1056.7130537503999       -1257.3359389226985        1.6666666666666667     
   12.589254117941667        10988.282951246387        1052.3218855566056        1001.4180679286255       -1250.1567286817137        1.6666666666666667     
   12.589254117941667        12073.827976821936        1136.3551506452879        949.05649968836769       -1238.0668118464928        1.6666666666666667     
   12.589254117941667        13266.615235581712        1223.9036173307481        899.74475595795411       -1221.5688402672095        1.6666666666666667     
   12.589254117941667        14577.239310253633        1315.1458942304694        854.05544032823855       -1200.6260586429839        1.6666666666666667     
   12.589254117941667        16017.341434496371        1410.2708761002218        810.48242383985780       -1177.2065839732386        1.6666666666666667     
   12.589254117941667        17599.712892740485        1509.4777273023867        769.39221326711049       -1151.3396074513616        1.6666666666666667     
   12.589254117941667        19338.408635017964        1612.9760298361571        730.62479646409884       -1123.5217848774048        1.6666666666666667     
   12.589254117941667        21248.872115930586        1720.9860896301943        694.03018250795867       -1094.1874699637858        1.6666666666666667     
   12.589254117941667        23348.072466602574        1833.7396605230417        659.46812683250755       -1063.7154535186346        1.6666666666666667     
   12.589254117941667        25654.655218007149        1951.4798484598546        626.80801775059081       -1032.4341081581197        1.6666666666666667     
   12.589254117941667        28189.107914422704        2074.4616217105490        595.92836760657519       -1000.6270081709586        1.6666666666666667     
   12.589254117941667        30973.942088031512        2202.9525111792505        566.71666621696204       -968.53771888909273        1.6666666666666667     
   12.589254117941667        34033.893210996896        2337.2334185791160        538.42864941543667       -937.01464774943804        1.6666666666666667     
   12.589254117941667        37396.140401034587        2477.6010316964771        512.91574464812584       -904.28803153038677        1.6666666666666667     
   12.589254117941667        41090.547831948366        2624.3856511905292        488.29531353931088       -872.31064334960365        1.6666666666666667     
   12.589254117941667        45149.929993388447        2778.0590483717447        465.90034611654119       -839.85386111756793        1.6666666666666667     
   12.589254117941667        49610.343155924245        2939.8585738271336        449.61804687773110       -803.39653297191762        1.6666666666666667     
   12.589254117941667        54511.405630284804        3115.0017391170168        456.96203789475476       -747.09425817790361        1.6666666666666667     
   12.589254117941667        59896.649665375327        3327.4656086775990        564.20127326873626       -601.92445618119768        1.6666666666666667     
   12.589254117941667        65813.908110700911        3680.6133508750668        1038.9439999607930       -128.71784272552418        1.6666666666666667     
   12.589254117941667        72315.739277612549        4579.2772965846525        2758.3770768842442        1449.3267969607482        1.6666666666666667     
   12.589254117941667        79459.893773081407        7457.2491527341099        8325.2838550879460        6415.8620990572354        1.6666666666666667     
   12.589254117941667        87309.827452514539        16912.161744060981        24509.559411380906        20624.867966463178        1.6666666666666667     
   12.589254117941667        95935.265047765584        46329.453567680896        67385.083244298585        57770.400659715560        1.6666666666666667     
   12.589254117941667        105412.81947660026        131209.01156852269        171259.30614551180        146545.28109790504        1.6666666666666667     
   12.589254117941667        115826.67233445164        357627.73114651156        402363.48848440684        341116.27071467572        1.6666666666666667     
   15.848931924611133        1145.4238945146005       -287.68904936507170        5024.8028036344294        5927.6573771384583        1.6666666666666667     
   15.848931924611133        1258.5816295658860       -251.77571910838495        5027.8972145768812        5137.3793854552623        1.6666666666666667     
   15.848931924611133        1382.9183465323022       -212.46202776300623        4988.6166529019247        4378.7208175419992        1.6666666666666667     
   15.848931924611133        1519.5384298079173       -169.76478893775791        4913.1918693215930        3656.8140912877325        1.6666666666666667     
   15.848931924611133        1669.6553671827198       -123.71451151760394        4807.6168708784899        2975.8132131249968        1.6666666666666667     
   15.848931924611133        1834.6025282917381       -74.349816704267951        4677.3865625998924        2338.6937897903908        1.6666666666666667     
   15.848931924611133        2015.8450078794635       -21.712795869439240        4528.1859952116574        1748.0435075680598        1.6666666666666667     
   15.848931924611133        2214.9926390738933        34.155576653588099        4365.0202322385212        1205.3022033215898        1.6666666666666667     
   15.848931924611133        2433.8142922567854        93.218865841176481        4192.3184524233648        710.98884437695324        1.6666666666666667     
   15.848931924611133        2674.2535865356372        155.44863503038121        4013.9016045795015        264.78095358726978        1.6666666666666667     
   15.848931924611133        2938.4461533699350        220.82689533875327        3832.9877757237796       -134.37162341358726        1.6666666666666667     
   15.848931924611133        3228.7386056907521        289.34809754842701        3652.2230566313851       -488.12112744909791        1.6666666666666667     
   15.848931924611133        3547.7093810013539        361.02074250750218        3473.7287729936384       -798.59494895380158        1.6666666666666667     
   15.848931924611133        3898.1916435915159        435.86825603359819        3299.1588316986054       -1068.2709211602919        1.6666666666666667     
   15.848931924611133        4283.2984492877540        513.92996063988903        3129.2932860276323       -1300.3341237475724        1.6666666666666667     
   15.848931924611133        4706.4503962579929        595.26144498132703        2966.4306797241125       -1496.2455961247424        1.6666666666666667     
   15.848931924611133        5171.4060074707922        679.93453292706442        2809.7815348661470       -1660.3211252359433        1.6666666666666667     
   15.848931924611133        5682.2951146724481        768.03792420985985        2659.7880548951025       -1795.3983137209816        1.6666666666666667     
   15.848931924611133        6243.6555404053188        859.67633416350827        2517.8207472737313       -1903.1281494041159        1.6666666666666667     
   15.848931924611133        6860.4734038846555        954.97105707929450        2382.7216780159688       -1987.4341944051434        1.6666666666666667     
   15.848931924611133        7538.2274087390360        1054.0592366218143        2254.8031601081675       -2050.5159982494288        1.6666666666666667     
   15.848931924611133        8282.9375059872818        1157.0939640032104        2133.5767551090612       -2095.1299434899397        1.6666666666666667     
   15.848931924611133        9101.2183644864490        1264.2441643868851        2019.4627468015369       -2122.8913991908344        1.6666666666666667     
   15.848931924611133        10000.338123786461        1375.6938420480701        1911.8497221916186       -2136.2270393897661        1.6666666666666667     
   15.848931924611133        10988.282951246387        1491.6426083500521        1810.9748173594653       -2136.5114115204951        1.6666666666666667     
   15.848931924611133        12073.827976821936        1612.3054275110781        1714.9016625569402       -2127.1037711610707        1.6666666666666667     
   15.848931924611133        13266.615235581710        1737.9124250723621        1625.4105630787308       -2107.4730979137739        1.6666666666666667     
   15.848931924611133        14577.239310253630        1868.7088865592179        1540.1875171642132       -2081.0244451796711        1.6666666666666667     
   15.848931924611133        16017.341434496368        2004.9557763894522        1460.8063491402845       -2047.1323855891114        1.6666666666666667     
   15.848931924611133        17599.712892740481        2146.9292227887290        1385.5859194700315       -2008.2967373892159        1.6666666666666667     
   15.848931924611133        19338.408635017960        2294.9214616985951        1314.6944076197542       -1965.0527622313236        1.6666666666666667     
   15.848931924611133        21248.872115930582        2449.2407636139942        1247.1119337874370       -1919.0202778246949        1.6666666666666667     
   15.848931924611133        23348.072466602571        2610.2119531530957        1184.1027667355775       -1869.4430950940355        1.6666666666666667     
   15.848931924611133        25654.655218007145        2778.1767298282612        1125.3093647451351       -1817.1053196690139        1.6666666666666667     
   15.848931924611133        28189.107914422701        2953.4941036848427        1069.1280599030506       -1763.9651954066376        1.6666666666666667     
   15.848931924611133        30973.942088031505        3136.5412023492277        1016.0512574657332       -1709.8218114329779        1.6666666666666667     
   15.848931924611133        34033.893210996888        3327.7137887291287        965.88002322960165       -1655.1101972867364        1.6666666666666667     
   15.848931924611133        37396.140401034572        3527.4270600026389        918.42975314420983       -1600.2027440100178        1.6666666666666667     
   15.848931924611133        41090.547831948366        3736.1164858335051        873.53067364574599       -1545.4150039749261        1.6666666666666667     
   15.848931924611133        45149.929993388454        3954.2400623328931        830.04722379428131       -1491.9926586847628        1.6666666666666667     
   15.848931924611133        49610.343155924253        4182.2903916489631        790.89831827332091       -1437.1014793606723        1.6666666666666667     
   15.848931924611133        54511.405630284818        4420.8710719015371        753.54821326072852       -1383.3726022497976        1.6666666666666667     
   15.848931924611133        59896.649665375349        4671.1577799300976        721.94525107988738       -1327.1418190985341        1.6666666666666667     
   15.848931924611133        65813.908110700926        4937.3918143677120        711.65484988341632       -1254.1662901679210        1.6666666666666667     
   15.848931924611133        72315.739277612578        5238.9468873580636        784.65900769970176       -1108.4955215003336        1.6666666666666667     
   15.848931924611133        79459.893773081421        5662.3924489327837        1186.2831163307419       -669.66732881286794        1.6666666666666667     
   15.848931924611133        87309.827452514568        6562.0121205400810        2755.0615903192011        808.80661490626039        1.6666666666666667     
   15.848931924611133        95935.265047765613        9249.9291259938382        8047.2400963390101        5576.6703063654622        1.6666666666666667     
   15.848931924611133        105412.81947660030        18122.222604328123        24218.641061252129        19869.474764289014        1.6666666666666667     
   15.848931924611133        115826.67233445166        46533.268784265914        68806.322872551391        58726.021931646450        1.6666666666666667     
   19.952623149688797        1145.4238945146005       -411.95450386922914        7621.0426526785113        10417.418916773437        1.6666666666666667     
   19.952623149688797        1258.5816295658860       -368.11391030183148        7821.5817763654622        9272.0248331117327        1.6666666666666667     
   19.952623149688797        1382.9183465323022       -318.96220359561386        7937.6048349274697        8140.8582541272226        1.6666666666666667     
   19.952623149688797        1519.5384298079173       -264.43775002550331        7974.9878513612766        7032.4945830116112        1.6666666666666667     
   19.952623149688797        1669.6553671827196       -204.52125015259725        7941.9057225534571        5956.5748776870978        1.6666666666666667     
   19.952623149688797        1834.6025282917383       -139.22724094652170        7846.7603437327680        4921.6302727684106        1.6666666666666667     
   19.952623149688797        2015.8450078794633       -68.595441214038075        7699.3236360483761        3936.2342823866384        1.6666666666666667     
   19.952623149688797        2214.9926390738929        7.3176161344550641        7508.7507033897837        3007.1088602213495        1.6666666666666667     
   19.952623149688797        2433.8142922567849        88.446883162780026        7284.6138450691451        2140.3006005051566        1.6666666666666667     
   19.952623149688797        2674.2535865356376        174.72564893261480        7035.1912684468225        1339.6553376664260        1.6666666666666667     
   19.952623149688797        2938.4461533699350        266.09236599161403        6767.3840485196024        606.92319090268211        1.6666666666666667     
   19.952623149688797        3228.7386056907521        362.49587230618397        6487.9491314300703       -56.811362990433736        1.6666666666666667     
   19.952623149688797        3547.7093810013539        463.89971489713997        6202.4075988131244       -652.03690683727655        1.6666666666666667     
   19.952623149688797        3898.1916435915155        570.28618698240098        5915.3472742139002       -1180.3517751316731        1.6666666666666667     
   19.952623149688797        4283.2984492877549        681.65843844094422        5630.4896002842497       -1644.2481310589828        1.6666666666666667     
   19.952623149688797        4706.4503962579929        798.04303791672055        5350.7728503439012       -2046.9140008012873        1.6666666666666667     
   19.952623149688797        5171.4060074707913        919.49099822580990        5078.4475258279826       -2392.0387760515096        1.6666666666666667     
   19.952623149688797        5682.2951146724463        1046.0788220107997        4815.1715873075318       -2683.6454213133120        1.6666666666666667     
   19.952623149688797        6243.6555404053170        1177.9090283879793        4562.1046111602936       -2925.9426954579030        1.6666666666666667     
   19.952623149688797        6860.4734038846527        1315.1100886533297        4319.9939317173630       -3123.2015862916651        1.6666666666666667     
   19.952623149688797        7538.2274087390342        1457.8370424758148        4088.6434339824973       -3280.2684240309145        1.6666666666666667     
   19.952623149688797        8282.9375059872800        1606.2702753939811        3870.0290111557933       -3399.4356364469845        1.6666666666666667     
   19.952623149688797        9101.2183644864454        1760.6160339325329        3662.2640574785237       -3486.4809745901362        1.6666666666666667     
   19.952623149688797        10000.338123786460        1921.1059540327290        3466.2600949911848       -3544.0144960230496        1.6666666666666667     
   19.952623149688797        10988.282951246383        2087.9963553281586        3280.6273368282746       -3576.5910014463684        1.6666666666666667     
   19.952623149688797        12073.827976821933        2261.5683566596572        3105.5016676327796       -3586.9027805867190        1.6666666666666667     
   19.952623149688797        13266.615235581707        2442.1277700542578        2939.5435397668734       -3578.8017858184294        1.6666666666666667     
   19.952623149688797        14577.239310253626        2630.0039462940313        2784.0568586702830       -3553.2008426047460        1.6666666666666667     
   19.952623149688797        16017.341434496364        2825.5512711648107        2638.3929271582929       -3512.6967407501274        1.6666666666666667     
   19.952623149688797        17599.712892740477        3029.1476344036359        2500.4266282235221       -3461.1136456319819        1.6666666666666667     
   19.952623149688797        19338.408635017957        3241.1956303687980        2370.4835298281068       -3399.6010582139443        1.6666666666666667     
   19.952623149688797        21248.872115930582        3462.1221545119629        2248.0738873946393       -3329.9203537915409        1.6666666666666667     
   19.952623149688797        23348.072466602564        3692.3791300244657        2132.7270579467950       -3253.6317301476406        1.6666666666666667     
   19.952623149688797        25654.655218007141        3932.4436992780943        2022.7885176609561       -3173.3161293380490        1.6666666666666667     
   19.952623149688797        28189.107914422697        4182.8189911730324        1921.4528139536924       -3086.5605437280692        1.6666666666666667     
   19.952623149688797        30973.942088031497        4444.0344136062122        1823.6147059087671       -2999.1229681339391        1.6666666666666667     
   19.952623149688797        34033.893210996874        4716.6466591792760        1732.3355965436349       -2908.4814162262910        1.6666666666666667     
   19.952623149688797        37396.140401034558        5001.2406878644560        1647.1027806164784       -2815.5884780185474        1.6666666666666667     
   19.952623149688797        41090.547831948345        5298.4305661598173        1563.7131928406234       -2724.9998162825004        1.6666666666666667     
   19.952623149688797        45149.929993388432        5608.8606218699997        1488.4952081456504       -2630.6635781822279        1.6666666666666667     
   19.952623149688797        49610.343155924231        5933.2059205932919        1415.5707862437339       -2538.6677720618463        1.6666666666666667     
   19.952623149688797        54511.405630284797        6272.1762675605914        1344.9494579072052       -2449.1569434418225        1.6666666666666667     
   19.952623149688797        59896.649665375342        6626.5227345242620        1281.2694944250325       -2357.6010528859356        1.6666666666666667     
   19.952623149688797        65813.908110700897        6997.0925403494894        1219.9062517720449       -2268.7180092741351        1.6666666666666667     
   19.952623149688797        72315.739277612549        7385.1606183747972        1164.6035546164057       -2178.9792162107487        1.6666666666666667     
   19.952623149688797        79459.893773081392        7794.3243124548308        1127.0397126418175       -2077.7239248675724        1.6666666666666667     
   19.952623149688797        87309.827452514539        8240.1318188381047        1159.2548959833948       -1917.8110679572615        1.6666666666666667     
   19.952623149688797        95935.265047765584        8793.8048473069484        1479.5787525144988       -1502.1747242856354        1.6666666666666667     
   19.952623149688797        105412.81947660027        9759.3079998425692        2871.0802436307858       -130.38414004739798        1.6666666666666667     
   19.952623149688797        115826.67233445164        12313.891013653145        7820.8876893222623        4396.2746140798472        1.6666666666666667     
   25.118864315095809        1145.4238945146005       -586.47941826164276        10715.817680446093        17491.303763841501        1.6666666666666667     
   25.118864315095809        1258.5816295658863       -536.65232250158590        11372.868966723217        15973.110840826532        1.6666666666666667     
   25.118864315095809        1382.9183465323022       -478.99275337922495        11892.694277083820        14430.027691513049        1.6666666666666667     
   25.118864315095809        1519.5384298079173       -413.19691813042641        12272.346361791051        12868.725811481583        1.6666666666666667     
   25.118864315095809        1669.6553671827198       -339.05126024741145        12515.095972668745        11301.205878725994        1.6666666666666667     
   25.118864315095809        1834.6025282917385       -256.42470758436042        12628.302167762371        9741.9773900224354        1.6666666666666667     
   25.118864315095809        2015.8450078794633       -165.25852285219608        12623.054057267922        8207.2662205295983        1.6666666666666667     
   25.118864315095809        2214.9926390738933       -65.553627661397016        12514.371583040429        6714.9856964058272        1.6666666666666667     
   25.118864315095809        2433.8142922567849        42.643173242811002        12315.179176371308        5278.6658024950275        1.6666666666666667     
   25.118864315095809        2674.2535865356376        159.25239307662298        12042.392859321608        3913.6540601626984        1.6666666666666667     
   25.118864315095809        2938.4461533699350        284.17542952864767        11709.274217836310        2629.6717913227330        1.6666666666666667     
   25.118864315095809        3228.7386056907517        417.30644632828682        11329.977051256605        1435.6418530554984        1.6666666666666667     
   25.118864315095809        3547.7093810013544        558.54311996388333        10916.919863332168        337.37265594583732        1.6666666666666667     
   25.118864315095809        3898.1916435915159        707.79590559157714        10480.277987652471       -662.63010213083544        1.6666666666666667     
   25.118864315095809        4283.2984492877549        864.99629774416633        10031.820336808436       -1561.0232882061428        1.6666666666666667     
   25.118864315095809        4706.4503962579938        1030.1021002934881        9576.4090331601892       -2361.8328997597037        1.6666666666666667     
   25.118864315095809        5171.4060074707913        1203.1031057256187        9123.4581045137020       -3064.7534549295760        1.6666666666666667     
   25.118864315095809        5682.2951146724454        1384.0248379655711        8676.0171002936204       -3675.8510043836959        1.6666666666666667     
   25.118864315095809        6243.6555404053170        1572.9306203396795        8238.8315013474767       -4199.3236469734202        1.6666666666666667     
   25.118864315095809        6860.4734038846527        1769.9236577549561        7814.9277322916078       -4640.7815893529805        1.6666666666666667     
   25.118864315095809        7538.2274087390324        1975.1479171692706        7406.4761358920350       -5006.2793205099633        1.6666666666666667     
   25.118864315095809        8282.9375059872764        2188.7890574488865        7014.9357909122045       -5302.0994400471218        1.6666666666666667     
   25.118864315095809        9101.2183644864435        2411.0739346356618        6641.1819688823925       -5534.5741692943302        1.6666666666666667     
   25.118864315095809        10000.338123786460        2642.2706294208097        6285.6236052880377       -5709.9432766426899        1.6666666666666667     
   25.118864315095809        10988.282951246381        2882.6878216631926        5947.4159678575234       -5835.1320881241645        1.6666666666666667     
   25.118864315095809        12073.827976821931        3132.6748899884119        5628.9793085238671       -5913.2405623257982        1.6666666666666667     
   25.118864315095809        13266.615235581707        3392.6209489819630        5326.4126248541288       -5953.1436339331094        1.6666666666666667     
   25.118864315095809        14577.239310253624        3662.9539965025888        5041.6332429472277       -5957.3746009798097        1.6666666666666667     
   25.118864315095809        16017.341434496364        3944.1412014282846        4773.1014895725821       -5931.4319453183416        1.6666666666666667     
   25.118864315095809        17599.712892740477        4236.6880860211140        4521.3990804995774       -5878.2320573452307        1.6666666666666667     
   25.118864315095809        19338.408635017953        4541.1390505628242        4281.6841966077845       -5805.6903161453720        1.6666666666666667     
   25.118864315095809        21248.872115930579        4858.0758929849753        4058.3963292510816       -5712.0481731973632        1.6666666666666667     
   25.118864315095809        23348.072466602564        5188.1196142610279        3846.9008940001004       -5604.2670235401274        1.6666666666666667     
   25.118864315095809        25654.655218007138        5531.9297111676005        3647.6864190990455       -5483.8625851712914        1.6666666666666667     
   25.118864315095809        28189.107914422690        5890.2045470371859        3459.9929075329783       -5353.3088644565914        1.6666666666666667     
   25.118864315095809        30973.942088031497        6263.6823299839834        3283.0937473545418       -5214.7872925298361        1.6666666666666667     
   25.118864315095809        34033.893210996874        6653.1425326155986        3116.2992158215275       -5070.2122357915468        1.6666666666666667     
   25.118864315095809        37396.140401034558        7059.4049621710510        2958.9592902402728       -4921.2520054199067        1.6666666666666667     
   25.118864315095809        41090.547831948345        7483.3333130754127        2808.7884204524016       -4771.0310636388785        1.6666666666666667     
   25.118864315095809        45149.929993388425        7925.8340709962413        2668.6490228576076       -4617.3657251422574        1.6666666666666667     
   25.118864315095809        49610.343155924231        8387.8599566251487        2536.2454402693402       -4463.0920998653346        1.6666666666666667     
   25.118864315095809        54511.405630284775        8870.4102186297805        2412.5200904563826       -4307.6864911916764        1.6666666666666667     
   25.118864315095809        59896.649665375327        9374.5338113692887        2294.0675488825946       -4154.8684221507265        1.6666666666666667     
   25.118864315095809        65813.908110700897        9901.3295681508953        2181.9783635510248       -4003.7697676386670        1.6666666666666667     
   25.118864315095809        72315.739277612563        10451.956268083495        2075.9003848070279       -3854.8907666384762        1.6666666666666667     
   25.118864315095809        79459.893773081392        11027.665708681676        1973.4042990603484       -3710.7593381791003        1.6666666666666667     
   25.118864315095809        87309.827452514553        11630.042505025740        1882.9602580990468       -3563.0637758526618        1.6666666666666667     
   25.118864315095809        95935.265047765584        12262.407120588357        1806.4759534354380       -3410.6465983231651        1.6666666666666667     
   25.118864315095809        105412.81947660027        12937.331641838140        1792.2562177955115       -3209.0729095398183        1.6666666666666667     
   25.118864315095809        115826.67233445165        13712.537383076096        2018.2208220921893       -2798.1933410839638        1.6666666666666667     
   31.622776601683810        1145.4238945146008       -820.07722654295560        13647.104740549594        27939.487462744873        1.6666666666666667     
   31.622776601683810        1258.5816295658863       -768.50628570515164        15130.196995399387        26097.004079272818        1.6666666666666667     
   31.622776601683810        1382.9183465323022       -706.31289184278205        16454.907298266335        24196.082167265220        1.6666666666666667     
   31.622776601683810        1519.5384298079173       -632.66187601995762        17588.517622334053        22219.935874024068        1.6666666666666667     
   31.622776601683810        1669.6553671827198       -546.85847261994445        18510.168672795542        20165.982624464792        1.6666666666666667     
   31.622776601683810        1834.6025282917383       -448.35569403538597        19210.462477855970        18043.580219516109        1.6666666666666667     
   31.622776601683810        2015.8450078794633       -336.75262884437871        19690.585009673498        15871.561930506936        1.6666666666666667     
   31.622776601683810        2214.9926390738933       -211.78522464526245        19958.342841147638        13673.043639083793        1.6666666666666667     
   31.622776601683810        2433.8142922567854       -73.311937803974288        20031.316799138353        11477.742023275772        1.6666666666666667     
   31.622776601683810        2674.2535865356381        78.705212855012206        19929.709628299006        9314.3314092172750        1.6666666666666667     
   31.622776601683810        2938.4461533699350        244.22169218152047        19674.102488111344        7208.0323520747879        1.6666666666666667     
   31.622776601683810        3228.7386056907521        423.13193067766520        19290.569013349454        5185.8214726867063        1.6666666666666667     
   31.622776601683810        3547.7093810013544        615.29069390070390        18802.687372253218        3268.7256131015238        1.6666666666666667     
   31.622776601683810        3898.1916435915155        820.53289431982648        18231.484442978286        1472.1823466399765        1.6666666666666667     
   31.622776601683810        4283.2984492877549        1038.6920920961747        17596.997539682205       -191.91531548405328        1.6666666666666667     
   31.622776601683810        4706.4503962579929        1269.6154264382340        16921.576826288172       -1711.3878171125652        1.6666666666666667     
   31.622776601683810        5171.4060074707913        1513.1786657395512        16216.099714001757       -3087.0622303489035        1.6666666666666667     
   31.622776601683810        5682.2951146724463        1769.2945541403155        15499.102593437328       -4313.1329026843850        1.6666666666666667     
   31.622776601683810        6243.6555404053170        2037.9245108002738        14778.232176536221       -5395.3097004520478        1.6666666666666667     
   31.622776601683810        6860.4734038846527        2319.0825404704387        14063.813718832989       -6336.8509939790019        1.6666666666666667     
   31.622776601683810        7538.2274087390333        2612.8423791604255        13363.021879299595       -7144.1008354281639        1.6666666666666667     
   31.622776601683810        8282.9375059872764        2919.3388527348634        12679.442230839868       -7826.6609704003240        1.6666666666666667     
   31.622776601683810        9101.2183644864399        3238.7717485053877        12020.965296699160       -8389.3149468019328        1.6666666666666667     
   31.622776601683810        10000.338123786456        3571.4057843556179        11390.083317007793       -8841.5801609160735        1.6666666666666667     
   31.622776601683810        10988.282951246380        3917.5713938584163        10785.084716981146       -9196.4176152925738        1.6666666666666667     
   31.622776601683810        12073.827976821927        4277.6641667946578        10208.716724664555       -9461.5067993088305        1.6666666666666667     
   31.622776601683810        13266.615235581703        4652.1456545702104        9661.2858453408990       -9646.1212940851601        1.6666666666666667     
   31.622776601683810        14577.239310253623        5041.5407784343033        9142.5960500009751       -9759.1778951647866        1.6666666666666667     
   31.622776601683810        16017.341434496360        5446.4380295522878        8653.3598992718908       -9807.8450615481524        1.6666666666666667     
   31.622776601683810        17599.712892740474        5867.4886841535208        8187.6369226483803       -9805.1337471531551        1.6666666666666667     
   31.622776601683810        19338.408635017950        6305.4054326404930        7753.0624587097918       -9749.7064949276355        1.6666666666666667     
   31.622776601683810        21248.872115930571        6760.9629021082255        7338.9531150769471       -9657.8219773996752        1.6666666666666667     
   31.622776601683810        23348.072466602564        7234.9967736498756        6950.9908404006637       -9528.7002030719614        1.6666666666666667     
   31.622776601683810        25654.655218007138        7728.4019993187922        6587.5460759389171       -9368.2492467681695        1.6666666666666667     
   31.622776601683810        28189.107914422693        8242.1358911772149        6243.3065679852007       -9185.4965185425863        1.6666666666666667     
   31.622776601683810        30973.942088031490        8777.2161058925358        5919.0808393759653       -8982.8325410835459        1.6666666666666667     
   31.622776601683810        34033.893210996874        9334.7217292164751        5610.2980467767338       -8767.5629676557364        1.6666666666666667     
   31.622776601683810        37396.140401034558        9915.7956226780461        5322.6443761104747       -8536.3222634904414        1.6666666666666667     
   31.622776601683810        41090.547831948337        10521.643430202557        5054.4858358171041       -8292.6925138607385        1.6666666666666667     
   31.622776601683810        45149.929993388418        11153.535561389139        4795.7280218543019       -8048.3866154946272        1.6666666666666667     
   31.622776601683810        49610.343155924224        11812.809322248808        4557.1282868786511       -7793.9751233865554        1.6666666666666667     
   31.622776601683810        54511.405630284782        12500.871885041119        4329.1749068612262       -7540.0430142629193        1.6666666666666667     
   31.622776601683810        59896.649665375313        13219.200561114669        4113.8566423433076       -7285.4498687282085        1.6666666666666667     
   31.622776601683810        65813.908110700882        13969.345160080758        3910.3624613380816       -7031.6591700743902        1.6666666666666667     
   31.622776601683810        72315.739277612534        14752.933283930424        3713.5072741057229       -6784.3404593859286        1.6666666666666667     
   31.622776601683810        79459.893773081392        15571.670753266275        3535.8884302240767       -6531.2337396760340        1.6666666666666667     
   31.622776601683810        87309.827452514553        16427.348746519576        3359.5819316724373       -6290.4763318139358        1.6666666666666667     
   31.622776601683810        95935.265047765599        17321.871438458857        3200.6470939086284       -6046.1281924377327        1.6666666666666667     
   31.622776601683810        105412.81947660030        18257.417503007498        3044.1362322198984       -5813.2466566468047        1.6666666666666667     
   31.622776601683810        115826.67233445168        19237.465548385509        2908.0748393062095       -5574.3215924507676        1.6666666666666667     
   39.810717055349755        1145.4238945146008       -1118.1335135364402        15292.549941153766        42636.139957856649        1.6666666666666667     
   39.810717055349755        1258.5816295658863       -1070.8475378560095        17936.027641522967        40465.716366322915        1.6666666666666667     
   39.810717055349755        1382.9183465323022       -1010.7002318788826        20522.464294258498        38299.778905797168        1.6666666666666667     
   39.810717055349755        1519.5384298079173       -935.96505946588115        22963.149138250286        36058.654973379947        1.6666666666666667     
   39.810717055349755        1669.6553671827201       -845.04730570827678        25181.643981150613        33685.867690866035        1.6666666666666667     
   39.810717055349755        1834.6025282917383       -736.53197204217827        27117.996686449143        31149.310059144995        1.6666666666666667     
   39.810717055349755        2015.8450078794635       -609.21694876987817        28730.782733244949        28440.067968404255        1.6666666666666667     
   39.810717055349755        2214.9926390738933       -462.13062774766161        29997.214330399798        25569.446964327890        1.6666666666666667     
   39.810717055349755        2433.8142922567849       -294.53608173980211        30911.705887377819        22564.868597894671        1.6666666666666667     
   39.810717055349755        2674.2535865356376       -105.92091144588103        31483.974276908597        19465.779834832530        1.6666666666666667     
   39.810717055349755        2938.4461533699350        104.02219824155583        31733.646909459378        16316.695334072985        1.6666666666666667     
   39.810717055349755        3228.7386056907530        335.42242719349395        31689.369390348358        13165.324744076548        1.6666666666666667     
   39.810717055349755        3547.7093810013548        588.26301287922411        31388.160268188014        10061.470664237793        1.6666666666666667     
   39.810717055349755        3898.1916435915155        862.41532401531310        30867.328338788411        7048.9473571323906        1.6666666666666667     
   39.810717055349755        4283.2984492877549        1157.6729087109497        30162.356341527357        4163.8164546761618        1.6666666666666667     
   39.810717055349755        4706.4503962579938        1473.7844137401526        29310.972584381714        1439.0514973024547        1.6666666666666667     
   39.810717055349755        5171.4060074707913        1810.4837635016356        28347.253050824293       -1100.6103579091177        1.6666666666666667     
   39.810717055349755        5682.2951146724472        2167.5164757716634        27301.997790038968       -3437.4619932698661        1.6666666666666667     
   39.810717055349755        6243.6555404053179        2544.6626483262717        26200.348993568241       -5562.3738911294531        1.6666666666666667     
   39.810717055349755        6860.4734038846536        2941.7566122787093        25071.412330589737       -7464.3784013187105        1.6666666666666667     
   39.810717055349755        7538.2274087390324        3358.7012259687813        23928.806273274859       -9149.3773946810907        1.6666666666666667     
   39.810717055349755        8282.9375059872764        3795.4806026179949        22790.409913300209       -10619.758377703969        1.6666666666666667     
   39.810717055349755        9101.2183644864417        4252.1686133994608        21668.916650305619       -11883.289420021705        1.6666666666666667     
   39.810717055349755        10000.338123786454        4728.9352434662778        20574.152451890768       -12950.352196966571        1.6666666666666667     
   39.810717055349755        10988.282951246374        5226.0520150715247        19513.460598368511       -13833.209128730003        1.6666666666666667     
   39.810717055349755        12073.827976821922        5743.8917732545824        18492.075249887421       -14545.343501140524        1.6666666666666667     
   39.810717055349755        13266.615235581698        6282.9316108832263        17513.481348064488       -15100.918797425518        1.6666666666666667     
   39.810717055349755        14577.239310253619        6843.7542844029422        16579.734068154721       -15514.335941946429        1.6666666666666667     
   39.810717055349755        16017.341434496353        7427.0437557110035        15691.743996894729       -15799.856313238637        1.6666666666666667     
   39.810717055349755        17599.712892740470        8033.5872886966126        14849.527989845228       -15971.337354408230        1.6666666666666667     
   39.810717055349755        19338.408635017946        8664.2740543160598        14052.419306472075       -16042.026192608877        1.6666666666666667     
   39.810717055349755        21248.872115930568        9320.0915225599438        13297.260381505112       -16026.391726790136        1.6666666666666667     
   39.810717055349755        23348.072466602553        10002.125869549114        12586.582226158498       -15932.004292136771        1.6666666666666667     
   39.810717055349755        25654.655218007134        10711.562670989233        11920.059905305607       -15768.150299352019        1.6666666666666667     
   39.810717055349755        28189.107914422686        11449.682081203480        11288.464768222184       -15551.943915354985        1.6666666666666667     
   39.810717055349755        30973.942088031483        12217.861357250489        10690.346549499736       -15291.733470067373        1.6666666666666667     
   39.810717055349755        34033.893210996866        13017.573233341674        10130.205102086620       -14989.007904498265        1.6666666666666667     
   39.810717055349755        37396.140401034550        13850.388977239025        9605.5191342838953       -14651.454708995647        1.6666666666666667     
   39.810717055349755        41090.547831948323        14717.974995690887        9108.4449971458525       -14291.332467786093        1.6666666666666667     
   39.810717055349755        45149.929993388410        15622.097746218009        8640.1013892282208       -13911.268821167176        1.6666666666666667     
   39.810717055349755        49610.343155924202        16564.622611445502        8198.6733874327911       -13516.223400022009        1.6666666666666667     
   39.810717055349755        54511.405630284753        17547.517631272502        7782.4399418932444       -13110.529725758361        1.6666666666666667     
   39.810717055349755        59896.649665375298        18572.855717079077        7389.7786215638916       -12697.951522205080        1.6666666666666667     
   39.810717055349755        65813.908110700868        19642.817071265621        7019.1671167776803       -12281.737132712200        1.6666666666666667     
   39.810717055349755        72315.739277612505        20759.692905596083        6669.1820063897467       -11864.672647011266        1.6666666666666667     
   39.810717055349755        79459.893773081363        21925.888055647651        6334.7188260195253       -11452.907400600441        1.6666666666666667     
   39.810717055349755        87309.827452514524        23143.928124241298        6025.8752356821788       -11037.115163327237        1.6666666666666667     
   39.810717055349755        95935.265047765584        24416.456995700599        5730.1738633213972       -10630.303457106851        1.6666666666666667     
   39.810717055349755        105412.81947660026        25746.256078428156        5450.3460835985607       -10230.073222868119        1.6666666666666667     
   39.810717055349755        115826.67233445166        27136.251138524447        5185.5422513835947       -9837.4363543394247        1.6666666666666667     
   50.118723362727273        1145.4238945146005       -1484.0080339335011        14543.353993702794        63141.814542694119        1.6666666666666667     
   50.118723362727273        1258.5816295658860       -1446.8914587621900        18331.135770318950        60232.536646376029        1.6666666666666667     
   50.118723362727273        1382.9183465323022       -1396.3462458120134        22386.697538047429        57636.027479490527        1.6666666666666667     
   50.118723362727273        1519.5384298079171       -1329.5438932810659        26568.476395869991        55178.761348789216        1.6666666666666667     
   50.118723362727273        1669.6553671827201       -1243.6158867007550        30726.028389974545        52702.046743583254        1.6666666666666667     
   50.118723362727273        1834.6025282917381       -1135.7622236236896        34713.141501339349        50073.306470672054        1.6666666666666667     
   50.118723362727273        2015.8450078794635       -1003.3522554809937        38398.996514359278        47193.848978989321        1.6666666666666667     
   50.118723362727273        2214.9926390738929       -844.00885087079894        41676.372200015518        44002.584304192475        1.6666666666666667     
   50.118723362727273        2433.8142922567849       -655.67188700531915        44466.383332204481        40475.794421042992        1.6666666666666667     
   50.118723362727273        2674.2535865356376       -436.63756170569133        46719.951642941451        36623.638434348781        1.6666666666666667     
   50.118723362727273        2938.4461533699350       -185.57298242055393        48416.521514905777        32484.323101707261        1.6666666666666667     
   50.118723362727273        3228.7386056907521        98.488494553419386        49561.689315295254        28118.001491029514        1.6666666666666667     
   50.118723362727273        3547.7093810013539        416.17413778490175        50177.126758179606        23593.755082967560        1.6666666666666667     
   50.118723362727273        3898.1916435915155        767.80753574980952        50308.499485706758        18995.649516386322        1.6666666666666667     
   50.118723362727273        4283.2984492877549        1153.4584244383404        50007.502727440849        14403.678331831121        1.6666666666666667     
   50.118723362727273        4706.4503962579938        1572.9950947613254        49328.152146293854        9889.8040803300828        1.6666666666666667     
   50.118723362727273        5171.4060074707913        2026.1384303266598        48330.501533425828        5522.0411136211551        1.6666666666666667     
   50.118723362727273        5682.2951146724463        2512.5157102460362        47079.061326380724        1363.6797221510642        1.6666666666666667     
   50.118723362727273        6243.6555404053170        3031.7098658223272        45624.377443693898       -2544.0055523239789        1.6666666666666667     
   50.118723362727273        6860.4734038846518        3583.3042809635158        44019.487633127028       -6164.0102430420447        1.6666666666666667     
   50.118723362727273        7538.2274087390315        4166.9225555063222        42306.839296406906       -9475.3428526726711        1.6666666666666667     
   50.118723362727273        8282.9375059872746        4782.2608727332045        40535.447126949293       -12454.539636646463        1.6666666666666667     
   50.118723362727273        9101.2183644864399        5429.1130592213804        38729.346041118333       -15105.966143306854        1.6666666666666667     
   50.118723362727273        10000.338123786452        6107.3954343979640        36916.621291293268       -17431.722005870673        1.6666666666666667     
   50.118723362727273        10988.282951246374        6817.1613157655947        35125.232992845667       -19434.846344374047        1.6666666666666667     
   50.118723362727273        12073.827976821922        7558.6102368421480        33372.297259224979       -21129.226386579590        1.6666666666666667     
   50.118723362727273        13266.615235581698        8332.1011047426837        31666.023925281479       -22537.057893909569        1.6666666666666667     
   50.118723362727273        14577.239310253615        9138.1522022938461        30018.736969404927       -23675.293143447056        1.6666666666666667     
   50.118723362727273        16017.341434496351        9977.4481377668235        28437.127302286171       -24565.048172653009        1.6666666666666667     
   50.118723362727273        17599.712892740463        10850.836693738243        26925.397151298966       -25228.180257361750        1.6666666666666667     
   50.118723362727273        19338.408635017939        11759.330968696800        25481.946353702369       -25690.456105297479        1.6666666666666667     
   50.118723362727273        21248.872115930561        12704.106628281295        24118.777973244505       -25962.056905247067        1.6666666666666667     
   50.118723362727273        23348.072466602549        13686.501603061792        22823.886610494810       -26075.176384183036        1.6666666666666667     
   50.118723362727273        25654.655218007127        14708.010546203552        21602.751143955174       -26042.544400166196        1.6666666666666667     
   50.118723362727273        28189.107914422682        15770.288340590907        20446.554184918568       -25889.291764190002        1.6666666666666667     
   50.118723362727273        30973.942088031476        16875.142380880076        19350.255347362690       -25634.948999571039        1.6666666666666667     
   50.118723362727273        34033.893210996852        18024.534623707641        18322.717019600532       -25283.441401765045        1.6666666666666667     
   50.118723362727273        37396.140401034536        19220.579905462037        17359.868968778756       -24850.041922799777        1.6666666666666667     
   50.118723362727273        41090.547831948323        20465.546733647701        16447.869604926382       -24358.337526262847        1.6666666666666667     
   50.118723362727273        45149.929993388396        21761.854631137427        15588.957440795639       -23814.498138480885        1.6666666666666667     
   50.118723362727273        49610.343155924194        23112.077598750740        14779.968007605930       -23228.889771219132        1.6666666666666667     
   50.118723362727273        54511.405630284760        24518.944474396947        14017.835850263509       -22610.690078105225        1.6666666666666667     
   50.118723362727273        59896.649665375291        25985.342224483902        13299.621520709479       -21967.976988162045        1.6666666666666667     
   50.118723362727273        65813.908110700853        27514.316120323016        12615.007860367768       -21315.335583609864        1.6666666666666667     
   50.118723362727273        72315.739277612491        29109.080124848573        11976.778850930714       -20643.487033777623        1.6666666666666667     
   50.118723362727273        79459.893773081349        30773.010335200721        11374.526742729358       -19965.659503322604        1.6666666666666667     
   50.118723362727273        87309.827452514481        32509.659294022102        10812.371656902542       -19279.963367776043        1.6666666666666667     
   50.118723362727273        95935.265047765541        34322.759187750053        10268.813502952980       -18609.611323488458        1.6666666666666667     
   50.118723362727273        105412.81947660021        36216.225929686945        9766.9838426736533       -17932.732755646874        1.6666666666666667     
   50.118723362727273        115826.67233445161        38194.167638770174        9286.6351530756219       -17270.447210860239        1.6666666666666667     
   63.095734448019392        1145.4238945146003       -1924.1330876830145        11220.781525672692        93091.432663612650        1.6666666666666667     
   63.095734448019392        1258.5816295658860       -1900.2341260842145        15501.141426827871        88124.097878994435        1.6666666666666667     
   63.095734448019392        1382.9183465323022       -1864.7366046803847        20571.005591187939        84113.994949134780        1.6666666666666667     
   63.095734448019392        1519.5384298079171       -1813.9797332910359        26322.295764070986        80833.185863973165        1.6666666666666667     
   63.095734448019392        1669.6553671827198       -1743.8656510102114        32587.835439475155        78025.129171500274        1.6666666666666667     
   63.095734448019392        1834.6025282917381       -1649.9946777394732        39155.464263941438        75423.421351573459        1.6666666666666667     
   63.095734448019392        2015.8450078794631       -1527.8271233406833        45791.249722847169        72776.611458708969        1.6666666666666667     
   63.095734448019392        2214.9926390738933       -1372.8563960744577        52257.760627319381        69864.994824328314        1.6666666666666667     
   63.095734448019392        2433.8142922567849       -1180.7757382025131        58334.911847150579        66517.177068816411        1.6666666666666667     
   63.095734448019392        2674.2535865356372       -947.62471316368226        63834.912889730615        62618.664784066139        1.6666666666666667     
   63.095734448019392        2938.4461533699346       -669.90495043696569        68612.206160593123        58114.234172014847        1.6666666666666667     
   63.095734448019392        3228.7386056907517       -344.66004432482930        72568.046125585955        53004.631200974276        1.6666666666666667     
   63.095734448019392        3547.7093810013539        30.483772976183907        75651.678572122750        47340.254645043737        1.6666666666666667     
   63.095734448019392        3898.1916435915155        457.31343512588296        77849.319906104021        41203.626747340873        1.6666666666666667     
   63.095734448019392        4283.2984492877549        937.05532546136692        79193.280050799891        34713.376393752726        1.6666666666666667     
   63.095734448019392        4706.4503962579929        1470.4275721449915        79734.222687529837        27992.816334538125        1.6666666666666667     
   63.095734448019392        5171.4060074707913        2057.7096198030176        79545.991656464132        21172.566482682625        1.6666666666666667     
   63.095734448019392        5682.2951146724463        2698.8241633989060        78722.645931027262        14386.674065182240        1.6666666666666667     
   63.095734448019392        6243.6555404053170        3393.4207641608687        77358.278622900791        7752.6717992807680        1.6666666666666667     
   63.095734448019392        6860.4734038846527        4140.9647449741542        75539.057160954137        1364.5962264643313        1.6666666666666667     
   63.095734448019392        7538.2274087390324        4940.8179869507067        73367.621524307644       -4680.9690094548278        1.6666666666666667     
   63.095734448019392        8282.9375059872746        5792.3110461237611        70920.285531433357       -10325.677955799401        1.6666666666666667     
   63.095734448019392        9101.2183644864417        6694.8125735787025        68271.140168085360       -15523.226077859610        1.6666666666666667     
   63.095734448019392        10000.338123786452        7647.7825366168472        65502.428351564959       -20226.785451645097        1.6666666666666667     
   63.095734448019392        10988.282951246374        8650.8224360483218        62656.211641997288       -24435.333672633438        1.6666666666666667     
   63.095734448019392        12073.827976821922        9703.7098640687236        59781.014767122542       -28145.116047535535        1.6666666666666667     
   63.095734448019392        13266.615235581696        10806.428783731977        56925.011860666928       -31354.840793683950        1.6666666666666667     
   63.095734448019392        14577.239310253612        11959.191091560599        54118.596589887602       -34081.723808679970        1.6666666666666667     
   63.095734448019392        16017.341434496349        13162.454098615113        51377.434434962197       -36357.314941900418        1.6666666666666667     
   63.095734448019392        17599.712892740456        14416.924109985934        48723.573062825380       -38205.447009885480        1.6666666666666667     
   63.095734448019392        19338.408635017931        15723.570113539576        46169.627843319176       -39657.420678275339        1.6666666666666667     
   63.095734448019392        21248.872115930553        17083.619509390486        43723.912213990843       -40746.341456367882        1.6666666666666667     
   63.095734448019392        23348.072466602542        18498.561936490521        41391.230364206422       -41506.022008165535        1.6666666666666667     
   63.095734448019392        25654.655218007112        19970.149499411629        39173.593102786981       -41970.079532548007        1.6666666666666667     
   63.095734448019392        28189.107914422668        21500.384343194641        37070.824088841619       -42171.209089034041        1.6666666666666667     
   63.095734448019392        30973.942088031465        23091.529940614288        35081.084718804050       -42140.723052958907        1.6666666666666667     
   63.095734448019392        34033.893210996852        24746.093605817405        33196.356629414367       -41913.087823906128        1.6666666666666667     
   63.095734448019392        37396.140401034536        26466.831752376576        31422.851516254013       -41505.667609117198        1.6666666666666667     
   63.095734448019392        41090.547831948308        28256.750112617483        29759.677392539743       -40940.218354717188        1.6666666666666667     
   63.095734448019392        45149.929993388389        30119.088863123790        28175.337597713224       -40266.533507063839        1.6666666666666667     
   63.095734448019392        49610.343155924187        32057.338846361759        26691.359387441480       -39479.050177220779        1.6666666666666667     
   63.095734448019392        54511.405630284731        34075.223992805404        25293.754424528743       -38605.544062953028        1.6666666666666667     
   63.095734448019392        59896.649665375277        36176.716484017270        23977.457969886018       -37662.916922414435        1.6666666666666667     
   63.095734448019392        65813.908110700839        38366.032265998532        22730.760887716315       -36672.940105221067        1.6666666666666667     
   63.095734448019392        72315.739277612476        40647.636965563797        21575.672994549677       -35622.077805335706        1.6666666666666667     
   63.095734448019392        79459.893773081334        43026.243312063605        20474.143501742219       -34555.428675687806        1.6666666666666667     
   63.095734448019392        87309.827452514466        45506.822899469691        19435.432170139393       -33469.525082584390        1.6666666666666667     
   63.095734448019392        95935.265047765512        48094.614477749754        18455.490845371969       -32373.100291341860        1.6666666666666667     
   63.095734448019392        105412.81947660018        50795.125536836218        17530.523661189363       -31273.656404069687        1.6666666666666667     
   63.095734448019392        115826.67233445156        53614.138253031371        16656.984101391572       -30177.589462983509        1.6666666666666667     
   79.432823472428254        1145.4238945146003       -2454.4839751145460        6638.7497586583777        139905.40746627777        1.6666666666666667     
   79.432823472428254        1258.5816295658860       -2442.5150195393353        10301.979712901357        130397.17350936554        1.6666666666666667     
   79.432823472428254        1382.9183465323019       -2422.6696218472212        15193.233383788538        122695.69237479792        1.6666666666666667     
   79.432823472428254        1519.5384298079173       -2391.3118113201654        21394.234195945501        116649.83165637465        1.6666666666666667     
   79.432823472428254        1669.6553671827196       -2343.8841150102003        28888.682360645817        112026.65369928093        1.6666666666666667     
   79.432823472428254        1834.6025282917383       -2274.9445725179753        37552.236885430830        108514.76825294123        1.6666666666666667     
   79.432823472428254        2015.8450078794633       -2178.2832298827220        47157.781179391801        105741.93272071861        1.6666666666666667     
   79.432823472428254        2214.9926390738933       -2047.1095922822772        57398.715824082268        103307.63575512735        1.6666666666666667     
   79.432823472428254        2433.8142922567854       -1874.2939284815723        67914.913472030777        100813.98262702534        1.6666666666666667     
   79.432823472428254        2674.2535865356376       -1652.6369633762131        78328.085404759797        97900.993411798787        1.6666666666666667     
   79.432823472428254        2938.4461533699350       -1375.1407584836591        88274.004182362653        94273.986290323694        1.6666666666666667     
   79.432823472428254        3228.7386056907521       -1035.2588905536234        97429.843872065467        89722.326272890787        1.6666666666666667     
   79.432823472428254        3547.7093810013539       -627.10256578191456        105533.79262339092        84127.792358306004        1.6666666666666667     
   79.432823472428254        3898.1916435915159       -145.59381790711646        112396.04354726097        77463.253868754546        1.6666666666666667     
   79.432823472428254        4283.2984492877549        413.44472003240196        117901.59182013581        69783.199902401248        1.6666666666666667     
   79.432823472428254        4706.4503962579929        1053.2554737278506        122006.37701600726        61208.957231187764        1.6666666666666667     
   79.432823472428254        5171.4060074707913        1776.1678450195659        124726.23714580094        51908.532152910964        1.6666666666666667     
   79.432823472428254        5682.2951146724454        2583.6666319490259        126139.26362244910        42092.098066939143        1.6666666666666667     
   79.432823472428254        6243.6555404053170        3476.4883898278863        126335.75241128937        31957.576561170616        1.6666666666666667     
   79.432823472428254        6860.4734038846527        4454.7427396424191        125461.86134310119        21732.037668616453        1.6666666666666667     
   79.432823472428254        7538.2274087390324        5518.0525848985708        123663.67168617671        11615.280334844370        1.6666666666666667     
   79.432823472428254        8282.9375059872746        6665.6824466544413        121078.12331133118        1772.0808790737792        1.6666666666666667     
   79.432823472428254        9101.2183644864399        7896.6793768733924        117866.86600085431       -7631.8487557405460        1.6666666666666667     
   79.432823472428254        10000.338123786452        9209.9881956604277        114168.91530662724       -16474.107625553966        1.6666666666666667     
   79.432823472428254        10988.282951246374        10604.572019540519        110102.81204128660       -24670.235010862496        1.6666666666666667     
   79.432823472428254        12073.827976821920        12079.499043514057        105785.83022766907       -32150.917490090898        1.6666666666666667     
   79.432823472428254        13266.615235581696        13634.031261364829        101315.61011629856       -38877.092950156570        1.6666666666666667     
   79.432823472428254        14577.239310253613        15267.685561894079        96767.394864900780       -44839.541721166039        1.6666666666666667     
   79.432823472428254        16017.341434496348        16980.285192614690        92223.918024192244       -50026.225000370614        1.6666666666666667     
   79.432823472428254        17599.712892740456        18772.002974895393        87738.816796991159       -54456.513677213719        1.6666666666666667     
   79.432823472428254        19338.408635017931        20643.388035585478        83341.429863339727       -58174.378820087339        1.6666666666666667     
   79.432823472428254        21248.872115930553        22595.384382107110        79070.975278627884       -61212.603872650099        1.6666666666666667     
   79.432823472428254        23348.072466602534        24629.339502847699        74950.922776151856       -63617.151536079400        1.6666666666666667     
   79.432823472428254        25654.655218007108        26747.019290461336        70997.307200323121       -65437.980094775892        1.6666666666666667     
   79.432823472428254        28189.107914422661        28950.600241332297        67220.067282414675       -66727.007207448842        1.6666666666666667     
   79.432823472428254        30973.942088031465        31242.671836867859        63624.228379576380       -67536.545315926021        1.6666666666666667     
   79.432823472428254        34033.893210996837        33626.235570781108        60210.936891489837       -67918.063853448199        1.6666666666666667     
   79.432823472428254        37396.140401034521        36104.692860555042        56978.359214990633       -67921.203531774430        1.6666666666666667     
   79.432823472428254        41090.547831948308        38681.847334935308        53930.450864572776       -67585.100498097629        1.6666666666666667     
   79.432823472428254        45149.929993388381        41361.895809464768        51029.804775862431       -66985.675813760550        1.6666666666666667     
   79.432823472428254        49610.343155924180        44149.420934489986        48309.315037477063       -66124.184212665423        1.6666666666666667     
   79.432823472428254        54511.405630284731        47049.400561970455        45745.374173820892       -65054.313143921463        1.6666666666666667     
   79.432823472428254        59896.649665375255        50067.182971812959        43330.032345620566       -63810.255852234448        1.6666666666666667     
   79.432823472428254        65813.908110700824        53208.512300736787        41067.422733103740       -62410.652432150979        1.6666666666666667     
   79.432823472428254        72315.739277612462        56479.508218196992        38924.347847641911       -60908.260616682055        1.6666666666666667     
   79.432823472428254        79459.893773081305        59886.680062030719        36905.798089210293       -59314.763859022969        1.6666666666666667     
   79.432823472428254        87309.827452514466        63436.923181939113        34983.245885450742       -57672.753456993640        1.6666666666666667     
   79.432823472428254        95935.265047765512        67137.539648888109        33211.928312448435       -55938.743824683748        1.6666666666666667     
   79.432823472428254        105412.81947660018        70996.224794862719        31522.283489030087       -54191.962935572876        1.6666666666666667     
   79.432823472428254        115826.67233445156        75021.086579594892        29910.747773537878       -52443.812104853052        1.6666666666666667     
   100.00000000000010        1145.4238945146008       -3103.7606427184842        2806.9149652696979        215910.55198961313        1.6666666666666667     
   100.00000000000010        1258.5816295658860       -3099.3979959907597        5045.7495165051114        198443.58812664202        1.6666666666666667     
   100.00000000000010        1382.9183465323022       -3091.0856976252708        8505.0718033357953        183568.15062276664        1.6666666666666667     
   100.00000000000010        1519.5384298079173       -3076.1822721132953        13521.762371540262        171300.56061615067        1.6666666666666667     
   100.00000000000010        1669.6553671827196       -3050.8986252153168        20385.091130135606        161593.43581138531        1.6666666666666667     
   100.00000000000010        1834.6025282917381       -3010.1073061038128        29284.569434209970        154295.53892910664        1.6666666666666667     
   100.00000000000010        2015.8450078794635       -2947.2340369834037        40266.759388302940        149126.38771572700        1.6666666666666667     
   100.00000000000010        2214.9926390738929       -2854.2610400483854        53209.215591789412        145671.24804335623        1.6666666666666667     
   100.00000000000010        2433.8142922567849       -2721.8561803658276        67823.498651607675        143405.09192663338        1.6666666666666667     
   100.00000000000010        2674.2535865356381       -2539.6228926591989        83674.008111795498        141728.86377617996        1.6666666666666667     
   100.00000000000010        2938.4461533699350       -2296.4492010532826        100220.82994292304        140023.61337025921        1.6666666666666667     
   100.00000000000010        3228.7386056907517       -1980.9199419517406        116870.80983455757        137705.16536062589        1.6666666666666667     
   100.00000000000010        3547.7093810013534       -1581.7504515607859        133030.80496482720        134273.11359775189        1.6666666666666667     
   100.00000000000010        3898.1916435915155       -1088.2028919620911        148155.43633752782        129347.56771481207        1.6666666666666667     
   100.00000000000010        4283.2984492877549       -490.44640459562567        161783.83135443169        122689.76410491719        1.6666666666666667     
   100.00000000000010        4706.4503962579929        220.16231240486397        173563.21171248337        114206.70726598674        1.6666666666666667     
   100.00000000000010        5171.4060074707913        1050.8885673439540        183258.84783264087        103941.64134695630        1.6666666666666667     
   100.00000000000010        5682.2951146724454        2007.5309490366560        190752.30156527937        92053.833311951254        1.6666666666666667     
   100.00000000000010        6243.6555404053170        3094.4141467588397        196026.98273023634        78788.526808413502        1.6666666666666667     
   100.00000000000010        6860.4734038846527        4314.4703740514606        199165.94881236961        64462.215940251393        1.6666666666666667     
   100.00000000000010        7538.2274087390315        5669.3686123894722        200310.53856013386        49412.838135844009        1.6666666666666667     
   100.00000000000010        8282.9375059872764        7159.7011180767586        199654.52928397551        33988.759600468620        1.6666666666666667     
   100.00000000000010        9101.2183644864399        8785.1850893098326        197421.70075058311        18524.669212770648        1.6666666666666667     
   100.00000000000010        10000.338123786454        10544.880140095613        193849.42715626492        3326.0408370324294        1.6666666666666667     
   100.00000000000010        10988.282951246376        12437.403532967670        189175.32987254162       -11341.300245324644        1.6666666666666667     
   100.00000000000010        12073.827976821922        14461.133138612580        183627.13584917400       -25256.993821562821        1.6666666666666667     
   100.00000000000010        13266.615235581696        16614.391779926998        177422.17472301490       -38241.493208806991        1.6666666666666667     
   100.00000000000010        14577.239310253612        18895.611710785062        170736.24254386232       -50181.729166853591        1.6666666666666667     
   100.00000000000010        16017.341434496349        21303.471898386208        163741.72933934460       -60987.495710657095        1.6666666666666667     
   100.00000000000010        17599.712892740459        23837.014511366189        156568.25056679736       -70625.672816616920        1.6666666666666667     
   100.00000000000010        19338.408635017935        26495.738355466328        149368.53691920987       -79049.663388520858        1.6666666666666667     
   100.00000000000010        21248.872115930550        29279.665462215278        142203.31928278028       -86310.372870361491        1.6666666666666667     
   100.00000000000010        23348.072466602534        32189.391790144517        135160.11081366742       -92433.959509253153        1.6666666666666667     
   100.00000000000010        25654.655218007101        35226.135997328776        128297.18739667442       -97475.103802137761        1.6666666666666667     
   100.00000000000010        28189.107914422657        38391.746266760943        121639.56968583079       -101518.66637139501        1.6666666666666667     
   100.00000000000010        30973.942088031450        41688.727397796451        115272.02340224903       -104585.08144591868        1.6666666666666667     
   100.00000000000010        34033.893210996830        45120.242800359141        109159.96189523867       -106808.20024155229        1.6666666666666667     
   100.00000000000010        37396.140401034507        48690.101794630114        103332.71170475200       -108251.15256141638        1.6666666666666667     
   100.00000000000010        41090.547831948286        52402.772108176519        97794.637985352892       -108994.82679783806        1.6666666666666667     
   100.00000000000010        45149.929993388367        56263.368313399616        92544.767229810532       -109118.01078405438        1.6666666666666667     
   100.00000000000010        49610.343155924165        60277.632984761491        87578.088164082146       -108696.06282941577        1.6666666666666667     
   100.00000000000010        54511.405630284731        64451.941660965858        82874.243984260829       -107812.44476560723        1.6666666666666667     
   100.00000000000010        59896.649665375247        68793.291461380839        78448.491533345077       -106508.04016858872        1.6666666666666667     
   100.00000000000010        65813.908110700810        73309.292804325378        74276.264055661159       -104856.96546519152        1.6666666666666667     
   100.00000000000010        72315.739277612447        78008.155535712809        70366.163015787606       -102893.99344040880        1.6666666666666667     
   100.00000000000010        79459.893773081305        82898.709856915157        66662.376914973720       -100712.65615631947        1.6666666666666667     
   100.00000000000010        87309.827452514437        87990.387966365757        63155.355674680322       -98355.001677214139        1.6666666666666667     
   100.00000000000010        95935.265047765482        93293.236768544084        59871.033476738376       -95822.868417286532        1.6666666666666667     
   100.00000000000010        105412.81947660015        98817.905467660181        56794.122885694378       -93155.023741215846        1.6666666666666667     
   100.00000000000010        115826.67233445152        104575.68848440074        53845.924888883019       -90449.853308057820        1.6666666666666667     
   125.89254117941688        1145.4238945146012       -3911.4804556101280        776.42620954293307        339228.65213528147        1.6666666666666667     
   125.89254117941688        1258.5816295658874       -3910.4152795185846        1680.3290249981728        309534.88534248353        1.6666666666666667     
   125.89254117941688        1382.9183465323038       -3907.9971422068556        3353.0563273643565        283182.07151816413        1.6666666666666667     
   125.89254117941688        1519.5384298079189       -3902.9123051117676        6214.8223908752698        260221.28388783967        1.6666666666666667     
   125.89254117941688        1669.6553671827216       -3892.9398898270756        10771.100288447997        240755.98003184985        1.6666666666666667     
   125.89254117941688        1834.6025282917401       -3874.5836683095113        17562.816908030072        224886.33924161660        1.6666666666666667     
   125.89254117941688        2015.8450078794656       -3842.6889659652002        27092.501278661985        212638.98006759756        1.6666666666666667     
   125.89254117941688        2214.9926390738956       -3790.1016056942776        39740.362564118637        203897.65059280460        1.6666666666666667     
   125.89254117941688        2433.8142922567881       -3707.4309790001762        55687.258815305540        198351.07676171482        1.6666666666666667     
   125.89254117941688        2674.2535865356404       -3582.9725435568398        74861.990019091987        195472.32125175066        1.6666666666666667     
   125.89254117941688        2938.4461533699382       -3402.8231127580289        96919.611994903782        194531.37519787601        1.6666666666666667     
   125.89254117941688        3228.7386056907553       -3151.1941237016890        121269.55072818419        194654.23399495083        1.6666666666666667     
   125.89254117941688        3547.7093810013580       -2810.9014628167838        147116.29585377977        194886.52984071619        1.6666666666666667     
   125.89254117941688        3898.1916435915200       -2363.9826503845406        173551.67797069726        194297.34428843315        1.6666666666666667     
   125.89254117941688        4283.2984492877586       -1792.3760798636288        199623.28363998607        192046.45135780217        1.6666666666666667     
   125.89254117941688        4706.4503962579984       -1078.6026030614669        224418.43977650706        187455.61754436628        1.6666666666666667     
   125.89254117941688        5171.4060074707968       -206.37817092531381        247155.46916496547        180077.50378844619        1.6666666666666667     
   125.89254117941688        5682.2951146724527        838.87677635222997        267178.46812349930        169662.33794570708        1.6666666666666667     
   125.89254117941688        6243.6555404053242        2069.6732949060406        284045.46935382427        156215.19641460094        1.6666666666666667     
   125.89254117941688        6860.4734038846600        3496.2441029792776        297483.67503364303        139921.02412530425        1.6666666666666667     
   125.89254117941688        7538.2274087390406        5126.4697813617049        307401.16205422051        121129.73794922075        1.6666666666666667     
   125.89254117941688        8282.9375059872855        6965.9575870423232        313853.43977635785        100300.48241414744        1.6666666666666667     
   125.89254117941688        9101.2183644864508        9018.2127686694530        317037.14759102691        77979.302654771280        1.6666666666666667     
   125.89254117941688        10000.338123786465        11284.889832823796        317223.14137298777        54722.025549708691        1.6666666666666667     
   125.89254117941688        10988.282951246387        13766.115658815632        314748.44420720724        31081.034892896423        1.6666666666666667     
   125.89254117941688        12073.827976821934        16460.819324822143        309994.15977061290        7583.1214162437827        1.6666666666666667     
   125.89254117941688        13266.615235581710        19367.080311948812        303304.35948093509       -15348.317282030126        1.6666666666666667     
   125.89254117941688        14577.239310253630        22482.459458713907        295094.23546007380       -37279.054051469429        1.6666666666666667     
   125.89254117941688        16017.341434496366        25804.303200212289        285655.66208966629       -57950.695297320432        1.6666666666666667     
   125.89254117941688        17599.712892740477        29330.015818724096        275379.49365869281       -77049.774386985402        1.6666666666666667     
   125.89254117941688        19338.408635017957        33057.309252038031        264481.20759265294       -94473.463975691528        1.6666666666666667     
   125.89254117941688        21248.872115930575        36984.392762398500        253223.03740667849       -110098.82938072056        1.6666666666666667     
   125.89254117941688        23348.072466602560        41110.126845515231        241807.92882511014       -123880.98714946493        1.6666666666666667     
   125.89254117941688        25654.655218007134        45434.171242121942        230402.70620214869       -135823.18385686661        1.6666666666666667     
   125.89254117941688        28189.107914422686        49957.057094970143        219141.13550352340       -145967.54795615983        1.6666666666666667     
   125.89254117941688        30973.942088031483        54680.273479263371        208127.46156007051       -154386.74175092980        1.6666666666666667     
   125.89254117941688        34033.893210996859        59606.301194387481        197440.26575943280       -161176.01960344144        1.6666666666666667     
   125.89254117941688        37396.140401034543        64738.644201743380        187136.21849408810       -166446.42066082422        1.6666666666666667     
   125.89254117941688        41090.547831948330        70081.854915361502        177253.74642490351       -170318.87581212822        1.6666666666666667     
   125.89254117941688        45149.929993388410        75641.518285065322        167816.28675998945       -172919.25666064469        1.6666666666666667     
   125.89254117941688        49610.343155924209        81424.250457043250        158835.23400771082       -174374.45725311196        1.6666666666666667     
   125.89254117941688        54511.405630284760        87437.706676587666        150312.55255569704       -174809.32859272740        1.6666666666666667     
   125.89254117941688        59896.649665375306        93690.541067071288        142242.89737547224       -174344.30102966627        1.6666666666666667     
   125.89254117941688        65813.908110700882        100192.42506061347        134635.56840033561       -173073.70508605140        1.6666666666666667     
   125.89254117941688        72315.739277612520        106954.00301417055        127434.68044674955       -171145.86766316614        1.6666666666666667     
   125.89254117941688        79459.893773081378        113986.90510158043        120644.04119992105       -168638.85141448578        1.6666666666666667     
   125.89254117941688        87309.827452514524        121303.73095017343        114210.51013479882       -165677.71162640303        1.6666666666666667     
   125.89254117941688        95935.265047765570        128918.03384290055        108183.92850007513       -162275.25423164346        1.6666666666666667     
   125.89254117941688        105412.81947660024        136844.33682926206        102538.52375564747       -158511.41711951938        1.6666666666666667     
   125.89254117941688        115826.67233445165        145098.12937713496        97162.361746741226       -154544.54981832166        1.6666666666666667     
   158.48931924611156        1145.4238945146012       -4925.0307658560532        125.82096154801548        536703.93362422753        1.6666666666666667     
   158.48931924611156        1258.5816295658874       -4924.8737160185319        344.00275567350036        488647.80379099125        1.6666666666666667     
   158.48931924611156        1382.9183465323040       -4924.4292578142877        849.18392247345764        445169.89384296391        1.6666666666666667     
   158.48931924611156        1519.5384298079202       -4923.2869304705609        1910.0692317715584        406094.74569426919        1.6666666666666667     
   158.48931924611156        1669.6553671827230       -4920.5975300483242        3947.6408973268917        371390.47646419337        1.6666666666666667     
   158.48931924611156        1834.6025282917419       -4914.7518269123320        7554.1220832383260        341165.28148098069        1.6666666666666667     
   158.48931924611156        2015.8450078794676       -4902.9363340550944        13477.937221632601        315631.55087211070        1.6666666666666667     
   158.48931924611156        2214.9926390738974       -4880.5829237363687        22563.746906557753        295032.22693881841        1.6666666666666667     
   158.48931924611156        2433.8142922567899       -4840.7622251477733        35651.242286503475        279538.72871942830        1.6666666666666667     
   158.48931924611156        2674.2535865356426       -4773.6013330556652        53445.454386092024        269137.11530594528        1.6666666666666667     
   158.48931924611156        2938.4461533699405       -4665.8230144218851        76386.557450487089        263530.99853408121        1.6666666666666667     
   158.48931924611156        3228.7386056907585       -4500.5018001178523        104546.60695805615        262085.35153515849        1.6666666666666667     
   158.48931924611156        3547.7093810013612       -4257.1070359525156        137569.66496097448        263820.88939707703        1.6666666666666667     
   158.48931924611156        3898.1916435915236       -3911.8621588318765        174688.13256382872        267483.25297285500        1.6666666666666667     
   158.48931924611156        4283.2984492877631       -3438.4034399124566        214769.77524638642        271633.15960939287        1.6666666666666667     
   158.48931924611156        4706.4503962580020       -2808.6798771817489        256438.01399414541        274793.77268052474        1.6666666666666667     
   158.48931924611156        5171.4060074708032       -1994.0010441901063        298193.57210910879        275579.83789699955        1.6666666666666667     
   158.48931924611156        5682.2951146724572       -966.12627181925916        338559.65402113041        272830.66135814524        1.6666666666666667     
   158.48931924611156        6243.6555404053288        301.70651507780349        376190.56220329611        265689.70912954840        1.6666666666666667     
   158.48931924611156        6860.4734038846664        1833.8881347892950        409935.77029523405        253627.94449990967        1.6666666666666667     
   158.48931924611156        7538.2274087390470        3651.7583619446982        438962.64384326513        236518.90092191388        1.6666666666666667     
   158.48931924611156        8282.9375059872928        5773.1679521949436        462707.93381612748        214541.32710950301        1.6666666666666667     
   158.48931924611156        9101.2183644864599        8212.2580899194636        480905.48605182447        188162.29126846557        1.6666666666666667     
   158.48931924611156        10000.338123786474        10979.490477617905        493540.80374691874        158052.96324992873        1.6666666666666667     
   158.48931924611156        10988.282951246396        14081.857804171690        500863.16131120839        125071.04563676985        1.6666666666666667     
   158.48931924611156        12073.827976821945        17523.225525275953        503206.55530311342        90061.751766208152        1.6666666666666667     
   158.48931924611156        13266.615235581723        21304.809036767751        501086.82281868823        53943.172708576778        1.6666666666666667     
   158.48931924611156        14577.239310253641        25425.685946316466        495053.38666225725        17554.859658792033        1.6666666666666667     
   158.48931924611156        16017.341434496380        29883.342079164937        485741.34104801487       -18287.022183213849        1.6666666666666667     
   158.48931924611156        17599.712892740496        34674.210399468117        473744.88864843443       -52908.289719047083        1.6666666666666667     
   158.48931924611156        19338.408635017971        39794.183423413160        459596.20602243376       -85786.630438861612        1.6666666666666667     
   158.48931924611156        21248.872115930597        45239.059176088063        443837.12909253518       -116466.48661327251        1.6666666666666667     
   158.48931924611156        23348.072466602582        51004.950914721529        426936.61016965052       -144627.73770393967        1.6666666666666667     
   158.48931924611156        25654.655218007156        57088.627545514442        409303.68346042087       -170058.90754157997        1.6666666666666667     
   158.48931924611156        28189.107914422711        63487.806886347556        391286.46793811640       -192645.29145470087        1.6666666666666667     
   158.48931924611156        30973.942088031516        70201.363984515105        373174.28395494062       -212354.95140749903        1.6666666666666667     
   158.48931924611156        34033.893210996896        77229.506759242169        355201.75601632218       -229224.45173175435        1.6666666666666667     
   158.48931924611156        37396.140401034572        84573.908606855548        337528.98912891396       -243370.11895490956        1.6666666666666667     
   158.48931924611156        41090.547831948352        92237.809263004412        320373.27674486733       -254849.36819592176        1.6666666666666667     
   158.48931924611156        45149.929993388432        100226.02032949566        303763.67946810205       -263900.25890356052        1.6666666666666667     
   158.48931924611156        49610.343155924231        108545.03595032226        287798.43496107787       -270680.38455757318        1.6666666666666667     
   158.48931924611156        54511.405630284797        117202.96149533524        272524.58044669766       -275383.74621871579        1.6666666666666667     
   158.48931924611156        59896.649665375342        126209.57012484438        257968.16292182484       -278208.86892396887        1.6666666666666667     
   158.48931924611156        65813.908110700897        135576.27157866713        244138.44589478686       -279353.30525486619        1.6666666666666667     
   158.48931924611156        72315.739277612563        145316.06599973256        231031.70532296645       -279009.24322601582        1.6666666666666667     
   158.48931924611156        79459.893773081421        155443.58304168424        218666.96696815779       -277328.03285368672        1.6666666666666667     
   158.48931924611156        87309.827452514597        165974.99941542506        206956.53529575793       -274549.86544673110        1.6666666666666667     
   158.48931924611156        95935.265047765628        176928.06599074084        195850.58640339412       -270860.07485609269        1.6666666666666667     
   158.48931924611156        105412.81947660031        188322.05418192749        185495.00783818075       -266232.12409383262        1.6666666666666667     
   158.48931924611156        115826.67233445172        200177.78682030123        175683.45053470694       -260976.73983263443        1.6666666666666667     
   199.52623149688830        1145.4238945146012       -6200.3290480683036        10.409819428787159        850452.08423906867        1.6666666666666667     
   199.52623149688830        1258.5816295658874       -6200.3167643017696        38.175077579580829        774014.47670820542        1.6666666666666667     
   199.52623149688830        1382.9183465323042       -6200.2709075625226        123.14767863244924        704501.64450596180        1.6666666666666667     
   199.52623149688830        1519.5384298079205       -6200.1192253625331        353.43387469310983        641370.64427321870        1.6666666666666667     
   199.52623149688830        1669.6553671827241       -6199.6698639175502        911.88483802852716        584211.35403090192        1.6666666666666667     
   199.52623149688830        1834.6025282917440       -6198.4657934076185        2135.2891861943135        532784.70130384085        1.6666666666666667     
   199.52623149688830        2015.8450078794697       -6195.5214186012199        4577.6163891559918        487057.95782791451        1.6666666666666667     
   199.52623149688830        2214.9926390739001       -6188.8965721492896        9056.2739447159402        447217.53348419088        1.6666666666666667     
   199.52623149688830        2433.8142922567927       -6175.0786684984005        16654.575771717646        413637.27957747277        1.6666666666666667     
   199.52623149688830        2674.2535865356458       -6148.1785018452720        28660.125551882629        386789.87042499043        1.6666666666666667     
   199.52623149688830        2938.4461533699446       -6098.9953379416283        46430.482422779278        367101.89856509567        1.6666666666666667     
   199.52623149688830        3228.7386056907626       -6014.0585098613001        71203.950891617744        354778.25489207800        1.6666666666666667     
   199.52623149688830        3547.7093810013653       -5874.7924470497355        103888.97246628403        349632.85592356900        1.6666666666666667     
   199.52623149688830        3898.1916435915277       -5656.9607050283057        144873.73910512359        350964.67897527677        1.6666666666666667     
   199.52623149688830        4283.2984492877686       -5330.5210154234455        193902.14294106499        357516.67736104166        1.6666666666666667     
   199.52623149688830        4706.4503962580084       -4859.9722392246758        250038.22547940217        367527.32379023125        1.6666666666666667     
   199.52623149688830        5171.4060074708077       -4205.1958514821181        311726.90966852766        378868.48581675586        1.6666666666666667     
   199.52623149688830        5682.2951146724645       -3322.7270263384457        376935.91989013157        389242.88576469367        1.6666666666666667     
   199.52623149688830        6243.6555404053370       -2167.3307294452388        443346.26868341502        396400.93273164105        1.6666666666666667     
   199.52623149688830        6860.4734038846727       -693.72029451254571        508586.34723121382        398369.41448881477        1.6666666666666667     
   199.52623149688830        7538.2274087390560        1141.7475048764679        570390.61929109949        393575.70797101536        1.6666666666666667     
   199.52623149688830        8282.9375059873018        3379.5520937880883        626803.59826350689        380994.45694889710        1.6666666666666667     
   199.52623149688830        9101.2183644864690        6055.7770144811593        676270.93638696801        360167.04459109443        1.6666666666666667     
   199.52623149688830        10000.338123786485        9201.2262487447733        717700.65310362040        331186.07835623354        1.6666666666666667     
   199.52623149688830        10988.282951246409        12840.943975853579        750470.65741044201        294627.94749436795        1.6666666666666667     
   199.52623149688830        12073.827976821960        16994.074627726048        774396.41404673236        251455.16140857962        1.6666666666666667     
   199.52623149688830        13266.615235581736        21674.086411180015        789685.35765668994        202916.96573354898        1.6666666666666667     
   199.52623149688830        14577.239310253661        26889.217791956715        796802.66867168027        150377.07273338246        1.6666666666666667     
   199.52623149688830        16017.341434496399        32643.170606452833        796478.29967951111        95296.002544475370        1.6666666666666667     
   199.52623149688830        17599.712892740514        38935.877983229555        789571.27614638011        39085.372677444248        1.6666666666666667     
   199.52623149688830        19338.408635017993        45764.373324041633        776986.23022286477       -16975.116768850363        1.6666666666666667     
   199.52623149688830        21248.872115930619        53123.635067748262        759732.48879097810       -71668.629184606601        1.6666666666666667     
   199.52623149688830        23348.072466602611        61007.447597849612        738731.56761583232       -124018.22081643739        1.6666666666666667     
   199.52623149688830        25654.655218007189        69409.122398688807        714791.37264963356       -173292.00990650780        1.6666666666666667     
   199.52623149688830        28189.107914422741        78322.204299649573        688672.15794198273       -218915.73074225499        1.6666666666666667     
   199.52623149688830        30973.942088031548        87741.064061644764        661169.57313046441       -260367.49064475216        1.6666666666666667     
   199.52623149688830        34033.893210996932        97661.368122829008        632871.91433635599       -297398.95575359743        1.6666666666666667     
   199.52623149688830        37396.140401034616        108080.45341118652        604137.00609948137       -330038.74545681232        1.6666666666666667     
   199.52623149688830        41090.547831948403        118997.70938844838        575558.52477926237       -358109.43980562175        1.6666666666666667     
   199.52623149688830        45149.929993388490        130414.73244626612        547328.63751421974       -381849.38879030419        1.6666666666666667     
   199.52623149688830        49610.343155924296        142335.52905349602        519746.54925768846       -401392.22112953389        1.6666666666666667     
   199.52623149688830        54511.405630284862        154766.62647605260        492929.53002150171       -417045.94225167431        1.6666666666666667     
   199.52623149688830        59896.649665375386        167717.11283585979        467234.79963402497       -428863.28816100780        1.6666666666666667     
   199.52623149688830        65813.908110700970        181198.71791991737        442533.86659023818       -437362.05913227942        1.6666666666666667     
   199.52623149688830        72315.739277612622        195225.74135811991        418955.29645596980       -442778.05488388595        1.6666666666666667     
   199.52623149688830        79459.893773081494        209815.12078850981        396524.83038458740       -445422.92923945817        1.6666666666666667     
   199.52623149688830        87309.827452514655        224986.36045406113        375245.03839056706       -445603.03518295777        1.6666666666666667     
   199.52623149688830        95935.265047765730        240761.48247757778        355100.77263519634       -443613.61447848624        1.6666666666666667     
   199.52623149688830        105412.81947660043        257165.05875684545        336113.80782138440       -439684.80045685743        1.6666666666666667     
   199.52623149688830        115826.67233445184        274224.08936416771        318048.71041182196       -434276.40067338629        1.6666666666666667     
   251.18864315095848        1145.4238945146010       -7805.7562313021208       0.37101054203958483        1347861.1213925688        1.6666666666666667     
   251.18864315095848        1258.5816295658874       -7805.7557977826473        1.9645933889478329        1226677.8532859550        1.6666666666666667     
   251.18864315095848        1382.9183465323044       -7805.7535068046118        8.8632189954296337        1116394.9726342957        1.6666666666666667     
   251.18864315095848        1519.5384298079202       -7805.7431047711134        34.542209182291117        1016044.8565562741        1.6666666666666667     
   251.18864315095848        1669.6553671827241       -7805.7019770276938        117.78615234106837        924769.95052200311        1.6666666666666667     
   251.18864315095848        1834.6025282917440       -7805.5586274902234        355.58176662107144        841842.34513060830        1.6666666666666667     
   251.18864315095848        2015.8450078794706       -7805.1132107714484        960.67285785466083        766702.85192687833        1.6666666666666667     
   251.18864315095848        2214.9926390739024       -7803.8667326154582        2345.8872600485847        699018.39491030015        1.6666666666666667     
   251.18864315095848        2433.8142922567963       -7800.6956696994548        5224.7957089730335        638744.82042570040        1.6666666666666667     
   251.18864315095848        2674.2535865356499       -7793.2991662063996        10701.848106141369        586168.67893330799        1.6666666666666667     
   251.18864315095848        2938.4461533699491       -7777.3576848867060        20312.381939029365        541893.56526851724        1.6666666666666667     
   251.18864315095848        3228.7386056907671       -7745.3838288618945        35972.914128997218        506741.97398330615        1.6666666666666667     
   251.18864315095848        3547.7093810013707       -7685.3162446518772        59818.090318931354        481563.21715510869        1.6666666666666667     
   251.18864315095848        3898.1916435915341       -7578.9915069551080        93936.578579709923        466973.64687531232        1.6666666666666667     
   251.18864315095848        4283.2984492877749       -7400.7028737982782        140039.28433549390        463071.61262040486        1.6666666666666667     
   251.18864315095848        4706.4503962580156       -7116.0931469564812        199140.62318996002        469208.28226479935        1.6666666666666667     
   251.18864315095848        5171.4060074708150       -6681.6150388243332        271303.77717716782        483855.71634773759        1.6666666666666667     
   251.18864315095848        5682.2951146724727       -6044.7264224661958        355520.73124689283        504625.38446031860        1.6666666666666667     
   251.18864315095848        6243.6555404053461       -5144.8805525066182        449741.77582089847        528430.00650962209        1.6666666666666667     
   251.18864315095848        6860.4734038846846       -3915.2614125168211        551047.39745850558        551761.41207362281        1.6666666666666667     
   251.18864315095848        7538.2274087390660       -2285.0935974123090        655926.45282083587        571032.30910344934        1.6666666666666667     
   251.18864315095848        8282.9375059873146       -182.29718113466896        760607.82490636653        582922.05123544461        1.6666666666666667     
   251.18864315095848        9101.2183644864836        2463.7688298511193        861392.39486485394        584674.32691738568        1.6666666666666667     
   251.18864315095848        10000.338123786501        5719.7645719341044        954940.77705578995        574308.19728424586        1.6666666666666667     
   251.18864315095848        10988.282951246427        9646.1765044836484        1038488.0067708945        550728.83783611527        1.6666666666666667     
   251.18864315095848        12073.827976821978        14295.677241836893        1109972.0832488493        513736.05891017104        1.6666666666666667     
   251.18864315095848        13266.615235581759        19712.064828635728        1168079.4591820268        463949.13366954972        1.6666666666666667     
   251.18864315095848        14577.239310253683        25929.823021889541        1212219.2731132600        402669.46199559502        1.6666666666666667     
   251.18864315095848        16017.341434496422        32974.223584858519        1242422.0324288763        331685.76920312736        1.6666666666666667     
   251.18864315095848        17599.712892740539        40861.904286354678        1259320.7019903273        253183.57194305048        1.6666666666666667     
   251.18864315095848        19338.408635018022        49601.760428896509        1263886.8190090214        169434.15389664634        1.6666666666666667     
   251.18864315095848        21248.872115930651        59196.173612131082        1257395.2458577331        82732.402832959313        1.6666666666666667     
   251.18864315095848        23348.072466602647        69642.330441294122        1241331.7108467889       -4701.5427900443319        1.6666666666666667     
   251.18864315095848        25654.655218007225        80933.540449684777        1217107.4996992683       -90996.956865554675        1.6666666666666667     
   251.18864315095848        28189.107914422788        93060.640161480827        1186215.4793413356       -174456.10273534502        1.6666666666666667     
   251.18864315095848        30973.942088031592        106013.22268574868        1150204.4235003996       -253549.92017389135        1.6666666666666667     
   251.18864315095848        34033.893210996990        119780.76995436514        1110242.9688674600       -327320.19531075214        1.6666666666666667     
   251.18864315095848        37396.140401034674        134353.66274134142        1067536.8644647824       -394927.14300138876        1.6666666666666667     
   251.18864315095848        41090.547831948468        149724.03832553708        1023020.0981641246       -455923.67636114848        1.6666666666666667     
   251.18864315095848        45149.929993388556        165886.45082221742        977778.99506501853       -509798.47428431839        1.6666666666666667     
   251.18864315095848        49610.343155924362        182838.41721376864        932295.63569155289       -556703.40265791235        1.6666666666666667     
   251.18864315095848        54511.405630284928        200580.88617170035        887154.88134112093       -596721.53274826717        1.6666666666666667     
   251.18864315095848        59896.649665375488        219118.46145802760        843007.45781918522       -629882.05765460804        1.6666666666666667     
   251.18864315095848        65813.908110701057        238459.72880948076        799880.88004320161       -656832.85817555699        1.6666666666666667     
   251.18864315095848        72315.739277612709        258617.25406575517        758451.88856663299       -677553.48561853333        1.6666666666666667     
   251.18864315095848        79459.893773081596        279607.79173892504        718538.40429772390       -692853.78373525408        1.6666666666666667     
   251.18864315095848        87309.827452514772        301452.18971825461        680371.41600449104       -703093.92527897866        1.6666666666666667     
   251.18864315095848        95935.265047765861        324175.42397808161        644010.97784400918       -708763.84026506927        1.6666666666666667     
   251.18864315095848        105412.81947660058        347806.60839125601        609476.38163663214       -710350.39254566852        1.6666666666666667     
   251.18864315095848        115826.67233445199        372378.90579156112        576669.17194728740       -708412.99310138193        1.6666666666666667     
   316.22776601683859        1145.4238945146012       -9826.8649777502305        4.6350305638043210E-003   2136215.3751283423        1.6666666666666667     
   316.22776601683859        1258.5816295658876       -9826.8649721105685        3.8732405300834216E-002   1944150.5567150719        1.6666666666666667     
   316.22776601683859        1382.9183465323044       -9826.8649260304264       0.26542599698586855        1769354.2630638948        1.6666666666666667     
   316.22776601683859        1519.5384298079202       -9826.8646147524996        1.5162411546043586        1610274.6755181444        1.6666666666666667     
   316.22776601683859        1669.6553671827244       -9826.8628468977731        7.3318326758453622        1465502.0177241862        1.6666666666666667     
   316.22776601683859        1834.6025282917440       -9826.8542752651065        30.442773850154481        1333761.7347998612        1.6666666666666667     
   316.22776601683859        2015.8450078794708       -9826.8182941585910        109.98565882800904        1213918.0272762452        1.6666666666666667     
   316.22776601683859        2214.9926390739020       -9826.6858524888939        350.00095250325103        1104996.0766177501        1.6666666666666667     
   316.22776601683859        2433.8142922567963       -9826.2533598747468        992.11137048769160        1006232.1390740628        1.6666666666666667     
   316.22776601683859        2674.2535865356513       -9824.9869962827179        2530.9393752559117        917155.08490148489        1.6666666666666667     
   316.22776601683859        2938.4461533699518       -9821.6297303356550        5865.8382891644578        837688.12384320889        1.6666666666666667     
   316.22776601683859        3228.7386056907708       -9813.4993104744335        12458.067093757563        768238.07052059483        1.6666666666666667     
   316.22776601683859        3547.7093810013744       -9795.3667688889764        24437.551024620916        709720.89042720234        1.6666666666666667     
   316.22776601683859        3898.1916435915373       -9757.8493236453050        44594.353545189733        663471.71939832787        1.6666666666666667     
   316.22776601683859        4283.2984492877795       -9685.3442651187743        76202.006034945953        631006.98640584468        1.6666666666666667     
   316.22776601683859        4706.4503962580202       -9553.6579957795420        122662.09820248150        613651.23375429516        1.6666666666666667     
   316.22776601683859        5171.4060074708204       -9327.6147487552844        187022.01006286487        612099.30340468662        1.6666666666666667     
   316.22776601683859        5682.2951146724781       -8959.0166418608551        271432.24236940115        625987.34102851443        1.6666666666666667     
   316.22776601683859        6243.6555404053524       -8385.3503893427296        376704.47376114677        653626.04874097859        1.6666666666666667     
   316.22776601683859        6860.4734038846918       -7529.5535522286518        502002.43735855562        691904.65373231482        1.6666666666666667     
   316.22776601683859        7538.2274087390751       -6301.0260004456413        644789.56221817946        736457.88946498942        1.6666666666666667     
   316.22776601683859        8282.9375059873219       -4597.8798872004154        801004.61079513479        782032.58691152802        1.6666666666666667     
   316.22776601683859        9101.2183644864926       -2310.2320862320230        965437.50051179808        822996.71845482825        1.6666666666666667     
   316.22776601683859        10000.338123786511        675.77124702381047        1132227.5164653666        853896.54361561686        1.6666666666666667     
   316.22776601683859        10988.282951246436        4473.6380798321106        1295399.3750227708        869970.92464915849        1.6666666666666667     
   316.22776601683859        12073.827976821991        9192.2786716692572        1449357.8736888594        867554.43484476022        1.6666666666666667     
   316.22776601683859        13266.615235581770        14932.276442145037        1589283.0072712877        844323.33219742752        1.6666666666666667     
   316.22776601683859        14577.239310253695        21782.877473910168        1711395.6448159660        799380.11463926791        1.6666666666666667     
   316.22776601683859        16017.341434496440        29819.890669528799        1813086.0797978675        733189.45233510714        1.6666666666666667     
   316.22776601683859        17599.712892740561        39104.549826298433        1892920.2376977990        647399.88231188757        1.6666666666666667     
   316.22776601683859        19338.408635018044        49683.334320337955        1950548.8942157899        544590.48716198374        1.6666666666666667     
   316.22776601683859        21248.872115930673        61588.508712050854        1986587.9223648880        428023.63396275882        1.6666666666666667     
   316.22776601683859        23348.072466602669        74839.420189757831        2002203.1908230565        301135.97453435394        1.6666666666666667     
   316.22776601683859        25654.655218007254        89444.209428319053        1999501.7981626734        167874.20416575461        1.6666666666666667     
   316.22776601683859        28189.107914422813        105401.76736368620        1980446.8227220059        31588.334381062072        1.6666666666666667     
   316.22776601683859        30973.942088031628        122703.97428029003        1947396.7474196979       -104425.40564421820        1.6666666666666667     
   316.22776601683859        34033.893210997019        141337.77375731719        1902954.7964036465       -237046.84295147331        1.6666666666666667     
   316.22776601683859        37396.140401034711        161287.32151244959        1849209.6291817143       -364050.64607968484        1.6666666666666667     
   316.22776601683859        41090.547831948512        182535.81651625113        1788383.2512360823       -483406.07390202233        1.6666666666666667     
   316.22776601683859        45149.929993388600        205067.20380493533        1722289.9293892260       -593762.82445975626        1.6666666666666667     
   316.22776601683859        49610.343155924420        228867.64693149514        1653023.4654211381       -693708.07065564091        1.6666666666666667     
   316.22776601683859        54511.405630284986        253926.66561470827        1581547.0280181034       -783122.50580167724        1.6666666666666667     
   316.22776601683859        59896.649665375546        280238.17459948710        1509570.6667841296       -861254.74722820800        1.6666666666666667     
   316.22776601683859        65813.908110701115        307801.16377502546        1437745.0122596929       -928483.88310299022        1.6666666666666667     
   316.22776601683859        72315.739277612782        336620.32713600737        1366988.1707036984       -984956.43993095052        1.6666666666666667     
   316.22776601683859        79459.893773081654        366706.45380134636        1297919.5576865459       -1031122.0498735583        1.6666666666666667     
   316.22776601683859        87309.827452514830        398076.59592812409        1231002.0022274693       -1067566.5004871096        1.6666666666666667     
   316.22776601683859        95935.265047765919        430754.35122484004        1166565.4278855072       -1094970.2721058782        1.6666666666666667     
   316.22776601683859        105412.81947660065        464769.92736141069        1104829.4147156412       -1114072.0949478510        1.6666666666666667     
   316.22776601683859        115826.67233445206        500159.95524045487        1045923.2429397525       -1125638.5299554346        1.6666666666666667     
   398.10717055349812        1145.4238945146010       -12371.290039523323        1.5934347175061703E-005   3385673.1993324826        1.6666666666666667     
   398.10717055349812        1258.5816295658874       -12371.290039502319        2.3292159312404692E-004   3081270.9249106389        1.6666666666666667     
   398.10717055349812        1382.9183465323040       -12371.290039206040        2.6731413527159020E-003   2804237.1356673697        1.6666666666666667     
   398.10717055349812        1519.5384298079202       -12371.290035913131        2.4529754227842204E-002   2552111.1801522379        1.6666666666666667     
   398.10717055349812        1669.6553671827237       -12371.290006465455       0.18319730770599563        2322653.7289756774        1.6666666666666667     
   398.10717055349812        1834.6025282917435       -12371.289790472872        1.1323905346216634        2113827.2964128922        1.6666666666666667     
   398.10717055349812        2015.8450078794708       -12371.288468157298        5.8855765746557154        1923779.7763792858        1.6666666666666667     
   398.10717055349812        2214.9926390739020       -12371.281602705600        26.104154985659989        1750833.5889572878        1.6666666666666667     
   398.10717055349812        2433.8142922567963       -12371.250928938045        100.16430048381153        1593486.5098729671        1.6666666666666667     
   398.10717055349812        2674.2535865356513       -12371.131418878773        336.74101603537565        1450435.3982535880        1.6666666666666667     
   398.10717055349812        2938.4461533699514       -12370.720408014971        1003.5139081173838        1320637.6519138298        1.6666666666666667     
   398.10717055349812        3228.7386056907717       -12369.458793058597        2679.4437509943236        1203421.7060983554        1.6666666666666667     
   398.10717055349812        3547.7093810013771       -12365.967220054355        6473.1424163255724        1098640.9258130079        1.6666666666666667     
   398.10717055349812        3898.1916435915432       -12357.174010984039        14276.995329228157        1006834.9365967982        1.6666666666666667     
   398.10717055349812        4283.2984492877849       -12336.851901246597        28984.664786376015        929328.25854480313        1.6666666666666667     
   398.10717055349812        4706.4503962580266       -12293.417883471417        54570.956480674795        868179.82423777122        1.6666666666666667     
   398.10717055349812        5171.4060074708277       -12206.964387391392        95936.525906090537        825913.74658533582        1.6666666666666667     
   398.10717055349812        5682.2951146724863       -12045.672127607979        158468.56026669228        805018.56720842607        1.6666666666666667     
   398.10717055349812        6243.6555404053615       -11761.967654092561        247346.89682130920        807278.83379950235        1.6666666666666667     
   398.10717055349812        6860.4734038847018       -11288.964250227458        366721.84411132545        833085.75096539198        1.6666666666666667     
   398.10717055349812        7538.2274087390851       -10537.816436438554        518883.90282839281        880845.95232680440        1.6666666666666667     
   398.10717055349812        8282.9375059873346       -9396.5504951794010        703711.54304549238        946746.87617820804        1.6666666666666667     
   398.10717055349812        9101.2183644865072       -7730.7758920013566        918366.23126452195        1024803.0821313105        1.6666666666666667     
   398.10717055349812        10000.338123786525       -5386.3994363192260        1157438.0157621636        1107331.7724380367        1.6666666666666667     
   398.10717055349812        10988.282951246454       -2194.1653793925161        1413356.8034345852        1185621.4972124794        1.6666666666666667     
   398.10717055349812        12073.827976822007        2024.4152114565247        1677235.3859113501        1250923.3046449728        1.6666666666666667     
   398.10717055349812        13266.615235581792        7450.3312058083193        1939523.4416683705        1295128.1142516965        1.6666666666666667     
   398.10717055349812        14577.239310253717        14260.221161753867        2191043.7045010622        1311704.3474134528        1.6666666666666667     
   398.10717055349812        16017.341434496462        22620.027938179548        2423531.7739773197        1296038.7242262240        1.6666666666666667     
   398.10717055349812        17599.712892740583        32679.673124898422        2630226.9793343474        1245758.9700646761        1.6666666666666667     
   398.10717055349812        19338.408635018073        44569.082209912136        2806158.5425613881        1160718.5591796390        1.6666666666666667     
   398.10717055349812        21248.872115930702        58395.681307934603        2948235.7227156535        1042786.5951506339        1.6666666666666667     
   398.10717055349812        23348.072466602702        74243.477111038068        3055167.2121713636        895491.33719128231        1.6666666666666667     
   398.10717055349812        25654.655218007290        92173.423101997396        3127194.4078398519        723526.28374102945        1.6666666666666667     
   398.10717055349812        28189.107914422857        112224.95823413623        3166155.7741165594        532642.31330789626        1.6666666666666667     
   398.10717055349812        30973.942088031672        134418.51611131491        3174350.3016277100        328395.66855480336        1.6666666666666667     
   398.10717055349812        34033.893210997070        158758.43694822272        3155156.9991854192        116711.94395929202        1.6666666666666667     
   398.10717055349812        37396.140401034761        185236.35535832774        3112221.6511736042       -96938.196917355061        1.6666666666666667     
   398.10717055349812        41090.547831948570        213834.65650174962        3049215.2850604905       -307751.97076218901        1.6666666666666667     
   398.10717055349812        45149.929993388665        244529.75508845961        2970097.0609966316       -511273.16685453756        1.6666666666666667     
   398.10717055349812        49610.343155924485        277295.40510376531        2878280.2188739879       -704152.83144354448        1.6666666666666667     
   398.10717055349812        54511.405630285066        312105.27758500830        2777099.7468443238       -883591.94188665552        1.6666666666666667     
   398.10717055349812        59896.649665375626        348935.66611613694        2669220.6341784913       -1047847.1923064967        1.6666666666666667     
   398.10717055349812        65813.908110701217        387767.34153199394        2557244.8009133223       -1195534.2680713693        1.6666666666666667     
   398.10717055349812        72315.739277612898        428587.44515409379        2443284.0158726322       -1325976.0801940691        1.6666666666666667     
   398.10717055349812        79459.893773081785        471390.64578241220        2329084.0591068263       -1439004.1350599690        1.6666666666666667     
   398.10717055349812        87309.827452514961        516180.29580998502        2216052.4372398504       -1534869.3074474563        1.6666666666666667     
   398.10717055349812        95935.265047766065        562969.13041896280        2105293.4138785349       -1614153.6782891317        1.6666666666666667     
   398.10717055349812        105412.81947660077        611779.70072900981        1997646.0449106526       -1677689.3153496438        1.6666666666666667     
   398.10717055349812        115826.67233445219        662644.88261873054        1893722.2206004662       -1726487.9917718442        1.6666666666666667     
   501.18723362727354        1145.4238945146012       -15574.531407433486        9.0949470177292824E-009   5365930.4039243748        1.6666666666666667     
   501.18723362727354        1258.5816295658876       -15574.531407433469        3.3651303965598345E-007   4883485.3112211404        1.6666666666666667     
   501.18723362727354        1382.9183465323042       -15574.531407433013        7.0667738327756524E-006   4444416.3447378278        1.6666666666666667     
   501.18723362727354        1519.5384298079205       -15574.531407423548        1.1570591595955193E-004   4044823.5994334822        1.6666666666666667     
   501.18723362727354        1669.6553671827244       -15574.531407274057        1.4751731214346364E-003   3681157.8161726138        1.6666666666666667     
   501.18723362727354        1834.6025282917440       -15574.531405432017        1.4916859072400257E-002   3350188.8466527089        1.6666666666666667     
   501.18723362727354        2015.8450078794706       -15574.531387334353       0.12181414604128804        3048977.0326100285        1.6666666666666667     
   501.18723362727354        2214.9926390739024       -15574.531242704128       0.81730303463700693        2774847.4065046255        1.6666666666666667     
   501.18723362727354        2433.8142922567963       -15574.530285248084        4.5791901175107341        2525367.3545976244        1.6666666666666667     
   501.18723362727354        2674.2535865356517       -15574.524946774529        21.753730507043656        2298330.2738887952        1.6666666666666667     
   501.18723362727354        2938.4461533699514       -15574.499493676885        88.873190516096656        2091752.0818988504        1.6666666666666667     
   501.18723362727354        3228.7386056907721       -15574.394272315112        316.37590726859344        1903894.6509472255        1.6666666666666667     
   501.18723362727354        3547.7093810013780       -15574.012331147444        993.30348367402621        1733337.9094314245        1.6666666666666667     
   501.18723362727354        3898.1916435915437       -15572.780842833818        2781.2560721122281        1579123.2607438378        1.6666666666666667     
   501.18723362727354        4283.2984492877886       -15569.216480918709        7016.2472123320185        1440974.2245743368        1.6666666666666667     
   501.18723362727354        4706.4503962580320       -15559.866113126713        16096.498408860498        1319560.7844882689        1.6666666666666667     
   501.18723362727354        5171.4060074708341       -15537.438341241896        33871.033917575915        1216719.2575048157        1.6666666666666667     
   501.18723362727354        5682.2951146724927       -15487.855134267096        65883.342034831003        1135495.8300090500        1.6666666666666667     
   501.18723362727354        6243.6555404053679       -15386.077218525288        119308.54778815956        1079887.3934971688        1.6666666666666667     
   501.18723362727354        6860.4734038847091       -15190.802790490186        202455.00458729110        1054203.6516108729        1.6666666666666667     
   501.18723362727354        7538.2274087390942       -14838.466230933645        323835.99485195189        1062114.3093181057        1.6666666666666667     
   501.18723362727354        8282.9375059873437       -14237.279531061575        490918.90035008872        1105533.0323409305        1.6666666666666667     
   501.18723362727354        9101.2183644865163       -13262.273611574832        708778.53477274580        1183579.3953782250        1.6666666666666667     
   501.18723362727354        10000.338123786536       -11752.307763234367        979019.63145132863        1291958.4187149997        1.6666666666666667     
   501.18723362727354        10988.282951246465       -9509.8204972755284        1299059.8783791666        1422788.3057802615        1.6666666666666667     
   501.18723362727354        12073.827976822022       -6303.7317308800812        1662066.4150463152        1565087.1713349023        1.6666666666666667     
   501.18723362727354        13266.615235581805       -1875.4076115605701        2057461.2496364727        1705746.8509418634        1.6666666666666667     
   501.18723362727354        14577.239310253732        4052.8007211038889        2471908.1040679542        1830838.5726764267        1.6666666666666667     
   501.18723362727354        16017.341434496482        11767.330132258281        2890587.2343360805        1927014.0798675525        1.6666666666666667     
   501.18723362727354        17599.712892740601        21552.516496435001        3298538.0605656607        1982775.3216686889        1.6666666666666667     
   501.18723362727354        19338.408635018091        33680.039344356141        3681879.7316358904        1989447.2191502037        1.6666666666666667     
   501.18723362727354        21248.872115930728        48399.709160721803        4028770.7882723403        1941753.4919315884        1.6666666666666667     
   501.18723362727354        23348.072466602731        65932.127319170919        4330037.2771298857        1837985.8565758965        1.6666666666666667     
   501.18723362727354        25654.655218007319        86463.726104371119        4579458.3089949442        1679805.3188745417        1.6666666666666667     
   501.18723362727354        28189.107914422890        110144.15203339112        4773751.5038816491        1471771.2763653104        1.6666666666666667     
   501.18723362727354        30973.942088031705        137086.05725053084        4912413.7329316000        1220783.2740331274        1.6666666666666667     
   501.18723362727354        34033.893210997107        167366.69205492942        4996949.1923986059        934998.90212385776        1.6666666666666667     
   501.18723362727354        37396.140401034805        201031.26047722279        5030735.3931687241        623476.87627212889        1.6666666666666667     
   501.18723362727354        41090.547831948614        238097.35140365799        5019092.7099513644        296117.03137131222        1.6666666666666667     
   501.18723362727354        45149.929993388716        278559.95921408851        4967019.5968900220       -38649.976055816747        1.6666666666666667     
   501.18723362727354        49610.343155924544        322397.00152781338        4880646.8318513362       -372389.75731672626        1.6666666666666667     
   501.18723362727354        54511.405630285131        369574.66606957867        4765956.5758350072       -697871.01281773672        1.6666666666666667     
   501.18723362727354        59896.649665375699        420052.65732816205        4628533.6660218304       -1009206.5224557463        1.6666666666666667     
   501.18723362727354        65813.908110701304        473788.77559231967        4474241.7599866167       -1301043.9320942443        1.6666666666666667     
   501.18723362727354        72315.739277612985        530743.18796298956        4307379.6831170330       -1570270.2745221406        1.6666666666666667     
   501.18723362727354        79459.893773081872        590881.88374458288        4132344.3986946950       -1814207.0364556252        1.6666666666666667     
   501.18723362727354        87309.827452515077        654179.65269246488        3952750.7229603361       -2031357.4741924028        1.6666666666666667     
   501.18723362727354        95935.265047766166        720622.62957458803        3771337.2886023717       -2221380.6664700033        1.6666666666666667     
   501.18723362727354        105412.81947660090        790209.72330228973        3591409.6999890171       -2383537.9455062593        1.6666666666666667     
   501.18723362727354        115826.67233445233        862954.48963948456        3414081.2367084436       -2519365.8363142316        1.6666666666666667     
   630.95734448019493        1145.4238945146012       -19607.173365604394        0.0000000000000000        8504426.5708888751        1.6666666666666667     
   630.95734448019493        1258.5816295658874       -19607.173365604394        0.0000000000000000        7739802.6275029415        1.6666666666666667     
   630.95734448019493        1382.9183465323042       -19607.173365604394        0.0000000000000000        7043925.2092266912        1.6666666666666667     
   630.95734448019493        1519.5384298079202       -19607.173365604391        1.2732925824820995E-007   6410613.3891411573        1.6666666666666667     
   630.95734448019493        1669.6553671827241       -19607.173365604220        2.9831426218152046E-006   5834241.9574769195        1.6666666666666667     
   630.95734448019493        1834.6025282917440       -19607.173365600178        5.4715201258659363E-005   5309691.4713781048        1.6666666666666667     
   630.95734448019493        2015.8450078794708       -19607.173365528353        7.7769072959199548E-004   4832302.7648121286        1.6666666666666667     
   630.95734448019493        2214.9926390739020       -19607.173364542901        8.6968248069752008E-003   4397835.5732943742        1.6666666666666667     
   630.95734448019493        2433.8142922567963       -19607.173353864251        7.7921085903653875E-002   4002430.9219787647        1.6666666666666667     
   630.95734448019493        2674.2535865356513       -19607.173260547101       0.56929728089016862        3642577.0767930960        1.6666666666666667     
   630.95734448019493        2938.4461533699518       -19607.172590343780        3.4487680022721179        3315079.5534632327        1.6666666666666667     
   630.95734448019493        3228.7386056907721       -19607.168565333075        17.597232272237306        3017037.5007351888        1.6666666666666667     
   630.95734448019493        3547.7093810013776       -19607.148030002085        76.743646877730498        2745833.8441632162        1.6666666666666667     
   630.95734448019493        3898.1916435915432       -19607.057733009977        289.97325789532624        2499155.9586317772        1.6666666666666667     
   630.95734448019493        4283.2984492877877       -19606.710998530616        961.26346210439806        2275076.4338207836        1.6666666666666667     
   630.95734448019493        4706.4503962580320       -19605.534223888986        2828.2048448454589        2072231.6559999776        1.6666666666666667     
   630.95734448019493        5171.4060074708368       -19601.965399646222        7463.9480096448096        1890123.8258504958        1.6666666666666667     
   630.95734448019493        5682.2951146724981       -19592.196507591609        17841.393966318719        1729525.0872064477        1.6666666666666667     
   630.95734448019493        6243.6555404053770       -19567.839514633153        38972.355315618188        1592884.1470851195        1.6666666666666667     
   630.95734448019493        6860.4734038847191       -19512.058420449783        78427.570538060536        1484549.7764306462        1.6666666666666667     
   630.95734448019493        7538.2274087391052       -19393.823757677423        146483.99321227771        1410598.4258011258        1.6666666666666667     
   630.95734448019493        8282.9375059873564       -19160.252973335933        255656.00099540461        1378095.7466828506        1.6666666666666667     
   630.95734448019493        9101.2183644865290       -18727.472986183300        419513.81287264667        1393787.0539911082        1.6666666666666667     
   630.95734448019493        10000.338123786551       -17970.975165662334        650886.18989195302        1462397.9357467317        1.6666666666666667     
   630.95734448019493        10988.282951246481       -16716.852726229357        959758.65135853377        1584902.1477261046        1.6666666666666667     
   630.95734448019493        12073.827976822042       -14735.502523631518        1351295.5206219885        1757174.8689498173        1.6666666666666667     
   630.95734448019493        13266.615235581823       -11739.182892664068        1824419.7173779320        1969390.6425258843        1.6666666666666667     
   630.95734448019493        14577.239310253755       -7384.3542570986456        2371251.2736144937        2206348.2601215509        1.6666666666666667     
   630.95734448019493        16017.341434496506       -1279.0538941550626        2977506.3394998568        2448688.0911816126        1.6666666666666667     
   630.95734448019493        17599.712892740630        7005.2636856160043        3623794.1956816074        2674810.5916758003        1.6666666666666667     
   630.95734448019493        19338.408635018121        17918.498685190454        4287305.0763930036        2862906.7824544115        1.6666666666666667     
   630.95734448019493        21248.872115930757        31914.899401913437        4944272.1596535733        2993444.3481502458        1.6666666666666667     
   630.95734448019493        23348.072466602767        49435.899149025267        5571686.0415868359        3050606.6118726726        1.6666666666666667     
   630.95734448019493        25654.655218007356        70894.450019195414        6149188.6882447572        3023663.0369537696        1.6666666666666667     
   630.95734448019493        28189.107914422930        96661.939654610411        6660275.4367826851        2907488.1010977398        1.6666666666666667     
   630.95734448019493        30973.942088031752        127058.63890315898        7092984.3096107645        2702490.2192632873        1.6666666666666667     
   630.95734448019493        34033.893210997157        162347.87527518591        7440075.0723452074        2414041.7412637202        1.6666666666666667     
   630.95734448019493        37396.140401034863        202734.07908681507        7698781.6796684638        2051552.5912095429        1.6666666666666667     
   630.95734448019493        41090.547831948672        248364.07733177269        7870114.4691681834        1627217.1085316176        1.6666666666666667     
   630.95734448019493        45149.929993388789        299331.29394493252        7958713.8508283533        1155451.6317827906        1.6666666666666667     
   630.95734448019493        49610.343155924616        355682.03820271004        7971469.7035850259        651246.05064467527        1.6666666666666667     
   630.95734448019493        54511.405630285219        417423.31463186245        7916122.6154034371        128632.80395488907        1.6666666666666667     
   630.95734448019493        59896.649665375793        484531.01582069974        7802194.2000102717       -398389.42399808671        1.6666666666666667     
   630.95734448019493        65813.908110701392        556958.84576897277        7639197.1879830817       -917568.82251987234        1.6666666666666667     
   630.95734448019493        72315.739277613087        634646.44984377536        7436458.2304609939       -1418422.2481440110        1.6666666666666667     
   630.95734448019493        79459.893773082003        717527.53400359303        7202768.7477518339       -1892393.9301472399        1.6666666666666667     
   630.95734448019493        87309.827452515179        805536.40551622701        6945635.0567057962       -2333380.3512041941        1.6666666666666667     
   630.95734448019493        95935.265047766297        898614.38686146843        6673231.1007677345       -2735557.6932746619        1.6666666666666667     
   630.95734448019493        105412.81947660106        996715.10627931380        6391653.9797105361       -3095909.5391548015        1.6666666666666667     
   630.95734448019493        115826.67233445251        1099807.8749497475        6105128.9729832206       -3413812.0437789708        1.6666666666666667     
   794.32823472428379        1145.4238945146012       -24683.968803413147        0.0000000000000000        13478607.777987193        1.6666666666666667     
   794.32823472428379        1258.5816295658874       -24683.968803413147        0.0000000000000000        12266760.495322056        1.6666666666666667     
   794.32823472428379        1382.9183465323044       -24683.968803413147        0.0000000000000000        11163869.112308612        1.6666666666666667     
   794.32823472428379        1519.5384298079202       -24683.968803413147        0.0000000000000000        10160137.519949690        1.6666666666666667     
   794.32823472428379        1669.6553671827241       -24683.968803413147        0.0000000000000000        9246650.3669839688        1.6666666666666667     
   794.32823472428379        1834.6025282917440       -24683.968803413143        5.4569682106375694E-008   8415293.8718952183        1.6666666666666667     
   794.32823472428379        2015.8450078794708       -24683.968803413085        1.1641532182693481E-006   7658683.7546303710        1.6666666666666667     
   794.32823472428379        2214.9926390739024       -24683.968803411452        2.4592736735939980E-005   6970099.6479186285        1.6666666666666667     
   794.32823472428379        2433.8142922567963       -24683.968803378655        3.9104634197428823E-004   6343425.4021475725        1.6666666666666667     
   794.32823472428379        2674.2535865356513       -24683.968802875424        4.8536639951635152E-003   5773094.7754295580        1.6666666666666667     
   794.32823472428379        2938.4461533699518       -24683.968796836023        4.7878602345008403E-002   5254042.0108109266        1.6666666666666667     
   794.32823472428379        3228.7386056907726       -24683.968738910338       0.38216820030356757        4781657.0006739888        1.6666666666666667     
   794.32823472428379        3547.7093810013776       -24683.968286030788        2.5109789203270338        4351745.3131674957        1.6666666666666667     
   794.32823472428379        3898.1916435915441       -24683.965347314013        13.801137629343430        3960495.0951583600        1.6666666666666667     
   794.32823472428379        4283.2984492877877       -24683.949258013050        64.422283267049352        3604458.3610378043        1.6666666666666667     
   794.32823472428379        4706.4503962580320       -24683.873810709330        259.00606353388866        3280565.6653724811        1.6666666666666667     
   794.32823472428379        5171.4060074708368       -24683.566605749369        908.63318997435272        2986212.1023000227        1.6666666666666667     
   794.32823472428379        5682.2951146724990       -24682.466777950747        2814.9808158741507        2719470.8728504600        1.6666666666666667     
   794.32823472428379        6243.6555404053779       -24678.964940841452        7786.7093157692580        2479489.3745287657        1.6666666666666667     
   794.32823472428379        6860.4734038847228       -24668.944866819838        19427.394276335690        2267074.8808265859        1.6666666666666667     
   794.32823472428379        7538.2274087391133       -24642.932117303943        44122.884560292732        2085370.1623407607        1.6666666666666667     
   794.32823472428379        8282.9375059873655       -24581.128200907806        91997.840272615576        1940384.9607434059        1.6666666666666667     
   794.32823472428379        9101.2183644865399       -24445.669232392862        177461.98480081148        1841044.5232833170        1.6666666666666667     
   794.32823472428379        10000.338123786561       -24169.797040606765        318938.05009816785        1798441.6731815974        1.6666666666666667     
   794.32823472428379        10988.282951246492       -23644.277974622779        537491.87926257949        1824149.6018310897        1.6666666666666667     
   794.32823472428379        12073.827976822053       -22702.233177992413        854374.63860049320        1927749.6513348985        1.6666666666666667     
   794.32823472428379        13266.615235581839       -21104.327638633029        1287828.9857476556        2114031.3035792531        1.6666666666666667     
   794.32823472428379        14577.239310253770       -18526.753240790127        1849777.0194382246        2380508.0377199654        1.6666666666666667     
   794.32823472428379        16017.341434496522       -14554.398342723056        2543104.0364138517        2715887.5234179157        1.6666666666666667     
   794.32823472428379        17599.712892740648       -8681.0909181480256        3360151.3920148136        3099951.0933757150        1.6666666666666667     
   794.32823472428379        19338.408635018142       -317.76656642709605        4282522.0103030205        3504731.9593190309        1.6666666666666667     
   794.32823472428379        21248.872115930779        11191.744644042095        5282822.5422123522        3897403.5169444764        1.6666666666666667     
   794.32823472428379        23348.072466602789        26548.662898386381        6326939.0134663079        4243309.8853096496        1.6666666666666667     
   794.32823472428379        25654.655218007378        46473.282331534851        7377440.6736696251        4509632.0286275689        1.6666666666666667     
   794.32823472428379        28189.107914422959        71677.475355765826        8396909.5024509430        4668489.4624633435        1.6666666666666667     
   794.32823472428379        30973.942088031788        102838.67682669786        9350944.6277029924        4699269.6036570603        1.6666666666666667     
   794.32823472428379        34033.893210997194        140576.90473049146        10210490.848810585        4589980.0867627226        1.6666666666666667     
   794.32823472428379        37396.140401034907        185437.29111438213        10953310.662819859        4337542.4478145530        1.6666666666666667     
   794.32823472428379        41090.547831948716        237877.95095416019        11564619.532785872        3947228.3815302141        1.6666666666666667     
   794.32823472428379        45149.929993388832        298264.34010661568        12036967.466564965        3431400.3846289944        1.6666666666666667     
   794.32823472428379        49610.343155924667        366869.17302305548        12369557.415586313        2807856.4581301585        1.6666666666666667     
   794.32823472428379        54511.405630285270        443877.04431982437        12567423.619303735        2098252.5592474416        1.6666666666666667     
   794.32823472428379        59896.649665375859        529393.13312134333        12638782.887515845        1324924.4729210492        1.6666666666666667     
   794.32823472428379        65813.908110701464        623454.61002997600        12597513.020641636        513065.56010894850        1.6666666666666667     
   794.32823472428379        72315.739277613160        726043.40585144737        12455861.867544008       -316656.78943682089        1.6666666666666667     
   794.32823472428379        79459.893773082076        837100.16625734139        12230671.598307090       -1141813.0588024836        1.6666666666666667     
   794.32823472428379        87309.827452515281        956537.45770738076        11935542.481712764       -1945845.4783090185        1.6666666666666667     
   794.32823472428379        95935.265047766399        1084252.9384339596        11585304.845636711       -2713318.6997063775        1.6666666666666667     
   794.32823472428379        105412.81947660116        1220140.8797270562        11193250.564550981       -3432351.1091572214        1.6666666666666667     
   794.32823472428379        115826.67233445263        1364102.2839166713        10771317.202530336       -4094073.6797365341        1.6666666666666667     
   1000.0000000000031        1145.4238945146010       -31075.275590551279        0.0000000000000000        21362153.723689657        1.6666666666666667     
   1000.0000000000031        1258.5816295658874       -31075.275590551279        0.0000000000000000        19441505.213966928        1.6666666666666667     
   1000.0000000000031        1382.9183465323040       -31075.275590551279        0.0000000000000000        17693540.167981721        1.6666666666666667     
   1000.0000000000031        1519.5384298079205       -31075.275590551279        0.0000000000000000        16102732.799262732        1.6666666666666667     
   1000.0000000000031        1669.6553671827241       -31075.275590551279        0.0000000000000000        14654953.228279220        1.6666666666666667     
   1000.0000000000031        1834.6025282917440       -31075.275590551279        0.0000000000000000        13337341.977933383        1.6666666666666667     
   1000.0000000000031        2015.8450078794706       -31075.275590551279        0.0000000000000000        12138195.753029440        1.6666666666666667     
   1000.0000000000031        2214.9926390739020       -31075.275590551279        3.6379788070917130E-008   11046863.489189180        1.6666666666666667     
   1000.0000000000031        2433.8142922567963       -31075.275590551257        4.3655745685100555E-007   10053651.747899059        1.6666666666666667     
   1000.0000000000031        2674.2535865356513       -31075.275590550635        1.0477378964424133E-005   9149738.6173964515        1.6666666666666667     
   1000.0000000000031        2938.4461533699514       -31075.275590536439        1.8724676920101047E-004   8327095.3547664983        1.6666666666666667     
   1000.0000000000031        3228.7386056907717       -31075.275590291607        2.5888584787026048E-003   7578415.0747415433        1.6666666666666667     
   1000.0000000000031        3547.7093810013776       -31075.275587023585        2.8216127248015255E-002   6897047.8654608019        1.6666666666666667     
   1000.0000000000031        3898.1916435915437       -31075.275552486517       0.24689248675713316        6276941.8302282346        1.6666666666666667     
   1000.0000000000031        4283.2984492877886       -31075.275257497022        1.7649875189817976        5712590.1095745536        1.6666666666666667     
   1000.0000000000031        4706.4503962580320       -31075.273182568097        10.480926903255749        5198985.3863058509        1.6666666666666667     
   1000.0000000000031        5171.4060074708368       -31075.260955737547        52.510661516862456        4731589.3977431664        1.6666666666666667     
   1000.0000000000031        5682.2951146724990       -31075.199646236993        225.21391245390987        4306337.6579721821        1.6666666666666667     
   1000.0000000000031        6243.6555404053770       -31074.934281438913        838.09470137566677        3919725.6199417766        1.6666666666666667     
   1000.0000000000031        6860.4734038847228       -31073.929852338570        2739.9402567243669        3569053.8966142521        1.6666666666666667     
   1000.0000000000031        7538.2274087391124       -31070.565340520945        7959.8945572433877        3252927.4813742377        1.6666666666666667     
   1000.0000000000031        8282.9375059873691       -31060.482859861466        20766.113850695547        2972065.1718629175        1.6666666666666667     
   1000.0000000000031        9101.2183644865490       -31033.182826427823        49119.447572848003        2730346.5687231869        1.6666666666666667     
   1000.0000000000031        10000.338123786572       -30965.786111716792        106274.04207874861        2535821.5874974355        1.6666666666666667     
   1000.0000000000031        10988.282951246503       -30812.823567577201        212013.92325094275        2401201.3643601723        1.6666666666666667     
   1000.0000000000031        12073.827976822064       -30491.252206456225        392871.59152067034        2343288.5994926482        1.6666666666666667     
   1000.0000000000031        13266.615235581852       -29860.719994879822        680762.31355304108        2380972.5711612445        1.6666666666666667     
   1000.0000000000031        14577.239310253784       -28700.328661795051        1109806.7750033443        2531793.9498877311        1.6666666666666667     
   1000.0000000000031        16017.341434496537       -26684.462305826477        1711691.6832332572        2807632.2723565041        1.6666666666666667     
   1000.0000000000031        17599.712892740667       -23361.280044492756        2510385.6650829767        3210436.6664279834        1.6666666666666667     
   1000.0000000000031        19338.408635018161       -18137.806388695008        3517246.2848297255        3728988.3069070736        1.6666666666666667     
   1000.0000000000031        21248.872115930804       -10275.064692412776        4727682.9300403912        4337661.4371983316        1.6666666666666667     
   1000.0000000000031        23348.072466602811        1104.6253375225233        6120009.1140497886        4997505.7966492362        1.6666666666666667     
   1000.0000000000031        25654.655218007407        16997.768958735414        7656709.2762867464        5659533.2703590561        1.6666666666666667     
   1000.0000000000031        28189.107914422984        38488.837952476453        9287816.5602389332        6269591.7276572445        1.6666666666666667     
   1000.0000000000031        30973.942088031818        66711.320768411242        10955798.962146292        6774028.3439676901        1.6666666666666667     
   1000.0000000000031        34033.893210997230        102804.72062218904        12600400.193094829        7124508.2474782281        1.6666666666666667     
   1000.0000000000031        37396.140401034943        147871.73922090317        14165019.309200579        7283624.5213501519        1.6666666666666667     
   1000.0000000000031        41090.547831948759        202939.50286003199        15598577.593889639        7225399.0244810479        1.6666666666666667     
   1000.0000000000031        45149.929993388876        268927.54014630668        16861625.661042344        6939646.4902963862        1.6666666666666667     
   1000.0000000000031        49610.343155924718        346624.86163353838        17925177.313667372        6428892.1155172214        1.6666666666666667     
   1000.0000000000031        54511.405630285321        436676.47943623911        18772700.252352223        5708494.3521199543        1.6666666666666667     
   1000.0000000000031        59896.649665375910        539579.30900359608        19397379.517868392        4802240.4836977571        1.6666666666666667     
   1000.0000000000031        65813.908110701537        655686.62838386197        19804532.690775812        3743397.0577521920        1.6666666666666667     
   1000.0000000000031        72315.739277613233        785219.02187850990        20004771.501009818        2566878.4283932969        1.6666666666666667     
   1000.0000000000031        79459.893773082149        928280.77370083914        20015178.674142808        1309789.5844791681        1.6666666666666667     
   1000.0000000000031        87309.827452515383        1084879.6668358087        19858526.387718737        10352.194797486067        1.6666666666666667     
   1000.0000000000031        95935.265047766487        1254947.6423125421        19557390.762420837       -1297966.7483965158        1.6666666666666667     
   1000.0000000000031        105412.81947660127        1438363.6533219072        19136380.098235093       -2584017.6611404009        1.6666666666666667     
   1000.0000000000031        115826.67233445274        1634973.5116112195        18617362.731200408       -3823325.1061052829        1.6666666666666667     
   1258.9254117941714        1145.4238945146012       -39121.454119452013        0.0000000000000000        33856731.993165560        1.6666666666666667     
   1258.9254117941714        1258.5816295658876       -39121.454119452013        0.0000000000000000        30812709.246777240        1.6666666666666667     
   1258.9254117941714        1382.9183465323044       -39121.454119452013        0.0000000000000000        28042371.346356925        1.6666666666666667     
   1258.9254117941714        1519.5384298079205       -39121.454119452013        0.0000000000000000        25521111.578633044        1.6666666666666667     
   1258.9254117941714        1669.6553671827239       -39121.454119452013        0.0000000000000000        23226535.593740132        1.6666666666666667     
   1258.9254117941714        1834.6025282917442       -39121.454119452013        0.0000000000000000        21138262.493979201        1.6666666666666667     
   1258.9254117941714        2015.8450078794706       -39121.454119452013        0.0000000000000000        19237743.806475971        1.6666666666666667     
   1258.9254117941714        2214.9926390739024       -39121.454119452013        0.0000000000000000        17508098.731814746        1.6666666666666667     
   1258.9254117941714        2433.8142922567963       -39121.454119452013        0.0000000000000000        15933964.205292374        1.6666666666666667     
   1258.9254117941714        2674.2535865356517       -39121.454119452013        0.0000000000000000        14501358.439005237        1.6666666666666667     
   1258.9254117941714        2938.4461533699514       -39121.454119452006        1.8189894035458565E-007   13197556.732722223        1.6666666666666667     
   1258.9254117941714        3228.7386056907717       -39121.454119451781        4.2564352042973042E-006   12010978.450473132        1.6666666666666667     
   1258.9254117941714        3547.7093810013780       -39121.454119445967        8.5274223238229752E-005   10931084.159014503        1.6666666666666667     
   1258.9254117941714        3898.1916435915437       -39121.454119332717        1.3175667845644057E-003   9948282.0153385848        1.6666666666666667     
   1258.9254117941714        4283.2984492877877       -39121.454117643880        1.5923942555673420E-002   9053842.5694814660        1.6666666666666667     
   1258.9254117941714        4706.4503962580320       -39121.454097898211       0.15326964785344899        8239821.3474294348        1.6666666666666667     
   1258.9254117941714        5171.4060074708368       -39121.453912966877        1.1960644405917265        7498988.7644596603        1.6666666666666667     
   1258.9254117941714        5682.2951146724990       -39121.452498166873        7.6972258102614433        6824768.7856824892        1.6666666666666667     
   1258.9254117941714        6243.6555404053779       -39121.443497507193        41.510078299324960        6211192.7409487329        1.6666666666666667     
   1258.9254117941714        6860.4734038847228       -39121.395100597038        190.42660998820793        5652889.6699637575        1.6666666666666667     
   1258.9254117941714        7538.2274087391143       -39121.171856598201        753.54674034315394        5145165.9014301635        1.6666666666666667     
   1258.9254117941714        8282.9375059873691       -39120.276381535303        2605.5422710487619        4684274.9157880628        1.6666666666666667     
   1258.9254117941714        9101.2183644865490       -39117.113980603644        7966.2098881090060        4268022.7956525376        1.6666666666666667     
   1258.9254117941714        10000.338123786576       -39107.169499344891        21772.495332770632        3896840.4410868245        1.6666666666666667     
   1258.9254117941714        10988.282951246516       -39079.035458341037        53729.424101802579        3575318.0521651581        1.6666666666666667     
   1258.9254117941714        12073.827976822085       -39006.748068704452        120818.65992415260        3313915.1905106539        1.6666666666666667     
   1258.9254117941714        13266.615235581874       -38836.607434873622        249635.55945392727        3130218.4037452806        1.6666666666666667     
   1258.9254117941714        14577.239310253808       -38466.879337708182        477587.55149083299        3048895.8343036738        1.6666666666666667     
   1258.9254117941714        16017.341434496562       -37719.744079991971        851910.49670946086        3099557.9066759073        1.6666666666666667     
   1258.9254117941714        17599.712892740692       -36306.549824569323        1425929.3274738956        3312300.6620091610        1.6666666666666667     
   1258.9254117941714        19338.408635018190       -33789.536853734469        2252606.8556803511        3711334.1925150529        1.6666666666666667     
   1258.9254117941714        21248.872115930833       -29545.102187007731        3376359.6044382574        4307920.5814547502        1.6666666666666667     
   1258.9254117941714        23348.072466602847       -22734.778944508751        4824925.1654283032        5094444.0932244454        1.6666666666666667     
   1258.9254117941714        25654.655218007450       -12289.898711147291        6602693.1913476884        6040812.6514987126        1.6666666666666667     
   1258.9254117941714        28189.107914423032        3085.6748573913314        8687302.4321140554        7094565.1005374985        1.6666666666666667     
   1258.9254117941714        30973.942088031865        24892.744900645168        11029952.427637054        8184603.8045959119        1.6666666666666667     
   1258.9254117941714        34033.893210997281        54795.168491312499        13559509.605262719        9228091.9944100734        1.6666666666666667     
   1258.9254117941714        37396.140401035002        94563.115511788870        16188771.260661306        10138485.525352336        1.6666666666666667     
   1258.9254117941714        41090.547831948832        146006.78776919204        18823232.640195347        10834838.588124264        1.6666666666666667     
   1258.9254117941714        45149.929993388949        210908.05473723356        21369726.804340605        11249708.315396065        1.6666666666666667     
   1258.9254117941714        49610.343155924806        290954.75920044724        23742947.204310328        11333932.058440082        1.6666666666666667     
   1258.9254117941714        54511.405630285408        387685.46805293876        25871673.598340422        11060279.577110624        1.6666666666666667     
   1258.9254117941714        59896.649665376004        502446.17693713895        27702106.018724442        10423846.311899178        1.6666666666666667     
   1258.9254117941714        65813.908110701639        636361.92801017594        29199210.782888111        9440380.4615089484        1.6666666666666667     
   1258.9254117941714        72315.739277613349        790324.67683736677        30346249.049885079        8142974.8293918483        1.6666666666666667     
   1258.9254117941714        79459.893773082280        964993.58469713526        31143517.428609774        6578448.9244276695        1.6666666666666667     
   1258.9254117941714        87309.827452515499        1160809.1585429341        31602126.222611405        4799257.9619959816        1.6666666666666667     
   1258.9254117941714        95935.265047766661        1378014.6273401321        31750190.127079841        2868458.0619243607        1.6666666666666667     
   1258.9254117941714        105412.81947660142        1616686.2999672836        31614405.832476914        840563.65575859323        1.6666666666666667     
   1258.9254117941714        115826.67233445292        1876765.4191227034        31235323.612935606       -1223347.4276753962        1.6666666666666667     
   1584.8931924611190        1145.4238945146012       -49250.992737317749        0.0000000000000000        53659304.054948494        1.6666666666666667     
   1584.8931924611190        1258.5816295658876       -49250.992737317749        0.0000000000000000        48834853.126500875        1.6666666666666667     
   1584.8931924611190        1382.9183465323042       -49250.992737317749        0.0000000000000000        44444163.447307698        1.6666666666666667     
   1584.8931924611190        1519.5384298079205       -49250.992737317749        0.0000000000000000        40448236.005016021        1.6666666666666667     
   1584.8931924611190        1669.6553671827241       -49250.992737317749        0.0000000000000000        36811578.146974489        1.6666666666666667     
   1584.8931924611190        1834.6025282917440       -49250.992737317749        0.0000000000000000        33501888.327163722        1.6666666666666667     
   1584.8931924611190        2015.8450078794708       -49250.992737317749        0.0000000000000000        30489769.197194722        1.6666666666666667     
   1584.8931924611190        2214.9926390739020       -49250.992737317749        0.0000000000000000        27748466.492990259        1.6666666666666667     
   1584.8931924611190        2433.8142922567963       -49250.992737317749        0.0000000000000000        25253631.397886951        1.6666666666666667     
   1584.8931924611190        2674.2535865356517       -49250.992737317749        0.0000000000000000        22983104.271417923        1.6666666666666667     
   1584.8931924611190        2938.4461533699518       -49250.992737317749        0.0000000000000000        20916717.822810505        1.6666666666666667     
   1584.8931924611190        3228.7386056907717       -49250.992737317749        0.0000000000000000        19036117.980945263        1.6666666666666667     
   1584.8931924611190        3547.7093810013780       -49250.992737317749        3.6379788070917130E-008   17324600.869706497        1.6666666666666667     
   1584.8931924611190        3898.1916435915437       -49250.992737317669        1.6007106751203537E-006   15766964.440706855        1.6666666666666667     
   1584.8931924611190        4283.2984492877877       -49250.992737315428        3.6816345527768135E-005   14349373.462382475        1.6666666666666667     
   1584.8931924611190        4706.4503962580320       -49250.992737265726        6.3875631894916296E-004   13059236.564224709        1.6666666666666667     
   1584.8931924611190        5171.4060074708368       -49250.992736433836        8.5922874859534204E-003   11885094.495231055        1.6666666666666667     
   1584.8931924611190        5682.2951146724981       -49250.992725627737        9.1293804871384054E-002   10816518.379627138        1.6666666666666667     
   1584.8931924611190        6243.6555404053779       -49250.992614224233       0.78030570875853300        9844017.3731484804        1.6666666666666667     
   1584.8931924611190        6860.4734038847237       -49250.991683976288        5.4592975720879622        8958956.6492332313        1.6666666666666667     
   1584.8931924611190        7538.2274087391133       -49250.985274260129        31.784307684574742        8153491.0965210237        1.6666666666666667     
   1584.8931924611190        8282.9375059873691       -49250.948207484878        156.38927467080066        7420535.6793238586        1.6666666666666667     
   1584.8931924611190        9101.2183644865472       -49250.765500670830        659.74611294222996        6753830.5299221687        1.6666666666666667     
   1584.8931924611190        10000.338123786578       -49249.986951760067        2418.3755567355547        6148224.4471991835        1.6666666666666667     
   1584.8931924611190        10988.282951246516       -49247.081735929314        7798.2614602296962        5600381.5535651594        1.6666666666666667     
   1584.8931924611190        12073.827976822084       -49237.475642529665        22372.876981135050        5110147.1838843059        1.6666666666666667     
   1584.8931924611190        13266.615235581879       -49209.027133787924        57704.537934369000        4682690.3501477903        1.6666666666666667     
   1584.8931924611190        14577.239310253823       -49132.822951138602        135080.86498277407        4331191.5555267604        1.6666666666666667     
   1584.8931924611190        16017.341434496577       -48946.529552798078        289507.30945591204        4079321.0751027390        1.6666666666666667     
   1584.8931924611190        17599.712892740710       -48527.477774281870        572613.24140774377        3962261.2471976704        1.6666666666666667     
   1584.8931924611190        19338.408635018211       -47653.638526125302        1052807.4315114282        4024914.4949241774        1.6666666666666667     
   1584.8931924611190        21248.872115930855       -45952.845797941962        1811339.4008015892        4316452.1894543609        1.6666666666666667     
   1584.8931924611190        23348.072466602873       -42843.787029343781        2933901.9954695683        4881426.2503069872        1.6666666666666667     
   1584.8931924611190        25654.655218007472       -37475.558662723066        4498550.7159966435        5748709.9472863805        1.6666666666666667     
   1584.8931924611190        28189.107914423061       -28675.002024703852        6562521.7940017134        6921069.5081001017        1.6666666666666667     
   1584.8931924611190        30973.942088031894       -14911.690155206539        9150190.1330240984        8367447.0577538842        1.6666666666666667     
   1584.8931924611190        34033.893210997318        5711.0706864905978        12245252.833707776        10020503.510920059        1.6666666666666667     
   1584.8931924611190        37396.140401035038        35434.326640023348        15788667.130745379        11780151.810211301        1.6666666666666667     
   1584.8931924611190        41090.547831948868        76790.188211507921        19681759.399235379        13521635.081694491        1.6666666666666667     
   1584.8931924611190        45149.929993388992        132521.64815603831        23796660.710291542        15109543.240863388        1.6666666666666667     
   1584.8931924611190        49610.343155924849        205482.94300899035        27987131.089760948        16410382.623000877        1.6666666666666667     
   1584.8931924611190        54511.405630285459        298531.49369376572        32102756.674203847        17306479.613396883        1.6666666666666667     
   1584.8931924611190        59896.649665376062        414420.37918235420        36001423.385352537        17706371.222615927        1.6666666666666667     
   1584.8931924611190        65813.908110701697        555702.95788857248        39559559.566391982        17551463.859152466        1.6666666666666667     
   1584.8931924611190        72315.739277613407        724654.67647395772        42679180.967495196        16818634.867518555        1.6666666666666667     
   1584.8931924611190        79459.893773082367        923218.44961437525        45291486.469678931        15518997.592706356        1.6666666666666667     
   1584.8931924611190        87309.827452515601        1152972.8854450348        47357320.770076476        13693736.752611749        1.6666666666666667     
   1584.8931924611190        95935.265047766748        1415124.9506443203        48865123.897469603        11407931.331945650        1.6666666666666667     
   1584.8931924611190        105412.81947660155        1710522.7572283370        49826198.813673109        8742509.1939609572        1.6666666666666667     
   1584.8931924611190        115826.67233445303        2039685.9588009089        50273644.991590403        5790762.2224965617        1.6666666666666667     
   1995.2623149688870        1145.4238945146012       -62003.326313099307        0.0000000000000000        85044265.609327704        1.6666666666666667     
   1995.2623149688870        1258.5816295658874       -62003.326313099307        0.0000000000000000        77398026.184419811        1.6666666666666667     
   1995.2623149688870        1382.9183465323044       -62003.326313099307        0.0000000000000000        70439252.009803906        1.6666666666666667     
   1995.2623149688870        1519.5384298079202       -62003.326313099307        0.0000000000000000        64106133.816361450        1.6666666666666667     
   1995.2623149688870        1669.6553671827241       -62003.326313099307        0.0000000000000000        58342419.540588789        1.6666666666666667     
   1995.2623149688870        1834.6025282917442       -62003.326313099307        0.0000000000000000        53096914.682153761        1.6666666666666667     
   1995.2623149688870        2015.8450078794710       -62003.326313099307        0.0000000000000000        48323027.583772771        1.6666666666666667     
   1995.2623149688870        2214.9926390739020       -62003.326313099307        0.0000000000000000        43978355.594490178        1.6666666666666667     
   1995.2623149688870        2433.8142922567963       -62003.326313099307        0.0000000000000000        40024308.440576866        1.6666666666666667     
   1995.2623149688870        2674.2535865356513       -62003.326313099307        0.0000000000000000        36425765.458750628        1.6666666666666667     
   1995.2623149688870        2938.4461533699518       -62003.326313099307        0.0000000000000000        33150763.647192866        1.6666666666666667     
   1995.2623149688870        3228.7386056907721       -62003.326313099307        0.0000000000000000        30170213.763566516        1.6666666666666667     
   1995.2623149688870        3547.7093810013776       -62003.326313099307        0.0000000000000000        27457641.948359039        1.6666666666666667     
   1995.2623149688870        3898.1916435915432       -62003.326313099307        0.0000000000000000        24988954.578595679        1.6666666666666667     
   1995.2623149688870        4283.2984492877877       -62003.326313099307        0.0000000000000000        22742224.263305210        1.6666666666666667     
   1995.2623149688870        4706.4503962580320       -62003.326313099278        5.0931703299283981E-007   20697495.079906095        1.6666666666666667     
   1995.2623149688870        5171.4060074708359       -62003.326313098463        1.5061232261359692E-005   18836605.321593970        1.6666666666666667     
   1995.2623149688870        5682.2951146724990       -62003.326313077814        2.9456714401021600E-004   17143026.201605208        1.6666666666666667     
   1995.2623149688870        6243.6555404053770       -62003.326312688012        4.4256012188270688E-003   15601714.943691088        1.6666666666666667     
   1995.2623149688870        6860.4734038847228       -62003.326307037561        5.2094837883487344E-002   14198981.403033564        1.6666666666666667     
   1995.2623149688870        7538.2274087391133       -62003.326242658375       0.48936322855297476        12922366.505989457        1.6666666666666667     
   1995.2623149688870        8282.9375059873691       -62003.325653744898        3.7343005169532262        11760533.352837328        1.6666666666666667     
   1995.2623149688870        9101.2183644865490       -62003.321244073450        23.543137758679222        10703174.916899346        1.6666666666666667     
   1995.2623149688870        10000.338123786578       -62003.293734880528        124.59881629183656        9740958.4007222317        1.6666666666666667     
   1995.2623149688870        10988.282951246516       -62003.148435046140        561.84598895924864        8865566.1016625557        1.6666666666666667     
   1995.2623149688870        12073.827976822082       -62002.489021426576        2188.6475185965537        8069978.1844540704        1.6666666666666667     
   1995.2623149688870        13266.615235581879       -61999.882941635849        7460.0481248853612        7349265.9771177275        1.6666666666666667     
   1995.2623149688870        14577.239310253823       -61990.803085522835        22512.390571864671        6702267.1909546796        1.6666666666666667     
   1995.2623149688870        16017.341434496586       -61962.600183389688        60800.890267491923        6134453.4414435644        1.6666666666666667     
   1995.2623149688870        17599.712892740732       -61883.701211082909        148423.66586210119        5661914.4317950541        1.6666666666666667     
   1995.2623149688870        19338.408635018241       -61683.040713611612        330478.29806218942        5315653.2390406141        1.6666666666666667     
   1995.2623149688870        21248.872115930892       -61215.125636500859        676733.11828333675        5144504.0267407019        1.6666666666666667     
   1995.2623149688870        23348.072466602909       -60206.888556471640        1284158.8508342102        5214550.3345537726        1.6666666666666667     
   1995.2623149688870        25654.655218007516       -58185.119862069376        2273715.2631482966        5603106.1025827508        1.6666666666666667     
   1995.2623149688870        28189.107914423101       -54387.698417838161        3780159.3816573583        6386922.3833671538        1.6666666666666667     
   1995.2623149688870        30973.942088031941       -47667.176893187810        5935197.4494636664        7625827.1867998429        1.6666666666666667     
   1995.2623149688870        34033.893210997368       -36399.891825119492        8846762.1646640692        9345148.2742070574        1.6666666666666667     
   1995.2623149688870        37396.140401035096       -18416.213283396290        12578435.767727515        11520965.310174229        1.6666666666666667     
   1995.2623149688870        41090.547831948934        9033.4288921262996        17134241.010547888        14072805.039157623        1.6666666666666667     
   1995.2623149688870        45149.929993389058        49265.977272354081        22450270.646338504        16864157.913531695        1.6666666666666667     
   1995.2623149688870        49610.343155924922        106103.15943090859        28396996.090921748        19713256.699710459        1.6666666666666667     
   1995.2623149688870        54511.405630285546        183761.89034529426        34790059.236073427        22410662.512522839        1.6666666666666667     
   1995.2623149688870        59896.649665376150        286708.31987124222        41407830.476361267        24740938.840393417        1.6666666666666667     
   1995.2623149688870        65813.908110701799        419490.28385543195        48012346.186254866        26504563.871287134        1.6666666666666667     
   1995.2623149688870        72315.739277613524        586564.59529763670        54370258.018862218        27536777.340685297        1.6666666666666667     
   1995.2623149688870        79459.893773082484        792135.91144118377        60270967.859079823        27720987.772768296        1.6666666666666667     
   1995.2623149688870        87309.827452515732        1040019.2706794742        65540148.115087062        26995764.035706840        1.6666666666666667     
   1995.2623149688870        95935.265047766894        1333536.1172449912        70047851.417632774        25355462.882790938        1.6666666666666667     
   1995.2623149688870        105412.81947660170        1675448.7695188851        73711343.772122636        22845467.652114935        1.6666666666666667     
   1995.2623149688870        115826.67233445322        2067930.4451498326        76493491.982669801        19553671.667183474        1.6666666666666667     
   2511.8864315095898        1145.4238945146012       -78057.563111326672        0.0000000000000000        134786078.25325391        1.6666666666666667     
   2511.8864315095898        1258.5816295658874       -78057.563111326672        0.0000000000000000        122667605.38404128        1.6666666666666667     
   2511.8864315095898        1382.9183465323044       -78057.563111326672        0.0000000000000000        111638691.51517217        1.6666666666666667     
   2511.8864315095898        1519.5384298079202       -78057.563111326672        0.0000000000000000        101601375.55633090        1.6666666666666667     
   2511.8864315095898        1669.6553671827239       -78057.563111326672        0.0000000000000000        92466503.994591147        1.6666666666666667     
   2511.8864315095898        1834.6025282917440       -78057.563111326672        0.0000000000000000        84152939.014505044        1.6666666666666667     
   2511.8864315095898        2015.8450078794706       -78057.563111326672        0.0000000000000000        76586837.815272585        1.6666666666666667     
   2511.8864315095898        2214.9926390739020       -78057.563111326672        0.0000000000000000        69700996.723737121        1.6666666666666667     
   2511.8864315095898        2433.8142922567963       -78057.563111326672        0.0000000000000000        63434254.277483806        1.6666666666666667     
   2511.8864315095898        2674.2535865356513       -78057.563111326672        0.0000000000000000        57730947.976101257        1.6666666666666667     
   2511.8864315095898        2938.4461533699514       -78057.563111326672        0.0000000000000000        52540419.875359371        1.6666666666666667     
   2511.8864315095898        3228.7386056907717       -78057.563111326672        0.0000000000000000        47816566.632888377        1.6666666666666667     
   2511.8864315095898        3547.7093810013776       -78057.563111326672        0.0000000000000000        43517430.008772172        1.6666666666666667     
   2511.8864315095898        3898.1916435915432       -78057.563111326672        0.0000000000000000        39604824.183797553        1.6666666666666667     
   2511.8864315095898        4283.2984492877877       -78057.563111326672        0.0000000000000000        36043996.585123055        1.6666666666666667     
   2511.8864315095898        4706.4503962580311       -78057.563111326672        0.0000000000000000        32803319.206750993        1.6666666666666667     
   2511.8864315095898        5171.4060074708359       -78057.563111326672        0.0000000000000000        29854007.683047414        1.6666666666666667     
   2511.8864315095898        5682.2951146724981       -78057.563111326657        2.1827872842550278E-007   27169865.620063156        1.6666666666666667     
   2511.8864315095898        6243.6555404053770       -78057.563111326395        5.8207660913467407E-006   24727051.913758274        1.6666666666666667     
   2511.8864315095898        6860.4734038847228       -78057.563111318275        1.2892996892333031E-004   22503868.988495033        1.6666666666666667     
   2511.8864315095898        7538.2274087391133       -78057.563111144889        2.1723826648667455E-003   20480570.076273609        1.6666666666666667     
   2511.8864315095898        8282.9375059873691       -78057.563108327260        2.8433350962586701E-002   18639183.840648793        1.6666666666666667     
   2511.8864315095898        9101.2183644865472       -78057.563072698686       0.29457994969561696        16963354.924287457        1.6666666666666667     
   2511.8864315095898        10000.338123786576       -78057.562714299711        2.4599949392722920        15438199.781147791        1.6666666666666667     
   2511.8864315095898        10988.282951246514       -78057.559787810664        16.847459555719979        14050181.222625474        1.6666666666666667     
   2511.8864315095898        12073.827976822082       -78057.540030692835        96.186110895359889        12787018.766269438        1.6666666666666667     
   2511.8864315095898        13266.615235581878       -78057.427883633733        464.86967730743345        11637695.387378709        1.6666666666666667     
   2511.8864315095898        14577.239310253823       -78056.884393698288        1929.2911430238746        10592721.299594495        1.6666666666666667     
   2511.8864315095898        16017.341434496586       -78054.604009763367        6967.2226237889845        9644989.2256261669        1.6666666666666667     
   2511.8864315095898        17599.712892740728       -78046.213638426576        22162.679744287743        8791754.5646915603        1.6666666666666667     
   2511.8864315095898        19338.408635018241       -78018.824845097610        62799.700218747603        8038324.4534660960        1.6666666666666667     
   2511.8864315095898        21248.872115930899       -77938.655870921313        160154.30767532962        7403683.7229248630        1.6666666666666667     
   2511.8864315095898        23348.072466602931       -77726.185213279488        371069.71688612248        6927343.4367040480        1.6666666666666667     
   2511.8864315095898        25654.655218007538       -77211.781091382436        787873.00114709069        6675362.4712659651        1.6666666666666667     
   2511.8864315095898        28189.107914423126       -76064.846726556396        1545105.3292327560        6742309.6281434326        1.6666666666666667     
   2511.8864315095898        30973.942088031970       -73692.315504096128        2818920.0330569292        7245849.8418050576        1.6666666666666667     
   2511.8864315095898        34033.893210997398       -69108.202939216426        4815913.6509663947        8312015.9281572513        1.6666666666666667     
   2511.8864315095898        37396.140401035133       -60783.983033192344        7750759.2378208572        10052002.932138011        1.6666666666666667     
   2511.8864315095898        41090.547831948970       -46497.710896272903        11815534.245476520        12534557.110201616        1.6666666666666667     
   2511.8864315095898        45149.929993389102       -23205.527351154135        17145715.969899975        15759391.126877364        1.6666666666666667     
   2511.8864315095898        49610.343155924966        13039.990820682384        23792208.580105979        19640456.712024875        1.6666666666666667     
   2511.8864315095898        54511.405630285597        67103.997437957689        31702182.908152424        24000450.285529166        1.6666666666666667     
   2511.8864315095898        59896.649665376208        144705.60976362231        40714363.725170255        28580078.283615388        1.6666666666666667     
   2511.8864315095898        65813.908110701857        252275.62049450519        50573128.228536226        33064357.740444083        1.6666666666666667     
   2511.8864315095898        72315.739277613597        396748.21872804727        60949236.734979197        37111898.553237878        1.6666666666666667     
   2511.8864315095898        79459.893773082556        585307.68687658908        71472841.451509729        40391696.671118833        1.6666666666666667     
   2511.8864315095898        87309.827452515819        825115.09550976614        81768471.933274984        42616899.435820922        1.6666666666666667     
   2511.8864315095898        95935.265047766996        1123041.2088781786        91478646.611016005        43562676.153918192        1.6666666666666667     
   2511.8864315095898        105412.81947660180        1485430.2279757224        100304014.35537961        43097089.275488004        1.6666666666666667     
   2511.8864315095898        115826.67233445332        1917910.3173613355        108004832.28724799        41171207.914712504        1.6666666666666667     
   3162.2776601683922        1145.4238945146010       -98268.649783576140        0.0000000000000000        213621537.86211318        1.6666666666666667     
   3162.2776601683922        1258.5816295658874       -98268.649783576140        0.0000000000000000        194415052.70867336        1.6666666666666667     
   3162.2776601683922        1382.9183465323042       -98268.649783576140        0.0000000000000000        176935402.19766277        1.6666666666666667     
   3162.2776601683922        1519.5384298079202       -98268.649783576140        0.0000000000000000        161027328.46391389        1.6666666666666667     
   3162.2776601683922        1669.6553671827239       -98268.649783576140        0.0000000000000000        146549532.71170592        1.6666666666666667     
   3162.2776601683922        1834.6025282917437       -98268.649783576140        0.0000000000000000        133373420.16968437        1.6666666666666667     
   3162.2776601683922        2015.8450078794704       -98268.649783576140        0.0000000000000000        121381957.88554893        1.6666666666666667     
   3162.2776601683922        2214.9926390739024       -98268.649783576140        0.0000000000000000        110468635.21520539        1.6666666666666667     
   3162.2776601683922        2433.8142922567963       -98268.649783576140        0.0000000000000000        100536517.77323140        1.6666666666666667     
   3162.2776601683922        2674.2535865356513       -98268.649783576140        0.0000000000000000        91497386.441649631        1.6666666666666667     
   3162.2776601683922        2938.4461533699518       -98268.649783576140        0.0000000000000000        83270953.789505690        1.6666666666666667     
   3162.2776601683922        3228.7386056907721       -98268.649783576140        0.0000000000000000        75784150.943328053        1.6666666666666667     
   3162.2776601683922        3547.7093810013776       -98268.649783576140        0.0000000000000000        68970478.574306011        1.6666666666666667     
   3162.2776601683922        3898.1916435915437       -98268.649783576140        0.0000000000000000        62769416.237520039        1.6666666666666667     
   3162.2776601683922        4283.2984492877877       -98268.649783576140        0.0000000000000000        57125884.816853173        1.6666666666666667     
   3162.2776601683922        4706.4503962580320       -98268.649783576140        0.0000000000000000        51989757.300908558        1.6666666666666667     
   3162.2776601683922        5171.4060074708368       -98268.649783576140        0.0000000000000000        47315413.544543639        1.6666666666666667     
   3162.2776601683922        5682.2951146724990       -98268.649783576140        0.0000000000000000        43061335.061321013        1.6666666666666667     
   3162.2776601683922        6243.6555404053770       -98268.649783576140        0.0000000000000000        39189736.247738823        1.6666666666666667     
   3162.2776601683922        6860.4734038847218       -98268.649783576140        7.2759576141834259E-008   35666228.763698302        1.6666666666666667     
   3162.2776601683922        7538.2274087391133       -98268.649783576053        2.1100277081131935E-006   32459516.088167958        1.6666666666666667     
   3162.2776601683922        8282.9375059873691       -98268.649783573041        5.3478288464248180E-005   29541115.537065122        1.6666666666666667     
   3162.2776601683922        9101.2183644865472       -98268.649783499990        1.0145595297217369E-003   26885105.274941720        1.6666666666666667     
   3162.2776601683922        10000.338123786576       -98268.649782162742        1.4819888747297227E-002   24467894.082142729        1.6666666666666667     
   3162.2776601683922        10988.282951246514       -98268.649763314505       0.16994643374346197        22268011.918084260        1.6666666666666667     
   3162.2776601683922        12073.827976822084       -98268.649553986295        1.5583999629598111        20265919.970863823        1.6666666666666667     
   3162.2776601683922        13266.615235581881       -98268.647683277741        11.631241577561013        18443842.193356082        1.6666666666666667     
   3162.2776601683922        14577.239310253821       -98268.633970481518        71.853090048534796        16785632.558636401        1.6666666666666667     
   3162.2776601683922        16017.341434496586       -98268.550067353717        373.25450721255038        15276735.912127046        1.6666666666666667     
   3162.2776601683922        17599.712892740728       -98268.114665909408        1654.6729836409213        13904412.674591096        1.6666666666666667     
   3162.2776601683922        19338.408635018241       -98266.170269656097        6346.2738949601771        12658621.337717522        1.6666666666666667     
   3162.2776601683922        21248.872115930899       -98258.597794936475        21326.680727361236        11534274.470444208        1.6666666666666667     
   3162.2776601683922        23348.072466602927       -98232.565179292273        63531.176930118818        10535809.523918960        1.6666666666666667     
   3162.2776601683922        25654.655218007549       -98152.685097744237        169574.62831393059        9684795.6334842779        1.6666666666666667     
   3162.2776601683922        28189.107914423155       -97931.685281959639        409542.15728321287        9030217.3227012716        1.6666666666666667     
   3162.2776601683922        30973.942088032021       -97375.280148773250        903019.93084969581        8659161.0148159172        1.6666666666666667     
   3162.2776601683922        34033.893210997448       -96089.705299637979        1832808.3850583788        8703493.0065989867        1.6666666666666667     
   3162.2776601683922        37396.140401035191       -93342.747217734242        3449916.6477916148        9337058.7410573885        1.6666666666666667     
   3162.2776601683922        41090.547831949036       -87876.251691470738        6063712.5950966580        10759036.623168848        1.6666666666666667     
   3162.2776601683922        45149.929993389174       -77679.715932994222        10014093.359273683        13162604.232745640        1.6666666666666667     
   3162.2776601683922        49610.343155925038       -59747.814969679319        15627905.738344669        16693304.701362235        1.6666666666666667     
   3162.2776601683922        54511.405630285692       -29856.039559127745        23166462.868302532        21405268.422964074        1.6666666666666667     
   3162.2776601683922        59896.649665376302        17606.074904412464        32774051.272470322        27225078.978714697        1.6666666666666667     
   3162.2776601683922        65813.908110701974        89708.447598761675        44442409.808341108        33936543.265936762        1.6666666666666667     
   3162.2776601683922        72315.739277613713        194934.73908181832        57991850.702266239        41184231.999289721        1.6666666666666667     
   3162.2776601683922        79459.893773082687        343011.36608084774        73080571.977142528        48503748.526979998        1.6666666666666667     
   3162.2776601683922        87309.827452515950        544620.34673268802        89230535.433120087        55364045.112587713        1.6666666666666667     
   3162.2776601683922        95935.265047767127        811024.58291700308        105879820.26543292        61229282.449963555        1.6666666666666667     
   3162.2776601683922        105412.81947660197        1153643.2379638660        122428766.22933312        65606549.687734641        1.6666666666666667     
   3162.2776601683922        115826.67233445351        1583620.1658806403        138295523.01447490        68095284.070894912        1.6666666666666667     
   3981.0717055349896        1145.4238945146012       -123712.90039524542        0.0000000000000000        338567319.53529590        1.6666666666666667     
   3981.0717055349896        1258.5816295658874       -123712.90039524542        0.0000000000000000        308127092.10704899        1.6666666666666667     
   3981.0717055349896        1382.9183465323040       -123712.90039524542        0.0000000000000000        280423713.13527811        1.6666666666666667     
   3981.0717055349896        1519.5384298079205       -123712.90039524542        0.0000000000000000        255211115.48755556        1.6666666666666667     
   3981.0717055349896        1669.6553671827241       -123712.90039524542        0.0000000000000000        232265355.66548896        1.6666666666666667     
   3981.0717055349896        1834.6025282917440       -123712.90039524542        0.0000000000000000        211382624.69232702        1.6666666666666667     
   3981.0717055349896        2015.8450078794710       -123712.90039524542        0.0000000000000000        192377437.83954403        1.6666666666666667     
   3981.0717055349896        2214.9926390739024       -123712.90039524542        0.0000000000000000        175080987.11318070        1.6666666666666667     
   3981.0717055349896        2433.8142922567963       -123712.90039524542        0.0000000000000000        159339641.86638531        1.6666666666666667     
   3981.0717055349896        2674.2535865356513       -123712.90039524542        0.0000000000000000        145013584.22028542        1.6666666666666667     
   3981.0717055349896        2938.4461533699518       -123712.90039524542        0.0000000000000000        131975567.17271703        1.6666666666666667     
   3981.0717055349896        3228.7386056907721       -123712.90039524542        0.0000000000000000        120109784.36407661        1.6666666666666667     
   3981.0717055349896        3547.7093810013776       -123712.90039524542        0.0000000000000000        109310841.46132244        1.6666666666666667     
   3981.0717055349896        3898.1916435915437       -123712.90039524542        0.0000000000000000        99482820.023745969        1.6666666666666667     
   3981.0717055349896        4283.2984492877877       -123712.90039524542        0.0000000000000000        90538425.535575420        1.6666666666666667     
   3981.0717055349896        4706.4503962580320       -123712.90039524542        0.0000000000000000        82398212.038061529        1.6666666666666667     
   3981.0717055349896        5171.4060074708359       -123712.90039524542        0.0000000000000000        74989876.474067390        1.6666666666666667     
   3981.0717055349896        5682.2951146724981       -123712.90039524542        0.0000000000000000        68247616.477385163        1.6666666666666667     
   3981.0717055349896        6243.6555404053770       -123712.90039524542        0.0000000000000000        62111545.902532183        1.6666666666666667     
   3981.0717055349896        6860.4734038847218       -123712.90039524542        0.0000000000000000        56527162.903640971        1.6666666666666667     
   3981.0717055349896        7538.2274087391124       -123712.90039524542        0.0000000000000000        51444865.837810293        1.6666666666666667     
   3981.0717055349896        8282.9375059873691       -123712.90039524542        0.0000000000000000        46819512.693070829        1.6666666666666667     
   3981.0717055349896        9101.2183644865490       -123712.90039524539        8.0035533756017685E-007   42610020.227481343        1.6666666666666667     
   3981.0717055349896        10000.338123786576       -123712.90039524435        2.1100277081131935E-005   38778998.650383689        1.6666666666666667     
   3981.0717055349896        10988.282951246514       -123712.90039521526        4.5001797843724489E-004   35292420.147084184        1.6666666666666667     
   3981.0717055349896        12073.827976822084       -123712.90039461246        7.3642877396196127E-003   32119316.138250604        1.6666666666666667     
   3981.0717055349896        13266.615235581878       -123712.90038509888        9.3815906438976526E-002   29231502.758141134        1.6666666666666667     
   3981.0717055349896        14577.239310253821       -123712.90026796387       0.94797011115588248        26603330.188555531        1.6666666666666667     
   3981.0717055349896        16017.341434496588       -123712.89911794850        7.7361826697597280        24211459.556661788        1.6666666666666667     
   3981.0717055349896        17599.712892740728       -123712.88993329606        51.873354750568978        22034674.573896337        1.6666666666666667     
   3981.0717055349896        19338.408635018241       -123712.82916638168        290.47418778645806        20053784.021461260        1.6666666666666667     
   3981.0717055349896        21248.872115930903       -123712.49053002770        1379.1998090164270        18251784.531732902        1.6666666666666667     
   3981.0717055349896        23348.072466602927       -123710.87674288017        5631.9838723720750        16614729.405114679        1.6666666666666667     
   3981.0717055349896        25654.655218007552       -123704.20841527873        20040.421990415780        15134201.992571555        1.6666666666666667     
   3981.0717055349896        28189.107914423163       -123680.01297025554        62895.275631817640        13812777.545993304        1.6666666666666667     
   3981.0717055349896        30973.942088032021       -123602.02859202687        176043.58069555019        12673903.756742774        1.6666666666666667     
   3981.0717055349896        34033.893210997470       -123376.38987945879        443960.80815015011        11776586.622655075        1.6666666666666667     
   3981.0717055349896        37396.140401035234       -122784.65356066279        1018228.2659959310        11232746.132462775        1.6666666666666667     
   3981.0717055349896        41090.547831949072       -121365.71341034985        2142019.8556268588        11221666.006820377        1.6666666666666667     
   3981.0717055349896        45149.929993389218       -118229.52034537081        4165475.8853084785        11993296.906838026        1.6666666666666667     
   3981.0717055349896        49610.343155925097       -111793.43193710352        7541610.5837854408        13852293.191220751        1.6666666666666667     
   3981.0717055349896        54511.405630285743       -99447.547277397360        12794799.019778728        17118183.922179539        1.6666666666666667     
   3981.0717055349896        59896.649665376368       -77175.938450789894        20462105.597583793        22065602.069131866        1.6666666666666667     
   3981.0717055349896        65813.908110702032       -39180.815395229161        31014057.787718192        28853986.650865659        1.6666666666666667     
   3981.0717055349896        72315.739277613800        22430.068898312918        44771088.486618042        37463878.792732939        1.6666666666666667     
   3981.0717055349896        79459.893773082760        117831.72051874489        61833388.380993560        47655949.326370187        1.6666666666666667     
   3981.0717055349896        87309.827452516038        259496.32889972819        82035652.784584671        58960466.711258583        1.6666666666666667     
   3981.0717055349896        95935.265047767229        462010.78285737213        104947672.96127072        70712759.289442122        1.6666666666666667     
   3981.0717055349896        105412.81947660208        741698.46630590095        129900752.64945917        82109499.927031845        1.6666666666666667     
   3981.0717055349896        115826.67233445361        1116080.8456123048        156052998.10692319        92294236.254389957        1.6666666666666667     
   5011.8723362727451        1145.4238945146010       -155745.31407433515        0.0000000000000000        536593041.17767489        1.6666666666666667     
   5011.8723362727451        1258.5816295658872       -155745.31407433515        0.0000000000000000        488348531.83671874        1.6666666666666667     
   5011.8723362727451        1382.9183465323042       -155745.31407433515        0.0000000000000000        444441634.99338508        1.6666666666666667     
   5011.8723362727451        1519.5384298079205       -155745.31407433515        0.0000000000000000        404482360.52368796        1.6666666666666667     
   5011.8723362727451        1669.6553671827239       -155745.31407433515        0.0000000000000000        368115781.90069824        1.6666666666666667     
   5011.8723362727451        1834.6025282917435       -155745.31407433515        0.0000000000000000        335018883.66384411        1.6666666666666667     
   5011.8723362727451        2015.8450078794708       -155745.31407433515        0.0000000000000000        304897692.32889116        1.6666666666666667     
   5011.8723362727451        2214.9926390739020       -155745.31407433515        0.0000000000000000        277484665.25475407        1.6666666666666667     
   5011.8723362727451        2433.8142922567963       -155745.31407433515        0.0000000000000000        252536314.27451396        1.6666666666666667     
   5011.8723362727451        2674.2535865356513       -155745.31407433515        0.0000000000000000        229831042.98324260        1.6666666666666667     
   5011.8723362727451        2938.4461533699514       -155745.31407433515        0.0000000000000000        209167178.47297725        1.6666666666666667     
   5011.8723362727451        3228.7386056907717       -155745.31407433515        0.0000000000000000        190361180.03230858        1.6666666666666667     
   5011.8723362727451        3547.7093810013771       -155745.31407433515        0.0000000000000000        173246008.89988384        1.6666666666666667     
   5011.8723362727451        3898.1916435915432       -155745.31407433515        0.0000000000000000        157669644.59163648        1.6666666666666667     
   5011.8723362727451        4283.2984492877877       -155745.31407433515        0.0000000000000000        143493734.62345687        1.6666666666666667     
   5011.8723362727451        4706.4503962580311       -155745.31407433515        0.0000000000000000        130592365.63585979        1.6666666666666667     
   5011.8723362727451        5171.4060074708350       -155745.31407433515        0.0000000000000000        118850945.00552654        1.6666666666666667     
   5011.8723362727451        5682.2951146724981       -155745.31407433515        0.0000000000000000        108165183.00996239        1.6666666666666667     
   5011.8723362727451        6243.6555404053779       -155745.31407433515        0.0000000000000000        98440166.504646823        1.6666666666666667     
   5011.8723362727451        6860.4734038847218       -155745.31407433515        0.0000000000000000        89589515.884885669        1.6666666666666667     
   5011.8723362727451        7538.2274087391124       -155745.31407433515        0.0000000000000000        81534617.844325811        1.6666666666666667     
   5011.8723362727451        8282.9375059873673       -155745.31407433515        0.0000000000000000        74203927.115335569        1.6666666666666667     
   5011.8723362727451        9101.2183644865472       -155745.31407433515        0.0000000000000000        67532330.989164293        1.6666666666666667     
   5011.8723362727451        10000.338123786576       -155745.31407433515        0.0000000000000000        61460570.971418396        1.6666666666666667     
   5011.8723362727451        10988.282951246514       -155745.31407433515        2.9103830456733704E-007   55934716.435878247        1.6666666666666667     
   5011.8723362727451        12073.827976822084       -155745.31407433483        7.8580342233181000E-006   50905685.601546481        1.6666666666666667     
   5011.8723362727451        13266.615235581878       -155745.31407432389        1.8932041712105274E-004   46328809.578287281        1.6666666666666667     
   5011.8723362727451        14577.239310253819       -155745.31407406635        3.4832919482141733E-003   42163435.611131556        1.6666666666666667     
   5011.8723362727451        16017.341434496588       -155745.31406949376        4.9476657295599580E-002   38372566.027963169        1.6666666666666667     
   5011.8723362727451        17599.712892740728       -155745.31400680842       0.55286189308390021        34922529.956661321        1.6666666666666667     
   5011.8723362727451        19338.408635018241       -155745.31332802662        4.9500392924528569        31782686.598717067        1.6666666666666667     
   5011.8723362727451        21248.872115930899       -155745.30740034234        36.142322351224720        28925168.536869667        1.6666666666666667     
   5011.8723362727451        23348.072466602931       -155745.26485370929        218.82011176785454        26324708.794314444        1.6666666666666667     
   5011.8723362727451        25654.655218007552       -155745.00947547349        1115.9272497752681        23958720.599785019        1.6666666666666667     
   5011.8723362727451        28189.107914423159       -155743.70721157093        4864.3068592355121        21808101.527626947        1.6666666666666667     
   5011.8723362727451        30973.942088032021       -155737.98360753807        18371.437483147020        19859844.385136973        1.6666666666666667     
   5011.8723362727451        34033.893210997463       -155716.01461138003        60876.651992730331        18113329.011269253        1.6666666666666667     
   5011.8723362727451        37396.140401035227       -155641.48311988974        179043.30986464629        16592688.603552513        1.6666666666666667     
   5011.8723362727451        41090.547831949087       -155415.52895400295        472353.52782445261        15366863.928556163        1.6666666666666667     
   5011.8723362727451        45149.929993389262       -154797.22501042159        1128750.2690663678        14576024.641676435        1.6666666666666667     
   5011.8723362727451        49610.343155925169       -153256.04219241074        2464904.1113795829        14457955.261665400        1.6666666666666667     
   5011.8723362727451        54511.405630285815       -149727.43958617814        4959108.9180285046        15362970.826287445        1.6666666666666667     
   5011.8723362727451        59896.649665376455       -142249.94386919733        9260287.1261430848        17743422.904018715        1.6666666666666667     
   5011.8723362727451        65813.908110702134       -127481.49516814321        16158417.175676441        22107741.627434380        1.6666666666666667     
   5011.8723362727451        72315.739277613888       -100122.70166507862        26509894.636294920        28938317.636218179        1.6666666666666667     
   5011.8723362727451        79459.893773082877       -52308.258291127990        41123420.807129584        38584121.569697887        1.6666666666666667     
   5011.8723362727451        87309.827452516183        26945.495155005283        60628611.980518125        51153166.174238116        1.6666666666666667     
   5011.8723362727451        95935.265047767389        152137.32105454372        85350013.939366609        66426809.608613268        1.6666666666666667     
   5011.8723362727451        105412.81947660224        341434.60729056573        115218335.85950865        83822992.488779485        1.6666666666666667     
   5011.8723362727451        115826.67233445379        616523.79727354145        149736355.23287231        102418484.20697206        1.6666666666666667     
   6309.5734448019621        1145.4238945146012       -196071.73365604432        0.0000000000000000        850442658.08450317        1.6666666666666667     
   6309.5734448019621        1258.5816295658874       -196071.73365604432        0.0000000000000000        773980263.65639508        1.6666666666666667     
   6309.5734448019621        1382.9183465323042       -196071.73365604432        0.0000000000000000        704392521.74730337        1.6666666666666667     
   6309.5734448019621        1519.5384298079205       -196071.73365604432        0.0000000000000000        641061339.66459513        1.6666666666666667     
   6309.5734448019621        1669.6553671827241       -196071.73365604432        0.0000000000000000        583424196.77191699        1.6666666666666667     
   6309.5734448019621        1834.6025282917437       -196071.73365604432        0.0000000000000000        530969148.06474864        1.6666666666666667     
   6309.5734448019621        2015.8450078794706       -196071.73365604432        0.0000000000000000        483230276.96916294        1.6666666666666667     
   6309.5734448019621        2214.9926390739020       -196071.73365604432        0.0000000000000000        439783556.97461081        1.6666666666666667     
   6309.5734448019621        2433.8142922567963       -196071.73365604432        0.0000000000000000        400243085.34289765        1.6666666666666667     
   6309.5734448019621        2674.2535865356513       -196071.73365604432        0.0000000000000000        364257655.44037890        1.6666666666666667     
   6309.5734448019621        2938.4461533699514       -196071.73365604432        0.0000000000000000        331507637.24812049        1.6666666666666667     
   6309.5734448019621        3228.7386056907721       -196071.73365604432        0.0000000000000000        301702138.34207046        1.6666666666666667     
   6309.5734448019621        3547.7093810013780       -196071.73365604432        0.0000000000000000        274576420.12648350        1.6666666666666667     
   6309.5734448019621        3898.1916435915432       -196071.73365604432        0.0000000000000000        249889546.37104809        1.6666666666666667     
   6309.5734448019621        4283.2984492877877       -196071.73365604432        0.0000000000000000        227422243.16553846        1.6666666666666667     
   6309.5734448019621        4706.4503962580320       -196071.73365604432        0.0000000000000000        206974951.28366688        1.6666666666666667     
   6309.5734448019621        5171.4060074708359       -196071.73365604432        0.0000000000000000        188366053.65682930        1.6666666666666667     
   6309.5734448019621        5682.2951146724981       -196071.73365604432        0.0000000000000000        171430262.21379998        1.6666666666666667     
   6309.5734448019621        6243.6555404053779       -196071.73365604432        0.0000000000000000        156017149.75795338        1.6666666666666667     
   6309.5734448019621        6860.4734038847218       -196071.73365604432        0.0000000000000000        141989813.84184217        1.6666666666666667     
   6309.5734448019621        7538.2274087391143       -196071.73365604432        0.0000000000000000        129223660.77139045        1.6666666666666667     
   6309.5734448019621        8282.9375059873691       -196071.73365604432        0.0000000000000000        117605298.93897602        1.6666666666666667     
   6309.5734448019621        9101.2183644865490       -196071.73365604432        0.0000000000000000        107031531.65575722        1.6666666666666667     
   6309.5734448019621        10000.338123786576       -196071.73365604432        0.0000000000000000        97408440.537374184        1.6666666666666667     
   6309.5734448019621        10988.282951246516       -196071.73365604432        0.0000000000000000        88650551.301465780        1.6666666666666667     
   6309.5734448019621        12073.827976822082       -196071.73365604432        0.0000000000000000        80680074.567444324        1.6666666666666667     
   6309.5734448019621        13266.615235581879       -196071.73365604432        1.4551915228366852E-007   73426214.915154859        1.6666666666666667     
   6309.5734448019621        14577.239310253823       -196071.73365604423        2.6193447411060333E-006   66824541.752411261        1.6666666666666667     
   6309.5734448019621        16017.341434496586       -196071.73365604039        7.5378920882940292E-005   60816418.311852776        1.6666666666666667     
   6309.5734448019621        17599.712892740728       -196071.73365593635        1.5654950402677059E-003   55348478.857984714        1.6666666666666667     
   6309.5734448019621        19338.408635018237       -196071.73365384780        2.4887413019314408E-002   50372156.043918103        1.6666666666666667     
   6309.5734448019621        21248.872115930899       -196071.73362182535       0.30865019652992487        45843249.381272025        1.6666666666666667     
   6309.5734448019621        23348.072466602931       -196071.73323781264        3.0424613214563578        41721534.177620068        1.6666666666666667     
   6309.5734448019621        25654.655218007552       -196071.72955719157        24.269033456221223        37970415.513458624        1.6666666666666667     
   6309.5734448019621        28189.107914423163       -196071.70079931981        159.35880248434842        34556662.936195515        1.6666666666666667     
   6309.5734448019621        30973.942088032021       -196071.51429919130        875.39842541445978        31450380.718521662        1.6666666666666667     
   6309.5734448019621        34033.893210997470       -196070.49376013977        4084.2000528937206        28625700.011788957        1.6666666666666667     
   6309.5734448019621        37396.140401035220       -196065.71046906259        16412.688162672566        26063418.688012715        1.6666666666666667     
   6309.5734448019621        41090.547831949094       -196046.24252069328        57553.736788249807        23757993.408375073        1.6666666666666667     
   6309.5734448019621        45149.929993389269       -195976.57286525529        178234.31618540781        21732460.247919377        1.6666666666666667     
   6309.5734448019621        49610.343155925169       -195754.82650432576        492853.80302622798        20064749.113641325        1.6666666666666667     
   6309.5734448019621        54511.405630285852       -195120.53732537894        1229241.4547801309        18925830.212771188        1.6666666666666667     
   6309.5734448019621        59896.649665376528       -193474.38085607585        2791013.3634711383        18623437.593970556        1.6666666666666667     
   6309.5734448019621        65813.908110702192       -189564.33963808627        5817820.2603185484        19636444.815696526        1.6666666666666667     
   6309.5734448019621        72315.739277613975       -180996.64520393498        11219799.545930726        22618786.743269153        1.6666666666666667     
   6309.5734448019621        79459.893773082964       -163551.87703612031        20160007.106730044        28352682.361814730        1.6666666666666667     
   6309.5734448019621        87309.827452516271       -130327.55624460208        33967966.242571197        37642937.266395621        1.6666666666666667     
   6309.5734448019621        95935.265047767491       -70780.981430473796        53984013.603414275        51161133.984769441        1.6666666666666667     
   6309.5734448019621        105412.81947660234        30205.119864191540        81358577.127116799        69270430.949188977        1.6666666666666667     
   6309.5734448019621        115826.67233445392        193080.05708598325        116842157.39205217        91868412.970906362        1.6666666666666667     
   7943.2823472428536        1145.4238945146012       -246839.68803413195        0.0000000000000000        1347860779.3766637        1.6666666666666667     
   7943.2823472428536        1258.5816295658874       -246839.68803413195        0.0000000000000000        1226676050.9682789        1.6666666666666667     
   7943.2823472428536        1382.9183465323042       -246839.68803413195        0.0000000000000000        1116386912.5378184        1.6666666666666667     
   7943.2823472428536        1519.5384298079202       -246839.68803413195        0.0000000000000000        1016013753.1844188        1.6666666666666667     
   7943.2823472428536        1669.6553671827241       -246839.68803413195        0.0000000000000000        924665037.78090477        1.6666666666666667     
   7943.2823472428536        1834.6025282917440       -246839.68803413195        0.0000000000000000        841529388.17469716        1.6666666666666667     
   7943.2823472428536        2015.8450078794708       -246839.68803413195        0.0000000000000000        765868376.35952497        1.6666666666666667     
   7943.2823472428536        2214.9926390739020       -246839.68803413195        0.0000000000000000        697009965.60539508        1.6666666666666667     
   7943.2823472428536        2433.8142922567963       -246839.68803413195        0.0000000000000000        634342541.28959119        1.6666666666666667     
   7943.2823472428536        2674.2535865356513       -246839.68803413195        0.0000000000000000        577309478.40930271        1.6666666666666667     
   7943.2823472428536        2938.4461533699514       -246839.68803413195        0.0000000000000000        525404197.52341467        1.6666666666666667     
   7943.2823472428536        3228.7386056907721       -246839.68803413195        0.0000000000000000        478165665.20930874        1.6666666666666667     
   7943.2823472428536        3547.7093810013776       -246839.68803413195        0.0000000000000000        435174299.06880653        1.6666666666666667     
   7943.2823472428536        3898.1916435915427       -246839.68803413195        0.0000000000000000        396048240.91066998        1.6666666666666667     
   7943.2823472428536        4283.2984492877877       -246839.68803413195        0.0000000000000000        360439965.00729799        1.6666666666666667     
   7943.2823472428536        4706.4503962580320       -246839.68803413195        0.0000000000000000        328033191.29945439        1.6666666666666667     
   7943.2823472428536        5171.4060074708359       -246839.68803413195        0.0000000000000000        298540076.13147372        1.6666666666666667     
   7943.2823472428536        5682.2951146724981       -246839.68803413195        0.0000000000000000        271698655.56447530        1.6666666666666667     
   7943.2823472428536        6243.6555404053770       -246839.68803413195        0.0000000000000000        247270518.55856642        1.6666666666666667     
   7943.2823472428536        6860.4734038847218       -246839.68803413195        0.0000000000000000        225038689.35675651        1.6666666666666667     
   7943.2823472428536        7538.2274087391124       -246839.68803413195        0.0000000000000000        204805700.26148111        1.6666666666666667     
   7943.2823472428536        8282.9375059873673       -246839.68803413195        0.0000000000000000        186391837.68573737        1.6666666666666667     
   7943.2823472428536        9101.2183644865472       -246839.68803413195        0.0000000000000000        169633545.89989588        1.6666666666666667     
   7943.2823472428536        10000.338123786574       -246839.68803413195        0.0000000000000000        154381974.29593760        1.6666666666666667     
   7943.2823472428536        10988.282951246514       -246839.68803413195        0.0000000000000000        140501655.26561785        1.6666666666666667     
   7943.2823472428536        12073.827976822084       -246839.68803413195        0.0000000000000000        127869300.94919755        1.6666666666666667     
   7943.2823472428536        13266.615235581879       -246839.68803413195        0.0000000000000000        116372708.16721544        1.6666666666666667     
   7943.2823472428536        14577.239310253823       -246839.68803413195        0.0000000000000000        105909761.80867964        1.6666666666666667     
   7943.2823472428536        16017.341434496586       -246839.68803413195        0.0000000000000000        96387527.823566467        1.6666666666666667     
   7943.2823472428536        17599.712892740728       -246839.68803413189        8.7311491370201111E-007   87721427.763399079        1.6666666666666667     
   7943.2823472428536        19338.408635018237       -246839.68803413061        2.8230715543031693E-005   79834487.538027644        1.6666666666666667     
   7943.2823472428536        21248.872115930899       -246839.68803409097        6.6749635152518749E-004   72656653.716401339        1.6666666666666667     
   7943.2823472428536        23348.072466602927       -246839.68803318639        1.1920346878468990E-002   66124171.616025731        1.6666666666666667     
   7943.2823472428536        25654.655218007549       -246839.68801760129       0.16468446119688451        60179017.581119165        1.6666666666666667     
   7943.2823472428536        28189.107914423159       -246839.68780973682        1.7935674986802042        54768387.534413688        1.6666666666666667     
   7943.2823472428536        30973.942088032018       -246839.68561458078        15.683026285842061        49844233.674404591        1.6666666666666667     
   7943.2823472428536        34033.893210997463       -246839.66687759329        112.04382768482901        45362882.212645456        1.6666666666666667     
   7943.2823472428536        37396.140401035227       -246839.53516292939        664.96003433712758        41284872.655456886        1.6666666666666667     
   7943.2823472428536        41090.547831949094       -246838.75944247950        3329.7613689501304        37575482.156752527        1.6666666666666667     
   7943.2823472428536        45149.929993389269       -246834.87166455237        14274.193526944146        34207277.346466392        1.6666666666666667     
   7943.2823472428536        49610.343155925169       -246818.05196431643        53095.339613209944        31167600.684527297        1.6666666666666667     
   7943.2823472428536        54511.405630285852       -246754.41442148204        173512.06130508217        28475942.275686711        1.6666666666666667     
   7943.2823472428536        59896.649665376521       -246541.33047191540        503893.30905658426        26217180.576144308        1.6666666666666667     
   7943.2823472428536        65813.908110702221       -245902.99820496628        1314135.6443775294        24594242.399369769        1.6666666666666667     
   7943.2823472428536        72315.739277614048       -244175.15329193903        3107479.0893821046        23995615.127816286        1.6666666666666667     
   7943.2823472428536        79459.893773083051       -239910.77595808532        6721432.9937570430        25060212.197070021        1.6666666666666667     
   7943.2823472428536        87309.827452516343       -230234.93265585796        13405639.849565050        28709315.732223850        1.6666666666666667     
   7943.2823472428536        95935.265047767563       -209898.35930701107        24835579.763012648        36111609.835310780        1.6666666666666667     
   7943.2823472428536        105412.81947660245       -170031.39877224647        43025771.259870231        48557061.353952572        1.6666666666666667     
   7943.2823472428536        115826.67233445404       -96677.171703709027        70128767.205821559        67240598.845676661        1.6666666666666667     
   10000.000000000040        1145.4238945146012       -310752.75590551307        0.0000000000000000        2136215353.6124835        1.6666666666666667     
   10000.000000000040        1258.5816295658872       -310752.75590551307        0.0000000000000000        1944150504.3265862        1.6666666666666667     
   10000.000000000040        1382.9183465323042       -310752.75590551307        0.0000000000000000        1769354001.2628210        1.6666666666666667     
   10000.000000000040        1519.5384298079202       -310752.75590551307        0.0000000000000000        1610273265.7876887        1.6666666666666667     
   10000.000000000040        1669.6553671827239       -310752.75590551307        0.0000000000000000        1465495309.9605229        1.6666666666666667     
   10000.000000000040        1834.6025282917437       -310752.75590551307        0.0000000000000000        1333734186.0828331        1.6666666666666667     
   10000.000000000040        2015.8450078794708       -310752.75590551307        0.0000000000000000        1213819564.6453180        1.6666666666666667     
   10000.000000000040        2214.9926390739024       -310752.75590551307        0.0000000000000000        1104686339.2195036        1.6666666666666667     
   10000.000000000040        2433.8142922567959       -310752.75590551307        0.0000000000000000        1005365165.9625157        1.6666666666666667     
   10000.000000000040        2674.2535865356513       -310752.75590551307        0.0000000000000000        914973853.70490801        1.6666666666666667     
   10000.000000000040        2938.4461533699514       -310752.75590551307        0.0000000000000000        832709528.14653623        1.6666666666666667     
   10000.000000000040        3228.7386056907721       -310752.75590551307        0.0000000000000000        757841500.56123877        1.6666666666666667     
   10000.000000000040        3547.7093810013776       -310752.75590551307        0.0000000000000000        689704777.66869438        1.6666666666666667     
   10000.000000000040        3898.1916435915432       -310752.75590551307        0.0000000000000000        627694155.02679229        1.6666666666666667     
   10000.000000000040        4283.2984492877877       -310752.75590551307        0.0000000000000000        571258841.48081124        1.6666666666666667     
   10000.000000000040        4706.4503962580311       -310752.75590551307        0.0000000000000000        519897566.92265087        1.6666666666666667     
   10000.000000000040        5171.4060074708368       -310752.75590551307        0.0000000000000000        473154129.90622658        1.6666666666666667     
   10000.000000000040        5682.2951146724981       -310752.75590551307        0.0000000000000000        430613345.57202476        1.6666666666666667     
   10000.000000000040        6243.6555404053770       -310752.75590551307        0.0000000000000000        391897357.88945049        1.6666666666666667     
   10000.000000000040        6860.4734038847218       -310752.75590551307        0.0000000000000000        356662283.46154112        1.6666666666666667     
   10000.000000000040        7538.2274087391124       -310752.75590551307        0.0000000000000000        324595157.08162677        1.6666666666666667     
   10000.000000000040        8282.9375059873673       -310752.75590551307        0.0000000000000000        295411151.91174161        1.6666666666666667     
   10000.000000000040        9101.2183644865472       -310752.75590551307        0.0000000000000000        268851049.59183550        1.6666666666666667     
   10000.000000000040        10000.338123786574       -310752.75590551307        0.0000000000000000        244678937.80877495        1.6666666666666667     
   10000.000000000040        10988.282951246514       -310752.75590551307        0.0000000000000000        222680114.87446478        1.6666666666666667     
   10000.000000000040        12073.827976822082       -310752.75590551307        0.0000000000000000        202659182.70112133        1.6666666666666667     
   10000.000000000040        13266.615235581878       -310752.75590551307        0.0000000000000000        184438311.23510954        1.6666666666666667     
   10000.000000000040        14577.239310253819       -310752.75590551307        0.0000000000000000        167855658.93368679        1.6666666666666667     
   10000.000000000040        16017.341434496584       -310752.75590551307        0.0000000000000000        152763935.25500196        1.6666666666666667     
   10000.000000000040        17599.712892740725       -310752.75590551307        0.0000000000000000        139029092.39308935        1.6666666666666667     
   10000.000000000040        19338.408635018237       -310752.75590551307        0.0000000000000000        126529134.63757659        1.6666666666666667     
   10000.000000000040        21248.872115930899       -310752.75590551307        2.9103830456733704E-007   115153034.78259495        1.6666666666666667     
   10000.000000000040        23348.072466602927       -310752.75590551266        1.0186340659856796E-005   104799747.96021982        1.6666666666666667     
   10000.000000000040        25654.655218007552       -310752.75590549846        2.6921043172478676E-004   95377314.139310315        1.6666666666666667     
   10000.000000000040        28189.107914423155       -310752.75590512773        5.4275733418762684E-003   86802041.321702689        1.6666666666666667     
   10000.000000000040        30973.942088032018       -310752.75589791586        8.3844061009585857E-002   78997762.231857523        1.6666666666666667     
   10000.000000000040        34033.893210997463       -310752.75579045940        1.0125359403900802        71895158.427733809        1.6666666666666667     
   10000.000000000040        37396.140401035220       -310752.75453504059        9.7388343419879675        65431150.054826975        1.6666666666666667     
   10000.000000000040        41090.547831949087       -310752.74278531433        75.948800076730549        59548367.602944553        1.6666666666666667     
   10000.000000000040        45149.929993389262       -310752.65295154438        488.47122117877007        54194825.119512804        1.6666666666666667     
   10000.000000000040        49610.343155925169       -310752.08177704609        2632.8040356747806        49324232.775073215        1.6666666666666667     
   10000.000000000040        54511.405630285844       -310749.01215253520        12071.889063809067        44898332.253522560        1.6666666666666667     
   10000.000000000040        59896.649665376513       -310734.85939039435        47748.263146786485        40894611.946003750        1.6666666666666667     
   10000.000000000040        65813.908110702236       -310678.11467293481        165030.62134754146        37325818.197141364        1.6666666666666667     
   10000.000000000040        72315.739277614048       -310477.79786497744        504373.03852406330        34280451.427017644        1.6666666666666667     
   10000.000000000040        79459.893773083095       -309848.10975632188        1378021.1874778615        31992531.229888827        1.6666666666666667     
   10000.000000000040        87309.827452516445       -308067.23571841564        3399556.2310842797        30940332.677503437        1.6666666666666667     
   10000.000000000040        95935.265047767709       -303492.84330792067        7642202.4870698806        31955918.579584837        1.6666666666666667     
   10000.000000000040        105412.81947660258       -292729.17029948469        15786169.794853194        36305838.455470450        1.6666666666666667     
   10000.000000000040        115826.67233445423       -269344.71672512102        30193787.092876736        45689155.976382345        1.6666666666666667     
