  0.11220184543019636       0.13803842646028849        35.916754456930192        16.344131971668311        486.80441607097652        1.6666666663625498     
  0.11220184543019636       0.12302687708123818        486.81713035569999        185.42191945834293        6949.7103203211764        1.6666666664294669     
  0.11220184543019636       0.12302687708123818        1147.6905053019309        226.04699116201590        16387.470700587557        1.6666666665433985     
  0.11220184543019636       0.12302687708123818        832.79292319262834       -89.587991709640505        11897.518794220130        1.6666666666470851     
  0.11220184543019636       0.12302687708123818        502.37575620461405       -78.188535438569261        7188.0815883712476        1.6666666666654673     
  0.11220184543019636       0.12302687708123818        290.00476549578229       -41.799940942982410        4177.6763353605411        1.6666666666665759     
  0.11220184543019636       0.12302687708123818        171.95746252064089       -19.325758330223287        2496.3337987525679        1.6666666666666576     
  0.11220184543019636       0.12302687708123818        102.83447161237167       -9.4124568157642869        1506.7090053503832        1.6666666666666654     
  0.11220184543019636       0.12302687708123818        60.070556652060070       -4.8434847022708150        892.92915853553677        1.6666666666666665     
  0.11220184543019636       0.12302687708123818        32.859059303547063       -2.5634976001899972        502.29051418456635        1.6666666666666665     
  0.11220184543019636       0.12302687708123818        15.100574843844996       -1.3915101377978576        248.77622637728459        1.6666666666666667     
  0.11220184543019636       0.12302687708123818        3.3249735355550092      -0.76747381736039910        83.348456852728063        1.6666666666666667     
  0.11220184543019636       0.12302687708123818       -4.5403900906026324      -0.42638241058703025       -23.716600570043571        1.6666666666666667     
  0.11220184543019636       0.12302687708123818       -9.8172090172140045      -0.23793189680088545       -91.993334334120775        1.6666666666666667     
  0.11220184543019636       0.12302687708123818       -13.401219454843821      -0.13441562041290500       -135.33505760683590        1.6666666666666670     
  0.11220184543019636       0.12302687708123818       -15.920849405356089       -7.8599039206031160E-002  -163.82830111764147        1.6666666666666670     
  0.11220184543019636       0.12302687708123818       -17.814174043423520       -4.9125339143876512E-002  -184.58059001208690        1.6666666666666670     
  0.11220184543019636       0.12302687708123818       -19.371641806073779       -3.3612401403463318E-002  -202.14592703898748        1.6666666666666667     
  0.11220184543019636       0.12302687708123818       -20.769448406656323       -2.5091554155048910E-002  -219.01549778930760        1.6666666666666665     
  0.11220184543019636       0.12302687708123818       -22.101890192760315       -1.9894302584097745E-002  -236.24646157894401        1.6666666666666667     
  0.11220184543019636       0.12302687708123818       -23.410945369542908       -1.6256925953775543E-002  -254.08023948890201        1.6666666666666665     
  0.11220184543019636       0.12302687708123818       -24.709073059045512       -1.3409046252557450E-002  -272.39549674165181        1.6666666666666665     
  0.11220184543019636       0.12302687708123818       -25.993827299341220       -1.1038257851649700E-002  -290.95671725304146        1.6666666666666667     
  0.11220184543019636       0.12302687708123818       -27.255755684385043       -9.0181028564202334E-003  -309.51241546754375        1.6666666666666667     
  0.11220184543019636       0.12302687708123818       -28.482056457884582       -7.2891599005581462E-003  -327.81659134224077        1.6666666666666665     
  0.11220184543019636       0.12302687708123818       -29.658035909449168       -5.8140693582090647E-003  -345.62365812046465        1.6666666666666665     
  0.11220184543019636       0.12302687708123818       -30.767589614843523       -4.5627723726388335E-003  -362.67956447556395        1.6666666666666667     
  0.11220184543019636       0.12302687708123818       -31.793299180827319       -3.5083658986200996E-003  -378.71548443979464        1.6666666666666667     
  0.11220184543019636       0.12302687708123818       -32.716386179326356       -2.6261716528551706E-003  -393.44412339495562        1.6666666666666665     
  0.11220184543019636       0.12302687708123818       -33.516608283591161       -1.8936120943227048E-003  -406.55738275119074        1.6666666666666665     
  0.11220184543019636       0.12302687708123818       -34.172123276995592       -1.2902180246035422E-003  -417.72441771259832        1.6666666666666667     
  0.11220184543019636       0.12302687708123818       -34.659327221145226       -7.9761124946244185E-004  -426.58958655990295        1.6666666666666667     
  0.11220184543019636       0.12302687708123818       -34.952667580416026       -3.9944068213444050E-004  -432.77007930786590        1.6666666666666667     
  0.11220184543019636       0.12302687708123818       -35.024430726235757       -8.1279672192613331E-005  -435.85314520441250        1.6666666666666667     
  0.11220184543019636       0.12302687708123818       -34.844502881664944        1.6950357117699743E-004  -435.39288748060324        1.6666666666666667     
  0.11220184543019636       0.12302687708123818       -34.380103371979132        3.6389176519120649E-004  -430.90660814834371        1.6666666666666667     
  0.11220184543019636       0.12302687708123818       -33.595488841828171        5.1137185511491881E-004  -421.87068819173311        1.6666666666666665     
  0.11220184543019636       0.12302687708123818       -32.451626837167538        6.2008911743648392E-004  -407.71598632119441        1.6666666666666665     
  0.11220184543019636       0.12302687708123818       -30.905836853961674        6.9699708835028215E-004  -387.82273601916120        1.6666666666666667     
  0.11220184543019636       0.12302687708123818       -28.911396611921802        7.4799983754383870E-004  -361.51491557059597        1.6666666666666670     
  0.11220184543019636       0.12302687708123818       -26.417110942810780        7.7808432566710565E-004  -328.05406036905191        1.6666666666666667     
  0.11220184543019636       0.12302687708123818       -23.366840278264490        7.9144156191515551E-004  -286.63248039998518        1.6666666666666667     
  0.11220184543019636       0.12302687708123818       -19.698985298236394        7.9157602381835332E-004  -236.36583926917132        1.6666666666666667     
  0.11220184543019636       0.12302687708123818       -15.345923844605565        7.8140335836526461E-004  -176.28504373398317        1.6666666666666667     
  0.11220184543019636       0.12302687708123818       -10.233395727812507        7.6333677302769620E-004  -105.32738539782805        1.6666666666666667     
  0.11220184543019636       0.12302687708123818       -4.2798305440759350        7.3936278676093887E-004  -22.326868101368984        1.6666666666666670     
  0.11220184543019636       0.12302687708123818        2.6043869186271991        7.1110716701081858E-004   73.996353701445670        1.6666666666666665     
  0.11220184543019636       0.12302687708123818        10.517719687078795        6.7989195773327383E-004   185.04750920832373        1.6666666666666667     
  0.11220184543019636       0.12302687708123818        19.568356636907936        6.4678452356741183E-004   312.36981094031154        1.6666666666666665     
  0.11220184543019636       0.12302687708123818        29.875172840860927        6.1263951715435406E-004   457.65822273029443        1.6666666666666667     
  0.12589254117941676       0.17378008287493754        55.464445736924098        25.218519991402420        599.68169982930112        1.6666666662831335     
  0.12589254117941676       0.13803842646028852        772.33564223404449        294.79601340748775        8759.1022429934492        1.6666666663556635     
  0.12589254117941676       0.13803842646028852        1820.7140775957293        358.59031381303851        20646.935439961551        1.6666666664992877     
  0.12589254117941676       0.13803842646028852        1321.4924885973992       -142.02795485718255        14992.265935144493        1.6666666666411516     
  0.12589254117941676       0.13803842646028852        797.76379268194808       -123.93296654064690        9061.8783203958246        1.6666666666652721     
  0.12589254117941676       0.13803842646028852        462.07470724333842       -66.072036956194921        5278.7407821562165        1.6666666666665688     
  0.12589254117941676       0.13803842646028852        274.93570247172022       -30.636897999578917        3159.1539427725274        1.6666666666666572     
  0.12589254117941676       0.13803842646028852        165.00598726484967       -14.969096151048536        1907.2902090283894        1.6666666666666654     
  0.12589254117941676       0.13803842646028852        96.888558168319506       -7.7150496181946560        1129.4981804928079        1.6666666666666665     
  0.12589254117941676       0.13803842646028852        53.564018540105408       -4.0814495411195137        635.18422569847178        1.6666666666666667     
  0.12589254117941676       0.13803842646028852        25.444483556873411       -2.2033759743473791        317.32917565853501        1.6666666666666667     
  0.12589254117941676       0.13803842646028852        7.0628865708526511       -1.1980190258403365        114.67124228197301        1.6666666666666667     
  0.12589254117941676       0.13803842646028852       -4.8927517754737853      -0.64811674838022693       -10.809708988728993        1.6666666666666667     
  0.12589254117941676       0.13803842646028852       -12.599816126340251      -0.34751172349696885       -85.364483061267435        1.6666666666666665     
  0.12589254117941676       0.13803842646028852       -17.591634897450561      -0.18721441490871044       -128.55305619570572        1.6666666666666665     
  0.12589254117941676       0.13803842646028852       -20.969902376605319      -0.10538395846126532       -154.89423405339690        1.6666666666666665     
  0.12589254117941676       0.13803842646028852       -23.491606572417599       -6.5429652870445887E-002  -174.17158583519424        1.6666666666666667     
  0.12589254117941676       0.13803842646028852       -25.626340064085813       -4.6070628703909586E-002  -191.88087378496775        1.6666666666666667     
  0.12589254117941676       0.13803842646028852       -27.626089594276969       -3.5896828368397679E-002  -210.34720589843633        1.6666666666666665     
  0.12589254117941676       0.13803842646028852       -29.602893311699486       -2.9515084046383595E-002  -230.11486299632890        1.6666666666666667     
  0.12589254117941676       0.13803842646028852       -31.593301101308295       -2.4718524190109410E-002  -251.01731573052660        1.6666666666666667     
  0.12589254117941676       0.13803842646028852       -33.599068340515984       -2.0718628760400093E-002  -272.72619592283337        1.6666666666666665     
  0.12589254117941676       0.13803842646028852       -35.607527293175359       -1.7256131257294544E-002  -294.92792122473071        1.6666666666666667     
  0.12589254117941676       0.13803842646028852       -37.599960616472892       -1.4238501056803122E-002  -317.33826303087670        1.6666666666666665     
  0.12589254117941676       0.13803842646028852       -39.554490046453417       -1.1617767723344077E-002  -339.67877334115934        1.6666666666666665     
  0.12589254117941676       0.13803842646028852       -41.446905692270391       -9.3561463210104483E-003  -361.65751592689969        1.6666666666666665     
  0.12589254117941676       0.13803842646028852       -43.250831391587809       -7.4182099551578680E-003  -382.95937565372128        1.6666666666666665     
  0.12589254117941676       0.13803842646028852       -44.937691534370153       -5.7697839592660101E-003  -403.24207277936364        1.6666666666666667     
  0.12589254117941676       0.13803842646028852       -46.476608427866232       -4.3782004603800688E-003  -422.13442753102106        1.6666666666666667     
  0.12589254117941676       0.13803842646028852       -47.834258653474187       -3.2126866695754734E-003  -439.23513976100361        1.6666666666666667     
  0.12589254117941676       0.13803842646028852       -48.974691672175489       -2.2446584004732883E-003  -454.11139606782950        1.6666666666666665     
  0.12589254117941676       0.13803842646028852       -49.859108863813027       -1.4478969428281688E-003  -466.29705584914859        1.6666666666666665     
  0.12589254117941676       0.13803842646028852       -50.445600593025631       -7.9862401806981599E-004  -475.29031798511807        1.6666666666666665     
  0.12589254117941676       0.13803842646028852       -50.688839061603900       -2.7549437479146044E-004  -480.55081711812107        1.6666666666666667     
  0.12589254117941676       0.13803842646028852       -50.539724880198392        1.4047512391235747E-004  -481.49611493566175        1.6666666666666665     
  0.12589254117941676       0.13803842646028852       -49.944985341265252        4.6602293098415101E-004  -477.49755934281615        1.6666666666666665     
  0.12589254117941676       0.13803842646028852       -48.846722284390324        7.1579201661006264E-004  -467.87548791961518        1.6666666666666667     
  0.12589254117941676       0.13803842646028852       -47.181907221109611        9.0249846491839692E-004  -451.89375323546375        1.6666666666666667     
  0.12589254117941676       0.13803842646028852       -44.881821041542523        1.0371094311195836E-003  -428.75354610155938        1.6666666666666667     
  0.12589254117941676       0.13803842646028852       -41.871435174185194        1.1290226161022945E-003  -397.58648955263351        1.6666666666666665     
  0.12589254117941676       0.13803842646028852       -38.068730527775216        1.1862413825147861E-003  -357.44697102040726        1.6666666666666667     
  0.12589254117941676       0.13803842646028852       -33.383949923488103        1.2155413359811866E-003  -307.30367353264523        1.6666666666666667     
  0.12589254117941676       0.13803842646028852       -27.718779037765842        1.2226256131689197E-003  -246.03025866914066        1.6666666666666667     
  0.12589254117941676       0.13803842646028852       -20.965450128780873        1.2122672619805418E-003  -172.39514508696166        1.6666666666666667     
  0.12589254117941676       0.13803842646028852       -13.005762017772327        1.1884379896135288E-003  -85.050316454203582        1.6666666666666665     
  0.12589254117941676       0.13803842646028852       -3.7100089420611937        1.1544232215470204E-003   17.480917925350113        1.6666666666666665     
  0.12589254117941676       0.13803842646028852        7.0641900115682859        1.1129238924009821E-003   136.81729782667813        1.6666666666666665     
  0.12589254117941676       0.13803842646028852        19.473170149798563        1.0661457121189050E-003   274.73422202637556        1.6666666666666667     
  0.12589254117941676       0.13803842646028852        33.688619377052902        1.0158768500729666E-003   433.17970602046046        1.6666666666666667     
  0.12589254117941676       0.13803842646028852        49.899106745123845        9.6355508408142699E-004   614.29181323666296        1.6666666666666667     
  0.14125375446227548       0.21877616239495523        85.889327224155906        39.026627226500160        741.40279612913741        1.6666666661843315     
  0.14125375446227548       0.15488166189124819        1225.3305327253918        468.56775182950958        11038.717721330871        1.6666666662577827     
  0.14125375446227548       0.15488166189124819        2888.0817829456760        568.73212238843132        26009.941947563268        1.6666666664385059     
  0.14125375446227548       0.15488166189124819        2096.5781199545841       -225.18186110931484        18887.523179634874        1.6666666666333247     
  0.14125375446227548       0.15488166189124819        1266.3343268515589       -196.46541622349432        11418.269759337063        1.6666666666650403     
  0.14125375446227548       0.15488166189124819        735.41617757084862       -104.49801647305829        6660.8683581532750        1.6666666666665606     
  0.14125375446227548       0.15488166189124819        438.50247862888727       -48.608331118698693        3985.8451132387950        1.6666666666666567     
  0.14125375446227548       0.15488166189124819        263.48420364176928       -23.832185697403517        2399.7472269628679        1.6666666666666652     
  0.14125375446227548       0.15488166189124819        154.84872084656837       -12.304165779271907        1412.3909304884905        1.6666666666666665     
  0.14125375446227548       0.15488166189124819        85.844609546595109       -6.5006299159201291        786.62329195781115        1.6666666666666667     
  0.14125375446227548       0.15488166189124819        41.442723830949546       -3.4792199892320799        389.85000080685620        1.6666666666666670     
  0.14125375446227548       0.15488166189124819        13.033512413934009       -1.8515679466038033        145.49403246021197        1.6666666666666665     
  0.14125375446227548       0.15488166189124819       -4.7272882590641814      -0.96281537190775734        4.0320654584939604        1.6666666666666667     
  0.14125375446227548       0.15488166189124819       -15.521294364554656      -0.48670200408201975       -71.191473187876596        1.6666666666666665     
  0.14125375446227548       0.15488166189124819       -22.060460918328143      -0.24524653167306637       -108.89771612368362        1.6666666666666667     
  0.14125375446227548       0.15488166189124819       -26.301474799834200      -0.13229705269936379       -129.92138372028677        1.6666666666666667     
  0.14125375446227548       0.15488166189124819       -29.508344428549599       -8.3207367048075423E-002  -146.61770406515271        1.6666666666666667     
  0.14125375446227548       0.15488166189124819       -32.368616442806882       -6.1728796814844569E-002  -164.29784817919577        1.6666666666666667     
  0.14125375446227548       0.15488166189124819       -35.185394841274160       -5.0563037617978347E-002  -184.20745695490626        1.6666666666666665     
  0.14125375446227548       0.15488166189124819       -38.060450278809036       -4.2926620447424430E-002  -206.09632896903690        1.6666666666666665     
  0.14125375446227548       0.15488166189124819       -41.010683877883153       -3.6638432066988497E-002  -229.48565718164249        1.6666666666666667     
  0.14125375446227548       0.15488166189124819       -44.022337108771097       -3.1108956226882433E-002  -253.99739396956858        1.6666666666666665     
  0.14125375446227548       0.15488166189124819       -47.070572374286400       -2.6189605605431054E-002  -279.33498044541875        1.6666666666666667     
  0.14125375446227548       0.15488166189124819       -50.125160481221329       -2.1828964352347567E-002  -305.21789232598542        1.6666666666666667     
  0.14125375446227548       0.15488166189124819       -53.151815101744305       -1.7990504425595889E-002  -331.34376612444993        1.6666666666666665     
  0.14125375446227548       0.15488166189124819       -56.112412096629782       -1.4637259390092434E-002  -357.37353519042756        1.6666666666666665     
  0.14125375446227548       0.15488166189124819       -58.964960404140875       -1.1730417866076464E-002  -382.92669089048468        1.6666666666666667     
  0.14125375446227548       0.15488166189124819       -61.663508731176975       -9.2301907287675056E-003  -407.57981727756106        1.6666666666666667     
  0.14125375446227548       0.15488166189124819       -64.158013932427650       -7.0968379557684062E-003  -430.86588475542084        1.6666666666666670     
  0.14125375446227548       0.15488166189124819       -66.394166966303573       -5.2915389454208728E-003  -452.27350925941465        1.6666666666666665     
  0.14125375446227548       0.15488166189124819       -68.313168145347476       -3.7770759408249366E-003  -471.24589576804794        1.6666666666666667     
  0.14125375446227548       0.15488166189124819       -69.851443634557029       -2.5183413428792995E-003  -487.17931428590049        1.6666666666666667     
  0.14125375446227548       0.15488166189124819       -70.940296028962081       -1.4826870201088171E-003  -499.42099226894470        1.6666666666666665     
  0.14125375446227548       0.15488166189124819       -71.505482758433047       -6.4013626457252190E-004  -507.26632573178591        1.6666666666666667     
  0.14125375446227548       0.15488166189124819       -71.466716871915452        3.6519951763155288E-005  -509.95532665401845        1.6666666666666667     
  0.14125375446227548       0.15488166189124819       -70.737085377938740        5.7172087124275931E-004  -506.66823833169911        1.6666666666666667     
  0.14125375446227548       0.15488166189124819       -69.222380715706009        9.8720747999420599E-004  -496.52026221661208        1.6666666666666667     
  0.14125375446227548       0.15488166189124819       -66.820341062494805        1.3021488978026505E-003  -478.55534844762985        1.6666666666666665     
  0.14125375446227548       0.15488166189124819       -63.419795103210816        1.5333070198234062E-003  -451.73900873395962        1.6666666666666665     
  0.14125375446227548       0.15488166189124819       -58.899706489961574        1.6952252953621448E-003  -414.95011154144862        1.6666666666666665     
  0.14125375446227548       0.15488166189124819       -53.128112667092353        1.8004299761270619E-003  -366.97161928970803        1.6666666666666665     
  0.14125375446227548       0.15488166189124819       -45.960951918692871        1.8596346098532265E-003  -306.48022244818782        1.6666666666666667     
  0.14125375446227548       0.15488166189124819       -37.240771537590149        1.8819407393798405E-003  -232.03481883908347        1.6666666666666670     
  0.14125375446227548       0.15488166189124819       -26.795308869592930        1.8750297222760572E-003  -142.06377675751503        1.6666666666666667     
  0.14125375446227548       0.15488166189124819       -14.435935729640050        1.8453422247807062E-003  -34.850909423397454        1.6666666666666667     
  0.14125375446227548       0.15488166189124819        4.4044709221282119E-002   1.7982432977749195E-003   91.479924911052123        1.6666666666666667     
  0.14125375446227548       0.15488166189124819        16.871260959706831        1.7381720059526816E-003   238.98169745831589        1.6666666666666667     
  0.14125375446227548       0.15488166189124819        36.294310204048088        1.6687753898751941E-003   409.90267375516794        1.6666666666666667     
  0.14125375446227548       0.15488166189124819        58.585984947642942        1.5930271326183168E-003   606.70660156988026        1.6666666666666665     
  0.14125375446227548       0.15488166189124819        84.045706902277232        1.5133317075343860E-003   832.09477234747851        1.6666666666666665     
  0.15848931924611143       0.27542287033381663        133.38309869593286        60.579252093117361        919.30999640113248        1.6666666660617677     
  0.15848931924611143       0.17378008287493762        1943.9603131691654        744.55627091900726        13910.109060639621        1.6666666661278493     
  0.15848931924611143       0.17378008287493762        4580.6266466834204        901.85278146146140        32761.630933355842        1.6666666663548544     
  0.15848931924611143       0.17378008287493762        3325.5866824938271       -357.05739356251240        23789.221664072662        1.6666666666229855     
  0.15848931924611143       0.17378008287493762        2009.2226247236536       -311.49888100322460        14379.667423318378        1.6666666666647578     
  0.15848931924611143       0.17378008287493762        1168.9967021367463       -165.37754909778766        8392.5722916138693        1.6666666666665511     
  0.15848931924611143       0.17378008287493762        697.43765410289336       -77.199867943204737        5012.0613262855068        1.6666666666666561     
  0.15848931924611143       0.17378008287493762        418.40238482812816       -37.996148424904000        2998.6633652274381        1.6666666666666652     
  0.15848931924611143       0.17378008287493762        244.89111945562320       -19.652063200559130        1742.8996387543043        1.6666666666666665     
  0.15848931924611143       0.17378008287493762        134.97604392980463       -10.354705172096514        951.00930851219516        1.6666666666666665     
  0.15848931924611143       0.17378008287493762        65.185376747470272       -5.4686209923075717        459.57306591687626        1.6666666666666665     
  0.15848931924611143       0.17378008287493762        21.936721622775007       -2.8187274327032497        172.33437084696357        1.6666666666666665     
  0.15848931924611143       0.17378008287493762       -3.5665993195885939       -1.3825384277486852        22.466797470616079        1.6666666666666667     
  0.15848931924611143       0.17378008287493762       -17.795190472905631      -0.64156752941436523       -44.014517238895372        1.6666666666666665     
  0.15848931924611143       0.17378008287493762       -25.682739426474058      -0.29581660114589381       -70.114390563115450        1.6666666666666667     
  0.15848931924611143       0.17378008287493762       -30.632225221636652      -0.15439760429287883       -83.827879557791988        1.6666666666666670     
  0.15848931924611143       0.17378008287493762       -34.565638588595213      -0.10205870760871308       -97.891174610839016        1.6666666666666667     
  0.15848931924611143       0.17378008287493762       -38.329487472690865       -8.1229289329829799E-002  -115.38119958080540        1.6666666666666667     
  0.15848931924611143       0.17378008287493762       -42.205872208506086       -6.9583673080365338E-002  -135.89139845504761        1.6666666666666667     
  0.15848931924611143       0.17378008287493762       -46.256181526269302       -6.0473995912706309E-002  -158.64012122273030        1.6666666666666667     
  0.15848931924611143       0.17378008287493762       -50.472893891803068       -5.2366609070930728E-002  -183.15463237137649        1.6666666666666665     
  0.15848931924611143       0.17378008287493762       -54.827917045331574       -4.4985333391199672E-002  -209.15748201834472        1.6666666666666667     
  0.15848931924611143       0.17378008287493762       -59.284217383556552       -3.8287316480387100E-002  -236.41259899077792        1.6666666666666665     
  0.15848931924611143       0.17378008287493762       -63.797885538397978       -3.2255969643392189E-002  -264.65518390292743        1.6666666666666667     
  0.15848931924611143       0.17378008287493762       -68.318284769419535       -2.6869356622230504E-002  -293.56875109178907        1.6666666666666665     
  0.15848931924611143       0.17378008287493762       -72.787907348080878       -2.2097916458302228E-002  -322.77810341316842        1.6666666666666665     
  0.15848931924611143       0.17378008287493762       -77.142202554302230       -1.7905990284804815E-002  -351.84656635612799        1.6666666666666667     
  0.15848931924611143       0.17378008287493762       -81.309398910596315       -1.4253595826859110E-002  -380.27435325643779        1.6666666666666667     
  0.15848931924611143       0.17378008287493762       -85.210307916742337       -1.1098040237773754E-002  -407.49731401004306        1.6666666666666667     
  0.15848931924611143       0.17378008287493762       -88.758091632777024       -8.3953268935211892E-003  -432.88580518117544        1.6666666666666665     
  0.15848931924611143       0.17378008287493762       -91.857975772254548       -6.1013499785335466E-003  -455.74348686163546        1.6666666666666667     
  0.15848931924611143       0.17378008287493762       -94.406890306141179       -4.1728785872100580E-003  -475.30585362539182        1.6666666666666665     
  0.15848931924611143       0.17378008287493762       -96.293020507349411       -2.5683378040369785E-003  -490.73830792391988        1.6666666666666665     
  0.15848931924611143       0.17378008287493762       -97.395252692974367       -1.2483994354538573E-003  -501.13359221204081        1.6666666666666665     
  0.15848931924611143       0.17378008287493762       -97.582500456829109       -1.7639940468355147E-004  -505.50841024968332        1.6666666666666667     
  0.15848931924611143       0.17378008287493762       -96.712898744527621        6.8139801077044925E-004  -502.79908612323692        1.6666666666666670     
  0.15848931924611143       0.17378008287493762       -94.632854542441549        1.3556670460042751E-003  -491.85612930506056        1.6666666666666670     
  0.15848931924611143       0.17378008287493762       -91.175944096641160        1.8739957605544365E-003  -471.43759368476145        1.6666666666666667     
  0.15848931924611143       0.17378008287493762       -86.161647351424790        2.2609476510462405E-003  -440.20113502429456        1.6666666666666667     
  0.15848931924611143       0.17378008287493762       -79.393910639714932        2.5381888382481031E-003  -396.69468562524600        1.6666666666666667     
  0.15848931924611143       0.17378008287493762       -70.659528543957549        2.7246621697178688E-003  -339.34567348994528        1.6666666666666667     
  0.15848931924611143       0.17378008287493762       -59.726335278681574        2.8367920444454589E-003  -266.44871811562530        1.6666666666666667     
  0.15848931924611143       0.17378008287493762       -46.341194947451754        2.8887064017902955E-003  -176.15173427825567        1.6666666666666667     
  0.15848931924611143       0.17378008287493762       -30.227778633246430        2.8924649368677387E-003  -66.440370353540899        1.6666666666666667     
  0.15848931924611143       0.17378008287493762       -11.084114533600200        2.8582850683501896E-003   64.879301773280432        1.6666666666666665     
  0.15848931924611143       0.17378008287493762        11.420104708670010        2.7947593986702986E-003   220.19994102525612        1.6666666666666665     
  0.15848931924611143       0.17378008287493762        37.646475665112462        2.7090603184530505E-003   402.13404756471391        1.6666666666666665     
  0.15848931924611143       0.17378008287493762        67.991119541627086        2.6071289980592357E-003   613.53716024369680        1.6666666666666665     
  0.15848931924611143       0.17378008287493762        102.88822294010185        2.4938472861726390E-003   857.53329304689396        1.6666666666666667     
  0.15848931924611143       0.17378008287493762        142.81391057165990        2.3731920225056580E-003   1137.5427857083560        1.6666666666666667     
  0.17782794100389238       0.34673685045253155        207.73496279252620        94.324073634956321        1143.1867592974415        1.6666666659104072     
  0.17782794100389238       0.19498445997580466        3083.8493615218849        1182.7327740216917        17526.205737788569        1.6666666659553571     
  0.17782794100389238       0.19498445997580466        7264.1970161008358        1429.8578898047515        41260.863479837011        1.6666666662400402     
  0.17782794100389238       0.19498445997580466        5273.9072800930799       -566.23508880215684        29956.132735937616        1.6666666666093064     
  0.17782794100389238       0.19498445997580466        3186.3670447934073       -493.98678390426500        18099.020531030172        1.6666666666644028     
  0.17782794100389238       0.19498445997580466        1855.6716323067428       -261.91425424624640        10557.875012952129        1.6666666666665391     
  0.17782794100389238       0.19498445997580466        1105.8228037658355       -122.75924040072509        6279.0691458907231        1.6666666666666554     
  0.17782794100389238       0.19498445997580466        660.19498363015737       -60.681005810303574        3717.6485190404660        1.6666666666666652     
  0.17782794100389238       0.19498445997580466        382.62301283645087       -31.438085020190648        2117.6775963730456        1.6666666666666665     
  0.17782794100389238       0.19498445997580466        207.66650873069435       -16.482024956897380        1117.6421451867982        1.6666666666666667     
  0.17782794100389238       0.19498445997580466        98.827382429218559       -8.5283599499293015        517.25798564539366        1.6666666666666667     
  0.17782794100389238       0.19498445997580466        34.511166835698290       -4.1918039009170114        193.33663584076336        1.6666666666666665     
  0.17782794100389238       0.19498445997580466      -0.29826733898372026       -1.8870240665302958        50.251784412047641        1.6666666666666667     
  0.17782794100389238       0.19498445997580466       -17.494436947137970      -0.77537571583972076        4.6241940622086535        1.6666666666666665     
  0.17782794100389238       0.19498445997580466       -26.055954331562319      -0.32109328109667018       -5.7383139354121449        1.6666666666666665     
  0.17782794100389238       0.19498445997580466       -31.451344600424413      -0.16830744974590900       -12.594256236771583        1.6666666666666667     
  0.17782794100389238       0.19498445997580466       -36.154126270796894      -0.12202120007927882       -24.423571724320041        1.6666666666666667     
  0.17782794100389238       0.19498445997580466       -40.975268782188650      -0.10404721125042674       -40.679843037763142        1.6666666666666667     
  0.17782794100389238       0.19498445997580466       -46.101418644542051       -9.2017784738269506E-002  -59.895433154428410        1.6666666666666667     
  0.17782794100389238       0.19498445997580466       -51.548924829436018       -8.1335137865877691E-002  -81.377839521008340        1.6666666666666665     
  0.17782794100389238       0.19498445997580466       -57.294017593304261       -7.1347296367851365E-002  -104.87724005084358        1.6666666666666665     
  0.17782794100389238       0.19498445997580466       -63.298920037316094       -6.2027807637862156E-002  -130.24472992129614        1.6666666666666667     
  0.17782794100389238       0.19498445997580466       -69.515235883478525       -5.3408889455343188E-002  -157.30560390581866        1.6666666666666665     
  0.17782794100389238       0.19498445997580466       -75.883749924058563       -4.5511231335455489E-002  -185.82452919273518        1.6666666666666667     
  0.17782794100389238       0.19498445997580466       -82.333849994029038       -3.8339542631491114E-002  -215.49437641574036        1.6666666666666665     
  0.17782794100389238       0.19498445997580466       -88.782972730361280       -3.1884610601615918E-002  -245.92990614686721        1.6666666666666667     
  0.17782794100389238       0.19498445997580466       -95.136104844630694       -2.6125725640662185E-002  -276.66274539763560        1.6666666666666667     
  0.17782794100389238       0.19498445997580466       -101.28532902420972       -2.1032979636797133E-002  -307.13713890033040        1.6666666666666667     
  0.17782794100389238       0.19498445997580466       -107.10939484239151       -1.6569398746750657E-002  -336.70636934646666        1.6666666666666667     
  0.17782794100389238       0.19498445997580466       -112.47328976835249       -1.2692896447552714E-002  -364.62973500549276        1.6666666666666667     
  0.17782794100389238       0.19498445997580466       -117.22778135053099       -9.3580326901353417E-003  -390.06992192364999        1.6666666666666665     
  0.17782794100389238       0.19498445997580466       -121.20889893742054       -6.5175666389117488E-003  -412.09056103891504        1.6666666666666665     
  0.17782794100389238       0.19498445997580466       -124.23732194837208       -4.1237944764681870E-003  -429.65372547609360        1.6666666666666667     
  0.17782794100389238       0.19498445997580466       -126.11764164052823       -2.1296692954303068E-003  -441.61710186011595        1.6666666666666667     
  0.17782794100389238       0.19498445997580466       -126.63746435038854       -4.8970633706195963E-004  -446.73056174934879        1.6666666666666665     
  0.17782794100389238       0.19498445997580466       -125.56632605020656        8.3931700763602095E-004  -443.63186393486421        1.6666666666666667     
  0.17782794100389238       0.19498445997580466       -122.65439043324540        1.8978515706739871E-003  -430.84123303120691        1.6666666666666665     
  0.17782794100389238       0.19498445997580466       -117.63090529944139        2.7232379870856865E-003  -406.75458150556875        1.6666666666666667     
  0.17782794100389238       0.19498445997580466       -110.20239444655948        3.3495173933648257E-003  -369.63516781599600        1.6666666666666667     
  0.17782794100389238       0.19498445997580466       -100.05056431889682        3.8073676644720012E-003  -317.60350953346818        1.6666666666666667     
  0.17782794100389238       0.19498445997580466       -86.829906123177238        4.1241414503888933E-003  -248.62539448087821        1.6666666666666667     
  0.17782794100389238       0.19498445997580466       -70.164974852124601        4.3239832411175400E-003  -160.49785288416356        1.6666666666666665     
  0.17782794100389238       0.19498445997580466       -49.647326585468022        4.4280045207510180E-003  -50.832967794384189        1.6666666666666665     
  0.17782794100389238       0.19498445997580466       -24.832094545223072        4.4544984860453093E-003   82.960591260587009        1.6666666666666667     
  0.17782794100389238       0.19498445997580466        4.7658173116672060        4.4191785373238904E-003   243.69842560688079        1.6666666666666667     
  0.17782794100389238       0.19498445997580466        39.675946825025903        4.3354275709773194E-003   434.44377585816380        1.6666666666666665     
  0.17782794100389238       0.19498445997580466        80.476919079568688        4.2145478332728959E-003   658.53353377441499        1.6666666666666667     
  0.17782794100389238       0.19498445997580466        127.80155530809827        4.0660036063068037E-003   919.60704774277167        1.6666666666666667     
  0.17782794100389238       0.19498445997580466        182.34248008621353        3.8976512087588785E-003   1221.6378949322227        1.6666666666666667     
  0.17782794100389238       0.19498445997580466        244.85826645057921        3.7159526681091507E-003   1568.9688203414059        1.6666666666666665     
  0.19952623149688808       0.43651583224016582        324.43887447011230        147.30677332049979        1425.3146116290457        1.6666666657243538     
  0.19952623149688808       0.21877616239495540        4891.7022576540930        1878.1770618259750        22079.458276016045        1.6666666657265012     
  0.19952623149688808       0.21877616239495540        11518.592402757627        2266.6801763405074        51959.285863540936        1.6666666660830429     
  0.19952623149688808       0.21877616239495540        8361.8506507902130       -898.08931529543884        37713.310058509145        1.6666666665911691     
  0.19952623149688808       0.21877616239495540        5050.5234346404341       -783.57861290547783        22767.097542977372        1.6666666666639438     
  0.19952623149688808       0.21877616239495540        2941.3172314104277       -415.14471650444659        13259.080293111023        1.6666666666665224     
  0.19952623149688808       0.21877616239495540        1747.2043576673805       -195.49058924138390        7833.2464376238049        1.6666666666666541     
  0.19952623149688808       0.21877616239495540        1034.1195207536084       -97.100547086197523        4566.7715738704028        1.6666666666666652     
  0.19952623149688808       0.21877616239495540        589.42933740295041       -50.366064526783020        2525.7428988007300        1.6666666666666665     
  0.19952623149688808       0.21877616239495540        311.60351582201810       -26.172974525139587        1269.3913405878366        1.6666666666666665     
  0.19952623149688808       0.21877616239495540        144.10597808524227       -13.124685405773251        552.99126700111049        1.6666666666666667     
  0.19952623149688808       0.21877616239495540        51.867225126766868       -6.0116529074203120        211.97098817808165        1.6666666666666665     
  0.19952623149688808       0.21877616239495540        7.8060735436638566       -2.3885609004477408        98.978991463220453        1.6666666666666667     
  0.19952623149688808       0.21877616239495540       -10.581612060427375      -0.82910120176689051        84.426907179271950        1.6666666666666667     
  0.19952623149688808       0.21877616239495540       -18.777053197764502      -0.30736386631762225        88.897826932032501        1.6666666666666665     
  0.19952623149688808       0.21877616239495540       -24.338273589641190      -0.17348046665567984        86.872529802027756        1.6666666666666665     
  0.19952623149688808       0.21877616239495540       -29.764984846371021      -0.14080471228371064        78.031117355834027        1.6666666666666665     
  0.19952623149688808       0.21877616239495540       -35.620244204087172      -0.12636494479862639        65.401362020212403        1.6666666666666665     
  0.19952623149688808       0.21877616239495540       -41.986250924857856      -0.11427403642181487        50.258886749008269        1.6666666666666665     
  0.19952623149688808       0.21877616239495540       -48.856428098332714      -0.10257662655200087        32.883687251264888        1.6666666666666667     
  0.19952623149688808       0.21877616239495540       -56.202961157104994       -9.1235301667700691E-002   13.325163298064480        1.6666666666666667     
  0.19952623149688808       0.21877616239495540       -63.983617611584293       -8.0370508322912815E-002  -8.3622686088495435        1.6666666666666665     
  0.19952623149688808       0.21877616239495540       -72.140897300884433       -7.0085121149547749E-002  -32.067421988032876        1.6666666666666665     
  0.19952623149688808       0.21877616239495540       -80.600533232986209       -6.0454989259087717E-002  -57.606468142007941        1.6666666666666665     
  0.19952623149688808       0.21877616239495540       -89.270016069034483       -5.1531604654185582E-002  -84.711975059612968        1.6666666666666665     
  0.19952623149688808       0.21877616239495540       -98.037205338717683       -4.3345184665146239E-002  -113.02271506155212        1.6666666666666665     
  0.19952623149688808       0.21877616239495540       -106.76904101395985       -3.5907571114150619E-002  -142.07402014166846        1.6666666666666665     
  0.19952623149688808       0.21877616239495540       -115.31035735065126       -2.9214959047626058E-002  -171.28884126364414        1.6666666666666665     
  0.19952623149688808       0.21877616239495540       -123.48279007573115       -2.3250474974047752E-002  -199.96964225611686        1.6666666666666667     
  0.19952623149688808       0.21877616239495540       -131.08375679764214       -1.7986609513091036E-002  -227.29118677160520        1.6666666666666670     
  0.19952623149688808       0.21877616239495540       -137.88547964191343       -1.3387497616888499E-002  -252.29419300592878        1.6666666666666665     
  0.19952623149688808       0.21877616239495540       -143.63400929079251       -9.4110320141540492E-003  -273.87974399999109        1.6666666666666667     
  0.19952623149688808       0.21877616239495540       -148.04820145345900       -6.0107921491303600E-003  -290.80425828483192        1.6666666666666665     
  0.19952623149688808       0.21877616239495540       -150.81859074752452       -3.1377712208048437E-003  -301.67475260444888        1.6666666666666665     
  0.19952623149688808       0.21877616239495540       -151.60610324781879       -7.4188729079044781E-004  -304.94407035228511        1.6666666666666665     
  0.19952623149688808       0.21877616239495540       -150.04054753676860        1.2267300445356919E-003  -298.90570925689093        1.6666666666666667     
  0.19952623149688808       0.21877616239495540       -145.71882473908181        2.8166791710068405E-003  -281.68786077956793        1.6666666666666667     
  0.19952623149688808       0.21877616239495540       -138.20280033648169        4.0744468471283117E-003  -251.24627070083022        1.6666666666666667     
  0.19952623149688808       0.21877616239495540       -127.01678401575271        5.0437775444871031E-003  -205.35554287849064        1.6666666666666670     
  0.19952623149688808       0.21877616239495540       -111.64456783440244        5.7652342566947160E-003  -141.59853239180205        1.6666666666666670     
  0.19952623149688808       0.21877616239495540       -91.525977031293905        6.2759291577008085E-003  -57.353505862565555        1.6666666666666667     
  0.19952623149688808       0.21877616239495540       -66.052891362102514        6.6093999274068199E-003   50.221218794782658        1.6666666666666667     
  0.19952623149688808       0.21877616239495540       -34.564697491703100        6.7956065430267590E-003   184.20540768603266        1.6666666666666667     
  0.19952623149688808       0.21877616239495540        3.6568655715859677        6.8610236859193941E-003   347.93804715633792        1.6666666666666667     
  0.19952623149688808       0.21877616239495540        49.393505948466782        6.8288053731655595E-003   545.04168526065325        1.6666666666666665     
  0.19952623149688808       0.21877616239495540        103.49686262090790        6.7190006874756469E-003   779.45017012560083        1.6666666666666665     
  0.19952623149688808       0.21877616239495540        166.89571565389724        6.5488022445941152E-003   1055.4399737437861        1.6666666666666665     
  0.19952623149688808       0.21877616239495540        240.60396942552597        6.3328120305623610E-003   1377.6652963679460        1.6666666666666667     
  0.19952623149688808       0.21877616239495540        325.72946098847251        6.0833122363859156E-003   1751.1971626278901        1.6666666666666665     
  0.19952623149688808       0.21877616239495540        423.48365249217500        5.8105315451025090E-003   2181.5667450490682        1.6666666666666667     
  0.22387211385683412       0.54954087385762429        508.03274837547639        230.69500451373258        1781.0803411515660        1.6666666654966988     
  0.22387211385683412       0.24547089156850324        7758.5742598610195        2981.6105641789786        27812.090104709092        1.6666666654231481     
  0.22387211385683412       0.24547089156850324        18262.636635880106        3592.8390900457048        65425.301770486185        1.6666666658692564     
  0.22387211385683412       0.24547089156850324        13254.943511997008       -1424.6828034111145        47468.857849890723        1.6666666665670380     
  0.22387211385683412       0.24547089156850324        8000.8060371643587       -1243.3171009088926        28621.272771364049        1.6666666666633314     
  0.22387211385683412       0.24547089156850324        4654.4599786543422       -658.64488908599162        16619.535302552234        1.6666666666664993     
  0.22387211385683412       0.24547089156850324        2749.5955726514539       -311.84913364779101        9724.3946607469225        1.6666666666666525     
  0.22387211385683412       0.24547089156850324        1606.0413588101803       -155.71743225854257        5548.3264270729460        1.6666666666666650     
  0.22387211385683412       0.24547089156850324        892.95552038958738       -80.764830652233954        2944.5672997832912        1.6666666666666663     
  0.22387211385683412       0.24547089156850324        454.11689553158175       -41.341413421178395        1382.5503735631789        1.6666666666666665     
  0.22387211385683412       0.24547089156850324        201.91932225881507       -19.761566970054407        560.85864181316481        1.6666666666666667     
  0.22387211385683412       0.24547089156850324        76.773403889416585       -8.1563746244040143        241.61974701959798        1.6666666666666667     
  0.22387211385683412       0.24547089156850324        26.847615561854113       -2.7064836400911809        184.72575055141473        1.6666666666666665     
  0.22387211385683412       0.24547089156850324        10.295793378266566      -0.74632207442087961        202.53582328283855        1.6666666666666665     
  0.22387211385683412       0.24547089156850324        3.5313803618232100      -0.25369423112943440        216.41850901489497        1.6666666666666667     
  0.22387211385683412       0.24547089156850324       -1.8000172035669948      -0.16631121811353600        218.64806553274457        1.6666666666666667     
  0.22387211385683412       0.24547089156850324       -7.5495154022684687      -0.14917993630855481        215.51664581542616        1.6666666666666667     
  0.22387211385683412       0.24547089156850324       -13.989387764070244      -0.13898173689554455        209.84519988637959        1.6666666666666665     
  0.22387211385683412       0.24547089156850324       -21.149548352058900      -0.12852962425380590        202.14095676179409        1.6666666666666667     
  0.22387211385683412       0.24547089156850324       -29.024806817144366      -0.11758320435933831        192.39046513771285        1.6666666666666665     
  0.22387211385683412       0.24547089156850324       -37.592907694997194      -0.10640573751679684        180.53979505996693        1.6666666666666667     
  0.22387211385683412       0.24547089156850324       -46.813100826182108       -9.5240242661292565E-002   166.57456615168297        1.6666666666666667     
  0.22387211385683412       0.24547089156850324       -56.623309521282238       -8.4286636119672909E-002   150.53917621777327        1.6666666666666665     
  0.22387211385683412       0.24547089156850324       -66.937174409346881       -7.3705842193697899E-002   132.55093580860913        1.6666666666666665     
  0.22387211385683412       0.24547089156850324       -77.641079125389808       -6.3624254931292118E-002   112.81460834304863        1.6666666666666667     
  0.22387211385683412       0.24547089156850324       -88.591208910108151       -5.4137692597468631E-002   91.637472338845768        1.6666666666666665     
  0.22387211385683412       0.24547089156850324       -99.610687392834393       -4.5314951171292098E-002   69.444598767874083        1.6666666666666665     
  0.22387211385683412       0.24547089156850324       -110.48682868709761       -3.7201060115656340E-002   46.794001863400283        1.6666666666666665     
  0.22387211385683412       0.24547089156850324       -120.96852984287381       -2.9820316496449291E-002   24.391333861115982        1.6666666666666665     
  0.22387211385683412       0.24547089156850324       -130.76381318030383       -2.3179148509170914E-002   3.1038360648782790        1.6666666666666667     
  0.22387211385683412       0.24547089156850324       -139.53750995327187       -1.7268837223842481E-002  -16.026671522077581        1.6666666666666667     
  0.22387211385683412       0.24547089156850324       -146.90905730005352       -1.2068106509277894E-002  -31.771885965155480        1.6666666666666667     
  0.22387211385683412       0.24547089156850324       -152.45036082780427       -7.5455762941757315E-003  -42.706215373525950        1.6666666666666667     
  0.22387211385683412       0.24547089156850324       -155.68365675912605       -3.6620640078920672E-003  -47.196963860213899        1.6666666666666665     
  0.22387211385683412       0.24547089156850324       -156.07929152351448       -3.7271332630907242E-004  -43.395280739149378        1.6666666666666665     
  0.22387211385683412       0.24547089156850324       -153.05332392569687        2.3710720352099592E-003  -29.227537305366337        1.6666666666666665     
  0.22387211385683412       0.24547089156850324       -145.96484613355881        4.6199093939913657E-003  -2.3867020172554478        1.6666666666666667     
  0.22387211385683412       0.24547089156850324       -134.11291486684649        6.4249477377071561E-003   39.676784701887868        1.6666666666666667     
  0.22387211385683412       0.24547089156850324       -116.73298310530345        7.8366155591194659E-003   99.765178675619197        1.6666666666666667     
  0.22387211385683412       0.24547089156850324       -92.992724801731583        8.9036056232791958E-003   180.94520391709136        1.6666666666666667     
  0.22387211385683412       0.24547089156850324       -61.987149659388479        9.6720886165172406E-003   286.56198387038552        1.6666666666666665     
  0.22387211385683412       0.24547089156850324       -22.732911047899279        1.0185140708845365E-002   420.25566363108334        1.6666666666666665     
  0.22387211385683412       0.24547089156850324        25.838283413802628        1.0482364540979618E-002   585.98121794196970        1.6666666666666667     
  0.22387211385683412       0.24547089156850324        84.887243124175257        1.0599679310103640E-002   788.03189608500963        1.6666666666666667     
  0.22387211385683412       0.24547089156850324        155.67592748105471        1.0569253537475214E-002   1031.0667103154663        1.6666666666666667     
  0.22387211385683412       0.24547089156850324        239.57721772315654        1.0419553637490428E-002   1320.1423344575871        1.6666666666666667     
  0.22387211385683412       0.24547089156850324        338.08590439885165        1.0175482324232713E-002   1660.7497477221432        1.6666666666666667     
  0.22387211385683412       0.24547089156850324        452.83096949861238        9.8585828795082174E-003   2058.8559392051820        1.6666666666666667     
  0.22387211385683412       0.24547089156850324        585.58924712116368        9.4872880016862275E-003   2520.9509810515738        1.6666666666666667     
  0.22387211385683412       0.24547089156850324        738.30055417362746        9.0771950877274448E-003   3054.1007862610272        1.6666666666666667     
  0.25118864315095824       0.69183097091893631        797.39436566446011        362.19694071778804        2229.8017269704037        1.6666666652192696     
  0.25118864315095824       0.27542287033381690        12304.291342684699        4731.9342332229753        35028.998996353737        1.6666666650213826     
  0.25118864315095824       0.27542287033381690        28952.347452788010        5694.3480174117285        82374.213496846205        1.6666666655792637     
  0.25118864315095824       0.27542287033381690        21006.735854633516       -2260.5171535944278        59734.805585719587        1.6666666665347643     
  0.25118864315095824       0.27542287033381690        12666.819973318992       -1973.5227875266582        35955.998692511021        1.6666666666624903     
  0.25118864315095824       0.27542287033381690        7351.8600817952320       -1046.1174986211256        20785.989049497493        1.6666666666664651     
  0.25118864315095824       0.27542287033381690        4307.1052028070553       -498.46286601299852        12002.067501667274        1.6666666666666503     
  0.25118864315095824       0.27542287033381690        2469.0519212857243       -250.28716075599800        6650.3030382216803        1.6666666666666647     
  0.25118864315095824       0.27542287033381690        1325.8382235612173       -129.48155147848408        3335.7658425849031        1.6666666666666661     
  0.25118864315095824       0.27542287033381690        639.67279982988214       -64.641184369251604        1429.8816813727324        1.6666666666666665     
  0.25118864315095824       0.27542287033381690        272.94241974785405       -28.736069391541143        547.29935130852493        1.6666666666666667     
  0.25118864315095824       0.27542287033381690        116.68262437839512       -10.184218921179543        307.53784694081770        1.6666666666666665     
  0.25118864315095824       0.27542287033381690        68.604460137179359       -2.6063236920914186        321.77551749687336        1.6666666666666665     
  0.25118864315095824       0.27542287033381690        57.203192418932559      -0.51408344532284367        361.46535386588363        1.6666666666666667     
  0.25118864315095824       0.27542287033381690        52.887774196843310      -0.16184652019230386        380.33714782720460        1.6666666666666665     
  0.25118864315095824       0.27542287033381690        48.753274338626255      -0.12897438228469346        389.56036339900675        1.6666666666666665     
  0.25118864315095824       0.27542287033381690        43.848718183925200      -0.12725656213707134        396.07143161376734        1.6666666666666667     
  0.25118864315095824       0.27542287033381690        38.067814209616301      -0.12476024834613604        401.14939897591086        1.6666666666666665     
  0.25118864315095824       0.27542287033381690        31.383303743384829      -0.11999138957673963        404.81472775332310        1.6666666666666667     
  0.25118864315095824       0.27542287033381690        23.786215644319554      -0.11342992315092160        406.95829042882593        1.6666666666666667     
  0.25118864315095824       0.27542287033381690        15.286560083536017      -0.10555572716489328        407.48572557255380        1.6666666666666667     
  0.25118864315095824       0.27542287033381690        5.9175104472237194       -9.6777860091679518E-002   406.33864706465226        1.6666666666666667     
  0.25118864315095824       0.27542287033381690       -4.2599490782183693       -8.7441955039355132E-002   403.50863614820793        1.6666666666666665     
  0.25118864315095824       0.27542287033381690       -15.152051144738209       -7.7838091228205591E-002   399.05277821100884        1.6666666666666665     
  0.25118864315095824       0.27542287033381690       -26.627011198676996       -6.8207425529858104E-002   393.11107612854886        1.6666666666666667     
  0.25118864315095824       0.27542287033381690       -38.509605158023305       -5.8747816845914666E-002   385.92556809053229        1.6666666666666667     
  0.25118864315095824       0.27542287033381690       -50.575640172978297       -4.9618662842428239E-002   377.86087179528988        1.6666666666666667     
  0.25118864315095824       0.27542287033381690       -62.546402287575461       -4.0945132010214290E-002   369.42579523459733        1.6666666666666667     
  0.25118864315095824       0.27542287033381690       -74.083160816223540       -3.2821942312084566E-002   361.29559201647982        1.6666666666666665     
  0.25118864315095824       0.27542287033381690       -84.781798232760707       -2.5316807792182896E-002   354.33440447360260        1.6666666666666667     
  0.25118864315095824       0.27542287033381690       -94.167616298968710       -1.8473645555807775E-002   349.61743776056858        1.6666666666666667     
  0.25118864315095824       0.27542287033381690       -101.69034460833132       -1.2315607864525735E-002   348.45244713532128        1.6666666666666667     
  0.25118864315095824       0.27542287033381690       -106.71934789096667       -6.8479785961459635E-003   352.40019937000983        1.6666666666666667     
  0.25118864315095824       0.27542287033381690       -108.53899506655284       -2.0609509832440393E-003   363.29368436778265        1.6666666666666667     
  0.25118864315095824       0.27542287033381690       -106.34411829572264        2.0677147099527212E-003   383.25599709289605        1.6666666666666667     
  0.25118864315095824       0.27542287033381690       -99.235456364139736        5.5701685391126134E-003   414.71697302126324        1.6666666666666665     
  0.25118864315095824       0.27542287033381690       -86.214946074108184        8.4861065474727496E-003   460.42882807713778        1.6666666666666665     
  0.25118864315095824       0.27542287033381690       -66.180699330779362        1.0860591864191912E-002   523.48121681933583        1.6666666666666665     
  0.25118864315095824       0.27542287033381690       -37.921484114729765        1.2742087177846213E-002   607.31626468206696        1.6666666666666667     
  0.25118864315095824       0.27542287033381690      -0.11051473322595484        1.4180720163274011E-002   715.74424540468067        1.6666666666666665     
  0.25118864315095824       0.27542287033381690        48.701649182563870        1.5226796238742709E-002   852.96065568908261        1.6666666666666665     
  0.25118864315095824       0.27542287033381690        110.09529532741271        1.5929564468264309E-002   1023.5654843961495        1.6666666666666667     
  0.25118864315095824       0.27542287033381690        185.79103842656650        1.6336233484875874E-002   1232.5854849122495        1.6666666666666667     
  0.25118864315095824       0.27542287033381690        277.66077416056669        1.6491225956573683E-002   1485.5002416918444        1.6666666666666667     
  0.25118864315095824       0.27542287033381690        387.74028471943757        1.6435653055964981E-002   1788.2727826394510        1.6666666666666667     
  0.25118864315095824       0.27542287033381690        518.24366383937422        1.6206985073652477E-002   2147.3854363278861        1.6666666666666667     
  0.25118864315095824       0.27542287033381690        671.57972135895716        1.5838890920296972E-002   2569.8815757203242        1.6666666666666667     
  0.25118864315095824       0.27542287033381690        850.37052251615705        1.5361217754937718E-002   3063.4138354717816        1.6666666666666665     
  0.25118864315095824       0.27542287033381690        1057.4722163214924        1.4800082148960418E-002   3636.2993458112428        1.6666666666666667     
  0.25118864315095824       0.27542287033381690        1295.9983109794002        1.4178045728989397E-002   4297.5824952315661        1.6666666666666667     
  0.28183829312644565       0.87096358995608036        1254.1412464457931        569.89970057786809        2795.7666148413541        1.6666666648821820     
  0.28183829312644565       0.30902954325135934        19511.233356036937        7507.7894001316436        44113.991192583526        1.6666666644893788     
  0.28183829312644565       0.30902954325135934        45894.907310873721        9024.3461749018570        103706.11210340024        1.6666666651870123     
  0.28183829312644565       0.30902954325135934        33284.551850583615       -3587.6312954348205        75153.021310015087        1.6666666664912790     
  0.28183829312644565       0.30902954325135934        20040.576619255728       -3133.9988662265155        45135.070482383948        1.6666666666613017     
  0.28183829312644565       0.30902954325135934        11588.042347160168       -1663.6708818509837        25929.847471821726        1.6666666666664129     
  0.28183829312644565       0.30902954325135934        6710.0854854055751       -798.58000208082046        14708.742047058009        1.6666666666666461     
  0.28183829312644565       0.30902954325135934        3749.3910665421745       -403.15686569766626        7837.0090494305832        1.6666666666666643     
  0.28183829312644565       0.30902954325135934        1920.8419669962045       -207.10333932759849        3642.0426095861230        1.6666666666666663     
  0.28183829312644565       0.30902954325135934        866.74168182508026       -99.303008459526438        1389.8980513354634        1.6666666666666667     
  0.28183829312644565       0.30902954325135934        361.33316030695465       -39.602539451933467        541.04339167790715        1.6666666666666665     
  0.28183829312644565       0.30902954325135934        188.63275472689878       -11.255734298417931        440.40973420053490        1.6666666666666667     
  0.28183829312644565       0.30902954325135934        152.81458511317149       -1.9417077491402515        515.45367017450872        1.6666666666666667     
  0.28183829312644565       0.30902954325135934        149.15700593024985      -0.16492033643664014        562.85310910610497        1.6666666666666665     
  0.28183829312644565       0.30902954325135934        148.98542283520300       -6.4350951467490487E-003   588.21769591132579        1.6666666666666667     
  0.28183829312644565       0.30902954325135934        148.28891314167103       -2.1727394016001999E-002   609.26177640539970        1.6666666666666667     
  0.28183829312644565       0.30902954325135934        146.72480263460164       -4.0583351409145763E-002   629.70878286194034        1.6666666666666665     
  0.28183829312644565       0.30902954325135934        144.22952391132998       -5.3851714989854936E-002   649.82023139556986        1.6666666666666665     
  0.28183829312644565       0.30902954325135934        140.76169634714796       -6.2249801289234949E-002   669.50968094954794        1.6666666666666667     
  0.28183829312644565       0.30902954325135934        136.29624629804533       -6.6672341994600606E-002   688.67856743406026        1.6666666666666667     
  0.28183829312644565       0.30902954325135934        130.82939956557260       -6.7891807852503636E-002   707.24251615086996        1.6666666666666667     
  0.28183829312644565       0.30902954325135934        124.38465513432584       -6.6571167738985790E-002   725.14230968628135        1.6666666666666665     
  0.28183829312644565       0.30902954325135934        117.01953417214077       -6.3279109528743049E-002   742.35675075993390        1.6666666666666667     
  0.28183829312644565       0.30902954325135934        108.83309142103735       -5.8502672285228458E-002   758.91820372976213        1.6666666666666667     
  0.28183829312644565       0.30902954325135934        99.974151049408306       -5.2657744587436182E-002   774.93096878479253        1.6666666666666665     
  0.28183829312644565       0.30902954325135934        90.650201141748084       -4.6097822018471069E-002   790.59253522336235        1.6666666666666667     
  0.28183829312644565       0.30902954325135934        81.136855060779681       -3.9121344427547895E-002   806.21765013932247        1.6666666666666665     
  0.28183829312644565       0.30902954325135934        71.787765619850006       -3.1977888932182487E-002   822.26501738908473        1.6666666666666665     
  0.28183829312644565       0.30902954325135934        63.044861504415394       -2.4873459369397805E-002   839.36631621312392        1.6666666666666667     
  0.28183829312644565       0.30902954325135934        55.448767018390527       -1.7975080058017012E-002   858.35711026386866        1.6666666666666667     
  0.28183829312644565       0.30902954325135934        49.649268103037002       -1.1414869392073972E-002   880.30911863877714        1.6666666666666670     
  0.28183829312644565       0.30902954325135934        46.415701181046416       -5.2937366042283326E-003   906.56325351533746        1.6666666666666665     
  0.28183829312644565       0.30902954325135934        46.647167357791659        3.1518679447998610E-004   938.76280541544077        1.6666666666666665     
  0.28183829312644565       0.30902954325135934        51.382512446383771        5.3633002305460359E-003   978.88618513372853        1.6666666666666667     
  0.28183829312644565       0.30902954325135934        61.810061636841738        9.8234202194914435E-003   1029.2787147167378        1.6666666666666667     
  0.28183829312644565       0.30902954325135934        79.277153818088209        1.3686773723967795E-002   1092.6830962083689        1.6666666666666667     
  0.28183829312644565       0.30902954325135934        105.29958117595288        1.6960094978134246E-002   1172.2683702336699        1.6666666666666667     
  0.28183829312644565       0.30902954325135934        141.57110084439682        1.9662839160356927E-002   1271.6573917469605        1.6666666666666667     
  0.28183829312644565       0.30902954325135934        189.97324314246771        2.1824538014992782E-002   1394.9530844614108        1.6666666666666667     
  0.28183829312644565       0.30902954325135934        252.58569173936939        2.3482328721367692E-002   1546.7639681405203        1.6666666666666667     
  0.28183829312644565       0.30902954325135934        331.69755219332092        2.4678688313805628E-002   1732.2296682593831        1.6666666666666667     
  0.28183829312644565       0.30902954325135934        429.81985501737063        2.5459402507589921E-002   1957.0473002397532        1.6666666666666667     
  0.28183829312644565       0.30902954325135934        549.69965725310158        2.5871790925922473E-002   2227.4997601030918        1.6666666666666665     
  0.28183829312644565       0.30902954325135934        694.33611325092897        2.5963201682917707E-002   2550.4870449553064        1.6666666666666665     
  0.28183829312644565       0.30902954325135934        866.99888252760047        2.5779778244888033E-002   2933.5617691261582        1.6666666666666665     
  0.28183829312644565       0.30902954325135934        1071.2492330775185        2.5365491721164979E-002   3384.9700421654857        1.6666666666666667     
  0.28183829312644565       0.30902954325135934        1310.9641848808051        2.4761422949012502E-002   3913.6988392886888        1.6666666666666667     
  0.28183829312644565       0.30902954325135934        1590.3640239040078        2.4005271748608229E-002   4529.5309359105868        1.6666666666666665     
  0.28183829312644565       0.30902954325135934        1914.0435044816959        2.3131065779623330E-002   5243.1084073816482        1.6666666666666665     
  0.28183829312644565       0.30902954325135934        2287.0070499791109        2.2169038615637512E-002   6066.0056238848301        1.6666666666666667     
  0.31622776601683822        1.0964781961431846        1975.9464009146870        898.35733854024579        3509.5004581754824        1.6666666644730661     
  0.31622776601683822       0.34673685045253194        30936.343131045385        11909.265631620432        55550.210111204295        1.6666666637841989     
  0.31622776601683822       0.34673685045253194        72746.074920920568        14300.718459358583        130553.49417578464        1.6666666646570112     
  0.31622776601683822       0.34673685045253194        52726.140191744300       -5695.6478818641372        94527.259563789805        1.6666666664321022     
  0.31622776601683822       0.34673685045253194        31682.756388892969       -4979.6182662517049        56605.629625583402        1.6666666666595775     
  0.31622776601683822       0.34673685045253194        18220.163772868087       -2649.7761036525076        32246.144320378949        1.6666666666663321     
  0.31622776601683822       0.34673685045253194        10385.068674274848       -1282.6989736615672        17868.194907272187        1.6666666666666399     
  0.31622776601683822       0.34673685045253194        5608.0072127874237       -650.49101784632353        9036.8074769700888        1.6666666666666639     
  0.31622776601683822       0.34673685045253194        2700.1606027965418       -329.34567812867670        3789.1376813711026        1.6666666666666665     
  0.31622776601683822       0.34673685045253194        1126.9189193726691       -148.20945824197196        1265.0119339365892        1.6666666666666667     
  0.31622776601683822       0.34673685045253194        483.95902198472703       -50.380718999024403        596.22117558714604        1.6666666666666665     
  0.31622776601683822       0.34673685045253194        324.49446563706658       -10.393088946350694        660.57541115590175        1.6666666666666667     
  0.31622776601683822       0.34673685045253194        309.88217562782762      -0.79213418914488887        763.68085966537637        1.6666666666666670     
  0.31622776601683822       0.34673685045253194        316.52384919022711       0.29947322631531115        813.75702219315065        1.6666666666666667     
  0.31622776601683822       0.34673685045253194        324.17997769654698       0.28713735103363197        851.81626474826317        1.6666666666666665     
  0.31622776601683822       0.34673685045253194        331.30326851431528       0.22220874702172091        889.83704266504355        1.6666666666666667     
  0.31622776601683822       0.34673685045253194        337.78013705168695       0.16805272434074497        928.93321628742444        1.6666666666666667     
  0.31622776601683822       0.34673685045253194        343.55295219852712       0.12458567977895138        969.13364855885379        1.6666666666666665     
  0.31622776601683822       0.34673685045253194        348.57601416833984        9.0167288798891007E-002   1010.4173392132908        1.6666666666666667     
  0.31622776601683822       0.34673685045253194        352.82017910079213        6.3368397977000154E-002   1052.7644983864473        1.6666666666666670     
  0.31622776601683822       0.34673685045253194        356.27934537437750        4.2958777421201501E-002   1096.1638098772205        1.6666666666666665     
  0.31622776601683822       0.34673685045253194        358.97814418296639        2.7877317727180943E-002   1140.6207786185450        1.6666666666666665     
  0.31622776601683822       0.34673685045253194        360.98093648674558        1.7207444956418926E-002   1186.1686604748895        1.6666666666666667     
  0.31622776601683822       0.34673685045253194        362.40219310139867        1.0156708168399009E-002   1232.8824101861185        1.6666666666666667     
  0.31622776601683822       0.34673685045253194        363.41829833237421        6.0397527787884667E-003   1280.8960283381596        1.6666666666666665     
  0.31622776601683822       0.34673685045253194        364.28077911546688        4.2641247569009033E-003   1330.4236369386751        1.6666666666666665     
  0.31622776601683822       0.34673685045253194        365.33091968291797        4.3184501527576422E-003   1381.7845353792479        1.6666666666666665     
  0.31622776601683822       0.34673685045253194        367.01567714816315        5.7625919017754582E-003   1435.4323799989659        1.6666666666666665     
  0.31622776601683822       0.34673685045253194        369.90476875199920        8.2194316297739770E-003   1491.9884935893613        1.6666666666666667     
  0.31622776601683822       0.34673685045253194        374.70876047670026        1.1367964946779118E-002   1552.2791523198034        1.6666666666666670     
  0.31622776601683822       0.34673685045253194        382.29795348560651        1.4937436535864060E-002   1617.3765268005020        1.6666666666666670     
  0.31622776601683822       0.34673685045253194        393.72184370635932        1.8702277479711701E-002   1688.6427850693217        1.6666666666666667     
  0.31622776601683822       0.34673685045253194        410.22892486721867        2.2477642610559682E-002   1767.7767146210781        1.6666666666666665     
  0.31622776601683822       0.34673685045253194        433.28661963398918        2.6115380683955164E-002   1856.8621058687095        1.6666666666666665     
  0.31622776601683822       0.34673685045253194        464.60115910345394        2.9500304872202940E-002   1958.4170774565998        1.6666666666666667     
  0.31622776601683822       0.34673685045253194        506.13728802131436        3.2546665006936627E-002   2075.4435283374369        1.6666666666666667     
  0.31622776601683822       0.34673685045253194        560.13775002434249        3.5194755348512533E-002   2211.4759808603044        1.6666666666666667     
  0.31622776601683822       0.34673685045253194        629.14260035854113        3.7407621346129773E-002   2370.6292346959644        1.6666666666666667     
  0.31622776601683822       0.34673685045253194        716.00849764337227        3.9167854716521802E-002   2557.6444768474416        1.6666666666666667     
  0.31622776601683822       0.34673685045253194        823.92823492809566        4.0474487154442941E-002   2777.9337743457340        1.6666666666666670     
  0.31622776601683822       0.34673685045253194        956.45087664261973        4.1340008320225510E-002   3037.6231934984862        1.6666666666666670     
  0.31622776601683822       0.34673685045253194        1117.5029655038934        4.1787543066124685E-002   3343.5951189733414        1.6666666666666670     
  0.31622776601683822       0.34673685045253194        1311.4113464646362        4.1848226285321526E-002   3703.5306629979232        1.6666666666666667     
  0.31622776601683822       0.34673685045253194        1542.9282194920825        4.1558811891106689E-002   4125.9533368790426        1.6666666666666667     
  0.31622776601683822       0.34673685045253194        1817.2590774702521        4.0959546253279119E-002   4620.2753871867471        1.6666666666666667     
  0.31622776601683822       0.34673685045253194        2140.0942100848888        4.0092327193516533E-002   5196.8483645506885        1.6666666666666667     
  0.31622776601683822       0.34673685045253194        2517.6444613982158        3.8999158738112050E-002   5867.0195926006927        1.6666666666666667     
  0.31622776601683822       0.34673685045253194        2956.6819217525226        3.7720900557672549E-002   6643.1962404604410        1.6666666666666667     
  0.31622776601683822       0.34673685045253194        3464.5862185171500        3.6296300516943443E-002   7538.9186841316578        1.6666666666666667     
  0.31622776601683822       0.34673685045253194        4049.3970503442561        3.4761289863671323E-002   8568.9447844361603        1.6666666666666667     
  0.35481338923357575        1.3803842646028845        3117.6383327604735        1418.2421548538673        4409.3467842135742        1.6666666639757715     
  0.35481338923357575       0.38904514499428094        49047.100692737062        18887.385164630130        69945.848251035437        1.6666666628468967     
  0.35481338923357575       0.38904514499428094        115298.15782184871        22660.698241258331        164341.08419900839        1.6666666639399499     
  0.35481338923357575       0.38904514499428094        83502.689668990322       -9045.7732898491740        118862.60704960025        1.6666666663505496     
  0.35481338923357575       0.38904514499428094        50044.077320831238       -7917.5059854086958        70913.553075797012        1.6666666666570134     
  0.35481338923357575       0.38904514499428094        28563.798288480724       -4227.8580139132691        39948.317331770093        1.6666666666662056     
  0.35481338923357575       0.38904514499428094        15943.416747291962       -2066.1077174426041        21466.985548084111        1.6666666666666308     
  0.35481338923357575       0.38904514499428094        8230.5189711963358       -1050.2629629878998        10128.444868492392        1.6666666666666630     
  0.35481338923357575       0.38904514499428094        3658.0500603281489       -517.88250074748498        3699.4802900731956        1.6666666666666661     
  0.35481338923357575       0.38904514499428094        1413.2429523662292       -211.47522903454964        1105.8166558837938        1.6666666666666667     
  0.35481338923357575       0.38904514499428094        684.81838811114949       -57.077515149563368        775.74219051969942        1.6666666666666667     
  0.35481338923357575       0.38904514499428094        574.79641898023260       -7.1706725144445915        966.69520233164144        1.6666666666666667     
  0.35481338923357575       0.38904514499428094        586.56152343043073       0.63778788047391044        1068.5677619875696        1.6666666666666667     
  0.35481338923357575       0.38904514499428094        608.64123647288602       0.99557481089923816        1128.1912627211643        1.6666666666666667     
  0.35481338923357575       0.38904514499428094        631.24191151938066       0.84762134792611155        1185.9088364294373        1.6666666666666665     
  0.35481338923357575       0.38904514499428094        653.99594809504811       0.70980479198651447        1246.2765911800789        1.6666666666666667     
  0.35481338923357575       0.38904514499428094        676.86777727000469       0.59344622811618142        1309.5958325167232        1.6666666666666665     
  0.35481338923357575       0.38904514499428094        699.83293579598194       0.49562125469344592        1375.9946585724838        1.6666666666666665     
  0.35481338923357575       0.38904514499428094        722.87861639445578       0.41368522836819921        1445.6001040317660        1.6666666666666665     
  0.35481338923357575       0.38904514499428094        746.00983416202325       0.34536551630686407        1518.5440947518791        1.6666666666666667     
  0.35481338923357575       0.38904514499428094        769.25702126149281       0.28870272698398919        1594.9677284491954        1.6666666666666667     
  0.35481338923357575       0.38904514499428094        792.68530148983473       0.24200307546023109        1675.0273922578290        1.6666666666666667     
  0.35481338923357575       0.38904514499428094        816.40569511453373       0.20379914925347134        1758.9032898394237        1.6666666666666665     
  0.35481338923357575       0.38904514499428094        840.58846724734804       0.17281703861469036        1846.8109052427951        1.6666666666666667     
  0.35481338923357575       0.38904514499428094        865.47880372286272       0.14794873041706494        1939.0159579609037        1.6666666666666665     
  0.35481338923357575       0.38904514499428094        891.41496444981726       0.12822897300760350        2035.8534208044277        1.6666666666666667     
  0.35481338923357575       0.38904514499428094        918.84901921035907       0.11281594259231605        2137.7511604286274        1.6666666666666667     
  0.35481338923357575       0.38904514499428094        948.37021419899315       0.10097512709194584        2245.2587137834812        1.6666666666666667     
  0.35481338923357575       0.38904514499428094        980.73095070955196        9.2065914727140943E-002   2359.0816278903098        1.6666666666666667     
  0.35481338923357575       0.38904514499428094        1016.8752832816135        8.5530435781400252E-002   2480.1216626640098        1.6666666666666667     
  0.35481338923357575       0.38904514499428094        1057.9697677599193        8.0884259123251590E-002   2609.5229880775019        1.6666666666666665     
  0.35481338923357575       0.38904514499428094        1105.4364159250026        7.7708592069850757E-002   2748.7243036014597        1.6666666666666667     
  0.35481338923357575       0.38904514499428094        1160.9874495273734        7.5643674844346545E-002   2899.5165806937885        1.6666666666666667     
  0.35481338923357575       0.38904514499428094        1226.6615001913615        7.4383100804123706E-002   3064.1058946661669        1.6666666666666665     
  0.35481338923357575       0.38904514499428094        1304.8608801193895        7.3668832043452231E-002   3245.1805915593186        1.6666666666666667     
  0.35481338923357575       0.38904514499428094        1398.3895582412842        7.3286717724577788E-002   3445.9818526011118        1.6666666666666665     
  0.35481338923357575       0.38904514499428094        1510.4915220021849        7.3062359881874206E-002   3670.3765976177201        1.6666666666666667     
  0.35481338923357575       0.38904514499428094        1644.8892883334083        7.2857208273552618E-002   3922.9316309143705        1.6666666666666667     
  0.35481338923357575       0.38904514499428094        1805.8224472956745        7.2564801450634125E-002   4208.9879942670523        1.6666666666666667     
  0.35481338923357575       0.38904514499428094        1998.0862738273490        7.2107104529820415E-002   4534.7346587698030        1.6666666666666665     
  0.35481338923357575       0.38904514499428094        2227.0706192295002        7.1430923966322141E-002   4907.2809570230984        1.6666666666666665     
  0.35481338923357575       0.38904514499428094        2498.7994842347134        7.0504404686705741E-002   5334.7275153853270        1.6666666666666667     
  0.35481338923357575       0.38904514499428094        2819.9718680692740        6.9313634246814207E-002   5826.2358690535502        1.6666666666666667     
  0.35481338923357575       0.38904514499428094        3198.0046710030838        6.7859391587115625E-002   6392.0973999520174        1.6666666666666665     
  0.35481338923357575       0.38904514499428094        3641.0785908540201        6.6154084332723073E-002   7043.8026949383166        1.6666666666666665     
  0.35481338923357575       0.38904514499428094        4158.1880885154769        6.4218918824630267E-002   7794.1128468103871        1.6666666666666667     
  0.35481338923357575       0.38904514499428094        4759.1965987960066        6.2081342056728939E-002   8657.1345850739181        1.6666666666666667     
  0.35481338923357575       0.38904514499428094        5454.8982293517638        5.9772785681719405E-002   9648.4014075265768        1.6666666666666667     
  0.35481338923357575       0.38904514499428094        6257.0872245269984        5.7326730696587024E-002   10784.963077435395        1.6666666666666667     
  0.35481338923357575       0.38904514499428094        7178.6364778932202        5.4777098809592070E-002   12085.485954683174        1.6666666666666665     
  0.39810717055349759        1.7378008287493749        4924.6318024406664        2241.6422977501716        5543.4726278253502        1.6666666633682850     
  0.39810717055349759       0.43651583224016632        77753.944523172249        29949.300730992818        88066.506977160665        1.6666666615949453     
  0.39810717055349759       0.43651583224016632        182728.16034234592        35905.676541208697        206860.94307398144        1.6666666629657731     
  0.39810717055349759       0.43651583224016632        132206.74691510160       -14373.282693889494        149413.71551035007        1.6666666662364333     
  0.39810717055349759       0.43651583224016632        78963.721437915272       -12599.206700814790        88719.333112962951        1.6666666666531149     
  0.39810717055349759       0.43651583224016632        44619.604034265962       -6759.7842549956840        49255.805935587465        1.6666666666660070     
  0.39810717055349759       0.43651583224016632        24231.719969883576       -3337.7409763934720        25426.755999115430        1.6666666666666172     
  0.39810717055349759       0.43651583224016632        11793.616610981662       -1693.6927814804883        10930.827680254330        1.6666666666666619     
  0.39810717055349759       0.43651583224016632        4742.3009520875503       -798.63921618104882        3326.2517219983238        1.6666666666666661     
  0.39810717055349759       0.43651583224016632        1747.3432531059736       -282.14422659947360        1024.9488463435214        1.6666666666666665     
  0.39810717055349759       0.43651583224016632        1048.2095351708069       -54.782358167483729        1114.8069490676082        1.6666666666666665     
  0.39810717055349759       0.43651583224016632        1013.9166024252197       -2.2350389855854593        1347.1275674746923        1.6666666666666665     
  0.39810717055349759       0.43651583224016632        1057.3918266392018        2.3567976996665525        1444.4074878978197        1.6666666666666667     
  0.39810717055349759       0.43651583224016632        1105.5934404952700        2.1734119690559544        1524.5439380714110        1.6666666666666667     
  0.39810717055349759       0.43651583224016632        1155.5608140511993        1.8739888272661711        1608.4991635033266        1.6666666666666667     
  0.39810717055349759       0.43651583224016632        1207.3223904958031        1.6146855912346358        1697.4881421366920        1.6666666666666665     
  0.39810717055349759       0.43651583224016632        1260.9531749527393        1.3915365711864252        1791.8500917104973        1.6666666666666667     
  0.39810717055349759       0.43651583224016632        1316.5389807262577        1.1996218867574762        1891.9233172937058        1.6666666666666665     
  0.39810717055349759       0.43651583224016632        1374.1819299023998        1.0347291108134171        1998.0603977955902        1.6666666666666667     
  0.39810717055349759       0.43651583224016632        1434.0073298242010       0.89323572757277669        2110.6303643093224        1.6666666666666665     
  0.39810717055349759       0.43651583224016632        1496.1722295836116       0.77201495417214183        2230.0216507128853        1.6666666666666667     
  0.39810717055349759       0.43651583224016632        1560.8761515528188       0.66836097051393095        2356.6465633236139        1.6666666666666667     
  0.39810717055349759       0.43651583224016632        1628.3744091779693       0.57992661073607543        2490.9477630031643        1.6666666666666667     
  0.39810717055349759       0.43651583224016632        1698.9944013687370       0.50467075694935026        2633.4073029090432        1.6666666666666665     
  0.39810717055349759       0.43651583224016632        1773.1552730812698       0.44081392098839295        2784.5588527223654        1.6666666666666665     
  0.39810717055349759       0.43651583224016632        1851.3913236979267       0.38680082716786857        2945.0038199602141        1.6666666666666667     
  0.39810717055349759       0.43651583224016632        1934.3795189817356       0.34126896503990173        3115.4321377823026        1.6666666666666667     
  0.39810717055349759       0.43651583224016632        2022.9714181325576       0.30302222791168260        3296.6485268417559        1.6666666666666670     
  0.39810717055349759       0.43651583224016632        2118.2297619679898       0.27100886772895438        3489.6050429617903        1.6666666666666670     
  0.39810717055349759       0.43651583224016632        2221.4698818641259       0.24430309861817667        3695.4406847138471        1.6666666666666665     
  0.39810717055349759       0.43651583224016632        2334.3059834522478       0.22208976691578325        3915.5287466782206        1.6666666666666665     
  0.39810717055349759       0.43651583224016632        2458.7022381848133       0.20365157827050867        4151.5324597141544        1.6666666666666667     
  0.39810717055349759       0.43651583224016632        2597.0284862498465       0.18835843462367613        4405.4692576801999        1.6666666666666670     
  0.39810717055349759       0.43651583224016632        2752.1202249182279       0.17565848785969321        4679.7837553322079        1.6666666666666667     
  0.39810717055349759       0.43651583224016632        2927.3424384261689       0.16507056486993732        4977.4292262477675        1.6666666666666667     
  0.39810717055349759       0.43651583224016632        3126.6567315951997       0.15617766267278235        5301.9570517607472        1.6666666666666667     
  0.39810717055349759       0.43651583224016632        3354.6911726865383       0.14862125373657745        5657.6132981947794        1.6666666666666667     
  0.39810717055349759       0.43651583224016632        3616.8122436888125       0.14209618198440721        6049.4413015935288        1.6666666666666667     
  0.39810717055349759       0.43651583224016632        3919.1983481242896       0.13634596978821484        6483.3889303554606        1.6666666666666665     
  0.39810717055349759       0.43651583224016632        4268.9144434251884       0.13115839570304277        6966.4190888793164        1.6666666666666665     
  0.39810717055349759       0.43651583224016632        4673.9875477641217       0.12636124127184373        7506.6220456761375        1.6666666666666665     
  0.39810717055349759       0.43651583224016632        5143.4831149311831       0.12181814201272234        8113.3283335098859        1.6666666666666665     
  0.39810717055349759       0.43651583224016632        5687.5825646678895       0.11742451141867036        8797.2212797575976        1.6666666666666665     
  0.39810717055349759       0.43651583224016632        6317.6625840383222       0.11310353607901570        9570.4486702712311        1.6666666666666665     
  0.39810717055349759       0.43651583224016632        7046.3771587079027       0.10880226361189195        10446.733603199906        1.6666666666666667     
  0.39810717055349759       0.43651583224016632        7887.7436307724784       0.10448782204857930        11441.485212514401        1.6666666666666665     
  0.39810717055349759       0.43651583224016632        8857.2343923103017       0.10014381919446519        12571.910589229121        1.6666666666666665     
  0.39810717055349759       0.43651583224016632        9971.8760945572249        9.5766973446776385E-002   13857.129854869407        1.6666666666666665     
  0.39810717055349759       0.43651583224016632        11250.358469944229        9.1364024282249753E-002   15318.296904070558        1.6666666666666665     
  0.39810717055349759       0.43651583224016632        12713.155022734161        8.6948962323842471E-002   16978.728798033488        1.6666666666666665     
  0.44668359215096348        2.1877616239495516        7785.8945258452459        3546.3075169200174        6972.4123148432809        1.6666666626194857     
  0.44668359215096348       0.48977881936844658        123254.00220294671        47483.478183033367        110875.92897273449        1.6666666599103737     
  0.44668359215096348       0.48977881936844658        289574.62188212579        56888.773359555096        260366.71786327646        1.6666666616326047     
  0.44668359215096348       0.48977881936844658        209250.79413710345       -22852.034512001643        187743.28524326003        1.6666666660739087     
  0.44668359215096348       0.48977881936844658        124437.81347228486       -20069.788760710515        110812.65509567915        1.6666666666470773     
  0.44668359215096348       0.48977881936844658        69393.589448435479       -10834.084757855366        60370.003626919264        1.6666666666656962     
  0.44668359215096348       0.48977881936844658        36364.600713763895       -5407.2413184428860        29565.774027383621        1.6666666666665968     
  0.44668359215096348       0.48977881936844658        16392.784618108202       -2719.5561717260230        11207.392941800834        1.6666666666666605     
  0.44668359215096348       0.48977881936844658        5855.0144624189625       -1193.5186147595612        2711.4942360468517        1.6666666666666659     
  0.44668359215096348       0.48977881936844658        2227.2132799092428       -341.76214216445163        1169.3619243835476        1.6666666666666665     
  0.44668359215096348       0.48977881936844658        1703.9557904781896       -41.001139645346825        1597.9424848051835        1.6666666666666667     
  0.44668359215096348       0.48977881936844658        1754.6033518044821        3.3009505173820601        1804.9280726895945        1.6666666666666665     
  0.44668359215096348       0.48977881936844658        1843.0227544055369        4.7932276008604795        1914.4494180394074        1.6666666666666667     
  0.44668359215096348       0.48977881936844658        1936.4433083711101        4.2123351046067334        2024.6403111387028        1.6666666666666667     
  0.44668359215096348       0.48977881936844658        2034.6027481677334        3.6813960866620401        2142.0762087184044        1.6666666666666665     
  0.44668359215096348       0.48977881936844658        2137.8009774261254        3.2192352951766741        2267.4186138668688        1.6666666666666667     
  0.44668359215096348       0.48977881936844658        2246.3583063936167        2.8166937116102972        2401.2652935948627        1.6666666666666667     
  0.44668359215096348       0.48977881936844658        2360.6194964711081        2.4659213357885057        2544.2472605260191        1.6666666666666667     
  0.44668359215096348       0.48977881936844658        2480.9605371651060        2.1602013743460500        2697.0318831474965        1.6666666666666667     
  0.44668359215096348       0.48977881936844658        2607.7963868007537        1.8937493536139858        2860.3249918110960        1.6666666666666667     
  0.44668359215096348       0.48977881936844658        2741.5906760154367        1.6615677409007854        3034.8736737819640        1.6666666666666667     
  0.44668359215096348       0.48977881936844658        2882.8680677241609        1.4593287664858496        3221.4702414563944        1.6666666666666670     
  0.44668359215096348       0.48977881936844658        3032.2298413805697        1.2832756017366438        3420.9577553584891        1.6666666666666667     
  0.44668359215096348       0.48977881936844658        3190.3732968222539        1.1301385753307160        3634.2376013567950        1.6666666666666667     
  0.44668359215096348       0.48977881936844658        3358.1156205149123       0.99706421614471108        3862.2797391478875        1.6666666666666667     
  0.44668359215096348       0.48977881936844658        3536.4228954415667       0.88155525346769548        4106.1363521855892        1.6666666666666667     
  0.44668359215096348       0.48977881936844658        3726.4449583369246       0.78141996602374619        4366.9597468831844        1.6666666666666670     
  0.44668359215096348       0.48977881936844658        3929.5568090518072       0.69472949681446983        4646.0254593915461        1.6666666666666665     
  0.44668359215096348       0.48977881936844658        4147.4072512580806       0.61978194559597088        4944.7616255574612        1.6666666666666665     
  0.44668359215096348       0.48977881936844658        4381.9753867414638       0.55507221798396567        5264.7857413698339        1.6666666666666665     
  0.44668359215096348       0.48977881936844658        4635.6354936765929       0.49926675268073789        5607.9499747956625        1.6666666666666667     
  0.44668359215096348       0.48977881936844658        4911.2306910543412       0.45118236903846126        5976.3961720173384        1.6666666666666667     
  0.44668359215096348       0.48977881936844658        5212.1556281759340       0.40976857890920898        6372.6216191536114        1.6666666666666667     
  0.44668359215096348       0.48977881936844658        5542.4482447971204       0.37409279233728315        6799.5564647437286        1.6666666666666667     
  0.44668359215096348       0.48977881936844658        5906.8904332181019       0.34332791887919606        7260.6534735944851        1.6666666666666667     
  0.44668359215096348       0.48977881936844658        6311.1172118985542       0.31674192793851452        7759.9904711229565        1.6666666666666667     
  0.44668359215096348       0.48977881936844658        6761.7338087108456       0.29368898510347152        8302.3854602019419        1.6666666666666665     
  0.44668359215096348       0.48977881936844658        7266.4398716841060       0.27360182948535211        8893.5239710346996        1.6666666666666667     
  0.44668359215096348       0.48977881936844658        7834.1598987676589       0.25598510158199250        9540.0977703172084        1.6666666666666667     
  0.44668359215096348       0.48977881936844658        8475.1789281566671       0.24040937388782480        10249.953649112273        1.6666666666666665     
  0.44668359215096348       0.48977881936844658        9201.2825764045774       0.22650567836231811        11032.250674646648        1.6666666666666667     
  0.44668359215096348       0.48977881936844658        10025.900667640808       0.21396036676259109        11897.624077740466        1.6666666666666667     
  0.44668359215096348       0.48977881936844658        10964.253968047393       0.20251018061433373        12858.353891573905        1.6666666666666667     
  0.44668359215096348       0.48977881936844658        12033.503924662691       0.19193744814565286        13928.536595772257        1.6666666666666667     
  0.44668359215096348       0.48977881936844658        13252.905789536762       0.18206536243771337        15124.258357696985        1.6666666666666667     
  0.44668359215096348       0.48977881936844658        14643.966069370883       0.17275332902378698        16463.769002187888        1.6666666666666667     
  0.44668359215096348       0.48977881936844658        16230.605843907852       0.16389239899092967        17967.656549154744        1.6666666666666667     
  0.44668359215096348       0.48977881936844658        18039.332108826817       0.15540082506854699        19659.022991226433        1.6666666666666667     
  0.44668359215096348       0.48977881936844658        20099.419887711392       0.14721979237031066        21563.662888890227        1.6666666666666667     
  0.44668359215096348       0.48977881936844658        22443.108387393546       0.13930938151927055        23710.247265192931        1.6666666666666667     
  0.50118723362727269        2.7542287033381658        12317.866535562343        5614.0759860767384        8772.2811704243395        1.6666666616841503     
  0.50118723362727269       0.54954087385762496        195368.14975178937        75275.020127652810        139587.26517011403        1.6666666576209286     
  0.50118723362727269       0.54954087385762496        458868.10875633685        90128.268382938870        327691.80039018521        1.6666666597888489     
  0.50118723362727269       0.54954087385762496        331066.70973656891       -36359.347693845608        235792.15855260711        1.6666666658378892     
  0.50118723362727269       0.54954087385762496        195795.17479641805       -32010.089850692621        138122.39699907915        1.6666666666375991     
  0.50118723362727269       0.54954087385762496        107330.42836248994       -17412.082338232129        73432.187347502055        1.6666666666652121     
  0.50118723362727269       0.54954087385762496        53697.905705167912       -8780.2867612646423        33551.095344652706        1.6666666666665666     
  0.50118723362727269       0.54954087385762496        21923.397559810361       -4326.7251869529546        10705.293780582631        1.6666666666666587     
  0.50118723362727269       0.54954087385762496        6913.3770379441867       -1700.0502607374017        2048.6124082088691        1.6666666666666659     
  0.50118723362727269       0.54954087385762496        3073.2988141322408       -361.76000112032517        1637.7197794953147        1.6666666666666665     
  0.50118723362727269       0.54954087385762496        2834.4449859134470       -18.715984698609557        2188.2238154211204        1.6666666666666667     
  0.50118723362727269       0.54954087385762496        2976.8394502726378        9.2805471475840360        2365.8130918320489        1.6666666666666665     
  0.50118723362727269       0.54954087385762496        3137.7345756334093        8.7221461923104755        2506.1002376296783        1.6666666666666665     
  0.50118723362727269       0.54954087385762496        3308.1983438903326        7.6862155554846820        2655.2284177216743        1.6666666666666665     
  0.50118723362727269       0.54954087385762496        3488.9061987138030        6.7773124108548668        2815.0127026280566        1.6666666666666665     
  0.50118723362727269       0.54954087385762496        3680.6228879771884        5.9805399490507263        2986.3528649838331        1.6666666666666667     
  0.50118723362727269       0.54954087385762496        3884.1611599129710        5.2811263512685400        3170.2020890662875        1.6666666666666665     
  0.50118723362727269       0.54954087385762496        4100.3919043554542        4.6665714387582709        3367.5787718424940        1.6666666666666667     
  0.50118723362727269       0.54954087385762496        4330.2529306055803        4.1261576429003028        3579.5703960227024        1.6666666666666667     
  0.50118723362727269       0.54954087385762496        4574.7584733142876        3.6506414770726945        3807.3369468004171        1.6666666666666665     
  0.50118723362727269       0.54954087385762496        4835.0110227002770        3.2320306276532214        4052.1150284317337        1.6666666666666667     
  0.50118723362727269       0.54954087385762496        5112.2162720852275        2.8633993716587076        4315.2228728475056        1.6666666666666665     
  0.50118723362727269       0.54954087385762496        5407.7019035317780        2.5387319139058317        4598.0665363771577        1.6666666666666665     
  0.50118723362727269       0.54954087385762496        5722.9410253047718        2.2527893485950194        4902.1477073902670        1.6666666666666665     
  0.50118723362727269       0.54954087385762496        6059.5811815563702        2.0009968034711543        5229.0736621634878        1.6666666666666665     
  0.50118723362727269       0.54954087385762496        6419.4799593402795        1.7793478050882408        5580.5700345612495        1.6666666666666665     
  0.50118723362727269       0.54954087385762496        6804.7483147645744        1.5843233181373464        5958.4972088408795        1.6666666666666665     
  0.50118723362727269       0.54954087385762496        7217.8028218408053        1.4128232737184758        6364.8713010282863        1.6666666666666665     
  0.50118723362727269       0.54954087385762496        7661.4281062686559        1.2621087160241788        6801.8908574000616        1.6666666666666667     
  0.50118723362727269       0.54954087385762496        8138.8507530521829        1.1297529688753507        7271.9705604659775        1.6666666666666665     
  0.50118723362727269       0.54954087385762496        8653.8259622071491        1.0136004572908148        7777.7833823094388        1.6666666666666667     
  0.50118723362727269       0.54954087385762496        9210.7381621015120       0.91173201886517108        8322.3127480701878        1.6666666666666667     
  0.50118723362727269       0.54954087385762496        9814.7166679159691       0.82243570900637986        8908.9163521026549        1.6666666666666667     
  0.50118723362727269       0.54954087385762496        10471.767288866145       0.74418224667765920        9541.4032877047939        1.6666666666666667     
  0.50118723362727269       0.54954087385762496        11188.920541956530       0.67560436668366741        10224.126090177015        1.6666666666666667     
  0.50118723362727269       0.54954087385762496        11974.396827528361       0.61547944412331956        10962.089136587263        1.6666666666666667     
  0.50118723362727269       0.54954087385762496        12837.788574924787       0.56271483969596392        11761.074583391537        1.6666666666666667     
  0.50118723362727269       0.54954087385762496        13790.258994989363       0.51633548431169984        12627.786652680001        1.6666666666666667     
  0.50118723362727269       0.54954087385762496        14844.756707159806       0.47547328100194436        13570.014608173715        1.6666666666666667     
  0.50118723362727269       0.54954087385762496        16016.245176546006       0.43935795433465802        14596.814215495959        1.6666666666666667     
  0.50118723362727269       0.54954087385762496        17321.945639055899       0.40730902497520516        15718.706894728482        1.6666666666666665     
  0.50118723362727269       0.54954087385762496        18781.592050186486       0.37872863182155542        16947.895195395678        1.6666666666666665     
  0.50118723362727269       0.54954087385762496        20417.696602644977       0.35309496783220112        18298.492718260131        1.6666666666666667     
  0.50118723362727269       0.54954087385762496        22255.824549326499       0.32995613913145527        19786.766233663569        1.6666666666666667     
  0.50118723362727269       0.54954087385762496        24324.877459435764       0.30892430037471807        21431.387570593080        1.6666666666666665     
  0.50118723362727269       0.54954087385762496        26657.384629407752       0.28966996213317470        23253.692917934910        1.6666666666666665     
  0.50118723362727269       0.54954087385762496        29289.803152048615       0.27191640708091774        25277.947525146043        1.6666666666666665     
  0.50118723362727269       0.54954087385762496        32262.828084849702       0.25543418949984092        27531.614418744099        1.6666666666666665     
  0.50118723362727269       0.54954087385762496        35621.715204571090       0.24003572538468981        30045.626636240901        1.6666666666666665     
  0.50118723362727269       0.54954087385762496        39416.619932332906       0.22557000668849592        32854.663577444808        1.6666666666666665     
  0.56234132519034952        3.4673685045253158        19497.422002065705        8891.7751937722514        11038.825786916970        1.6666666604952796     
  0.56234132519034952       0.61659500186148264        309659.84180072887        119322.30645517279        175727.60365269001        1.6666666544697557     
  0.56234132519034952       0.61659500186148264        727087.70356639684        142778.20193164871        412397.31255780876        1.6666666572039357     
  0.56234132519034952       0.61659500186148264        523557.80800554703       -57904.015883616259        295962.01453381020        1.6666666654880526     
  0.56234132519034952       0.61659500186148264        307478.04539701279       -51132.210624177009        171716.44647007465        1.6666666666226067     
  0.56234132519034952       0.61659500186148264        164860.75738186535       -28070.661612417494        88454.958314876552        1.6666666666644652     
  0.56234132519034952       0.61659500186148264        77665.039837929129       -14274.984029405383        36850.334193751238        1.6666666666665233     
  0.56234132519034952       0.61659500186148264        27943.592855537408       -6770.5544333309281        9256.2676593003325        1.6666666666666567     
  0.56234132519034952       0.61659500186148264        8009.4419126263747       -2257.7623034362946        1685.2393242486262        1.6666666666666659     
  0.56234132519034952       0.61659500186148264        4637.6281344596546       -317.64648662710556        2405.2128186803625        1.6666666666666665     
  0.56234132519034952       0.61659500186148264        4708.8802964331917        5.5831400450404933        2882.0119766761036        1.6666666666666667     
  0.56234132519034952       0.61659500186148264        4971.4033554206035        17.109918122343117        3066.7140288177711        1.6666666666666665     
  0.56234132519034952       0.61659500186148264        5252.4944693070756        15.237986751803520        3251.5197015104400        1.6666666666666667     
  0.56234132519034952       0.61659500186148264        5551.9711367139462        13.503410390752720        3449.8816926707309        1.6666666666666667     
  0.56234132519034952       0.61659500186148264        5871.3628249327285        11.978545451738164        3663.1130944553120        1.6666666666666667     
  0.56234132519034952       0.61659500186148264        6212.2890499751738        10.635083029961343        3892.5281437430335        1.6666666666666665     
  0.56234132519034952       0.61659500186148264        6576.4808174579666        9.4495385161532006        4139.5386944208167        1.6666666666666665     
  0.56234132519034952       0.61659500186148264        6965.7975792897923        8.4020174193014032        4405.6646963754729        1.6666666666666665     
  0.56234132519034952       0.61659500186148264        7382.2399028237451        7.4754154895618674        4692.5401784888836        1.6666666666666667     
  0.56234132519034952       0.61659500186148264        7827.9631151885123        6.6549642528613067        5001.9196116509820        1.6666666666666667     
  0.56234132519034952       0.61659500186148264        8305.2937459119894        5.9278851317886874        5335.6850005002971        1.6666666666666667     
  0.56234132519034952       0.61659500186148264        8816.7495950161119        5.2830974889735360        5695.8537564692706        1.6666666666666667     
  0.56234132519034952       0.61659500186148264        9365.0643032421067        4.7109703501406841        6084.5875917960702        1.6666666666666667     
  0.56234132519034952       0.61659500186148264        9953.2174563138324        4.2031114384866619        6504.2027699735499        1.6666666666666667     
  0.56234132519034952       0.61659500186148264        10584.471427553015        3.7521880713601847        6957.1821491621668        1.6666666666666667     
  0.56234132519034952       0.61659500186148264        11262.416347182501        3.3517752189693120        7446.1895770474321        1.6666666666666667     
  0.56234132519034952       0.61659500186148264        11991.024777729250        2.9962266821405175        7974.0873407218751        1.6666666666666667     
  0.56234132519034952       0.61659500186148264        12774.717866592482        2.6805659215188133        8543.9575441551406        1.6666666666666667     
  0.56234132519034952       0.61659500186148264        13618.444930433965        2.4003935722311414        9159.1284778694535        1.6666666666666665     
  0.56234132519034952       0.61659500186148264        14527.778590677699        2.1518091135388819        9823.2072575769689        1.6666666666666665     
  0.56234132519034952       0.61659500186148264        15509.027712014562        1.9313445393523037        10540.120234929725        1.6666666666666665     
  0.56234132519034952       0.61659500186148264        16569.370481553051        1.7359081990730132        11314.162914875260        1.6666666666666667     
  0.56234132519034952       0.61659500186148264        17717.009989245369        1.5627372548959866        12150.061337120236        1.6666666666666670     
  0.56234132519034952       0.61659500186148264        18961.354614648633        1.4093574367751653        13053.047076433131        1.6666666666666665     
  0.56234132519034952       0.61659500186148264        20313.225376869254        1.2735489746612365        14028.948166672488        1.6666666666666667     
  0.56234132519034952       0.61659500186148264        21785.092153309339        1.1533177538611787        15084.298332270033        1.6666666666666670     
  0.56234132519034952       0.61659500186148264        23391.340314333233        1.0468708777540467        16226.466893121236        1.6666666666666665     
  0.56234132519034952       0.61659500186148264        25148.568859509869       0.95259593663665465        17463.811570680296        1.6666666666666667     
  0.56234132519034952       0.61659500186148264        27075.920591872535       0.86904337605915583        18805.856145900310        1.6666666666666667     
  0.56234132519034952       0.61659500186148264        29195.444257518320       0.79491143637968897        20263.494494151979        1.6666666666666667     
  0.56234132519034952       0.61659500186148264        31532.487950018014       0.72903320098907565        21849.221952556640        1.6666666666666665     
  0.56234132519034952       0.61659500186148264        34116.122486258420       0.67036534709754925        23577.394282659625        1.6666666666666667     
  0.56234132519034952       0.61659500186148264        36979.592966173841       0.61797824318433603        25464.513716892980        1.6666666666666667     
  0.56234132519034952       0.61659500186148264        40160.796402404812       0.57104708380365876        27529.540781170992        1.6666666666666665     
  0.56234132519034952       0.61659500186148264        43702.783215314674       0.52884379745362442        29794.229845071808        1.6666666666666665     
  0.56234132519034952       0.61659500186148264        47654.280593430682       0.49072950798344139        32283.485752600900        1.6666666666666665     
  0.56234132519034952       0.61659500186148264        52070.236262162900       0.45614737510114983        35025.738519092338        1.6666666666666665     
  0.56234132519034952       0.61659500186148264        57012.382103349511       0.42461568465358485        38053.333021629122        1.6666666666666665     
  0.56234132519034952       0.61659500186148264        62549.818315572571       0.39572110362632962        41402.930919795974        1.6666666666666665     
  0.56234132519034952       0.61659500186148264        68759.620358815911       0.36911205653765561        45115.922745441276        1.6666666666666665     
  0.63095734448019369        4.3651583224016584        30872.535918624995        14087.738625482627        13892.521545471662        1.6666666589521588     
  0.63095734448019369       0.69183097091893697        490792.79416819289        189131.12882735199        221219.18618297557        1.6666666500659268     
  0.63095734448019369       0.69183097091893697        1152006.7621457691        226163.48856207021        518957.19196287793        1.6666666535200998     
  0.63095734448019369       0.69183097091893697        827502.96909006394       -92320.947424520054        371210.76149061846        1.6666666649588950     
  0.63095734448019369       0.69183097091893697        481702.79749009578       -81828.705264542805        212782.14354267635        1.6666666665988534     
  0.63095734448019369       0.69183097091893697        251012.02287086926       -45405.734196509169        105217.25942746937        1.6666666666633221     
  0.63095734448019369       0.69183097091893697        109358.84179356786       -23190.323499248127        38707.904796069561        1.6666666666664627     
  0.63095734448019369       0.69183097091893697        33636.069076437496       -10311.147113350076        6952.2687092227643        1.6666666666666545     
  0.63095734448019369       0.69183097091893697        9633.4663090475642       -2718.5593140018054        1983.4345469550610        1.6666666666666661     
  0.63095734448019369       0.69183097091893697        7391.1353112934748       -211.24196356979840        3362.8812915963654        1.6666666666666665     
  0.63095734448019369       0.69183097091893697        7756.0362743230417        28.592720876608080        3721.5170226666328        1.6666666666666665     
  0.63095734448019369       0.69183097091893697        8204.4212520774636        29.223452927366164        3948.5117349740426        1.6666666666666667     
  0.63095734448019369       0.69183097091893697        8683.6338002163830        25.978176111209645        4190.4790958428475        1.6666666666666665     
  0.63095734448019369       0.69183097091893697        9196.3467879442305        23.118241383900394        4450.9063931927039        1.6666666666666665     
  0.63095734448019369       0.69183097091893697        9745.5037624591787        20.595719995256559        4731.5206546133459        1.6666666666666665     
  0.63095734448019369       0.69183097091893697        10334.235769099356        18.365304025040945        5034.1679234839730        1.6666666666666667     
  0.63095734448019369       0.69183097091893697        10965.909276921962        16.389780535292697        5360.8456049515462        1.6666666666666667     
  0.63095734448019369       0.69183097091893697        11644.153275968931        14.637484057239027        5713.7148507040401        1.6666666666666667     
  0.63095734448019369       0.69183097091893697        12372.880040189888        13.081128005164206        6095.1104439599576        1.6666666666666667     
  0.63095734448019369       0.69183097091893697        13156.307814183150        11.697133301545747        6507.5518430388884        1.6666666666666667     
  0.63095734448019369       0.69183097091893697        13998.986991116088        10.465084455689425        6953.7550711606627        1.6666666666666665     
  0.63095734448019369       0.69183097091893697        14905.830665227502        9.3672670788328531        7436.6455211397761        1.6666666666666665     
  0.63095734448019369       0.69183097091893697        15882.150598561951        8.3882744511281899        7959.3718740370141        1.6666666666666665     
  0.63095734448019369       0.69183097091893697        16933.699848762906        7.5146731060926761        8525.3213942509228        1.6666666666666665     
  0.63095734448019369       0.69183097091893697        18066.723549666935        6.7347188434393814        9138.1369520878052        1.6666666666666665     
  0.63095734448019369       0.69183097091893697        19288.019602239496        6.0381156721035047        9801.7362247227247        1.6666666666666665     
  0.63095734448019369       0.69183097091893697        20605.011332225840        5.4158112864304897        10520.333658068937        1.6666666666666665     
  0.63095734448019369       0.69183097091893697        22025.834491248112        4.8598235644827446        11298.465929260263        1.6666666666666665     
  0.63095734448019369       0.69183097091893697        23559.441316632638        4.3630933790627431        12141.021838706536        1.6666666666666665     
  0.63095734448019369       0.69183097091893697        25215.724711952425        3.9193597031225713        13053.277783046760        1.6666666666666667     
  0.63095734448019369       0.69183097091893697        27005.665952202588        3.5230535905181757        14040.940215974237        1.6666666666666667     
  0.63095734448019369       0.69183097091893697        28941.509637845265        3.1692081302100732        15110.196790394251        1.6666666666666667     
  0.63095734448019369       0.69183097091893697        31036.969899935983        2.8533819163370993        16267.778186792950        1.6666666666666667     
  0.63095734448019369       0.69183097091893697        33307.472069967131        2.5715939565460153        17521.032958777094        1.6666666666666667     
  0.63095734448019369       0.69183097091893697        35770.434146187952        2.3202682641409469        18878.018052022049        1.6666666666666667     
  0.63095734448019369       0.69183097091893697        38445.592385327349        2.0961866528774578        20347.607956233642        1.6666666666666667     
  0.63095734448019369       0.69183097091893697        41355.375198678928        1.8964484827458079        21939.625704413604        1.6666666666666665     
  0.63095734448019369       0.69183097091893697        44525.329212881916        1.7184362964871365        23664.999108165997        1.6666666666666667     
  0.63095734448019369       0.69183097091893697        47984.600855430050        1.5597864450307042        25535.945677519216        1.6666666666666667     
  0.63095734448019369       0.69183097091893697        51766.476142713625        1.4183639303255797        27566.189584451291        1.6666666666666665     
  0.63095734448019369       0.69183097091893697        55908.980501036342        1.2922408006967983        29771.213761214418        1.6666666666666667     
  0.63095734448019369       0.69183097091893697        60455.539475954844        1.1796775211697810        32168.549757715529        1.6666666666666667     
  0.63095734448019369       0.69183097091893697        65455.700142773028        1.0791068132858803        34778.107312504682        1.6666666666666667     
  0.63095734448019369       0.69183097091893697        70965.912004238329       0.98911951961114131        37622.544736559932        1.6666666666666667     
  0.63095734448019369       0.69183097091893697        77050.365253651864       0.90845210098493523        40727.680210970168        1.6666666666666665     
  0.63095734448019369       0.69183097091893697        83781.883609668323       0.83597542266482083        44122.943029052549        1.6666666666666665     
  0.63095734448019369       0.69183097091893697        91242.868614206265       0.77068453145637728        47841.862765996164        1.6666666666666665     
  0.63095734448019369       0.69183097091893697        99526.292440162040       0.71168917149752309        51922.593449953689        1.6666666666666665     
  0.63095734448019369       0.69183097091893697        108736.73697213600       0.65820483259681650        56408.469160134766        1.6666666666666665     
  0.63095734448019369       0.69183097091893697        118991.47825692393       0.60954417202528322        61348.587208664998        1.6666666666666665     
  0.70794578438413847        5.4954087385762440        48896.068757118417        22324.762529603788        17484.984293804591        1.6666666569014432     
  0.70794578438413847       0.77624711662869239        777851.82818509522        299765.49885089218        278481.62433840631        1.6666666438028988     
  0.70794578438413847       0.77624711662869239        1825108.5301234866        358206.63295247738        652989.28610081936        1.6666666481725689     
  0.70794578438413847       0.77624711662869239        1306989.1411071732       -147404.35673363099        465158.98197883164        1.6666666641434671     
  0.70794578438413847       0.77624711662869239        752363.06234657648       -131244.39389646082        262572.85529866978        1.6666666665613314     
  0.70794578438413847       0.77624711662869239        377918.27819784416       -73700.131131769987        123114.25851199508        1.6666666666615888     
  0.70794578438413847       0.77624711662869239        148733.11352771590       -37520.358311108816        38197.756733974500        1.6666666666663807     
  0.70794578438413847       0.77624711662869239        38110.447755922607       -15063.455020392752        4340.6829080835678        1.6666666666666525     
  0.70794578438413847       0.77624711662869239        12795.681588715372       -2867.1762813630294        3067.7273425847561        1.6666666666666659     
  0.70794578438413847       0.77624711662869239        11980.011126699741       -76.841389694316035        4451.7588353840856        1.6666666666666665     
  0.70794578438413847       0.77624711662869239        12669.905600173684        54.058394229988998        4767.0414426636107        1.6666666666666667     
  0.70794578438413847       0.77624711662869239        13419.155060207013        48.832270063540406        5058.9160043463835        1.6666666666666665     
  0.70794578438413847       0.77624711662869239        14222.107246013260        43.528145022004963        5372.9822049419590        1.6666666666666665     
  0.70794578438413847       0.77624711662869239        15083.871936061081        38.856991333370821        5711.6041381378627        1.6666666666666667     
  0.70794578438413847       0.77624711662869239        16009.801688070293        34.726300115742163        6077.1188325018011        1.6666666666666667     
  0.70794578438413847       0.77624711662869239        17005.625544364852        31.064402257674335        6472.0466560936666        1.6666666666666665     
  0.70794578438413847       0.77624711662869239        18077.534650099296        27.812397985991115        6899.1278828453023        1.6666666666666665     
  0.70794578438413847       0.77624711662869239        19232.224719472037        24.919877662382774        7361.3376022793864        1.6666666666666665     
  0.70794578438413847       0.77624711662869239        20476.933293172297        22.343343185843992        7861.9017211721075        1.6666666666666665     
  0.70794578438413847       0.77624711662869239        21819.480516622571        20.045183943725029        8404.3145144751597        1.6666666666666667     
  0.70794578438413847       0.77624711662869239        23268.314646827770        17.992816186662917        8992.3573766903628        1.6666666666666667     
  0.70794578438413847       0.77624711662869239        24832.563294047308        16.157950123615429        9630.1188928407882        1.6666666666666667     
  0.70794578438413847       0.77624711662869239        26522.091622014224        14.515966359039155        10322.016407612409        1.6666666666666667     
  0.70794578438413847       0.77624711662869239        28347.568993154033        13.045385847656251        11072.819325131919        1.6666666666666667     
  0.70794578438413847       0.77624711662869239        30320.545852679810        11.727419667316921        11887.674432487247        1.6666666666666667     
  0.70794578438413847       0.77624711662869239        32453.543001323109        10.545586784339493        12772.133627490095        1.6666666666666667     
  0.70794578438413847       0.77624711662869239        34760.155813576028        9.4853896327458767        13732.184536227216        1.6666666666666665     
  0.70794578438413847       0.77624711662869239        37255.176417825438        8.5340387714015264        14774.284640937405        1.6666666666666667     
  0.70794578438413847       0.77624711662869239        39954.737365514673        7.6802191424037254        15905.399705807156        1.6666666666666667     
  0.70794578438413847       0.77624711662869239        42876.480874186738        6.9138915496633757        17133.047492990387        1.6666666666666667     
  0.70794578438413847       0.77624711662869239        46039.758325623523        6.2261239265776167        18465.348007983008        1.6666666666666667     
  0.70794578438413847       0.77624711662869239        49465.865321997408        5.6089477825132263        19911.081805860700        1.6666666666666665     
  0.70794578438413847       0.77624711662869239        53178.318230863384        5.0552359245611127        21479.758229368483        1.6666666666666667     
  0.70794578438413847       0.77624711662869239        57203.178758283044        4.5585981572133951        23181.695835026432        1.6666666666666665     
  0.70794578438413847       0.77624711662869239        61569.433646043450        4.1132921805948497        25028.117688859980        1.6666666666666667     
  0.70794578438413847       0.77624711662869239        66309.437054714188        3.7141473481754343        27031.264667974185        1.6666666666666667     
  0.70794578438413847       0.77624711662869239        71459.423525237406        3.3564993178771374        29204.530370739918        1.6666666666666667     
  0.70794578438413847       0.77624711662869239        77060.099560184579        3.0361339439615556        31562.621691468452        1.6666666666666667     
  0.70794578438413847       0.77624711662869239        83157.321784934349        2.7492390194310432        34121.749522340695        1.6666666666666667     
  0.70794578438413847       0.77624711662869239        89802.869296909892        2.4923626963440464        36899.854365604537        1.6666666666666667     
  0.70794578438413847       0.77624711662869239        97055.317157216894        2.2623775907889572        39916.871826836090        1.6666666666666667     
  0.70794578438413847       0.77624711662869239        104981.01701152412        2.0564497258792160        43195.042967428286        1.6666666666666667     
  0.70794578438413847       0.77624711662869239        113655.18955984662        1.8720115852734296        46759.274276517419        1.6666666666666667     
  0.70794578438413847       0.77624711662869239        123163.13207499472        1.7067386462655443        50637.551544180322        1.6666666666666665     
  0.70794578438413847       0.77624711662869239        133601.54248210366        1.5585288400720561        54861.411161514137        1.6666666666666667     
  0.70794578438413847       0.77624711662869239        145079.95978245483        1.4254844519004974        59466.471347534127        1.6666666666666665     
  0.70794578438413847       0.77624711662869239        157722.31899740570        1.3058960287618255        64493.024548907895        1.6666666666666665     
  0.70794578438413847       0.77624711662869239        171668.61751651310        1.1982279124025674        69986.690854776054        1.6666666666666665     
  0.70794578438413847       0.77624711662869239        187076.68896806391        1.1011050612379349        75999.130830817958        1.6666666666666667     
  0.70794578438413847       0.77624711662869239        204124.08069764503        1.0133008711212035        82588.814851414296        1.6666666666666667     
  0.79432823472428216        6.9183097091893631        77454.621236990875        35382.499483671003        22007.034048264173        1.6666666541067068     
  0.79432823472428216       0.87096358995608136        1232774.6315756086        475097.52787101985        350560.54156115715        1.6666666347234216     
  0.79432823472428216       0.87096358995608136        2891226.1466368218        567261.42886021861        821543.27333638002        1.6666666402578976     
  0.79432823472428216       0.87096358995608136        2062514.1455094668       -235767.58954251694        582202.63467185607        1.6666666628675166     
  0.79432823472428216       0.87096358995608136        1170610.4403540215       -211056.35973468481        322298.69825839874        1.6666666665023726     
  0.79432823472428216       0.87096358995608136        560844.56937189412       -120017.22698108217        140961.80543559475        1.6666666666589913     
  0.79432823472428216       0.87096358995608136        193423.29646335403       -60151.266031962950        34437.963134892576        1.6666666666662751     
  0.79432823472428216       0.87096358995608136        41288.086506537511       -20716.205636646744        2448.6676706444237        1.6666666666666512     
  0.79432823472428216       0.87096358995608136        18915.522888049032       -2533.9394145109854        4715.9097415504093        1.6666666666666656     
  0.79432823472428216       0.87096358995608136        19409.138130873453        46.501722201874799        5724.8367558179489        1.6666666666666665     
  0.79432823472428216       0.87096358995608136        20561.925070791487        90.329482634456014        6081.5386676847929        1.6666666666666667     
  0.79432823472428216       0.87096358995608136        21798.579128937308        80.598823441078906        6457.1294681464706        1.6666666666666667     
  0.79432823472428216       0.87096358995608136        23126.933656613019        72.010276008212301        6862.0010818148485        1.6666666666666665     
  0.79432823472428216       0.87096358995608136        24555.933704846779        64.433647758907838        7299.1089446792284        1.6666666666666667     
  0.79432823472428216       0.87096358995608136        26094.961350828678        57.720076285290325        7771.5581781298824        1.6666666666666665     
  0.79432823472428216       0.87096358995608136        27754.124516735359        51.757056904244401        8282.7231183863787        1.6666666666666665     
  0.79432823472428216       0.87096358995608136        29544.388643452519        46.451269166320401        8836.2828065620979        1.6666666666666665     
  0.79432823472428216       0.87096358995608136        31477.645908627022        41.722481050029423        9436.2416034565376        1.6666666666666665     
  0.79432823472428216       0.87096358995608136        33566.783947737487        37.501411299579402        10086.953435218218        1.6666666666666667     
  0.79432823472428216       0.87096358995608136        35825.760584609779        33.728126221371312        10793.147956744582        1.6666666666666667     
  0.79432823472428216       0.87096358995608136        38269.685683115589        30.350675867332829        11559.958558785625        1.6666666666666667     
  0.79432823472428216       0.87096358995608136        40914.911341078019        27.323932370367022        12392.952384280659        1.6666666666666667     
  0.79432823472428216       0.87096358995608136        43779.131909159201        24.608601538611548        13298.162553551178        1.6666666666666667     
  0.79432823472428216       0.87096358995608136        46881.495631756850        22.170382630263745        14282.122837676265        1.6666666666666665     
  0.79432823472428216       0.87096358995608136        50242.730081109679        19.979254595656101        15351.905070813507        1.6666666666666665     
  0.79432823472428216       0.87096358995608136        53885.283998000159        18.008870040748512        16515.159658734825        1.6666666666666665     
  0.79432823472428216       0.87096358995608136        57833.488670650666        16.236040774151196        17780.159626453231        1.6666666666666665     
  0.79432823472428216       0.87096358995608136        62113.742584996959        14.640301083791359        19155.848757304197        1.6666666666666667     
  0.79432823472428216       0.87096358995608136        66754.723770562414        13.203536883071900        20651.894514771870        1.6666666666666667     
  0.79432823472428216       0.87096358995608136        71787.635050455661        11.909670600782707        22278.746612951814        1.6666666666666667     
  0.79432823472428216       0.87096358995608136        77246.488282070015        10.744393193076469        24047.702318614523        1.6666666666666667     
  0.79432823472428216       0.87096358995608136        83168.434642660795        9.6949359557517862        25970.979834379024        1.6666666666666665     
  0.79432823472428216       0.87096358995608136        89594.149060721888        8.7498759350122786        28061.801435256195        1.6666666666666667     
  0.79432823472428216       0.87096358995608136        96568.278001772458        7.8989696965285310        30334.488415522057        1.6666666666666665     
  0.79432823472428216       0.87096358995608136        104139.96095820397        7.1330110355989973        32804.570353191113        1.6666666666666665     
  0.79432823472428216       0.87096358995608136        112363.43712887994        6.4437089129995844        35488.911715859242        1.6666666666666667     
  0.79432823472428216       0.87096358995608136        121298.74985528926        5.8235824973273740        38405.859409751807        1.6666666666666667     
  0.79432823472428216       0.87096358995608136        131012.56234562348        5.2658706990288540        41575.415502717457        1.6666666666666667     
  0.79432823472428216       0.87096358995608136        141579.09899417340        4.7644540060426923        45019.440012233055        1.6666666666666665     
  0.79432823472428216       0.87096358995608136        153081.22711133689        4.3137867867362818        48761.889312204999        1.6666666666666667     
  0.79432823472428216       0.87096358995608136        165611.69403721378        3.9088385220084900        52829.096337674746        1.6666666666666665     
  0.79432823472428216       0.87096358995608136        179274.53434012650        3.5450426728419537        57250.099302762654        1.6666666666666665     
  0.79432823472428216       0.87096358995608136        194186.66104295978        3.2182520918571975        62057.026039213364        1.6666666666666665     
  0.79432823472428216       0.87096358995608136        210479.65352336434        2.9247000479143335        67285.541234786026        1.6666666666666667     
  0.79432823472428216       0.87096358995608136        228301.75292054776        2.6609660683799641        72975.363753657904        1.6666666666666665     
  0.79432823472428216       0.87096358995608136        247820.07358349915        2.4239459068450318        79170.860782794683        1.6666666666666665     
  0.79432823472428216       0.87096358995608136        269223.03644224140        2.2108250308150224        85921.724742308827        1.6666666666666665     
  0.79432823472428216       0.87096358995608136        292723.02735311736        2.0190550927932112        93283.737711995302        1.6666666666666665     
  0.79432823472428216       0.87096358995608136        318559.28071724193        1.8463329062379099        101319.62659583302        1.6666666666666665     
  0.79432823472428216       0.87096358995608136        347000.98631186935        1.6905814984704957        110100.01045322251        1.6666666666666667     
  0.89125093813374623        8.7096358995608032        122706.45727224372        56081.570821036337        27698.836657891294        1.6666666501988761     
  0.89125093813374623       0.97723722095581145        1953713.1497754396        752957.40170604014        441289.45929271472        1.6666666212964234     
  0.89125093813374623       0.97723722095581145        4579596.3104323577        898164.47463599849        1033458.3849503339        1.6666666283192197     
  0.89125093813374623       0.97723722095581145        3251236.3519933629       -377916.84568331740        727621.79645826598        1.6666666608499350     
  0.89125093813374623       0.97723722095581145        1812542.9728680102       -340446.37960066431        392929.56753488589        1.6666666664102523     
  0.89125093813374623       0.97723722095581145        816976.53358396993       -195952.46143548531        156779.43838672593        1.6666666666551551     
  0.89125093813374623       0.97723722095581145        237629.95676877545       -94845.978271357264        27059.080255591074        1.6666666666661474     
  0.89125093813374623       0.97723722095581145        45169.734173240475       -26207.250440549753        2375.9726478220791        1.6666666666666516     
  0.89125093813374623       0.97723722095581145        29707.574918603212       -1751.2599555820696        6605.8598410218974        1.6666666666666656     
  0.89125093813374623       0.97723722095581145        31316.959745553628        151.61437420477102        7288.8270345402489        1.6666666666666665     
  0.89125093813374623       0.97723722095581145        33201.045016059979        147.63217887959297        7736.4577779950368        1.6666666666666667     
  0.89125093813374623       0.97723722095581145        35223.767422624318        131.83076143495714        8217.6134766902414        1.6666666666666665     
  0.89125093813374623       0.97723722095581145        37400.375976110146        117.99423981533231        8736.8332866225755        1.6666666666666667     
  0.89125093813374623       0.97723722095581145        39746.094946899575        105.76852680449274        9297.9607440209056        1.6666666666666665     
  0.89125093813374623       0.97723722095581145        42276.962719796604        94.918295523144479        9905.0702024031471        1.6666666666666665     
  0.89125093813374623       0.97723722095581145        45010.362406350607        85.267516797667653        10562.614835380498        1.6666666666666667     
  0.89125093813374623       0.97723722095581145        47965.204193435362        76.668101174240832        11275.457654947455        1.6666666666666667     
  0.89125093813374623       0.97723722095581145        51162.044244940371        68.992420652744016        12048.901923043577        1.6666666666666665     
  0.89125093813374623       0.97723722095581145        54623.210105074693        62.130219289974136        12888.725846983727        1.6666666666666665     
  0.89125093813374623       0.97723722095581145        58372.936403946311        55.986077872432311        13801.219902547748        1.6666666666666667     
  0.89125093813374623       0.97723722095581145        62437.512227853440        50.477252124062709        14793.226938183012        1.6666666666666670     
  0.89125093813374623       0.97723722095581145        66845.441755555148        45.531831262002655        15872.185293068431        1.6666666666666670     
  0.89125093813374623       0.97723722095581145        71627.620070751844        41.087171133647352        17046.175190687245        1.6666666666666665     
  0.89125093813374623       0.97723722095581145        76817.526433407984        37.088562194436669        18323.968705149673        1.6666666666666667     
  0.89125093813374623       0.97723722095581145        82451.437736785621        33.488097898436997        19715.083640392582        1.6666666666666667     
  0.89125093813374623       0.97723722095581145        88568.665418643650        30.243713846326248        21229.841723224967        1.6666666666666665     
  0.89125093813374623       0.97723722095581145        95211.819712861630        27.318372002607756        22879.431572151552        1.6666666666666665     
  0.89125093813374623       0.97723722095581145        102427.10589675349        24.679368152398485        24675.977006384306        1.6666666666666667     
  0.89125093813374623       0.97723722095581145        110264.65805113995        22.297743689480800        26632.611363977077        1.6666666666666667     
  0.89125093813374623       0.97723722095581145        118778.91687982623        20.147785728821816        28763.558648154591        1.6666666666666667     
  0.89125093813374623       0.97723722095581145        128029.05930689252        18.206601846843771        31084.222500685162        1.6666666666666670     
  0.89125093813374623       0.97723722095581145        138079.48892079756        16.453757852828637        33611.284235579304        1.6666666666666667     
  0.89125093813374623       0.97723722095581145        149000.39782723581        14.870968706657628        36362.811439514473        1.6666666666666665     
  0.89125093813374623       0.97723722095581145        160868.41217272700        13.441834308684175        39358.379007964882        1.6666666666666665     
  0.89125093813374623       0.97723722095581145        173767.33541655843        12.151613105702054        42619.204898942546        1.6666666666666665     
  0.89125093813374623       0.97723722095581145        187789.00539999953        10.987027623381703        46168.303397519732        1.6666666666666665     
  0.89125093813374623       0.97723722095581145        203034.28332326902        9.9360969670863390        50030.659284442190        1.6666666666666667     
  0.89125093813374623       0.97723722095581145        219614.19482618239        8.9879921259092654        54233.426988236119        1.6666666666666670     
  0.89125093813374623       0.97723722095581145        237651.24542820777        8.1329106079244902        58806.159586016518        1.6666666666666667     
  0.89125093813374623       0.97723722095581145        257280.93450890153        7.3619675004037859        63781.073385768170        1.6666666666666667     
  0.89125093813374623       0.97723722095581145        278653.49366769532        6.6671005197160511        69193.354741220275        1.6666666666666667     
  0.89125093813374623       0.97723722095581145        301935.87660587369        6.0409870284214655        75081.516714808924        1.6666666666666667     
  0.89125093813374623       0.97723722095581145        327314.02841844107        5.4769713123981631        81487.814124400742        1.6666666666666667     
  0.89125093813374623       0.97723722095581145        354995.46231099113        4.9690006994877329        88458.726381247921        1.6666666666666667     
  0.89125093813374623       0.97723722095581145        385212.17105734441        4.5115693095547060        96045.518208513720        1.6666666666666667     
  0.89125093813374623       0.97723722095581145        418223.89896553720        4.0996684152665264        104304.88878859763        1.6666666666666667     
  0.89125093813374623       0.97723722095581145        454321.79766223137        3.7287425355634278        113299.72000730288        1.6666666666666667     
  0.89125093813374623       0.97723722095581145        493832.48567150813        3.3946504978422700        123099.93415468228        1.6666666666666667     
  0.89125093813374623       0.97723722095581145        537122.52774126199        3.0936308008496067        133783.47066449260        1.6666666666666667     
  0.89125093813374623       0.97723722095581145        584603.34536453162        2.8222706806062421        145437.39016030752        1.6666666666666667     
   1.0000000000000009        10.964781961431845        194409.10587731810        88892.233902975684        34862.660175523677        1.6666666445954377     
   1.0000000000000009        1.0964781961431860        3096206.4592398177        1193294.2705295316        555493.51070759795        1.6666666010538256     
   1.0000000000000009        1.0964781961431860        7252930.8616212541        1421777.7260651484        1299806.2945611870        1.6666666100028693     
   1.0000000000000009        1.0964781961431860        5118049.6610131115       -607371.19040425797        907666.30340199894        1.6666666576443459     
   1.0000000000000009        1.0964781961431860        2789210.8538044430       -551086.66800825007        474867.26222587569        1.6666666662670959     
   1.0000000000000009        1.0964781961431860        1161744.2831106451       -320326.26638234075        167630.08236181003        1.6666666666495946     
   1.0000000000000009        1.0964781961431860        272405.90000200336       -145595.35230862867        16908.467327349561        1.6666666666660066     
   1.0000000000000009        1.0964781961431860        54463.192905789336       -29677.192666274979        4518.5875271164650        1.6666666666666532     
   1.0000000000000009        1.0964781961431860        47508.319868907449       -787.71602627206551        8654.9288505600234        1.6666666666666652     
   1.0000000000000009        1.0964781961431860        50341.741255959649        266.92646983030670        9250.0696363946136        1.6666666666666659     
   1.0000000000000009        1.0964781961431860        53398.127163919569        239.49070572996922        9820.0558160153359        1.6666666666666665     
   1.0000000000000009        1.0964781961431860        56683.805560437977        214.14381105271696        10434.119680474798        1.6666666666666667     
   1.0000000000000009        1.0964781961431860        60224.437734820909        191.93814212158532        11097.323800431919        1.6666666666666665     
   1.0000000000000009        1.0964781961431860        64045.404763231796        172.28749845833033        11814.606532771859        1.6666666666666667     
   1.0000000000000009        1.0964781961431860        68173.652540714058        154.82683320404681        12591.271235602520        1.6666666666666667     
   1.0000000000000009        1.0964781961431860        72638.519515196575        139.28007734060958        13433.130732265736        1.6666666666666667     
   1.0000000000000009        1.0964781961431860        77471.986226958936        125.41203271845178        14346.539980326192        1.6666666666666665     
   1.0000000000000009        1.0964781961431860        82708.883676089492        113.01980265030828        15338.439570865856        1.6666666666666667     
   1.0000000000000009        1.0964781961431860        88387.117167068151        101.92805148045930        16416.403591776645        1.6666666666666667     
   1.0000000000000009        1.0964781961431860        94547.908148334362        91.984986674025521        17588.691231337856        1.6666666666666667     
   1.0000000000000009        1.0964781961431860        101236.05602757272        83.058931945033294        18864.302422701014        1.6666666666666667     
   1.0000000000000009        1.0964781961431860        108500.22225622057        75.035408098819019        20253.037865855862        1.6666666666666667     
   1.0000000000000009        1.0964781961431860        116393.23935244141        67.814649061217821        21765.563796118498        1.6666666666666667     
   1.0000000000000009        1.0964781961431860        124972.44798165229        61.309490112012192        23413.481905836248        1.6666666666666667     
   1.0000000000000009        1.0964781961431860        134300.06575216920        55.443573787007018        25209.404871824110        1.6666666666666667     
   1.0000000000000009        1.0964781961431860        144443.59202742454        50.149826361920567        27167.037990789056        1.6666666666666667     
   1.0000000000000009        1.0964781961431860        155476.25382453017        45.369164376419185        29301.267498180692        1.6666666666666667     
   1.0000000000000009        1.0964781961431860        167477.49878300473        41.049396388259602        31628.256216426373        1.6666666666666665     
   1.0000000000000009        1.0964781961431860        180533.54227056412        37.144290149492967        34165.547286096124        1.6666666666666667     
   1.0000000000000009        1.0964781961431860        194737.97696993372        33.612779747511873        36932.176853871366        1.6666666666666667     
   1.0000000000000009        1.0964781961431860        210192.45478753385        30.418291025726703        39948.796749274341        1.6666666666666667     
   1.0000000000000009        1.0964781961431860        227007.45266726456        27.528166858273977        43237.808372604006        1.6666666666666667     
   1.0000000000000009        1.0964781961431860        245303.13590442698        24.913176661181176        46823.509268805159        1.6666666666666667     
   1.0000000000000009        1.0964781961431860        265210.33485611225        22.547096933719615        50732.254154335249        1.6666666666666667     
   1.0000000000000009        1.0964781961431860        286871.65354877163        20.406351688183467        54992.632547587869        1.6666666666666667     
   1.0000000000000009        1.0964781961431860        310442.73159466282        18.469703388321829        59635.665610316923        1.6666666666666667     
   1.0000000000000009        1.0964781961431860        336093.68403608497        16.717986516144226        64695.025364536501        1.6666666666666667     
   1.0000000000000009        1.0964781961431860        364010.74721119140        15.133877159252478        70207.280124928511        1.6666666666666667     
   1.0000000000000009        1.0964781961431860        394398.16242481931        13.701693086705060        76212.170779241686        1.6666666666666667     
   1.0000000000000009        1.0964781961431860        427480.33303283132        12.407219689410899        82752.923472876704        1.6666666666666667     
   1.0000000000000009        1.0964781961431860        463504.29439555621        11.237557923653389        89876.605318214002        1.6666666666666665     
   1.0000000000000009        1.0964781961431860        502742.53987831168        10.180991035528812        97634.530925157218        1.6666666666666665     
   1.0000000000000009        1.0964781961431860        545496.24949232338        9.2268673772605485        106082.72884777976        1.6666666666666665     
   1.0000000000000009        1.0964781961431860        592098.97066456720        8.3654970693275299        115282.47838769757        1.6666666666666665     
   1.0000000000000009        1.0964781961431860        642920.80276430072        7.5880606283492567        125300.92857494498        1.6666666666666667     
   1.0000000000000009        1.0964781961431860        698373.13815410319        6.8865279812850853        136211.81245418158        1.6666666666666667     
   1.0000000000000009        1.0964781961431860        758914.01244528312        6.2535865316280663        148096.27095616318        1.6666666666666667     
   1.0000000000000009        1.0964781961431860        825054.11513569090        5.6825771414715867        161043.80152528739        1.6666666666666667     
   1.0000000000000009        1.0964781961431860        897363.50878540683        5.1674370522687747        175153.34716032361        1.6666666666666667     
   1.0000000000000009        1.0964781961431860        976479.10035324551        4.7026488935460256        190534.54151247995        1.6666666666666667     
   1.1220184543019645        13.803842646028846        308022.77985147649        140898.84369126128        43878.919873834384        1.6666666363701497     
   1.1220184543019645        1.2302687708123827        4906731.4333654158        1891108.1718762720        699245.76409088599        1.6666665700162753     
   1.1220184543019645        1.2302687708123827        11484903.454073818        2250016.4918102110        1634436.9458092318        1.6666665815242603     
   1.1220184543019645        1.2302687708123827        8042831.8182793939       -979265.33162297646        1129584.8240617409        1.6666666525532829     
   1.1220184543019645        1.2302687708123827        4258441.6575639443       -895522.24810766638        567433.99327968096        1.6666666660458829     
   1.1220184543019645        1.2302687708123827        1601126.3890293578       -523026.33669925208        169694.47026234699        1.6666666666417274     
   1.1220184543019645        1.2302687708123827        289555.54715921043       -214719.86639362361        6623.3928289897567        1.6666666666658738     
   1.1220184543019645        1.2302687708123827        75644.189370197797       -29128.245047476921        8180.3467329217929        1.6666666666666556     
   1.1220184543019645        1.2302687708123827        76078.975085316168        49.244274334941778        11034.318732346348        1.6666666666666652     
   1.1220184543019645        1.2302687708123827        80684.032901060156        433.82598569280867        11718.545288718555        1.6666666666666659     
   1.1220184543019645        1.2302687708123827        85616.965830794434        386.53220641539446        12443.289534086838        1.6666666666666663     
   1.1220184543019645        1.2302687708123827        90925.882578056844        346.00819910586068        13224.687673699482        1.6666666666666667     
   1.1220184543019645        1.2302687708123827        96653.121694785470        310.47439592974536        14069.180659997768        1.6666666666666667     
   1.1220184543019645        1.2302687708123827        102840.37686535076        278.98348971187005        14983.068611650609        1.6666666666666665     
   1.1220184543019645        1.2302687708123827        109532.35730580280        250.97770175280223        15973.211929452036        1.6666666666666665     
   1.1220184543019645        1.2302687708123827        116777.88449409204        226.02187095963316        17047.135185782401        1.6666666666666667     
   1.1220184543019645        1.2302687708123827        124630.25943526787        203.74244031593355        18213.072591653305        1.6666666666666667     
   1.1220184543019645        1.2302687708123827        133147.62490013766        183.81703542809549        19480.027423551783        1.6666666666666667     
   1.1220184543019645        1.2302687708123827        142393.35629173671        165.96700131381562        20857.836529232136        1.6666666666666670     
   1.1220184543019645        1.2302687708123827        152436.48406202640        149.95103338593759        22357.240068699997        1.6666666666666665     
   1.1220184543019645        1.2302687708123827        163352.15081177268        135.55974510017666        23989.956935389229        1.6666666666666667     
   1.1220184543019645        1.2302687708123827        175222.10661979928        122.61104029498664        25768.766341335107        1.6666666666666670     
   1.1220184543019645        1.2302687708123827        188135.24663287745        110.94617528252277        27707.596092370932        1.6666666666666667     
   1.1220184543019645        1.2302687708123827        202188.19551918827        100.42641087621320        29821.618126427322        1.6666666666666665     
   1.1220184543019645        1.2302687708123827        217485.94406406398        90.930167926026925        32127.351941038287        1.6666666666666665     
   1.1220184543019645        1.2302687708123827        234142.54398743258        82.350611736931441        34642.776596726711        1.6666666666666667     
   1.1220184543019645        1.2302687708123827        252281.86801220095        74.593601117433664        37387.452053036184        1.6666666666666667     
   1.1220184543019645        1.2302687708123827        272038.44333989546        67.575946887773910        40382.650676253994        1.6666666666666665     
   1.1220184543019645        1.2302687708123827        293558.36802701344        61.223932605249800        43651.499855988790        1.6666666666666665     
   1.1220184543019645        1.2302687708123827        317000.32133180328        55.472057140037329        47219.136783322756        1.6666666666666667     
   1.1220184543019645        1.2302687708123827        342536.68098414247        50.261964772298008        51112.876592358436        1.6666666666666670     
   1.1220184543019645        1.2302687708123827        370354.76250518922        45.541533532486348        55362.395233681658        1.6666666666666667     
   1.1220184543019645        1.2302687708123827        400658.19828452158        41.264097067323064        59999.928668103879        1.6666666666666665     
   1.1220184543019645        1.2302687708123827        433668.47712549736        37.387779096545657        65060.490240062216        1.6666666666666667     
   1.1220184543019645        1.2302687708123827        469626.66840455454        33.874922746973645        70582.108410843808        1.6666666666666670     
   1.1220184543019645        1.2302687708123827        508795.35897048377        30.691599911264060        76606.087444789446        1.6666666666666665     
   1.1220184543019645        1.2302687708123827        551460.83540696371        27.807188111194943        83177.294139860183        1.6666666666666665     
   1.1220184543019645        1.2302687708123827        597935.54934163811        25.194004372420185        90344.474306139251        1.6666666666666665     
   1.1220184543019645        1.2302687708123827        648560.90909802844        22.826987320560445        98160.603438667415        1.6666666666666667     
   1.1220184543019645        1.2302687708123827        703710.44712280529        20.683420146476443        106683.27692361191        1.6666666666666667     
   1.1220184543019645        1.2302687708123827        763793.41921384702        18.742688298488108        115975.14617723408        1.6666666666666667     
   1.1220184543019645        1.2302687708123827        829258.89851291862        16.986066774401564        126104.40835918070        1.6666666666666667     
   1.1220184543019645        1.2302687708123827        900600.43434722198        15.396532735429970        137145.35873257145        1.6666666666666665     
   1.1220184543019645        1.2302687708123827        978361.35308471019        13.958599872363489        149179.01635981648        1.6666666666666665     
   1.1220184543019645        1.2302687708123827        1063140.7849263023        12.658171543059686        162293.83560701078        1.6666666666666665     
   1.1220184543019645        1.2302687708123827        1155600.5066534961        11.482410187781648        176586.51784355013        1.6666666666666665     
   1.1220184543019645        1.2302687708123827        1256472.6953944103        10.419620930679674        192162.93970584136        1.6666666666666667     
   1.1220184543019645        1.2302687708123827        1366568.6920499199        9.4591476050560370        209139.21625611081        1.6666666666666667     
   1.1220184543019645        1.2302687708123827        1486788.8747243404        8.5912797083005525        227642.91919230283        1.6666666666666667     
   1.1220184543019645        1.2302687708123827        1618133.7419703645        7.8071690091306039        247814.47180904832        1.6666666666666665     
   1.2589254117941684        17.378008287493753        488042.91460044088        223328.02448301206        55226.358378313991        1.6666666240484620     
   1.2589254117941684        1.3803842646028861        7775866.3172390042        2996941.8439652300        880189.71629747993        1.6666665218240393     
   1.2589254117941684        1.3803842646028861        18182391.587720003        3559477.2236589245        2054647.2783116128        1.6666665368653342     
   1.2589254117941684        1.3803842646028861        12611406.114416867       -1584938.8142445982        1401541.6759257433        1.6666666444975173     
   1.2589254117941684        1.3803842646028861        6436317.4929033872       -1461247.1256283929        668126.10463629221        1.6666666657063223     
   1.2589254117941684        1.3803842646028861        2119090.4377925573       -849738.63585961913        158900.38202653616        1.6666666666309398     
   1.2589254117941684        1.3803842646028861        290233.18435749190       -299405.85180336400        207.88471697877455        1.6666666666657830     
   1.2589254117941684        1.3803842646028861        115667.87428619483       -23770.505601487548        12278.417466323373        1.6666666666666576     
   1.2589254117941684        1.3803842646028861        121612.91953491258        673.34189919693029        13968.848196110568        1.6666666666666645     
   1.2589254117941684        1.3803842646028861        129013.04826194749        697.13959470472503        14826.316656819190        1.6666666666666659     
   1.2589254117941684        1.3803842646028861        136943.33745490172        621.39749778229259        15745.841972200729        1.6666666666666661     
   1.2589254117941684        1.3803842646028861        145486.14669423059        556.77686822444821        16737.931584692415        1.6666666666666665     
   1.2589254117941684        1.3803842646028861        154710.16342103109        500.03517627443767        17810.668774520593        1.6666666666666665     
   1.2589254117941684        1.3803842646028861        164683.24955745490        449.68670223477835        18972.081401901287        1.6666666666666667     
   1.2589254117941684        1.3803842646028861        175478.88121240679        404.88205933049687        20230.994539298968        1.6666666666666667     
   1.2589254117941684        1.3803842646028861        187177.43169009246        364.93248838481503        21597.087617665584        1.6666666666666667     
   1.2589254117941684        1.3803842646028861        199866.75702403195        329.24486271569867        23080.961386682575        1.6666666666666667     
   1.2589254117941684        1.3803842646028861        213642.81544858942        297.30721664238320        24694.216828348661        1.6666666666666665     
   1.2589254117941684        1.3803842646028861        228610.33706100192        268.67692493954235        26449.540685542881        1.6666666666666667     
   1.2589254117941684        1.3803842646028861        244883.54834962139        242.97060687158896        28360.798143437252        1.6666666666666667     
   1.2589254117941684        1.3803842646028861        262586.95676727901        219.85551478637549        30443.133291415157        1.6666666666666667     
   1.2589254117941684        1.3803842646028861        281856.20110972761        199.04219802809004        32713.078044630543        1.6666666666666670     
   1.2589254117941684        1.3803842646028861        302838.97415548365        180.27826027520294        35188.670269164817        1.6666666666666667     
   1.2589254117941684        1.3803842646028861        325696.02476634859        163.34305167089548        37889.581907284541        1.6666666666666667     
   1.2589254117941684        1.3803842646028861        350602.24758588121        148.04315920997152        40837.257979747126        1.6666666666666665     
   1.2589254117941684        1.3803842646028861        377747.86950234720        134.20857684551578        44055.067412211989        1.6666666666666667     
   1.2589254117941684        1.3803842646028861        407339.74328882073        121.68945361644117        47568.466723724516        1.6666666666666670     
   1.2589254117941684        1.3803842646028861        439602.76024070301        110.35333218523787        51405.177701293818        1.6666666666666667     
   1.2589254117941684        1.3803842646028861        474781.39539263968        100.08280321613353        55595.380314838105        1.6666666666666667     
   1.2589254117941684        1.3803842646028861        513141.40081738943        90.773511283254237        60171.922232397199        1.6666666666666667     
   1.2589254117941684        1.3803842646028861        554971.66490078974        82.332458048036528        65170.546451552531        1.6666666666666667     
   1.2589254117941684        1.3803842646028861        600586.25826331356        74.676556383602829        70630.138747780249        1.6666666666666667     
   1.2589254117941684        1.3803842646028861        650326.69021520112        67.731396108988875        76592.996835406608        1.6666666666666667     
   1.2589254117941684        1.3803842646028861        704564.40346676484        61.430188200473538        83105.123391950197        1.6666666666666667     
   1.2589254117941684        1.3803842646028861        763703.53925584338        55.712859432521128        90216.545405068173        1.6666666666666667     
   1.2589254117941684        1.3803842646028861        828184.01022752922        50.525273849064874        97981.662667261204        1.6666666666666667     
   1.2589254117941684        1.3803842646028861        898484.92437942559        45.818561222939735        106459.62869779125        1.6666666666666665     
   1.2589254117941684        1.3803842646028861        975128.41024861578        41.548535851561894        115714.76792437033        1.6666666666666665     
   1.2589254117941684        1.3803842646028861        1058683.9013319635        37.675191735936700        125817.03363283411        1.6666666666666665     
   1.2589254117941684        1.3803842646028861        1149772.9465476163        34.162262467009306        136842.51201518893        1.6666666666666665     
   1.2589254117941684        1.3803842646028861        1249074.6233819118        30.976836059344951        148873.97864143350        1.6666666666666667     
   1.2589254117941684        1.3803842646028861        1357331.6411998549        28.089016580059464        162001.51487563364        1.6666666666666670     
   1.2589254117941684        1.3803842646028861        1475357.2339517188        25.471625767114986        176323.19317833049        1.6666666666666667     
   1.2589254117941684        1.3803842646028861        1604042.9540362209        23.099938955332323        191945.84190846549        1.6666666666666667     
   1.2589254117941684        1.3803842646028861        1744367.4921509146        20.951450564982387        208985.90217437691        1.6666666666666667     
   1.2589254117941684        1.3803842646028861        1897406.6612466171        19.005665186176913        227570.39148941290        1.6666666666666667     
   1.2589254117941684        1.3803842646028861        2064344.6957732935        17.243910937119999        247837.99144993298        1.6666666666666667     
   1.2589254117941684        1.3803842646028861        2246487.0297257793        15.649172307118151        269940.27933543065        1.6666666666666667     
   1.2589254117941684        1.3803842646028861        2445274.7279414032        14.205940133736325        294043.12636541942        1.6666666666666665     
   1.2589254117941684        1.3803842646028861        2662300.7539746086        12.900076722811587        320328.28823383269        1.6666666666666665     
   1.4125375446227557        21.877616239495531        773279.91824250913        353969.92287956917        69507.423438436206        1.6666666053008166     
   1.4125375446227557        1.5488166189124830        12322530.491312470        4749351.1294937963        1107944.9999280630        1.6666664464873997     
   1.4125375446227557        1.5488166189124830        28778098.487218656        5628508.8405009462        2581994.1897061523        1.6666664666128683     
   1.4125375446227557        1.5488166189124830        19720362.952312134       -2576915.1054569171        1732332.2949963727        1.6666666318095849     
   1.4125375446227557        1.5488166189124830        9602787.5018024761       -2394180.7076061177        771615.07414319704        1.6666666651893896     
   1.4125375446227557        1.5488166189124830        2662928.3106802423       -1365938.4616199345        132524.07236789423        1.6666666666167518     
   1.4125375446227557        1.5488166189124830        293915.66759163991       -387835.76301793952        897.35875146851822        1.6666666666657761     
   1.4125375446227557        1.5488166189124830        183018.64095457757       -15100.814656634588        16412.240340306817        1.6666666666666590     
   1.4125375446227557        1.5488166189124830        194059.92599294632        1250.5472248362405        17654.107603249959        1.6666666666666643     
   1.4125375446227557        1.5488166189124830        205911.76818980838        1116.5195593746594        18738.914725828461        1.6666666666666656     
   1.4125375446227557        1.5488166189124830        218621.45402333385        995.89898708469013        19903.572683367845        1.6666666666666661     
   1.4125375446227557        1.5488166189124830        232324.15675823265        893.07248953002579        21160.951275606418        1.6666666666666665     
   1.4125375446227557        1.5488166189124830        247129.55151767714        802.60242339341312        22521.038505984809        1.6666666666666667     
   1.4125375446227557        1.5488166189124830        263147.53236724023        722.25115537634031        23994.076895471550        1.6666666666666667     
   1.4125375446227557        1.5488166189124830        280497.93554138375        650.71384351459881        25591.363620928722        1.6666666666666667     
   1.4125375446227557        1.5488166189124830        299311.98876590322        586.89828905935735        27325.291042989855        1.6666666666666667     
   1.4125375446227557        1.5488166189124830        319733.27832247585        529.86305414898641        29209.439678584826        1.6666666666666665     
   1.4125375446227557        1.5488166189124830        341918.79222730570        478.79539891235152        31258.681451182671        1.6666666666666667     
   1.4125375446227557        1.5488166189124830        366040.04969738412        432.99254549671832        33489.291737289830        1.6666666666666667     
   1.4125375446227557        1.5488166189124830        392284.32482041384        391.84567449246401        35919.070998818344        1.6666666666666665     
   1.4125375446227557        1.5488166189124830        420855.97314522503        354.82627427164010        38567.476863454969        1.6666666666666665     
   1.4125375446227557        1.5488166189124830        451977.87080634228        321.47451177563363        41455.767592113370        1.6666666666666665     
   1.4125375446227557        1.5488166189124830        485892.97680343228        291.38933604589175        44607.157948265034        1.6666666666666665     
   1.4125375446227557        1.5488166189124830        522866.03019444633        264.22006379110218        48046.988580230274        1.6666666666666667     
   1.4125375446227557        1.5488166189124830        563185.39525359345        239.65922990197890        51802.910113854632        1.6666666666666665     
   1.4125375446227557        1.5488166189124830        607165.06912099384        217.43651547336333        55905.083261790685        1.6666666666666667     
   1.4125375446227557        1.5488166189124830        655146.86816410569        197.31359194155246        60386.396364554712        1.6666666666666665     
   1.4125375446227557        1.5488166189124830        707502.81122365966        179.07974275745099        65282.701911347271        1.6666666666666667     
   1.4125375446227557        1.5488166189124830        764637.72017754894        162.54814392050122        70633.073710223791        1.6666666666666667     
   1.4125375446227557        1.5488166189124830        826992.06088331342        147.55270201194233        76480.086549392901        1.6666666666666665     
   1.4125375446227557        1.5488166189124830        895045.05062157253        133.94536337369505        82870.120354717175        1.6666666666666665     
   1.4125375446227557        1.5488166189124830        969318.06173826521        121.59382104658927        89853.691043232233        1.6666666666666665     
   1.4125375446227557        1.5488166189124830        1050378.3553643438        110.37955725051822        97485.810507483184        1.6666666666666665     
   1.4125375446227557        1.5488166189124830        1138843.1839814088        100.19616877767723        105826.37842261756        1.6666666666666667     
   1.4125375446227557        1.5488166189124830        1235384.3073178572        90.947930877517408        114940.60887904327        1.6666666666666667     
   1.4125375446227557        1.5488166189124830        1340732.9727315032        82.548562214988607        124899.49520855428        1.6666666666666667     
   1.4125375446227557        1.5488166189124830        1455685.4190036024        74.920159442945007        135780.31680822463        1.6666666666666665     
   1.4125375446227557        1.5488166189124830        1581108.9714631734        67.992274971558544        147667.19228566939        1.6666666666666665     
   1.4125375446227557        1.5488166189124830        1717948.8068243959        61.701115839357847        160651.68389465156        1.6666666666666667     
   1.4125375446227557        1.5488166189124830        1867235.4779550252        55.988845090169811        174833.45896567317        1.6666666666666667     
   1.4125375446227557        1.5488166189124830        2030093.3025509408        50.802970244978994        190321.01499163057        1.6666666666666667     
   1.4125375446227557        1.5488166189124830        2207749.7350518834        46.095805876208878        207232.47613151837        1.6666666666666667     
   1.4125375446227557        1.5488166189124830        2401545.8583517852        41.823999462479442        225696.47022664038        1.6666666666666665     
   1.4125375446227557        1.5488166189124830        2612948.1511311494        37.948111531053385        245853.09706770992        1.6666666666666665     
   1.4125375446227557        1.5488166189124830        2843561.7074634740        34.432242500326772        267855.00054082565        1.6666666666666667     
   1.4125375446227557        1.5488166189124830        3095145.1079586139        31.243699926391947        291868.55955258402        1.6666666666666665     
   1.4125375446227557        1.5488166189124830        3369627.1655419520        28.352700858282702        318075.21525793045        1.6666666666666667     
   1.4125375446227557        1.5488166189124830        3669125.7936531072        25.732104861902165        346672.95512722299        1.6666666666666667     
   1.4125375446227557        1.5488166189124830        3995969.2695180420        23.357173974634954        377877.97778262204        1.6666666666666667     
   1.4125375446227557        1.5488166189124830        4352720.1893808804        21.205356432504971        411926.56627674995        1.6666666666666665     
   1.5848931924611152        27.542287033381676        1225223.6023116328        561014.27983966772        87480.175547228486        1.6666665765125064     
   1.5848931924611152        1.7378008287493774        19527461.883030795        7526354.6756430380        1394617.7038660753        1.6666663286577363     
   1.5848931924611152        1.7378008287493774        45533627.283204429        8895222.0852432754        3243272.6734052342        1.6666663563154258     
   1.5848931924611152        1.7378008287493774        30728383.866092384       -4212074.3373985421        2130760.1719195014        1.6666666119094671     
   1.5848931924611152        1.7378008287493774        14090100.393585512       -3937213.7615787229        868583.70488585439        1.6666666644105612     
   1.5848931924611152        1.7378008287493774        3137932.3667709599       -2155661.5392265539        91943.840963393246        1.6666666665991348     
   1.5848931924611152        1.7378008287493774        337683.65177304635       -458434.27648629987        8471.9204504960944        1.6666666666658794     
   1.5848931924611152        1.7378008287493774        291340.37053863594       -6310.5506227092992        20967.222805891692        1.6666666666666585     
   1.5848931924611152        1.7378008287493774        309232.65120981471        2026.4979901867878        22293.331172393060        1.6666666666666639     
   1.5848931924611152        1.7378008287493774        328169.17212668073        1783.9417399420117        23664.672248656156        1.6666666666666656     
   1.5848931924611152        1.7378008287493774        348489.88046212797        1592.2795506662655        25137.894705417359        1.6666666666666661     
   1.5848931924611152        1.7378008287493774        370414.12923546834        1428.9110558616594        26729.292740316072        1.6666666666666663     
   1.5848931924611152        1.7378008287493774        394114.98513154610        1284.8265573300935        28451.136698394723        1.6666666666666665     
   1.5848931924611152        1.7378008287493774        419769.86805568769        1156.7793098910731        30316.497173454791        1.6666666666666667     
   1.5848931924611152        1.7378008287493774        447573.04166587908        1042.7371502670794        32339.780659723161        1.6666666666666665     
   1.5848931924611152        1.7378008287493774        477737.40129397414        940.96741648567854        34536.795092494300        1.6666666666666665     
   1.5848931924611152        1.7378008287493774        510496.07522657118        849.97624521758394        36924.872609787752        1.6666666666666667     
   1.5848931924611152        1.7378008287493774        546104.15948599821        768.47383299899013        39523.003421890426        1.6666666666666667     
   1.5848931924611152        1.7378008287493774        584840.59880218038        695.34473829976275        42351.981276034465        1.6666666666666667     
   1.5848931924611152        1.7378008287493774        627010.22720750235        629.62251417185962        45434.561583924064        1.6666666666666667     
   1.5848931924611152        1.7378008287493774        672945.98294459772        570.46806956151966        48795.633368290946        1.6666666666666667     
   1.5848931924611152        1.7378008287493774        723011.31388564757        517.15123532675148        52462.406303084856        1.6666666666666665     
   1.5848931924611152        1.7378008287493774        777602.79116789147        469.03507600425388        56464.614218503564        1.6666666666666667     
   1.5848931924611152        1.7378008287493774        837152.95055592433        425.56255080897449        60834.736571326423        1.6666666666666667     
   1.5848931924611152        1.7378008287493774        902133.38299062359        386.24517953475475        65608.239508177663        1.6666666666666665     
   1.5848931924611152        1.7378008287493774        973058.09798979294        350.65341632266933        70823.838290555868        1.6666666666666667     
   1.5848931924611152        1.7378008287493774        1050487.1860480185        318.40847550964219        76523.783003220815        1.6666666666666667     
   1.5848931924611152        1.7378008287493774        1135030.8089941861        289.17538992203959        82754.169633667203        1.6666666666666665     
   1.5848931924611152        1.7378008287493774        1227353.5504633449        262.65711352713208        89565.278791885794        1.6666666666666667     
   1.5848931924611152        1.7378008287493774        1328179.1622950651        238.58950779351656        97011.944538649244        1.6666666666666667     
   1.5848931924611152        1.7378008287493774        1438295.7468661636        216.73707489670852        105153.95601006407        1.6666666666666665     
   1.5848931924611152        1.7378008287493774        1558561.4201997705        196.88932145754291        114056.49476974869        1.6666666666666665     
   1.5848931924611152        1.7378008287493774        1689910.5062800625        178.85765420097704        123790.61109225906        1.6666666666666667     
   1.5848931924611152        1.7378008287493774        1833360.3194766208        162.47272411937990        134433.74268814176        1.6666666666666665     
   1.5848931924611152        1.7378008287493774        1990018.5994989113        147.58214873059097        146070.27972949881        1.6666666666666665     
   1.5848931924611152        1.7378008287493774        2161091.6720364816        134.04855311862019        158792.18043440836        1.6666666666666665     
   1.5848931924611152        1.7378008287493774        2347893.4183943290        121.74787988611403        172699.64193017612        1.6666666666666665     
   1.5848931924611152        1.7378008287493774        2551855.1492270716        110.56792615505758        187901.83165741159        1.6666666666666665     
   1.5848931924611152        1.7378008287493774        2774536.4911554288        100.40707252618311        204517.68519942716        1.6666666666666667     
   1.5848931924611152        1.7378008287493774        3017637.4108787864        91.173174621590888        222676.77719476519        1.6666666666666665     
   1.5848931924611152        1.7378008287493774        3283011.5196243026        82.782592631563361        242520.27285579752        1.6666666666666665     
   1.5848931924611152        1.7378008287493774        3572680.8217420061        75.159338340556374        264201.96870205330        1.6666666666666667     
   1.5848931924611152        1.7378008287493774        3888852.0951160258        68.234322454339505        287889.43240265211        1.6666666666666667     
   1.5848931924611152        1.7378008287493774        4233935.1181608243        61.944687892502181        313765.25313679752        1.6666666666666667     
   1.5848931924611152        1.7378008287493774        4610562.9886049302        56.233217048287592        342028.41574126296        1.6666666666666665     
   1.5848931924611152        1.7378008287493774        5021614.8131590411        51.047802976224766        372895.81409787986        1.6666666666666665     
   1.5848931924611152        1.7378008287493774        5470241.0844773734        46.340976090917998        406603.92182251695        1.6666666666666665     
   1.5848931924611152        1.7378008287493774        5959892.1023566350        42.069479307030583        443410.64138515771        1.6666666666666665     
   1.5848931924611152        1.7378008287493774        6494349.8394774115        38.193885666478337        483597.35636974266        1.6666666666666667     
   1.5848931924611152        1.7378008287493774        7077763.6975213801        34.678253421860092        527471.21570462198        1.6666666666666667     
   1.7782794100389245        34.673685045253187        1941293.9204706347        889127.71277979808        110098.39718097697        1.6666665322247656     
   1.7782794100389245        1.9498445997580471        30944703.854710050        11926953.775818568        1755442.1813503304        1.6666661452375775     
   1.7782794100389245        1.9498445997580471        72015453.514884248        14047954.929650648        4071676.4102568142        1.6666661841295427     
   1.7782794100389245        1.9498445997580471        47667648.549991444       -6926921.8732382329        2604473.1136411927        1.6666665808125996     
   1.7782794100389245        1.9498445997580471        20234561.797719788       -6491650.8281700276        944733.12882847991        1.6666666632523954     
   1.7782794100389245        1.9498445997580471        3434684.1743327174       -3306637.5504632788        45626.661997533738        1.6666666665790189     
   1.7782794100389245        1.9498445997580471        463018.93231913110       -486497.21643850434        19270.751975629199        1.6666666666660794     
   1.7782794100389245        1.9498445997580471        463668.01285703731        88.385101002108954        26495.997289779825        1.6666666666666579     
   1.7782794100389245        1.9498445997580471        492215.48373529664        3233.3157199404172        28134.271260517882        1.6666666666666634     
   1.7782794100389245        1.9498445997580471        522413.92772292841        2844.8871335629165        29865.832599988807        1.6666666666666654     
   1.7782794100389245        1.9498445997580471        554843.21294297650        2541.0771537196947        31727.570020644140        1.6666666666666661     
   1.7782794100389245        1.9498445997580471        589852.82680430892        2281.7486165699806        33739.492154799598        1.6666666666666661     
   1.7782794100389245        1.9498445997580471        627714.47537305346        2052.4850156771026        35916.765163519034        1.6666666666666665     
   1.7782794100389245        1.9498445997580471        668713.85297055298        1848.6629568115998        38276.036629249051        1.6666666666666667     
   1.7782794100389245        1.9498445997580471        713164.37023520749        1667.0832743875530        40835.625830473728        1.6666666666666667     
   1.7782794100389245        1.9498445997580471        761409.70350127586        1504.9975255758427        43615.640818569256        1.6666666666666667     
   1.7782794100389245        1.9498445997580471        813826.42719252931        1360.0358207835161        46638.136955116810        1.6666666666666667     
   1.7782794100389245        1.9498445997580471        870826.87007607857        1230.1517966040092        49927.289342401666        1.6666666666666670     
   1.7782794100389245        1.9498445997580471        932862.21613119985        1113.5755435841895        53509.580386975686        1.6666666666666670     
   1.7782794100389245        1.9498445997580471        1000425.8725414872        1008.7733950797666        57414.003891783941        1.6666666666666665     
   1.7782794100389245        1.9498445997580471        1074057.1296800480        914.41362932235609        61672.287242034137        1.6666666666666667     
   1.7782794100389245        1.9498445997580471        1154345.1401228255        829.33724799101151        66319.133350960168        1.6666666666666665     
   1.7782794100389245        1.9498445997580471        1241933.2463812714        752.53310811870790        71392.484208450333        1.6666666666666665     
   1.7782794100389245        1.9498445997580471        1337523.6898421734        683.11677702003681        76933.808027836596        1.6666666666666665     
   1.7782794100389245        1.9498445997580471        1441882.7365190317        620.31256502156805        82988.412165620466        1.6666666666666665     
   1.7782794100389245        1.9498445997580471        1555846.2586632525        563.43826515909461        89605.784179354974        1.6666666666666665     
   1.7782794100389245        1.9498445997580471        1680325.8151096392        511.89219444771499        96839.963595517445        1.6666666666666667     
   1.7782794100389245        1.9498445997580471        1816315.2774977260        465.14218862377436        104749.94718308949        1.6666666666666667     
   1.7782794100389245        1.9498445997580471        1964898.0542898790        422.71625225849840        113400.13077166748        1.6666666666666667     
   1.7782794100389245        1.9498445997580471        2127254.9698829576        384.19460962833847        122860.79091744538        1.6666666666666670     
   1.7782794100389245        1.9498445997580471        2304672.8621841865        349.20293942534892        133208.61000918120        1.6666666666666667     
   1.7782794100389245        1.9498445997580471        2498553.9689120953        317.40660895986827        144527.24872239193        1.6666666666666667     
   1.7782794100389245        1.9498445997580471        2710426.1807325995        288.50575156208691        156907.97007779247        1.6666666666666667     
   1.7782794100389245        1.9498445997580471        2941954.2483138205        262.23105497163095        170450.31974420676        1.6666666666666665     
   1.7782794100389245        1.9498445997580471        3194952.0406768597        238.34014911768787        185262.86765316527        1.6666666666666665     
   1.7782794100389245        1.9498445997580471        3471395.9640604109        216.61449927989966        201464.01646989683        1.6666666666666667     
   1.7782794100389245        1.9498445997580471        3773439.6641673842        196.85672558187198        219182.88300300969        1.6666666666666667     
   1.7782794100389245        1.9498445997580471        4103430.1504230616        178.88828245976049        238560.25924512543        1.6666666666666667     
   1.7782794100389245        1.9498445997580471        4463925.4990884056        162.54744248145502        259749.66043388055        1.6666666666666667     
   1.7782794100389245        1.9498445997580471        4857714.3131217211        147.68753794409869        282918.46832520131        1.6666666666666667     
   1.7782794100389245        1.9498445997580471        5287837.1409913003        134.17542129254548        308249.17880599888        1.6666666666666667     
   1.7782794100389245        1.9498445997580471        5757610.0846668212        121.89011178892788        335940.76405834261        1.6666666666666665     
   1.7782794100389245        1.9498445997580471        6270650.8592506051        110.72160121189114        366210.16077449103        1.6666666666666667     
   1.7782794100389245        1.9498445997580471        6830907.6036429042        100.56979582720578        399293.89743422728        1.6666666666666667     
   1.7782794100389245        1.9498445997580471        7442690.7837717468        91.343575593889554        435449.87545528094        1.6666666666666667     
   1.7782794100389245        1.9498445997580471        8110708.5777109554        82.959954664139929        474959.32116459630        1.6666666666666667     
   1.7782794100389245        1.9498445997580471        8840106.1858524829        75.343329806192045        518128.92807983496        1.6666666666666665     
   1.7782794100389245        1.9498445997580471        9636509.5694597196        68.424805511126863        565293.21200791665        1.6666666666666665     
   1.7782794100389245        1.9498445997580471        10506074.187501699        62.141586311444897        616817.10503646208        1.6666666666666665     
   1.7782794100389245        1.9498445997580471        11455539.374504024        56.436428302357854        673098.81869259593        1.6666666666666665     
   1.9952623149688815        43.651583224016633        3075831.3004219476        1409081.0148744073        138561.99692357951        1.6666664644453031     
   1.9952623149688815        2.1877616239495548        49036678.766755573        18900291.533695638        2209587.9927833737        1.6666658619783588     
   1.9952623149688815        2.1877616239495548        113840669.23492946        22165739.483474419        5108148.4967711288        1.6666659173364948     
   1.9952623149688815        2.1877616239495548        73524983.631499603       -11469765.132572126        3157977.9100532155        1.6666665324036529     
   1.9952623149688815        2.1877616239495548        28265066.360576238       -10710117.388097674        980772.22328369447        1.6666666615583761     
   1.9952623149688815        2.1877616239495548        3511124.9582619164       -4872196.9289177293        9335.7767269758951        1.6666666665589296     
   1.9952623149688815        2.1877616239495548        707217.77034705842       -459033.21235072555        29824.207859082977        1.6666666666663112     
   1.9952623149688815        2.1877616239495548        737344.89905639831        4102.4020262079039        33424.386480098183        1.6666666666666572     
   1.9952623149688815        2.1877616239495548        782790.39562978689        5147.2033756636310        35488.156458733480        1.6666666666666632     
   1.9952623149688815        2.1877616239495548        830874.36475977942        4529.8183298642170        37672.530568874077        1.6666666666666652     
   1.9952623149688815        2.1877616239495548        882553.59689205897        4049.4545347526941        40023.542648305207        1.6666666666666661     
   1.9952623149688815        2.1877616239495548        938371.44338488125        3637.9234149618114        42564.869462934585        1.6666666666666663     
   1.9952623149688815        2.1877616239495548        998755.07501325174        3273.4047194053819        45315.498047384332        1.6666666666666665     
   1.9952623149688815        2.1877616239495548        1064163.3085228885        2949.2588777036244        48296.571987804688        1.6666666666666667     
   1.9952623149688815        2.1877616239495548        1135099.8814513641        2660.4229050326180        51531.336067209137        1.6666666666666665     
   1.9952623149688815        2.1877616239495548        1212117.4401886081        2402.5377684968003        55045.311972870928        1.6666666666666665     
   1.9952623149688815        2.1877616239495548        1295821.8353375266        2171.8445515613803        58866.501395866399        1.6666666666666665     
   1.9952623149688815        2.1877616239495548        1386876.7874257120        1965.0972384514664        63025.607021676005        1.6666666666666665     
   1.9952623149688815        2.1877616239495548        1486008.9574802020        1779.4881011386851        67556.273092013580        1.6666666666666665     
   1.9952623149688815        2.1877616239495548        1594013.4602430817        1612.5839648817905        72495.347402756262        1.6666666666666667     
   1.9952623149688815        2.1877616239495548        1711759.8613602463        1462.2718417339927        77883.166748566538        1.6666666666666665     
   1.9952623149688815        2.1877616239495548        1840198.7037471742        1326.7126124173155        83763.868033172490        1.6666666666666663     
   1.9952623149688815        2.1877616239495548        1980368.6125578859        1204.3016072387036        90185.727455553075        1.6666666666666663     
   1.9952623149688815        2.1877616239495548        2133404.0327958516        1093.6350879638401        97201.530404064280        1.6666666666666663     
   1.9952623149688815        2.1877616239495548        2300543.6586547000        993.48176640864540        104868.97492656099        1.6666666666666665     
   1.9952623149688815        2.1877616239495548        2483139.6192163033        902.75861352978973        113251.11190053642        1.6666666666666665     
   1.9952623149688815        2.1877616239495548        2682667.4912281390        820.51031650013647        122416.82530430793        1.6666666666666665     
   1.9952623149688815        2.1877616239495548        2900737.2164060273        745.89183206237817        132441.35629036953        1.6666666666666665     
   1.9952623149688815        2.1877616239495548        3139105.0081593264        678.15356372051758        143406.87508831671        1.6666666666666665     
   1.9952623149688815        2.1877616239495548        3399686.3408398540        616.62875905173598        155403.10511017422        1.6666666666666665     
   1.9952623149688815        2.1877616239495548        3684570.1240535537        560.72278394521754        168528.00404179207        1.6666666666666665     
   1.9952623149688815        2.1877616239495548        3996034.1744436515        509.90398041190696        182888.50706786674        1.6666666666666665     
   1.9952623149688815        2.1877616239495548        4336562.1094915243        463.69586169281865        198601.33790187290        1.6666666666666665     
   1.9952623149688815        2.1877616239495548        4708861.8004984846        421.67043399228021        215793.89373716997        1.6666666666666665     
   1.9952623149688815        2.1877616239495548        5115885.5369127886        383.44246851063048        234605.21081047665        1.6666666666666667     
   1.9952623149688815        2.1877616239495548        5560852.0708857710        348.66457462021805        255187.01786477436        1.6666666666666667     
   1.9952623149688815        2.1877616239495548        6047270.7300688978        317.02294891369007        277704.88546768349        1.6666666666666667     
   1.9952623149688815        2.1877616239495548        6578967.8085071249        288.23369494656322        302339.47988418792        1.6666666666666665     
   1.9952623149688815        2.1877616239495548        7160115.4705002252        262.03962550637141        329287.93103333673        1.6666666666666665     
   1.9952623149688815        2.1877616239495548        7795263.4310065415        238.20747358622907        358765.32499324740        1.6666666666666665     
   1.9952623149688815        2.1877616239495548        8489373.7091395333        216.52545030746316        391006.33257717761        1.6666666666666667     
   1.9952623149688815        2.1877616239495548        9247858.7892158851        196.80109815902529        426266.98671048501        1.6666666666666667     
   1.9952623149688815        2.1877616239495548        10076623.567389188        178.85939639361035        464826.62272349017        1.6666666666666667     
   1.9952623149688815        2.1877616239495548        10982111.511948839        162.54108249448501        506989.99727670674        1.6666666666666667     
   1.9952623149688815        2.1877616239495548        11971355.522742737        147.70115952145781        553089.60349649272        1.6666666666666665     
   1.9952623149688815        2.1877616239495548        13052034.040797874        134.20756404659897        603488.20207584242        1.6666666666666667     
   1.9952623149688815        2.1877616239495548        14232533.033982914        121.93997346116910        658581.59065093193        1.6666666666666667     
   1.9952623149688815        2.1877616239495548        15522014.569367740        110.78873481081260        718801.63677459734        1.6666666666666667     
   1.9952623149688815        2.1877616239495548        16930492.778590441        100.65390011300623        784619.60335976421        1.6666666666666667     
   1.9952623149688815        2.1877616239495548        18468918.129688554        91.444355426973345        856549.79965620837        1.6666666666666667     
   2.2387211385683417        54.954087385762513        4873344.8653663434        2232999.0807717261        174380.33227219718        1.6666663617837119     
   2.2387211385683417        2.4547089156850328        77705039.200513288        29950280.112558927        2781174.1261003646        1.6666654285878704     
   2.2387211385683417        2.4547089156850328        179841915.08623323        34935184.796230718        6402910.8911260739        1.6666655071984899     
   2.2387211385683417        2.4547089156850328        112586946.04057123       -19133959.584368944        3789477.9304815405        1.6666664573791712     
   2.2387211385683417        2.4547089156850328        38108407.089724481       -17624289.728210103        954921.87680398382        1.6666666591322459     
   2.2387211385683417        2.4547089156850328        3507295.9707238581       -6810367.0680651506       -371.45762467353899        1.6666666665434022     
   2.2387211385683417        2.4547089156850328        1116632.6352685713       -391380.24084856524        39718.142646894928        1.6666666666664958     
   2.2387211385683417        2.4547089156850328        1171788.4429517132        7510.5496902632849        42146.224103916233        1.6666666666666572     
   2.2387211385683417        2.4547089156850328        1244039.4401336859        8183.2217630092009        44746.678528298886        1.6666666666666630     
   2.2387211385683417        2.4547089156850328        1320509.0738898807        7203.9300193866538        47500.427777160556        1.6666666666666652     
   2.2387211385683417        2.4547089156850328        1402774.0667818019        6446.0777525661406        50467.612686404471        1.6666666666666661     
   2.2387211385683417        2.4547089156850328        1491657.9066136722        5792.9967287013969        53675.409844559334        1.6666666666666663     
   2.2387211385683417        2.4547089156850328        1587835.5164393480        5213.8010486368066        57147.854188300887        1.6666666666666663     
   2.2387211385683417        2.4547089156850328        1692041.8610474856        4698.6666732608419        60911.735383322353        1.6666666666666665     
   2.2387211385683417        2.4547089156850328        1805084.2036019538        4239.5681797834077        64996.499048615915        1.6666666666666665     
   2.2387211385683417        2.4547089156850328        1927848.5218320219        3829.5930954881005        69434.482314117296        1.6666666666666665     
   2.2387211385683417        2.4547089156850328        2061306.4745381081        3462.7802629907028        74261.172953757152        1.6666666666666665     
   2.2387211385683417        2.4547089156850328        2206522.9755178620        3133.9816068051719        79515.491517066985        1.6666666666666665     
   2.2387211385683417        2.4547089156850328        2364664.4317928506        2838.7438667326942        85240.098629333224        1.6666666666666665     
   2.2387211385683417        2.4547089156850328        2537007.7089397851        2573.2075799884442        91481.729888135145        1.6666666666666665     
   2.2387211385683417        2.4547089156850328        2724949.8918260559        2334.0209068058853        98291.560972431878        1.6666666666666667     
   2.2387211385683417        2.4547089156850328        2930018.9156570178        2118.2662135261844        105725.60584580270        1.6666666666666667     
   2.2387211385683417        2.4547089156850328        3153885.1491565318        1923.3975900920088        113845.15119657535        1.6666666666666665     
   2.2387211385683417        2.4547089156850328        3398374.0192996738        1747.1877202637429        122717.23054714021        1.6666666666666665     
   2.2387211385683417        2.4547089156850328        3665479.7752934769        1587.6827348335933        132415.14177788986        1.6666666666666665     
   2.2387211385683417        2.4547089156850328        3957380.4985346678        1443.1638651319272        143019.01215012249        1.6666666666666665     
   2.2387211385683417        2.4547089156850328        4276454.4751707893        1312.1148785726109        154616.41528119409        1.6666666666666667     
   2.2387211385683417        2.4547089156850328        4625298.0586351268        1193.1944214684754        167303.04491517611        1.6666666666666667     
   2.2387211385683417        2.4547089156850328        5006745.1616788805        1085.2125213615770        181183.45078842936        1.6666666666666667     
   2.2387211385683417        2.4547089156850328        5423888.5300865117        987.11060750930085        196371.84232201343        1.6666666666666667     
   2.2387211385683417        2.4547089156850328        5880102.9652373521        897.94450659160054        212992.96641023966        1.6666666666666665     
   2.2387211385683417        2.4547089156850328        6379070.6781750619        816.86994889235177        231183.06612073502        1.6666666666666665     
   2.2387211385683417        2.4547089156850328        6924808.9761632821        743.13019373533689        251090.92772084646        1.6666666666666665     
   2.2387211385683417        2.4547089156850328        7521700.5020780545        676.04544096731718        272879.02410055761        1.6666666666666665     
   2.2387211385683417        2.4547089156850328        8174526.2694148375        615.00374877440584        296724.76338251331        1.6666666666666667     
   2.2387211385683417        2.4547089156850328        8888501.7604592554        559.45322146266938        322821.85229086061        1.6666666666666665     
   2.2387211385683417        2.4547089156850328        9669316.3831586111        508.89526865351530        351381.78471014206        1.6666666666666667     
   2.2387211385683417        2.4547089156850328        10523176.613811607        462.87876918930817        382635.46681006410        1.6666666666666665     
   2.2387211385683417        2.4547089156850328        11456853.188452927        420.99500000395437        416834.99115415697        1.6666666666666665     
   2.2387211385683417        2.4547089156850328        12477732.746410688        382.87321294882162        454255.57336464454        1.6666666666666665     
   2.2387211385683417        2.4547089156850328        13593874.375726871        348.17676168784152        495197.66619991377        1.6666666666666665     
   2.2387211385683417        2.4547089156850328        14814071.562850880        316.59969682249459        539989.26733787637        1.6666666666666665     
   2.2387211385683417        2.4547089156850328        16147920.109118393        287.86376080284424        588988.43876181287        1.6666666666666665     
   2.2387211385683417        2.4547089156850328        17605892.645746019        261.71572550966528        642586.05750527047        1.6666666666666667     
   2.2387211385683417        2.4547089156850328        19199420.457095847        237.92502446102472        701208.81951536343        1.6666666666666667     
   2.2387211385683417        2.4547089156850328        20940983.412970729        216.28163976313758        765322.52085708117        1.6666666666666667     
   2.2387211385683417        2.4547089156850328        22844208.912889566        196.59420998281664        835435.64314111939        1.6666666666666665     
   2.2387211385683417        2.4547089156850328        24923980.863056142        178.68833072139131        912103.27325462957        1.6666666666666665     
   2.2387211385683417        2.4547089156850328        27196559.840169910        162.40502399221674        995931.39113932906        1.6666666666666667     
   2.2387211385683417        2.4547089156850328        29679715.747598417        147.59935619716623        1087581.5636517617        1.6666666666666667     
   2.5118864315095824        69.183097091893728        7721172.4066711105        3538515.1448788098        219451.73064793303        1.6666662083048283     
   2.5118864315095824        2.7542287033381689        123131625.44873257        47459769.103009917        3500543.0718715228        1.6666647719354823     
   2.5118864315095824        2.7542287033381689        283880256.97008884        54982914.831105970        8017126.6865735017        1.6666648817214744     
   2.5118864315095824        2.7542287033381689        170803890.76049751       -32170093.179771915        4486159.7433563257        1.6666663417316590     
   2.5118864315095824        2.7542287033381689        49140104.195882320       -28790009.230189335        850095.37509457325        1.6666666557508951     
   2.5118864315095824        2.7542287033381689        3791870.3884373121       -8925670.5385842044        21929.118796545135        1.6666666665383998     
   2.5118864315095824        2.7542287033381689        1772353.1675331858       -330619.17359633389        50529.396018455656        1.6666666666665981     
   2.5118864315095824        2.7542287033381689        1861246.2533992066        12104.544681006446        53129.168644150333        1.6666666666666581     
   2.5118864315095824        2.7542287033381689        1975978.5575749427        12994.697998235166        56402.750419996300        1.6666666666666636     
   2.5118864315095824        2.7542287033381689        2097480.4846729948        11446.260914831175        59872.909537984269        1.6666666666666656     
   2.5118864315095824        2.7542287033381689        2228319.1324692802        10252.187073589321        63615.963665403222        1.6666666666666661     
   2.5118864315095824        2.7542287033381689        2369718.7054972854        9215.7051893847329        67662.791771734672        1.6666666666666661     
   2.5118864315095824        2.7542287033381689        2522750.6736685028        8295.8833929458324        72043.951498875482        1.6666666666666661     
   2.5118864315095824        2.7542287033381689        2688589.7833640538        7477.6895857921099        76793.332129155329        1.6666666666666665     
   2.5118864315095824        2.7542287033381689        2868526.7179923989        6748.3996277812957        81948.185710939957        1.6666666666666665     
   2.5118864315095824        2.7542287033381689        3063978.4397458793        6097.0530763316137        87549.429560210818        1.6666666666666665     
   2.5118864315095824        2.7542287033381689        3276499.4344193884        5514.1974749701003        93641.975944565187        1.6666666666666667     
   2.5118864315095824        2.7542287033381689        3507793.9452428883        4991.6692509820914        100275.09117256287        1.6666666666666665     
   2.5118864315095824        2.7542287033381689        3759729.2895446806        4522.4062702843230        107502.78693473323        1.6666666666666665     
   2.5118864315095824        2.7542287033381689        4034350.3610212598        4100.2877190597228        115384.24697644995        1.6666666666666665     
   2.5118864315095824        2.7542287033381689        4333895.4301223112        3719.9975177235219        123984.29250937463        1.6666666666666665     
   2.5118864315095824        2.7542287033381689        4660813.3656316958        3376.9079524954850        133373.89007368000        1.6666666666666665     
   2.5118864315095824        2.7542287033381689        5017782.4120171629        3066.9806375991070        143630.70591602827        1.6666666666666665     
   2.5118864315095824        2.7542287033381689        5407730.6696156273        2786.6823009791337        154839.71132561623        1.6666666666666665     
   2.5118864315095824        2.7542287033381689        5833858.4383169133        2532.9132226408892        167093.84378048600        1.6666666666666665     
   2.5118864315095824        2.7542287033381689        6299662.6002166504        2302.9464511683063        180494.72920129332        1.6666666666666665     
   2.5118864315095824        2.7542287033381689        6808963.2328551486        2094.3761844718392        195153.47109124792        1.6666666666666665     
   2.5118864315095824        2.7542287033381689        7365932.6622869987        1905.0739289131941        211191.51287140776        1.6666666666666667     
   2.5118864315095824        2.7542287033381689        7975127.1845215578        1733.1512500646661        228741.58027089777        1.6666666666666670     
   2.5118864315095824        2.7542287033381689        8641521.7048282214        1576.9281009831961        247948.71127054130        1.6666666666666670     
   2.5118864315095824        2.7542287033381689        9370547.5681454483        1434.9058659497730        268971.38177404314        1.6666666666666667     
   2.5118864315095824        2.7542287033381689        10168133.878036866        1305.7443824618301        291982.73585172871        1.6666666666666667     
   2.5118864315095824        2.7542287033381689        11040752.631672349        1188.2423239063605        317171.93030481372        1.6666666666666665     
   2.5118864315095824        2.7542287033381689        11995468.027094169        1081.3204116226457        344745.60402330174        1.6666666666666667     
   2.5118864315095824        2.7542287033381689        13039990.335359095        984.00701596392150        374929.48368200712        1.6666666666666667     
   2.5118864315095824        2.7542287033381689        14182734.767018463        895.42576967895968        407970.13825160282        1.6666666666666667     
   2.5118864315095824        2.7542287033381689        15432885.805488892        814.78487989951520        444136.89596540405        1.6666666666666667     
   2.5118864315095824        2.7542287033381689        16800467.527167223        741.36787423879821        483723.93859400880        1.6666666666666667     
   2.5118864315095824        2.7542287033381689        18296420.481331855        674.52555954549132        527052.58922301105        1.6666666666666665     
   2.5118864315095824        2.7542287033381689        19932685.762584880        613.66900785359212        574473.81120167836        1.6666666666666665     
   2.5118864315095824        2.7542287033381689        21722296.975843526        558.26341437904682        626370.93755196407        1.6666666666666665     
   2.5118864315095824        2.7542287033381689        23679480.869829848        507.82269783987357        683162.65191657608        1.6666666666666665     
   2.5118864315095824        2.7542287033381689        25819767.500960201        461.90473465468517        745306.24411685090        1.6666666666666665     
   2.5118864315095824        2.7542287033381689        28160110.887023952        420.10713634029048        813301.16556961788        1.6666666666666665     
   2.5118864315095824        2.7542287033381689        30719021.220802996        382.06349423059532        887692.91233504692        1.6666666666666665     
   2.5118864315095824        2.7542287033381689        33516709.839791548        347.44002794750674        969077.26626464014        1.6666666666666665     
   2.5118864315095824        2.7542287033381689        36575248.291644171        315.93258427321172        1058104.9278995444        1.6666666666666665     
   2.5118864315095824        2.7542287033381689        39918742.998366728        287.26394154523069        1155486.5782849910        1.6666666666666667     
   2.5118864315095824        2.7542287033381689        43573527.208261773        261.18138171295129        1261998.4109170705        1.6666666666666667     
   2.5118864315095824        2.7542287033381689        47568372.136142001        237.45449800340938        1378488.1796716829        1.6666666666666665     
   2.8183829312644564        87.096358995608185        12232877.037093569        5607024.5815772992        276163.31304075202        1.6666659820241490     
   2.8183829312644564        3.0902954325135932        195110556.12260917        75204040.836142659        4405860.2218751805        1.6666637871351910     
   2.8183829312644564        3.0902954325135932        447652916.70946604        86380300.547372580        10024592.477563677        1.6666639360253730     
   2.8183829312644564        3.0902954325135932        256046170.29517418       -54511893.976107061        5217715.3106846744        1.6666661646293559     
   2.8183829312644564        3.0902954325135932        60040067.660441518       -46382063.746063054        667191.28776698327        1.6666666512044686     
   2.8183829312644564        3.0902954325135932        4851787.9305397905       -10862438.536238138        64877.992677819195        1.6666666665488494     
   2.8183829312644564        3.0902954325135932        2813554.2677870039       -333683.27944926522        63732.351503880767        1.6666666666666394     
   2.8183829312644564        3.0902954325135932        2955174.0708802114        19284.325856802461        66959.775749926630        1.6666666666666607     
   2.8183829312644564        3.0902954325135932        3137164.0972304116        20612.376332034364        71076.648839984206        1.6666666666666643     
   2.8183829312644564        3.0902954325135932        3330096.6987432349        18175.488641515800        75448.950068682185        1.6666666666666656     
   2.8183829312644564        3.0902954325135932        3538043.7999342652        16294.211372013120        80168.790505343772        1.6666666666666661     
   2.8183829312644564        3.0902954325135932        3762813.2596024862        14649.330486092549        85271.895869809538        1.6666666666666665     
   2.8183829312644564        3.0902954325135932        4006110.3764737854        13189.169135863143        90797.063086883441        1.6666666666666667     
   2.8183829312644564        3.0902954325135932        4269809.5275685247        11890.201289329836        96787.116838379690        1.6666666666666665     
   2.8183829312644564        3.0902954325135932        4555970.5430479869        10732.254021865025        103289.13691627792        1.6666666666666665     
   2.8183829312644564        3.0902954325135932        4866855.3258000351        9697.9499799638306        110354.84249124919        1.6666666666666667     
   2.8183829312644564        3.0902954325135932        5204945.9332293943        8772.3021279010864        118041.01060652599        1.6666666666666667     
   2.8183829312644564        3.0902954325135932        5572964.2607597820        7942.3664780921736        126409.93217527133        1.6666666666666667     
   2.8183829312644564        3.0902954325135932        5973893.4800716061        7196.9449954747479        135529.90910552026        1.6666666666666667     
   2.8183829312644564        3.0902954325135932        6411001.3998031579        6526.3318125676933        145475.79652843904        1.6666666666666667     
   2.8183829312644564        3.0902954325135932        6887865.9324209467        5922.0967414093047        156329.59448790466        1.6666666666666665     
   2.8183829312644564        3.0902954325135932        7408402.8683242537        5376.9008288902833        168181.09386485248        1.6666666666666663     
   2.8183829312644564        3.0902954325135932        7976896.1771136736        4884.3393798885563        181128.58176113066        1.6666666666666663     
   2.8183829312644564        3.0902954325135932        8598031.0764562935        4438.8084746896702        195279.61205782212        1.6666666666666665     
   2.8183829312644564        3.0902954325135932        9276930.1312763132        4035.3915400370392        210751.84739552971        1.6666666666666665     
   2.8183829312644564        3.0902954325135932        10019192.670257969        3669.7630029997918        227673.97940257631        1.6666666666666665     
   2.8183829312644564        3.0902954325135932        10830937.833057847        3338.1064696909812        246186.73462533994        1.6666666666666667     
   2.8183829312644564        3.0902954325135932        11718851.590407435        3037.0452324027065        266443.97429779824        1.6666666666666667     
   2.8183829312644564        3.0902954325135932        12690238.110679930        2763.5832241741955        288613.89682786423        1.6666666666666667     
   2.8183829312644564        3.0902954325135932        13753075.880783960        2515.0548142143898        312880.35269433161        1.6666666666666667     
   2.8183829312644564        3.0902954325135932        14916079.026737859        2289.0820754340389        339444.28228963941        1.6666666666666667     
   2.8183829312644564        3.0902954325135932        16188764.320333937        2083.5383608591515        368525.28827515041        1.6666666666666667     
   2.8183829312644564        3.0902954325135932        17581524.403331678        1896.5172026964765        400363.35493348393        1.6666666666666665     
   2.8183829312644564        3.0902954325135932        19105707.810089588        1726.3056997794399        435220.72826879850        1.6666666666666665     
   2.8183829312644564        3.0902954325135932        20773706.423998307        1571.3616891827851        473383.97171518434        1.6666666666666665     
   2.8183829312644564        3.0902954325135932        22599051.063130729        1430.2941087633444        515166.21373230231        1.6666666666666667     
   2.8183829312644564        3.0902954325135932        24596515.956902124        1301.8460517909025        560909.60499279073        1.6666666666666665     
   2.8183829312644564        3.0902954325135932        26782232.949034233        1184.8800948845526        610988.00446967559        1.6666666666666665     
   2.8183829312644564        3.0902954325135932        29173816.343763802        1078.3655482203990        665809.91547394311        1.6666666666666665     
   2.8183829312644564        3.0902954325135932        31790499.403044567        981.36733404650079        725821.69459584903        1.6666666666666665     
   2.8183829312644564        3.0902954325135932        34653283.603842244        893.03624760911759        791511.05859059922        1.6666666666666665     
   2.8183829312644564        3.0902954325135932        37785101.877945088        812.60039487645497        863410.91653723386        1.6666666666666665     
   2.8183829312644564        3.0902954325135932        41210997.183761381        739.35763517434634        942103.55711507134        1.6666666666666665     
   2.8183829312644564        3.0902954325135932        44958317.902339101        672.66888500414370        1028225.2236134199        1.6666666666666667     
   2.8183829312644564        3.0902954325135932        49056931.710623272        611.95216277165252        1122471.1123519028        1.6666666666666667     
   2.8183829312644564        3.0902954325135932        53539459.766403832        556.67727366276074        1225600.8335815985        1.6666666666666665     
   2.8183829312644564        3.0902954325135932        58441533.244518153        506.36105009558827        1338444.3777103792        1.6666666666666667     
   2.8183829312644564        3.0902954325135932        63802074.496086173        460.56307660516745        1461908.6339087654        1.6666666666666667     
   2.8183829312644564        3.0902954325135932        69663605.365726396        418.88183913591837        1596984.5128764403        1.6666666666666667     
   2.8183829312644564        3.0902954325135932        76072585.500139832        380.95124792203029        1744754.7308709866        1.6666666666666665     
   3.1622776601683826        109.64781961431862        19380305.043944132        8884261.2840452455        347516.24741825397        1.6666656531102366     
   3.1622776601683826        3.4673685045253202        309158010.94848794        119164102.13221627        5545119.6557286112        1.6666623264510596     
   3.1622776601683826        3.4673685045253202        705015550.98953474        135400228.31507808        12513270.060917441        1.6666625200254095     
   3.1622776601683826        3.4673685045253202        377978137.84972757       -93041759.358258963        5928473.8180320682        1.6666658955466642     
   3.1622776601683826        3.4673685045253202        69117073.903673500       -73087589.437555656        441334.58139300614        1.6666666453830983     
   3.1622776601683826        3.4673685045253202        7138692.7023380008       -12198900.920085680        111191.96496089011        1.6666666665746688     
   3.1622776601683826        3.4673685045253202        4465292.0956600178       -437667.72084077873        80309.410757414138        1.6666666666666545     
   3.1622776601683826        3.4673685045253202        4690559.2841579197        30674.565088755156        84376.443745270240        1.6666666666666634     
   3.1622776601683826        3.4673685045253202        4978935.8280029222        32661.822003511472        89549.079734083934        1.6666666666666652     
   3.1622776601683826        3.4673685045253202        5285173.7891640309        28849.580325151743        95058.117860751008        1.6666666666666659     
   3.1622776601683826        3.4673685045253202        5615484.7591129662        25882.336094208469        101007.59121670081        1.6666666666666663     
   3.1622776601683826        3.4673685045253202        5972560.4226555433        23272.376111493468        107440.47244845325        1.6666666666666667     
   3.1622776601683826        3.4673685045253202        6359115.9339333177        20955.225792254547        114405.86189869822        1.6666666666666670     
   3.1622776601683826        3.4673685045253202        6778137.8055292899        18893.706624477727        121957.83288961237        1.6666666666666665     
   3.1622776601683826        3.4673685045253202        7232908.6317226263        17055.838372192957        130155.83763216126        1.6666666666666665     
   3.1622776601683826        3.4673685045253202        7727033.7207325399        15414.071909995235        139065.19405316625        1.6666666666666665     
   3.1622776601683826        3.4673685045253202        8264470.0833580354        13944.646919705145        148757.61609898758        1.6666666666666667     
   3.1622776601683826        3.4673685045253202        8849558.0041498132        12627.041484637899        159311.79172782958        1.6666666666666670     
   3.1622776601683826        3.4673685045253202        9487055.4433125481        11443.501205238555        170814.01321816267        1.6666666666666670     
   3.1622776601683826        3.4673685045253202        10182175.541530961        10378.636958452125        183358.86487249529        1.6666666666666665     
   3.1622776601683826        3.4673685045253202        10940627.525994571        9419.0817695126061        197049.97368698582        1.6666666666666667     
   3.1622776601683826        3.4673685045253202        11768661.344248774        8553.1984699491950        212000.82909189141        1.6666666666666667     
   3.1622776601683826        3.4673685045253202        12673116.383315125        7770.8308899143212        228335.67844890209        1.6666666666666667     
   3.1622776601683826        3.4673685045253202        13661474.665024703        7063.0922872395868        246190.50562338895        1.6666666666666667     
   3.1622776601683826        3.4673685045253202        14741918.944933945        6422.1855600948393        265714.10063658492        1.6666666666666667     
   3.1622776601683826        3.4673685045253202        15923396.181814691        5841.2505348037457        287069.22914974223        1.6666666666666667     
   3.1622776601683826        3.4673685045253202        17215686.887828227        5314.2342746904742        310433.91134466825        1.6666666666666667     
   3.1622776601683826        3.4673685045253202        18629480.916448317        4835.7809288110066        336002.82064855448        1.6666666666666665     
   3.1622776601683826        3.4673685045253202        20176460.296352256        4401.1381393748752        363988.81371181324        1.6666666666666665     
   3.1622776601683826        3.4673685045253202        21869389.775301471        4006.0774616053859        394624.60409366264        1.6666666666666667     
   3.1622776601683826        3.4673685045253202        23722215.798904028        3646.8266266361920        428164.59324695735        1.6666666666666667     
   3.1622776601683826        3.4673685045253202        25750174.715706863        3320.0118039127001        464886.87363358488        1.6666666666666665     
   3.1622776601683826        3.4673685045253202        27969911.072813831        3022.6082999472369        505095.42014946678        1.6666666666666667     
   3.1622776601683826        3.4673685045253202        30399606.945881203        2751.8983711603901        549122.48750582244        1.6666666666666665     
   3.1622776601683826        3.4673685045253202        33059123.334747709        2505.4350347603299        597331.23281554366        1.6666666666666665     
   3.1622776601683826        3.4673685045253202        35970154.751826264        2281.0109373380706        650118.58437499020        1.6666666666666667     
   3.1622776601683826        3.4673685045253202        39156398.235880598        2076.6314905934728        707918.37953351822        1.6666666666666667     
   3.1622776601683826        3.4673685045253202        42643738.139964998        1890.4916104511208        771204.79661694088        1.6666666666666667     
   3.1622776601683826        3.4673685045253202        46460448.170467041        1720.9555031661487        840496.10813274293        1.6666666666666667     
   3.1622776601683826        3.4673685045253202        50637412.295848429        1566.5390325338510        916358.78495709703        1.6666666666666667     
   3.1622776601683826        3.4673685045253202        55208366.300549015        1425.8942784490278        999411.98390314484        1.6666666666666667     
   3.1622776601683826        3.4673685045253202        60210161.933588408        1297.7959609305440        1090332.4540235673        1.6666666666666667     
   3.1622776601683826        3.4673685045253202        65683055.794950582        1181.1294571749288        1189859.9002338783        1.6666666666666665     
   3.1622776601683826        3.4673685045253202        71671025.318503857        1074.8801838280219        1298802.8463875127        1.6666666666666667     
   3.1622776601683826        3.4673685045253202        78222114.451034233        978.12415384413271        1418045.0438256725        1.6666666666666667     
   3.1622776601683826        3.4673685045253202        85388811.896442875        890.01954821702532        1548552.4757052867        1.6666666666666667     
   3.1622776601683826        3.4673685045253202        93228465.096310556        809.79916853413999        1691381.0121266721        1.6666666666666667     
   3.1622776601683826        3.4673685045253202        101803733.45746115        736.76365758237750        1847684.7762954189        1.6666666666666665     
   3.1622776601683826        3.4673685045253202        111183084.71913846        670.27539285728221        2018725.2877298000        1.6666666666666665     
   3.1622776601683826        3.4673685045253202        121441338.78296719        609.75297241648491        2205881.4549487210        1.6666666666666667     
   3.5481338923357586        138.03842646028866        30702668.685112864        14076208.972976781        437282.82839111291        1.6666651819324660     
   3.5481338923357586        3.8904514499428107        489853155.88615048        188814579.02391163        6978656.2734640259        1.6666601861100938     
   3.5481338923357586        3.8904514499428107        1108585541.9963217        211632968.60927132        15586341.572668966        1.6666604232207922     
   3.5481338923357586        3.8904514499428107        547055293.08457339       -159754695.31155840        6529956.0233683567        1.6666654905367393     
   3.5481338923357586        3.8904514499428107        75538700.467840835       -111577712.94923110        248010.67302239896        1.6666666384284130     
   3.5481338923357586        3.8904514499428107        11117968.976154387       -12679616.754004423        153684.26939027919        1.6666666666083447     
   3.5481338923357586        3.8904514499428107        7085283.0537944362       -660199.01847002481        101187.09245182834        1.6666666666666623     
   3.5481338923357586        3.8904514499428107        7443155.2105636112        48731.343607866329        106308.45027269327        1.6666666666666656     
   3.5481338923357586        3.8904514499428107        7899693.9862124380        51708.048196727301        112803.07089098562        1.6666666666666661     
   3.5481338923357586        3.8904514499428107        8385668.1355820028        45781.882184125090        119744.69114227781        1.6666666666666661     
   3.5481338923357586        3.8904514499428107        8910106.2994928379        41093.654325402080        127242.10874284228        1.6666666666666665     
   3.5481338923357586        3.8904514499428107        9477092.0553857461        36953.248591879528        135349.08020214416        1.6666666666666665     
   3.5481338923357586        3.8904514499428107        10090945.849833336        33277.096020596975        144127.60377751675        1.6666666666666665     
   3.5481338923357586        3.8904514499428107        10756420.960247613        30006.289299816457        153645.91397776172        1.6666666666666667     
   3.5481338923357586        3.8904514499428107        11478742.651160119        27090.132663204975        163979.03898334666        1.6666666666666667     
   3.5481338923357586        3.8904514499428107        12263650.754053820        24484.953728991302        175209.41656076824        1.6666666666666667     
   3.5481338923357586        3.8904514499428107        13117446.031576108        22153.085490153939        187427.56512736322        1.6666666666666667     
   3.5481338923357586        3.8904514499428107        14047040.691071909        20061.993953774807        200732.81532728905        1.6666666666666670     
   3.5481338923357586        3.8904514499428107        15060013.448168021        18183.531814539703        215234.10800967203        1.6666666666666667     
   3.5481338923357586        3.8904514499428107        16164669.580086246        16493.300922375158        231050.86507735500        1.6666666666666667     
   3.5481338923357586        3.8904514499428107        17370106.450725254        14970.108438128780        248313.94030346404        1.6666666666666667     
   3.5481338923357586        3.8904514499428107        18686285.035621516        13595.503481065067        267166.65789729025        1.6666666666666670     
   3.5481338923357586        3.8904514499428107        20124108.024998095        12353.382774681844        287765.94734572130        1.6666666666666670     
   3.5481338923357586        3.8904514499428107        21695505.137592554        11229.655309771382        310283.58386678883        1.6666666666666670     
   3.5481338923357586        3.8904514499428107        23413526.337211542        10211.957382065732        334907.54469364602        1.6666666666666670     
   3.5481338923357586        3.8904514499428107        25292443.708427183        9289.4105420443375        361843.49236684409        1.6666666666666670     
   3.5481338923357586        3.8904514499428107        27347862.817987509        8452.4160315092795        391316.39725705382        1.6666666666666670     
   3.5481338923357586        3.8904514499428107        29596844.464898732        7692.4801896314311        423572.31267701508        1.6666666666666667     
   3.5481338923357586        3.8904514499428107        32058037.805333950        7002.0661035814956        458880.31717902323        1.6666666666666667     
   3.5481338923357586        3.8904514499428107        34751825.929206580        6374.4674681219412        497534.63998141570        1.6666666666666667     
   3.5481338923357586        3.8904514499428107        37700485.064135224        5803.7012159531614        539856.98693580495        1.6666666666666665     
   3.5481338923357586        3.8904514499428107        40928358.690447375        5284.4159968437561        586199.08604437695        1.6666666666666667     
   3.5481338923357586        3.8904514499428107        44462047.968736723        4811.8140281815595        636945.47327912645        1.6666666666666667     
   3.5481338923357586        3.8904514499428107        48330620.010400988        4381.5842213752330        692516.54135724634        1.6666666666666667     
   3.5481338923357586        3.8904514499428107        52565835.661880560        3989.8448144193158        753371.87616948423        1.6666666666666667     
   3.5481338923357586        3.8904514499428107        57202398.629956491        3633.0940228916361        820013.90790521377        1.6666666666666665     
   3.5481338923357586        3.8904514499428107        62278227.940085024        3308.1674514333836        892991.90620135318        1.6666666666666667     
   3.5481338923357586        3.8904514499428107        67834755.911164001        3012.2012196914793        972906.35154901468        1.6666666666666670     
   3.5481338923357586        3.8904514499428107        73917254.029583648        2742.5999162202875        1060413.7179452798        1.6666666666666665     
   3.5481338923357586        3.8904514499428107        80575189.332267672        2497.0086442356683        1156231.7050679526        1.6666666666666667     
   3.5481338923357586        3.8904514499428107        87862614.154506668        2273.2885406355481        1261144.9616971577        1.6666666666666670     
   3.5481338923357586        3.8904514499428107        95838592.373100698        2069.4952525022136        1376011.3459946925        1.6666666666666670     
   3.5481338923357586        3.8904514499428107        104567665.57392919        1883.8599381806080        1501768.7723092178        1.6666666666666667     
   3.5481338923357586        3.8904514499428107        114120362.91038845        1714.7724330723934        1639442.6988738209        1.6666666666666667     
   3.5481338923357586        3.8904514499428107        124573758.78583112        1560.7662769680223        1790154.3156236834        1.6666666666666665     
   3.5481338923357586        3.8904514499428107        136012082.90786421        1420.5053506163904        1955129.4969712819        1.6666666666666665     
   3.5481338923357586        3.8904514499428107        148527387.71708468        1292.7719084090497        2135708.5902689951        1.6666666666666665     
   3.5481338923357586        3.8904514499428107        162220278.70425940        1176.4558287519292        2333357.1173317763        1.6666666666666665     
   3.5481338923357586        3.8904514499428107        177200713.70104206        1070.5449313608328        2549677.4736959450        1.6666666666666665     
   3.5481338923357586        3.8904514499428107        193588877.86412328        974.11623349465572        2786421.7181784236        1.6666666666666665     
   3.9810717055349776        173.78008287493782        48637524.757863812        22300932.733498450        550203.33715360798        1.6666645170250218     
   3.9810717055349776        4.3651583224016655        776127407.72894084        299162692.46425885        8782286.7418693509        1.6666570912807153     
   3.9810717055349776        4.3651583224016655        1739734645.1682239        329594934.43477607        19362315.560161766        1.6666573567700218     
   3.9810717055349776        4.3651583224016655        771923388.20523238       -275341164.21129501        6898476.1211849628        1.6666648876354855     
   3.9810717055349776        4.3651583224016655        81369622.712671950       -163409752.76085183        178880.32470266690        1.6666666309415394     
   3.9810717055349776        4.3651583224016655        17534778.893076159       -12564299.355847215        196854.11557524640        1.6666666666382517     
   3.9810717055349776        4.3651583224016655        11240977.445286822       -1030370.7301470474        127487.88800505440        1.6666666666666656     
   3.9810717055349776        4.3651583224016655        11808668.964052325        77302.382822915621        133924.70091849717        1.6666666666666665     
   3.9810717055349776        4.3651583224016655        12530940.482207127        81805.210124363439        142076.81773084815        1.6666666666666667     
   3.9810717055349776        4.3651583224016655        13302021.670563212        72640.794094724479        150823.29685842255        1.6666666666666667     
   3.9810717055349776        4.3651583224016655        14134373.265597461        65220.975659868112        160269.42771507983        1.6666666666666667     
   3.9810717055349776        4.3651583224016655        15034319.708500588        58653.933151467645        170483.95524687957        1.6666666666666667     
   3.9810717055349776        4.3651583224016655        16008730.561017470        52822.942198957950        181545.08089959208        1.6666666666666667     
   3.9810717055349776        4.3651583224016655        17065164.457401633        47634.630694604857        193538.86706980690        1.6666666666666667     
   3.9810717055349776        4.3651583224016655        18211931.529236555        43008.637980340201        206559.95093441400        1.6666666666666667     
   3.9810717055349776        4.3651583224016655        19458161.359423339        38875.735408154600        220712.32287587386        1.6666666666666667     
   3.9810717055349776        4.3651583224016655        20813876.997365586        35176.212867831389        236110.17475537569        1.6666666666666665     
   3.9810717055349776        4.3651583224016655        22290075.622148886        31858.496154696368        252878.82484002880        1.6666666666666665     
   3.9810717055349776        4.3651583224016655        23898816.498322137        28877.964089681103        271155.72686568811        1.6666666666666667     
   3.9810717055349776        4.3651583224016655        25653316.931824498        26195.938068023388        291091.57145298203        1.6666666666666667     
   3.9810717055349776        4.3651583224016655        27568057.002097473        23778.820095009956        312851.48889582546        1.6666666666666667     
   3.9810717055349776        4.3651583224016655        29658893.920950759        21597.358394073606        336616.36321475456        1.6666666666666667     
   3.9810717055349776        4.3651583224016655        31943186.949843112        19626.022371279443        362584.26831825450        1.6666666666666667     
   3.9810717055349776        4.3651583224016655        34439933.895446584        17842.471117030334        390972.03814985254        1.6666666666666667     
   3.9810717055349776        4.3651583224016655        37169920.299382381        16227.101747518582        422016.98382657790        1.6666666666666667     
   3.9810717055349776        4.3651583224016655        40155882.542462088        14762.665758454761        455978.77200082614        1.6666666666666667     
   3.9810717055349776        4.3651583224016655        43422686.197505347        13433.943207615363        493141.48001461750        1.6666666666666667     
   3.9810717055349776        4.3651583224016655        46997521.088635653        12227.465981766030        533815.84487074905        1.6666666666666667     
   3.9810717055349776        4.3651583224016655        50910114.649852537        11131.282659509965        578341.72463138134        1.6666666666666665     
   3.9810717055349776        4.3651583224016655        55192965.322682254        10134.758573933064        627090.79258238513        1.6666666666666665     
   3.9810717055349776        4.3651583224016655        59881597.893007055        9228.4056258710789        680469.48638568318        1.6666666666666663     
   3.9810717055349776        4.3651583224016655        65014842.841993861        8403.7372166688565        738922.23649418051        1.6666666666666665     
   3.9810717055349776        4.3651583224016655        70635141.976908684        7653.1443741006278        802935.00034329970        1.6666666666666667     
   3.9810717055349776        4.3651583224016655        76788882.816008598        6969.7897499752880        873039.13127182517        1.6666666666666667     
   3.9810717055349776        4.3651583224016655        83526764.429466859        6347.5166857763397        949815.61380816984        1.6666666666666667     
   3.9810717055349776        4.3651583224016655        90904197.687362775        5780.7709844747833        1033899.6997939696        1.6666666666666665     
   3.9810717055349776        4.3651583224016655        98981743.138317302        5264.5334024529866        1125985.9831279952        1.6666666666666667     
   3.9810717055349776        4.3651583224016655        107825590.04092568        4794.2611943027396        1226833.9542005772        1.6666666666666667     
   3.9810717055349776        4.3651583224016655        117508080.39725816        4365.8373127422801        1337274.0790051534        1.6666666666666665     
   3.9810717055349776        4.3651583224016655        128108282.19676144        3975.5260934019252        1458214.4519694131        1.6666666666666665     
   3.9810717055349776        4.3651583224016655        139712616.47305372        3619.9344453607032        1590648.0760908113        1.6666666666666665     
   3.9810717055349776        4.3651583224016655        152415543.20947176        3295.9777288026016        1735660.8288282885        1.6666666666666667     
   3.9810717055349776        4.3651583224016655        166320311.60613981        3000.8496354087806        1894440.1776722083        1.6666666666666667     
   3.9810717055349776        4.3651583224016655        181539780.74680406        2731.9954991979594        2068284.7150866264        1.6666666666666667     
   3.9810717055349776        4.3651583224016655        198197317.28341717        2487.0885589232016        2258614.5890538157        1.6666666666666665     
   3.9810717055349776        4.3651583224016655        216427777.39691690        2264.0087707902899        2466982.9123761263        1.6666666666666663     
   3.9810717055349776        4.3651583224016655        236378581.00122219        2060.8238347363426        2695088.2416780414        1.6666666666666665     
   3.9810717055349776        4.3651583224016655        258210886.94258705        1875.7721509556573        2944788.2254474945        1.6666666666666665     
   3.9810717055349776        4.3651583224016655        282100878.81772435        1707.2474676251063        3218114.5296645933        1.6666666666666667     
   3.9810717055349776        4.3651583224016655        308241172.00256348        1553.7850174228390        3517289.1598014906        1.6666666666666667     
   4.4668359215096372        218.77616239495563        77044610.616154060        35328884.830500521        692232.53651966865        1.6666635929600970     
   4.4668359215096372        4.8977881936844687        1229635683.7601035        473975318.17734188        11051228.056822885        1.6666526796387497     
   4.4668359215096372        4.8977881936844687        2723535768.2018361        510977793.91129196        23973565.969622657        1.6666529335639015     
   4.4668359215096372        4.8977881936844687        1054530648.2956434       -474829993.43451107        6886659.9505195944        1.6666640015706593     
   4.4668359215096372        4.8977881936844687        93072302.074267358       -227515478.87632966        285174.46171583980        1.6666666241639914     
   4.4668359215096372        4.8977881936844687        27697767.423553362       -12867349.153733363        247654.80571177331        1.6666666666566918     
   4.4668359215096372        4.8977881936844687        17832509.599874441       -1615060.9438820600        160624.46692642808        1.6666666666666665     
   4.4668359215096372        4.8977881936844687        18731383.767599426        122399.42420525881        168694.82677552255        1.6666666666666665     
   4.4668359215096372        4.8977881936844687        19873666.698652431        129376.13189426249        178929.79305006855        1.6666666666666665     
   4.4668359215096372        4.8977881936844687        21096940.717121493        115240.25931235921        189948.96591935327        1.6666666666666667     
   4.4668359215096372        4.8977881936844687        22417607.282239430        103484.10745198886        201848.37411799145        1.6666666666666670     
   4.4668359215096372        4.8977881936844687        23845607.870407216        93069.817319857699        214716.15866371256        1.6666666666666667     
   4.4668359215096372        4.8977881936844687        25391857.943351779        83822.422561606320        228650.91128187178        1.6666666666666667     
   4.4668359215096372        4.8977881936844687        27068368.902364377        75593.920889284447        243761.13835839112        1.6666666666666667     
   4.4668359215096372        4.8977881936844687        28888347.544989660        68256.932462645302        260166.16334361327        1.6666666666666667     
   4.4668359215096372        4.8977881936844687        30866304.358901188        61701.721370973857        277997.10976699810        1.6666666666666667     
   4.4668359215096372        4.8977881936844687        33018171.502623104        55833.638406462771        297397.97260273929        1.6666666666666667     
   4.4668359215096372        4.8977881936844687        35361431.413875602        50570.929696571562        318526.78661219944        1.6666666666666667     
   4.4668359215096372        4.8977881936844687        37915257.079351462        45842.861924629520        341556.90114730858        1.6666666666666667     
   4.4668359215096372        4.8977881936844687        40700665.101053104        41588.120833356035        366678.37183446455        1.6666666666666665     
   4.4668359215096372        4.8977881936844687        43740682.804660752        37753.445066528453        394099.48057817551        1.6666666666666665     
   4.4668359215096372        4.8977881936844687        47060530.755505674        34292.462200998554        424048.39643425023        1.6666666666666665     
   4.4668359215096372        4.8977881936844687        50687822.178468533        31164.698098622925        456774.99111231562        1.6666666666666665     
   4.4668359215096372        4.8977881936844687        54652780.920435883        28334.734506572182        492552.82418590633        1.6666666666666665     
   4.4668359215096372        4.8977881936844687        58988479.748864673        25771.493196478823        531681.31452359247        1.6666666666666665     
   4.4668359215096372        4.8977881936844687        63731100.948669881        23447.627897489470        574488.11601953721        1.6666666666666667     
   4.4668359215096372        4.8977881936844687        68920221.363321185        21339.007883220944        621331.71740603424        1.6666666666666667     
   4.4668359215096372        4.8977881936844687        74599124.226097479        19424.279353611066        672604.28778823116        1.6666666666666670     
   4.4668359215096372        4.8977881936844687        80815140.345436245        17684.492743199749        728734.79156604118        1.6666666666666667     
   4.4668359215096372        4.8977881936844687        87620021.445917577        16102.785818617371        790192.39861599356        1.6666666666666665     
   4.4668359215096372        4.8977881936844687        95070348.725461036        14664.113928713488        857490.21801190556        1.6666666666666665     
   4.4668359215096372        4.8977881936844687        103227979.97203745        13355.020067812307        931189.38619267824        1.6666666666666665     
   4.4668359215096372        4.8977881936844687        112160538.89140770        12163.438528639250        1011903.5433450048        1.6666666666666665     
   4.4668359215096372        4.8977881936844687        121941950.63431209        11078.526881212403        1100303.7349002506        1.6666666666666665     
   4.4668359215096372        4.8977881936844687        132653027.87921223        10090.521833871644        1197123.7784542507        1.6666666666666667     
   4.4668359215096372        4.8977881936844687        144382112.22867709        9190.6152331877001        1303166.1401450131        1.6666666666666667     
   4.4668359215096372        4.8977881936844687        157225776.11698052        8370.8470550125367        1419308.3685910308        1.6666666666666667     
   4.4668359215096372        4.8977881936844687        171289590.90723768        7624.0127441492095        1546510.1389325599        1.6666666666666670     
   4.4668359215096372        4.8977881936844687        186688967.38289580        6943.5826875287112        1685820.9643764852        1.6666666666666665     
   4.4668359215096372        4.8977881936844687        203550075.41453132        6323.6319658156754        1838388.6379351539        1.6666666666666667     
   4.4668359215096372        4.8977881936844687        222010850.21506235        5758.7788318901376        2005468.4728491216        1.6666666666666665     
   4.4668359215096372        4.8977881936844687        242222093.28926241        5244.1306185761341        2188433.4165051808        1.6666666666666667     
   4.4668359215096372        4.8977881936844687        264348676.94417146        4775.2359909559191        2388785.1195767340        1.6666666666666667     
   4.4668359215096372        4.8977881936844687        288570862.06257510        4348.0426362184116        2608166.0496702013        1.6666666666666667     
   4.4668359215096372        4.8977881936844687        315085739.76048523        3958.8596320214629        2848372.7470225450        1.6666666666666667     
   4.4668359215096372        4.8977881936844687        344108808.56067747        3604.3238574229863        3111370.3288274049        1.6666666666666665     
   4.4668359215096372        4.8977881936844687        375875699.82838839        3281.3699126309475        3399308.3586479104        1.6666666666666667     
   4.4668359215096372        4.8977881936844687        410644065.44393557        2987.2030985202723        3714538.2081826418        1.6666666666666665     
   4.4668359215096372        4.8977881936844687        448695643.04385543        2719.2750770339071        4059632.0504834722        1.6666666666666665     
   4.4668359215096372        4.8977881936844687        490338515.66230822        2475.2618916503529        4437403.6366807315        1.6666666666666667     
   5.0118723362727300        275.42287033381717        122034714.84760335        55963142.932053871        870847.92968438170        1.6666623280529183     
   5.0118723362727300        5.4954087385762538        1948000074.3582332        750884274.93552685        13904972.059923841        1.6666464839290982     
   5.0118723362727300        5.4954087385762538        4250815380.5778465        787661435.46807539        29562685.199495230        1.6666466474656731     
   5.0118723362727300        5.4954087385762538        1383171835.2713177       -815841215.55417943        6361321.0543914381        1.6666627182447811     
   5.0118723362727300        5.4954087385762538        120718972.60549636       -298741561.43845397        535140.92056619818        1.6666666199316438     
   5.0118723362727300        5.4954087385762538        43755892.081809387       -15148265.824548557        310828.01100693288        1.6666666666643288     
   5.0118723362727300        5.4954087385762538        28287835.675541405       -2532306.2231141925        202377.81669341115        1.6666666666666667     
   5.0118723362727300        5.4954087385762538        29707905.988863196        193370.54609266337        212466.31486664238        1.6666666666666665     
   5.0118723362727300        5.4954087385762538        31514515.044099547        204618.38749193499        225325.29885352342        1.6666666666666667     
   5.0118723362727300        5.4954087385762538        33454862.255368877        182793.15378784525        239205.27793002815        1.6666666666666667     
   5.0118723362727300        5.4954087385762538        35549839.943842106        164157.17785974441        254193.17916352174        1.6666666666666665     
   5.0118723362727300        5.4954087385762538        37815186.871321209        147643.79402469014        270401.21731935081        1.6666666666666665     
   5.0118723362727300        5.4954087385762538        40268238.099418163        132980.23405440597        287953.65295135928        1.6666666666666667     
   5.0118723362727300        5.4954087385762538        42928070.468715817        119931.90776508008        306987.24776047008        1.6666666666666667     
   5.0118723362727300        5.4954087385762538        45815660.887923449        108296.91052820647        327652.40338136989        1.6666666666666670     
   5.0118723362727300        5.4954087385762538        48954058.718987904        97901.302577311624        350114.40196020517        1.6666666666666670     
   5.0118723362727300        5.4954087385762538        52368573.616897218        88595.056018934993        374554.75837720803        1.6666666666666667     
   5.0118723362727300        5.4954087385762538        56086980.328946471        80248.581693949323        401172.69503112760        1.6666666666666667     
   5.0118723362727300        5.4954087385762538        60139742.107484639        72749.757800058156        430186.75119054836        1.6666666666666667     
   5.0118723362727300        5.4954087385762538        64560254.553049624        66001.391645020136        461836.54010888131        1.6666666666666667     
   5.0118723362727300        5.4954087385762538        69385111.879983172        59919.054362761148        496384.66835494782        1.6666666666666667     
   5.0118723362727300        5.4954087385762538        74654397.796504050        54429.236155998602        534118.83335539978        1.6666666666666667     
   5.0118723362727300        5.4954087385762538        80412003.387476474        49467.776114617482        575354.11641330423        1.6666666666666667     
   5.0118723362727300        5.4954087385762538        86705974.634255618        44978.527110977608        620435.49047703913        1.6666666666666665     
   5.0118723362727300        5.4954087385762538        93588892.441316873        40912.221179551751        669740.56349005597        1.6666666666666667     
   5.0118723362727300        5.4954087385762538        101118288.31771621        37225.505762499975        723682.58027499204        1.6666666666666667     
   5.0118723362727300        5.4954087385762538        109357099.15511665        33880.125215685119        782713.70803514693        1.6666666666666670     
   5.0118723362727300        5.4954087385762538        118374164.86653404        30842.225613067101        847328.63292470353        1.6666666666666667     
   5.0118723362727300        5.4954087385762538        128244773.00110422        28081.764039142065        918068.49771658436        1.6666666666666665     
   5.0118723362727300        5.4954087385762538        139051254.83302066        25572.006302920068        995525.21340825001        1.6666666666666665     
   5.0118723362727300        5.4954087385762538        150883637.84033158        23289.099385445166        1080346.1806737655        1.6666666666666667     
   5.0118723362727300        5.4954087385762538        163840359.94483155        21211.706988016220        1173239.4604156811        1.6666666666666667     
   5.0118723362727300        5.4954087385762538        178029051.38145682        19320.698318258488        1274979.4363279541        1.6666666666666667     
   5.0118723362727300        5.4954087385762538        193567390.60839868        17598.881770818738        1386413.0163664867        1.6666666666666667     
   5.0118723362727300        5.4954087385762538        210584041.26201507        16030.776460083622        1508466.4243827090        1.6666666666666665     
   5.0118723362727300        5.4954087385762538        229219677.80838156        14602.415672029803        1642152.6379328559        1.6666666666666667     
   5.0118723362727300        5.4954087385762538        249628108.25134605        13301.177246353798        1788579.5334737471        1.6666666666666667     
   5.0118723362727300        5.4954087385762538        271977503.03117174        12115.636700751607        1948958.8058361856        1.6666666666666667     
   5.0118723362727300        5.4954087385762538        296451740.09476554        11035.439586392789        2124615.7350693899        1.6666666666666667     
   5.0118723362727300        5.4954087385762538        323251877.04534596        10051.190134773677        2316999.8805385623        1.6666666666666667     
   5.0118723362727300        5.4954087385762538        352597762.29420501        9154.3537365151806        2527696.7895643036        1.6666666666666667     
   5.0118723362727300        5.4954087385762538        384729798.24880970        8337.1711956613944        2758440.8159993421        1.6666666666666667     
   5.0118723362727300        5.4954087385762538        419910870.78975981        7592.5830402970369        3011129.1529947869        1.6666666666666670     
   5.0118723362727300        5.4954087385762538        458428460.62500781        6914.1624518749713        3287837.1938924110        1.6666666666666667     
   5.0118723362727300        5.4954087385762538        500596953.57550597        6296.0556102458186        3590835.3457673974        1.6666666666666667     
   5.0118723362727300        5.4954087385762538        546760168.45572984        5732.9284464581715        3922607.4317242340        1.6666666666666667     
   5.0118723362727300        5.4954087385762538        597294122.98064435        5219.9189573473095        4285870.8307089200        1.6666666666666667     
   5.0118723362727300        5.4954087385762538        652610060.07481420        4752.5943701928636        4683598.5174496882        1.6666666666666667     
   5.0118723362727300        5.4954087385762538        713157759.09882593        4326.9125569209546        5119043.1802874431        1.6666666666666667     
   5.0118723362727300        5.4954087385762538        779429158.86473322        3939.1871893628067        5595763.6112337625        1.6666666666666667     
   5.6234132519034992        346.73685045253239        193280818.97917047        88640871.531184822        1095434.5783304411        1.6666606216844659     
   5.6234132519034992        6.1659500186148319        3085750589.3982782        1189458526.7029200        17493325.015871570        1.6666379135317313     
   5.6234132519034992        6.1659500186148319        6610208037.1470795        1205515355.5051205        36276514.082679674        1.6666378530670851     
   5.6234132519034992        6.1659500186148319        1726308455.8123081       -1389463686.1691248        5275849.4490860021        1.6666608898848196     
   5.6234132519034992        6.1659500186148319        175688730.01364115       -366932161.81092542        845179.86999148538        1.6666666201470357     
   5.6234132519034992        6.1659500186148319        69126385.124583468       -20974143.917873129        390080.49193854653        1.6666666666663330     
   5.6234132519034992        6.1659500186148319        44872303.916422307       -3970683.7863905984        254992.18793402900        1.6666666666666665     
   5.6234132519034992        6.1659500186148319        47109966.155864127        304701.79198355385        267562.95903446374        1.6666666666666667     
   5.6234132519034992        6.1659500186148319        49968351.259922840        323743.61742969544        283734.39558644913        1.6666666666666667     
   5.6234132519034992        6.1659500186148319        53045641.869073242        289900.51486730669        301215.31088454759        1.6666666666666667     
   5.6234132519034992        6.1659500186148319        56368303.521134071        260355.40272631971        320091.39514723455        1.6666666666666667     
   5.6234132519034992        6.1659500186148319        59961305.060638502        234173.57085314710        340504.56422952889        1.6666666666666667     
   5.6234132519034992        6.1659500186148319        63852165.091591582        210924.04090984754        362611.39377304981        1.6666666666666667     
   5.6234132519034992        6.1659500186148319        68071168.844345614        190234.98427061934        386584.21681790566        1.6666666666666667     
   5.6234132519034992        6.1659500186148319        72651619.881607771        171786.37692575814        412612.56012052740        1.6666666666666665     
   5.6234132519034992        6.1659500186148319        77630114.258750245        155302.51760043987        440904.70898410538        1.6666666666666665     
   5.6234132519034992        6.1659500186148319        83046839.307404116        140545.60412622444        471689.41305942630        1.6666666666666665     
   5.6234132519034992        6.1659500186148319        88945899.444710582        127310.22881713416        505217.74691709579        1.6666666666666667     
   5.6234132519034992        6.1659500186148319        95375671.649475530        115418.66908716224        541765.14057012077        1.6666666666666667     
   5.6234132519034992        6.1659500186148319        102389193.50686672        104716.86453117129        581633.59662499966        1.6666666666666667     
   5.6234132519034992        6.1659500186148319        110044587.00705495        95070.985155459013        625154.11240888643        1.6666666666666667     
   5.6234132519034992        6.1659500186148319        118405521.59235257        86364.507494497986        672689.32710039068        1.6666666666666667     
   5.6234132519034992        6.1659500186148319        127541720.28419749        78495.726094102749        724636.41605236870        1.6666666666666667     
   5.6234132519034992        6.1659500186148319        137529513.08822387        71375.637383888316        781430.25635160552        1.6666666666666667     
   5.6234132519034992        6.1659500186148319        148452442.27536574        64926.141406841933        843546.89018769958        1.6666666666666667     
   5.6234132519034992        6.1659500186148319        160401924.57245350        59078.514320574359        911507.31502004655        1.6666666666666667     
   5.6234132519034992        6.1659500186148319        173477975.77037391        53772.111128119664        985881.63231357851        1.6666666666666667     
   5.6234132519034992        6.1659500186148319        187790003.77519587        48953.263825762609        1067293.5896107815        1.6666666666666667     
   5.6234132519034992        6.1659500186148319        203457676.69171751        44574.345155418974        1156425.5539809933        1.6666666666666667     
   5.6234132519034992        6.1659500186148319        220611873.14404437        40592.972497751172        1254023.9584597915        1.6666666666666667     
   5.6234132519034992        6.1659500186148319        239395722.70890418        36971.330211925721        1360905.2669897943        1.6666666666666667     
   5.6234132519034992        6.1659500186148319        259965745.06975168        33675.591985082385        1477962.5076301277        1.6666666666666667     
   5.6234132519034992        6.1659500186148319        282493097.29915577        30675.427559864213        1606172.4284492370        1.6666666666666665     
   5.6234132519034992        6.1659500186148319        307164939.54991657        27943.580616812498        1746603.3355919044        1.6666666666666665     
   5.6234132519034992        6.1659500186148319        334185930.38890636        25455.506649762217        1900423.6785569189        1.6666666666666665     
   5.6234132519034992        6.1659500186148319        363779864.04943728        23189.061431110866        2068911.4537804872        1.6666666666666665     
   5.6234132519034992        6.1659500186148319        396191463.01680338        21124.232160209747        2253464.5042444956        1.6666666666666665     
   5.6234132519034992        6.1659500186148319        431688340.60652977        19242.904656925592        2455611.8000653922        1.6666666666666665     
   5.6234132519034992        6.1659500186148319        470563149.55652136        17528.661035908070        2677025.7929338659        1.6666666666666667     
   5.6234132519034992        6.1659500186148319        513135934.14383113        15966.603202173023        2919535.9459267776        1.6666666666666665     
   5.6234132519034992        6.1659500186148319        559756704.96683979        14543.198270000061        3185143.5496728010        1.6666666666666665     
   5.6234132519034992        6.1659500186148319        610808257.31803656        13246.142645847598        3476037.9461979019        1.6666666666666665     
   5.6234132519034992        6.1659500186148319        666709256.02663541        12064.242050510031        3794614.2930895435        1.6666666666666663     
   5.6234132519034992        6.1659500186148319        727917611.79079497        10987.305202006086        4143493.0129902279        1.6666666666666663     
   5.6234132519034992        6.1659500186148319        794934176.36502182        10006.049252513720        4525541.0869620880        1.6666666666666667     
   5.6234132519034992        6.1659500186148319        868306786.54014468        9112.0153818413655        4943895.3650634186        1.6666666666666667     
   5.6234132519034992        6.1659500186148319        948634689.67409503        8297.4932065951398        5401988.0836641164        1.6666666666666667     
   5.6234132519034992        6.1659500186148319        1036573386.6275966        7555.4528770218976        5903574.7967353323        1.6666666666666667     
   5.6234132519034992        6.1659500186148319        1132839931.3577576        6879.4839096880924        6452764.9477127148        1.6666666666666667     
   5.6234132519034992        6.1659500186148319        1238218730.1574652        6263.7399500922711        7054055.3297254816        1.6666666666666667     
   6.3095734448019432        436.51583224016696        306091341.03622633        140384323.49004501        1377764.3193111848        1.6666583508795696     
   6.3095734448019432        6.9183097091893764        4887412584.7692003        1883958018.3871138        22003848.288421188        1.6666262342113687     
   6.3095734448019432        6.9183097091893764        10234142901.780748        1828810701.9192979        44259418.899549268        1.6666257468849772     
   6.3095734448019432        6.9183097091893764        2034236443.6198065       -2332863742.1501765        3760750.2100193109        1.6666583322354913     
   6.3095734448019432        6.9183097091893764        270682912.87874615       -417319926.18035859        1160171.8820826749        1.6666666257306657     
   6.3095734448019432        6.9183097091893764        109212982.30337039       -31781334.821627744        489580.95635440422        1.6666666666666408     
   6.3095734448019432        6.9183097091893764        71179584.150871366       -6226523.1195255648        321293.00870367966        1.6666666666666665     
   6.3095734448019432        6.9183097091893764        74696059.532358661        478837.39168450539        336911.26031752618        1.6666666666666665     
   6.3095734448019432        6.9183097091893764        79221199.404001847        512521.96540659724        357267.47537571244        1.6666666666666667     
   6.3095734448019432        6.9183097091893764        84100970.964073911        459705.78257810260        379281.32563661219        1.6666666666666667     
   6.3095734448019432        6.9183097091893764        89369989.357000455        412867.01726368308        403052.34292575577        1.6666666666666667     
   6.3095734448019432        6.9183097091893764        95067874.240145266        371359.16439941776        428759.45884277456        1.6666666666666665     
   6.3095734448019432        6.9183097091893764        101238295.57930759        334499.36328181531        456599.93131700490        1.6666666666666665     
   6.3095734448019432        6.9183097091893764        107929315.82776672        301698.26961854001        486790.87505546742        1.6666666666666667     
   6.3095734448019432        6.9183097091893764        115193789.90657945        272448.64580328437        519571.07242914115        1.6666666666666665     
   6.3095734448019432        6.9183097091893764        123089800.91627415        246313.50282055049        555202.94651349622        1.6666666666666667     
   6.3095734448019432        6.9183097091893764        131681135.03727476        222915.91938681673        593974.71201803640        1.6666666666666667     
   6.3095734448019432        6.9183097091893764        141037799.44874159        201930.31762054272        636202.72153674625        1.6666666666666667     
   6.3095734448019432        6.9183097091893764        151236587.47707582        183074.99908940439        682234.02629399800        1.6666666666666670     
   6.3095734448019432        6.9183097091893764        162361695.60140368        166105.76883312262        732449.17246174789        1.6666666666666667     
   6.3095734448019432        6.9183097091893764        174505397.39688319        150810.49629936932        787265.25619720959        1.6666666666666670     
   6.3095734448019432        6.9183097091893764        187768779.99095693        137004.48122899665        847139.26281118265        1.6666666666666670     
   6.3095734448019432        6.9183097091893764        202262549.14630917        124526.50955426428        912571.71794229664        1.6666666666666665     
   6.3095734448019432        6.9183097091893764        218107909.67124650        113235.49949784462        984110.68130015023        1.6666666666666667     
   6.3095734448019432        6.9183097091893764        235437528.49788806        103007.65144478703        1062356.1164709844        1.6666666666666670     
   6.3095734448019432        6.9183097091893764        254396588.46574759        93734.026961887197        1147964.6734754923        1.6666666666666667     
   6.3095734448019432        6.9183097091893764        275143941.60830456        85318.492709277794        1241654.9242540249        1.6666666666666670     
   6.3095734448019432        6.9183097091893764        297853371.56888229        77675.974070082098        1344213.0950574779        1.6666666666666670     
   6.3095734448019432        6.9183097091893764        322714975.67597133        70730.971248332440        1456499.3438717453        1.6666666666666670     
   6.3095734448019432        6.9183097091893764        349936678.19413328        64416.297477567015        1579454.6355327589        1.6666666666666667     
   6.3095734448019432        6.9183097091893764        379745887.34257793        58672.004957133497        1714108.2721337494        1.6666666666666670     
   6.3095734448019432        6.9183097091893764        412391309.84810120        53444.469295721909        1861586.1417275530        1.6666666666666667     
   6.3095734448019432        6.9183097091893764        448144938.08128589        48685.607687077267        2023119.7542229742        1.6666666666666665     
   6.3095734448019432        6.9183097091893764        487304226.22571707        44352.209860905685        2200056.1398214307        1.6666666666666667     
   6.3095734448019432        6.9183097091893764        530194473.45997792        40405.364118116493        2393868.6923805540        1.6666666666666667     
   6.3095734448019432        6.9183097091893764        577171433.80460095        36809.963547738087        2606169.0477929981        1.6666666666666667     
   6.3095734448019432        6.9183097091893764        628624174.11371934        33534.279893539147        2838720.0958801527        1.6666666666666665     
   6.3095734448019432        6.9183097091893764        684978203.68994129        30549.594550329082        3093450.2335078302        1.6666666666666665     
   6.3095734448019432        6.9183097091893764        746698901.18641496        27829.877870454227        3372468.9766919403        1.6666666666666667     
   6.3095734448019432        6.9183097091893764        814295266.85091043        25351.509395880770        3678084.0604702057        1.6666666666666667     
   6.3095734448019432        6.9183097091893764        888324030.78261411        23093.032837853818        4012820.1673555919        1.6666666666666665     
   6.3095734448019432        6.9183097091893764        969394150.73506689        21034.940638411186        4379439.4383569574        1.6666666666666665     
   6.3095734448019432        6.9183097091893764        1058171736.1325978        19159.483795249049        4780963.9349623565        1.6666666666666665     
   6.3095734448019432        6.9183097091893764        1155385438.3982468        17450.503338550214        5220700.2362366151        1.6666666666666667     
   6.3095734448019432        6.9183097091893764        1261832351.4497557        15893.280438028651        5702266.3724391330        1.6666666666666667     
   6.3095734448019432        6.9183097091893764        1378384470.3359866        14474.402608040535        6229621.3154245270        1.6666666666666670     
   6.3095734448019432        6.9183097091893764        1505995760.4975860        13181.643885749469        6807097.2667363007        1.6666666666666670     
   6.3095734448019432        6.9183097091893764        1645709895.0803680        12003.857194430178        7439435.0068831434        1.6666666666666670     
   6.3095734448019432        6.9183097091893764        1798668723.1521466        10930.877383353951        8131822.5939989602        1.6666666666666670     
   6.3095734448019432        6.9183097091893764        1966121537.6219711        9953.4336668956130        8889937.7271192167        1.6666666666666667     
   7.0794578438413911        549.54087385762591        484686888.58110738        222303720.05452335        1732590.5923928127        1.6666553657010226     
   7.0794578438413911        7.7624711662869315        7739735731.9228754        2983464095.8438196        27670948.795522556        1.6666105441773882     
   7.0794578438413911        7.7624711662869315        15764568759.277138        2744836498.4571962        53651750.809836127        1.6666093493542176     
   7.0794578438413911        7.7624711662869315        2257803912.7758827       -3842658711.4041600        2168872.0640000650        1.6666548251744060     
   7.0794578438413911        7.7624711662869315        424068249.50400651       -433927532.27589518        1488021.3695201268        1.6666666356134563     
   7.0794578438413911        7.7624711662869315        172557866.69182384       -49503555.608072653        614521.20322352624        1.6666666666666656     
   7.0794578438413911        7.7624711662869315        112909765.97797394       -9765108.9876693692        404832.71529661235        1.6666666666666665     
   7.0794578438413911        7.7624711662869315        118422719.41570210        750697.20621316403        424200.94225250755        1.6666666666666667     
   7.0794578438413911        7.7624711662869315        125590762.46681388        811859.87988938589        449840.26668304304        1.6666666666666667     
   7.0794578438413911        7.7624711662869315        133327950.05401874        728892.70141921646        477560.62251060701        1.6666666666666667     
   7.0794578438413911        7.7624711662869315        141682502.46210581        654641.69529766892        507493.99588225683        1.6666666666666665     
   7.0794578438413911        7.7624711662869315        150717274.59903502        588840.50838482066        539865.79654167395        1.6666666666666667     
   7.0794578438413911        7.7624711662869315        160501549.13571429        530406.82682748616        574924.49838715571        1.6666666666666667     
   7.0794578438413911        7.7624711662869315        171111580.04533112        478406.55791884405        612943.59290742991        1.6666666666666667     
   7.0794578438413911        7.7624711662869315        182631227.85836315        432035.74171253497        654223.87162799912        1.6666666666666667     
   7.0794578438413911        7.7624711662869315        195152651.72574767        390601.75692378858        699095.91302730807        1.6666666666666665     
   7.0794578438413911        7.7624711662869315        208777063.80795282        353507.18557036971        747922.79391117312        1.6666666666666665     
   7.0794578438413911        7.7624711662869315        223615552.06570077        320235.98529660288        801103.04703497770        1.6666666666666665     
   7.0794578438413911        7.7624711662869315        239789978.18062341        290341.66001239500        859073.88939187070        1.6666666666666665     
   7.0794578438413911        7.7624711662869315        257433957.96263808        263437.15442717844        922314.74764611118        1.6666666666666665     
   7.0794578438413911        7.7624711662869315        276693932.34209114        239186.23363756295        991351.10998205934        1.6666666666666667     
   7.0794578438413911        7.7624711662869315        297730337.82857037        217296.13845910301        1066758.7364485105        1.6666666666666667     
   7.0794578438413911        7.7624711662869315        320718886.17880660        197511.33435965012        1149168.2630007421        1.6666666666666667     
   7.0794578438413911        7.7624711662869315        345851963.95454431        179608.19581068461        1239270.2378525916        1.6666666666666667     
   7.0794578438413911        7.7624711662869315        373340163.66497028        163390.48902006296        1337820.6323795510        1.6666666666666667     
   7.0794578438413911        7.7624711662869315        403413959.32501721        148685.53493812180        1445646.8730778368        1.6666666666666665     
   7.0794578438413911        7.7624711662869315        436325540.44410825        135340.95045600168        1563654.4451902830        1.6666666666666665     
   7.0794578438413911        7.7624711662869315        472350819.79918885        123221.88051000804        1692834.1235629339        1.6666666666666667     
   7.0794578438413911        7.7624711662869315        511791631.80933899        112208.64624360108        1834269.8917252664        1.6666666666666667     
   7.0794578438413911        7.7624711662869315        554978139.87249279        102194.74511402826        1989147.6155928359        1.6666666666666667     
   7.0794578438413911        7.7624711662869315        602271472.77014077        93085.148565739335        2158764.5446850285        1.6666666666666670     
   7.0794578438413911        7.7624711662869315        654066612.11717463        84794.850917669828        2344539.7205093289        1.6666666666666670     
   7.0794578438413911        7.7624711662869315        710795554.88802159        77247.630205000401        2548025.3792506321        1.6666666666666667     
   7.0794578438413911        7.7624711662869315        772930777.29405403        70374.987761321347        2770919.4440821325        1.6666666666666667     
   7.0794578438413911        7.7624711662869315        840989028.72744203        64115.238492067328        3015079.2112440341        1.6666666666666665     
   7.0794578438413911        7.7624711662869315        915535487.20131660        58412.728258829913        3282536.3441478023        1.6666666666666667     
   7.0794578438413911        7.7624711662869315        997188310.57184434        53217.158436160826        3575513.2997380882        1.6666666666666667     
   7.0794578438413911        7.7624711662869315        1086623621.1218016        48483.001061858326        3896441.3239095393        1.6666666666666667     
   7.0794578438413911        7.7624711662869315        1184580964.5043902        44168.990523921791        4247980.1647441639        1.6666666666666667     
   7.0794578438413911        7.7624711662869315        1291869287.9503963        40237.680135196053        4633039.6670176797        1.6666666666666667     
   7.0794578438413911        7.7624711662869315        1409373486.7495086        36655.053756631802        5054803.4258959880        1.6666666666666667     
   7.0794578438413911        7.7624711662869315        1538061572.6973505        33390.184328963878        5516754.6953796754        1.6666666666666667     
   7.0794578438413911        7.7624711662869315        1678992523.1470006        30414.932432530586        6022704.7646456631        1.6666666666666667     
   7.0794578438413911        7.7624711662869315        1833324874.8368821        27703.679169127106        6576824.0358315203        1.6666666666666670     
   7.0794578438413911        7.7624711662869315        2002326132.6755643        25233.088571671728        7183676.0586363813        1.6666666666666670     
   7.0794578438413911        7.7624711662869315        2187383070.2446485        22981.895527790231        7848254.8010244574        1.6666666666666670     
   7.0794578438413911        7.7624711662869315        2390013006.0358324        20930.715854445763        8576025.4619319215        1.6666666666666670     
   7.0794578438413911        7.7624711662869315        2611876147.2711716        19061.875679577173        9372969.1598976683        1.6666666666666670     
   7.0794578438413911        7.7624711662869315        2854789101.9122481        17359.257752444377        10245631.863886479        1.6666666666666665     
   7.0794578438413911        7.7624711662869315        3120739668.8871679        15808.162648321219        11201177.966284567        1.6666666666666665     
   7.9432823472428300        691.83097091893842        767375983.08476770        351970650.34596997        2178383.7021149960        1.6666514830218397     
   7.9432823472428300        8.7096358995608227        12254028630.379047        4723609240.2165871        34786846.283676006        1.6665897436906998     
   7.9432823472428300        8.7096358995608227        24148853228.702286        4068539319.0029240        64608748.611825667        1.6665874833370919     
   7.9432823472428300        8.7096358995608227        2385664421.5784173       -6191601616.5255795        985284.73130032909        1.6666501158911440     
   7.9432823472428300        8.7096358995608227        666345672.04050994       -406852392.70064217        1866973.9968943647        1.6666666468405060     
   7.9432823472428300        8.7096358995608227        272665300.55273890       -77486177.484389663        771421.34812826535        1.6666666666666665     
   7.9432823472428300        8.7096358995608227        179101743.79054162       -15317475.629944079        510071.05856284749        1.6666666666666667     
   7.9432823472428300        8.7096358995608227        187730862.88066152        1175024.5428706445        534084.02758869296        1.6666666666666667     
   7.9432823472428300        8.7096358995608227        199090286.51899269        1286579.9277248781        566382.53268876043        1.6666666666666667     
   7.9432823472428300        8.7096358995608227        211357021.97735852        1155605.1659687415        601286.93279592111        1.6666666666666667     
   7.9432823472428300        8.7096358995608227        224602781.22055677        1037904.3499779183        638978.25326227071        1.6666666666666667     
   7.9432823472428300        8.7096358995608227        238927261.05639315        933596.75939197314        679740.39536217542        1.6666666666666667     
   7.9432823472428300        8.7096358995608227        254440355.83988580        840966.93602988299        723886.31008136924        1.6666666666666667     
   7.9432823472428300        8.7096358995608227        271263020.89039266        758534.38603462779        771760.46307435923        1.6666666666666667     
   7.9432823472428300        8.7096358995608227        289528280.97673815        685024.86508740054        823741.71075132850        1.6666666666666667     
   7.9432823472428300        8.7096358995608227        309382329.07217532        619340.59179381712        880246.43421853182        1.6666666666666667     
   7.9432823472428300        8.7096358995608227        330985724.13504416        560534.67418342503        941731.95602491207        1.6666666666666665     
   7.9432823472428300        8.7096358995608227        354514697.61497587        507789.19486149447        1008700.2676420099        1.6666666666666665     
   7.9432823472428300        8.7096358995608227        380162579.35376042        460396.46210198250        1081702.0980449978        1.6666666666666667     
   7.9432823472428300        8.7096358995608227        408141354.60739803        417742.99382779252        1161341.3570677182        1.6666666666666667     
   7.9432823472428300        8.7096358995608227        438683365.06890035        379295.85502456076        1248279.9903777880        1.6666666666666665     
   7.9432823472428300        8.7096358995608227        472043168.02877516        344591.01711062231        1343243.2865667129        1.6666666666666667     
   7.9432823472428300        8.7096358995608227        508499569.18087137        313223.45055455464        1447025.6807816962        1.6666666666666667     
   7.9432823472428300        8.7096358995608227        548357846.07578325        284838.70002298965        1560497.1036108206        1.6666666666666667     
   7.9432823472428300        8.7096358995608227        591952180.85353172        259125.72496113749        1684609.9286786579        1.6666666666666667     
   7.9432823472428300        8.7096358995608227        639648322.66417503        235810.81815427053        1820406.5773427649        1.6666666666666667     
   7.9432823472428300        8.7096358995608227        691846502.12315977        214652.44086842125        1969027.8446987951        1.6666666666666667     
   7.9432823472428300        8.7096358995608227        748984622.26247764        195436.83597780549        2131722.0170738660        1.6666666666666667     
   7.9432823472428300        8.7096358995608227        811541752.74588966        177974.30039273811        2309854.8576896950        1.6666666666666667     
   7.9432823472428300        8.7096358995608227        880041956.63467169        162096.01541379699        2504920.5446899799        1.6666666666666667     
   7.9432823472428300        8.7096358995608227        955058481.73970592        147651.34864569685        2718553.6534634409        1.6666666666666667     
   7.9432823472428300        8.7096358995608227        1037218351.5983224        134505.55407136868        2952542.2839116133        1.6666666666666667     
   7.9432823472428300        8.7096358995608227        1127207394.3942714        122537.80805475845        3208842.4427578850        1.6666666666666667     
   7.9432823472428300        8.7096358995608227        1225775751.7232220        111639.52862917558        3489593.8013215740        1.6666666666666667     
   7.9432823472428300        8.7096358995608227        1333743913.0233867        101712.93363429056        3797136.9605626855        1.6666666666666667     
   7.9432823472428300        8.7096358995608227        1452009325.7732091        92669.800266833219        4134032.3672830965        1.6666666666666667     
   7.9432823472428300        8.7096358995608227        1581553636.2407384        84430.394566638686        4503081.0394482976        1.6666666666666667     
   7.9432823472428300        8.7096358995608227        1723450620.6906214        76922.544411754803        4907347.2726750271        1.6666666666666667     
   7.9432823472428300        8.7096358995608227        1878874872.5569129        70080.833869266280        5350183.5167531008        1.6666666666666665     
   7.9432823472428300        8.7096358995608227        2049111317.2191229        63845.900352038785        5835257.6282143136        1.6666666666666665     
   7.9432823472428300        8.7096358995608227        2235565632.7258906        58163.819062678369        6366582.7249910431        1.6666666666666665     
   7.9432823472428300        8.7096358995608227        2439775662.1507053        52985.561748749045        6948549.8896994693        1.6666666666666665     
   7.9432823472428300        8.7096358995608227        2663423911.2980690        48266.518921271650        7585963.9918686785        1.6666666666666665     
   7.9432823472428300        8.7096358995608227        2908351234.2730684        43966.076465207050        8284082.9245695695        1.6666666666666665     
   7.9432823472428300        8.7096358995608227        3176571819.0555739        40047.239050864824        9048660.5787897799        1.6666666666666667     
   7.9432823472428300        8.7096358995608227        3470289595.7624583        36476.293986073892        9885993.9094282519        1.6666666666666667     
   7.9432823472428300        8.7096358995608227        3791916201.8254514        33222.510170815352        10802974.479836158        1.6666666666666667     
   7.9432823472428300        8.7096358995608227        4144090650.9552436        30257.867663177152        11807144.908897014        1.6666666666666667     
   7.9432823472428300        8.7096358995608227        4529700866.6106615        27556.814067116542        12906760.683873668        1.6666666666666667     
   7.9432823472428300        8.7096358995608227        4951907255.8623371        25096.044533269680        14110857.846538903        1.6666666666666665     
   8.9125093813374718        870.96358995608318        1214723870.6270866        557162960.63273215        2738234.9871139606        1.6666464782972041     
   8.9125093813374718        9.7723722095581262        19395713776.352882        7476494201.7464228        43714551.198831081        1.6665624951525564     
   8.9125093813374718        9.7723722095581262        36789192233.066399        5949314377.0564575        77372039.691272169        1.6665587376572202     
   8.9125093813374718        9.7723722095581262        2482206527.6206570       -9760297079.3704052        590938.23812796897        1.6666439162741482     
   8.9125093813374718        9.7723722095581262        1047266677.5700096       -339558160.19078130        2331633.2852221956        1.6666666562075090     
   8.9125093813374718        9.7723722095581262        430884218.54808843       -121319537.56683734        968464.56402947986        1.6666666666666667     
   8.9125093813374718        9.7723722095581262        284083897.27146846       -24032972.039933171        642600.11880987685        1.6666666666666667     
   8.9125093813374718        9.7723722095581262        297584608.74827933        1838387.8082794824        672419.33800744882        1.6666666666666670     
   8.9125093813374718        9.7723722095581262        315590159.70177120        2039327.0980950452        713100.55915541993        1.6666666666666670     
   8.9125093813374718        9.7723722095581262        335036812.95160002        1831999.4779848948        757049.13396416116        1.6666666666666665     
   8.9125093813374718        9.7723722095581262        356035827.50609398        1645429.9184511234        804507.13152854820        1.6666666666666667     
   8.9125093813374718        9.7723722095581262        378745311.18289405        1480088.6741509759        855832.08806416998        1.6666666666666667     
   8.9125093813374718        9.7723722095581262        403339546.53492522        1333256.7767202721        911418.12640288868        1.6666666666666667     
   8.9125093813374718        9.7723722095581262        430010361.92449456        1202587.7300553124        971699.06338222791        1.6666666666666667     
   8.9125093813374718        9.7723722095581262        458968731.97549611        1086061.9254016534        1037152.0333004289        1.6666666666666665     
   8.9125093813374718        9.7723722095581262        490446521.38241565        981939.43249906390        1108301.4363190180        1.6666666666666665     
   8.9125093813374718        9.7723722095581262        524698385.99348938        888719.46812388720        1185723.2434066031        1.6666666666666665     
   8.9125093813374718        9.7723722095581262        562003846.58620083        805105.66321421752        1270049.6928260596        1.6666666666666667     
   8.9125093813374718        9.7723722095581262        602669552.29560375        729976.34768323530        1361974.4166748468        1.6666666666666670     
   8.9125093813374718        9.7723722095581262        647031752.33875811        662359.16657593241        1462258.0398162683        1.6666666666666665     
   8.9125093813374718        9.7723722095581262        695458996.51388359        601409.42617514555        1571734.2977157095        1.6666666666666667     
   8.9125093813374718        9.7723722095581262        748355086.95454443        546391.64470026549        1691316.7242520237        1.6666666666666667     
   8.9125093813374718        9.7723722095581262        806162305.80175745        496663.85002583388        1822005.9655435232        1.6666666666666667     
   8.9125093813374718        9.7723722095581262        869364945.83701944        451664.22705952713        1964897.7812487069        1.6666666666666667     
   8.9125093813374718        9.7723722095581262        938493173.71485901        410899.77070293645        2121191.8007153417        1.6666666666666665     
   8.9125093813374718        9.7723722095581262        1014127258.2644010        373936.64730334299        2292201.1078027743        1.6666666666666665     
   8.9125093813374718        9.7723722095581262        1096902199.4178281        340392.00879188394        2479362.7352430015        1.6666666666666665     
   8.9125093813374718        9.7723722095581262        1187512796.6933112        309927.03985362506        2684249.1570905824        1.6666666666666667     
   8.9125093813374718        9.7723722095581262        1286719199.8378143        282241.05002394062        2908580.8762012161        1.6666666666666665     
   8.9125093813374718        9.7723722095581262        1395352988.2502558        257066.45004375002        3154240.2128412793        1.6666666666666665     
   8.9125093813374718        9.7723722095581262        1514323830.1900148        234164.47559153356        3423286.4105393738        1.6666666666666667     
   8.9125093813374718        9.7723722095581262        1644626777.5683086        213321.54206682596        3717972.1862473213        1.6666666666666665     
   8.9125093813374718        9.7723722095581262        1787350257.3301156        194346.13175757442        4040761.8636927255        1.6666666666666665     
   8.9125093813374718        9.7723722095581262        1943684826.2178311        177066.13006468117        4394351.2422684170        1.6666666666666667     
   8.9125093813374718        9.7723722095581262        2114932761.8697166        161326.54019683597        4781689.3675438315        1.6666666666666667     
   8.9125093813374718        9.7723722095581262        2302518570.0863934        146987.51711208164        5206002.3853849182        1.6666666666666667     
   8.9125093813374718        9.7723722095581262        2508000495.6213603        133922.67083453649        5670819.6790532144        1.6666666666666667     
   8.9125093813374718        9.7723722095581262        2733083131.9380827        122017.59717101733        6180002.5068051694        1.6666666666666667     
   8.9125093813374718        9.7723722095581262        2979631234.3893743        111168.60078912260        6737775.3783911290        1.6666666666666667     
   8.9125093813374718        9.7723722095581262        3249684851.0418119        101281.58123080592        7348760.4311204925        1.6666666666666665     
   8.9125093813374718        9.7723722095581262        3545475896.0866160        92271.057269908371        8018015.0907154717        1.6666666666666667     
   8.9125093813374718        9.7723722095581262        3869446302.5074172        84059.309048269395        8751073.3290408868        1.6666666666666665     
   8.9125093813374718        9.7723722095581262        4224267903.5080543        76575.620795889554        9553990.8601707593        1.6666666666666667     
   8.9125093813374718        9.7723722095581262        4612864206.2659702        69755.609760595034        10433394.648497211        1.6666666666666667     
   8.9125093813374718        9.7723722095581262        5038434236.9543352        63540.629313296624        11396537.137778912        1.6666666666666667     
   8.9125093813374718        9.7723722095581262        5504478652.8291969        57877.236150348021        12451355.648656266        1.6666666666666665     
   8.9125093813374718        9.7723722095581262        6014828335.6240025        52716.713131630750        13606537.434406748        1.6666666666666667     
   8.9125093813374718        9.7723722095581262        6573675700.6907797        48014.640635879492        14871590.930951936        1.6666666666666665     
   8.9125093813374718        9.7723722095581262        7185608978.4659214        43730.510428695459        16256923.787873873        1.6666666666666665     
   8.9125093813374718        9.7723722095581262        7855649749.0463428        39827.376955134161        17773928.322515644        1.6666666666666665     
   10.000000000000021        1096.4781961431884        1922432536.0223887        881767170.79960632        3440961.6917838119        1.6666400750433614     
   10.000000000000021        10.964781961431873        30687660401.966145        11829007136.949821        54902755.419420421        1.6665271711878809     
   10.000000000000021        10.964781961431873        55803722441.816170        8590768624.0326138        92450853.345179826        1.6665213914311101     
   10.000000000000021        10.964781961431873        2696974459.7352939       -15108807333.722868        1044226.6191799515        1.6666358712083711     
   10.000000000000021        10.964781961431873        1645719729.5676606       -248764519.33157936        2909748.2155383714        1.6666666621381827     
   10.000000000000021        10.964781961431873        680961481.81404567       -189888636.13508227        1215904.6864342748        1.6666666666666667     
   10.000000000000021        10.964781961431873        450560994.18348008       -37719321.245751455        809430.97215524886        1.6666666666666665     
   10.000000000000021        10.964781961431873        471701905.32821888        2878751.4918131069        846578.50992099731        1.6666666666666667     
   10.000000000000021        10.964781961431873        500243836.68410254        3232688.3079761625        897807.61464651441        1.6666666666666667     
   10.000000000000021        10.964781961431873        531071237.69068927        2904138.9192351159        953142.13147482637        1.6666666666666667     
   10.000000000000021        10.964781961431873        564359863.33125627        2608412.9058040027        1012895.6473237220        1.6666666666666667     
   10.000000000000021        10.964781961431873        600360422.56517422        2346333.3972519184        1077518.3996947154        1.6666666666666667     
   10.000000000000021        10.964781961431873        639349275.33721030        2113590.9057881320        1147506.7007175018        1.6666666666666667     
   10.000000000000021        10.964781961431873        681630609.17667389        1906466.3956842162        1223406.8537062560        1.6666666666666667     
   10.000000000000021        10.964781961431873        727538978.40262651        1721758.9175694538        1305819.7174857266        1.6666666666666667     
   10.000000000000021        10.964781961431873        777442070.89904976        1556710.7871658362        1395405.6801714804        1.6666666666666667     
   10.000000000000021        10.964781961431873        831743724.56767118        1408943.3470148221        1492890.0822267132        1.6666666666666667     
   10.000000000000021        10.964781961431873        890887217.95486569        1276401.9184260131        1599069.1329350467        1.6666666666666667     
   10.000000000000021        10.964781961431873        955358861.97737122        1157308.7054972758        1714816.3687366592        1.6666666666666667     
   10.000000000000021        10.964781961431873        1025691922.4140015        1050122.5648913654        1841089.7070272111        1.6666666666666667     
   10.000000000000021        10.964781961431873        1102470905.6604121        953504.68611329515        1978939.1538546714        1.6666666666666667     
   10.000000000000021        10.964781961431873        1186336243.4613311        866289.35092646210        2129515.2298597638        1.6666666666666665     
   10.000000000000021        10.964781961431873        1277989415.8728855        787459.04723971582        2294078.1853970401        1.6666666666666665     
   10.000000000000021        10.964781961431873        1378198555.3837028        716123.30618154048        2474008.0820746180        1.6666666666666665     
   10.000000000000021        10.964781961431873        1487804579.3296947        651500.71815317299        2670815.8257816299        1.6666666666666665     
   10.000000000000021        10.964781961431873        1607727902.2166853        592903.65661084850        2886155.2442870107        1.6666666666666665     
   10.000000000000021        10.964781961431873        1738975784.4846179        539725.30420835665        3121836.3113966538        1.6666666666666665     
   10.000000000000021        10.964781961431873        1882650379.6116896        491428.63317103044        3379839.6293554995        1.6666666666666667     
   10.000000000000021        10.964781961431873        2039957547.3128779        447537.04177345306        3662332.2917722221        1.6666666666666665     
   10.000000000000021        10.964781961431873        2212216506.9864798        407626.39229150594        3971685.2609358109        1.6666666666666665     
   10.000000000000021        10.964781961431873        2400870412.5057244        371318.23339181900        4310492.4058352094        1.6666666666666665     
   10.000000000000021        10.964781961431873        2607497937.2232380        338274.02290620672        4681591.3616734138        1.6666666666666665     
   10.000000000000021        10.964781961431873        2833825966.1117382        308190.19404659508        5088086.3855023514        1.6666666666666665     
   10.000000000000021        10.964781961431873        3081743501.4309731        280793.93359046272        5533373.4005126283        1.6666666666666667     
   10.000000000000021        10.964781961431873        3353316897.9933624        255839.55981796503        6021167.4386296719        1.6666666666666667     
   10.000000000000021        10.964781961431873        3650806555.1400919        233105.40646024607        6555532.7112898156        1.6666666666666670     
   10.000000000000021        10.964781961431873        3976685204.4187183        212391.13350589166        7140915.5594520709        1.6666666666666670     
   10.000000000000021        10.964781961431873        4333657945.0008488        193515.39849610522        7782180.5580219962        1.6666666666666667     
   10.000000000000021        10.964781961431873        4724684193.1534796        176313.83266288240        8484650.0754477587        1.6666666666666665     
   10.000000000000021        10.964781961431873        5153001727.6602249        160637.27529913036        9254147.6175247785        1.6666666666666665     
   10.000000000000021        10.964781961431873        5622153030.2926788        146350.22742792696        10097045.315977683        1.6666666666666665     
   10.000000000000021        10.964781961431873        6136014138.9552698        133329.49209209520        11020315.955422170        1.6666666666666665     
   10.000000000000021        10.964781961431873        6698826251.8363256        121462.97410803843        12031589.970606467        1.6666666666666667     
   10.000000000000021        10.964781961431873        7315230343.1053925        110648.61641822025        13139217.885433553        1.6666666666666667     
   10.000000000000021        10.964781961431873        7990305075.4824734        100793.45403942645        14352338.711008396        1.6666666666666667     
   10.000000000000021        10.964781961431873        8729608321.6656513        91812.769574202903        15680954.867640255        1.6666666666666667     
   10.000000000000021        10.964781961431873        9539222636.3143196        83629.336926140430        17136014.250500489        1.6666666666666667     
   10.000000000000021        10.964781961431873        10425805052.165106        76172.741882890972        18729500.115439966        1.6666666666666667     
   10.000000000000021        10.964781961431873        11396641609.653019        69378.770110594269        20474529.527871143        1.6666666666666665     
   10.000000000000021        10.964781961431873        12459707067.646217        63188.854443590484        22385461.185825732        1.6666666666666665     
   11.220184543019659        1380.3842646028895        3041623803.5676603        1395068674.3253627        4322446.6064959588        1.6666319318073182     
   11.220184543019659        12.302687708123843        48528152953.198875        18705239550.113003        68902053.404533952        1.6664817897888622     
   11.220184543019659        12.302687708123843        84543782441.198807        12318887383.276312        110997448.26216373        1.6664732552535466     
   11.220184543019659        12.302687708123843        3239445747.3412657       -23130988154.614834        2095087.0903208493        1.6666254528196838     
   11.220184543019659        12.302687708123843        2585656127.4248929       -154710039.22763598        3630143.4893707181        1.6666666650348598     
   11.220184543019659        12.302687708123843        1076226254.0763562       -297093681.92403686        1526558.4382908102        1.6666666666666667     
   11.220184543019659        12.302687708123843        714501040.82286692       -59218752.797406219        1019367.1019405576        1.6666666666666665     
   11.220184543019659        12.302687708123843        747674061.06913066        4517160.1577656623        1065836.5041446558        1.6666666666666665     
   11.220184543019659        12.302687708123843        792917592.69097829        5124328.6188951898        1130340.0233250784        1.6666666666666667     
   11.220184543019659        12.302687708123843        841783956.71198606        4603524.9473219328        1200008.5926996481        1.6666666666666667     
   11.220184543019659        12.302687708123843        894552228.92600894        4134788.9740542490        1275241.2492337280        1.6666666666666667     
   11.220184543019659        12.302687708123843        951619913.99531496        3719381.5382682597        1356604.9349739878        1.6666666666666667     
   11.220184543019659        12.302687708123843        1013425190.1094315        3350472.2564756651        1444724.6107677964        1.6666666666666667     
   11.220184543019659        12.302687708123843        1080450363.5757761        3022166.7406155900        1540288.1920147038        1.6666666666666667     
   11.220184543019659        12.302687708123843        1153225896.5417700        2729391.7204585620        1644052.2974915321        1.6666666666666667     
   11.220184543019659        12.302687708123843        1232334795.8481791        2467776.4593432690        1756848.5140065912        1.6666666666666667     
   11.220184543019659        12.302687708123843        1318417398.1179938        2233550.9430694212        1879590.2270774483        1.6666666666666667     
   11.220184543019659        12.302687708123843        1412176589.9712791        2023458.6342090738        2013280.0732235978        1.6666666666666667     
   11.220184543019659        12.302687708123843        1514383506.1525970        1834681.8303156504        2159018.0751343942        1.6666666666666667     
   11.220184543019659        12.302687708123843        1625883752.6094210        1664777.9020046485        2318010.5268019792        1.6666666666666667     
   11.220184543019659        12.302687708123843        1747604206.1989255        1511624.9002796502        2491579.7026958461        1.6666666666666667     
   11.220184543019659        12.302687708123843        1880560447.7603507        1373375.2134556684        2681174.4721715078        1.6666666666666667     
   11.220184543019659        12.302687708123843        2025864890.8094759        1248416.1243145040        2888381.9079569946        1.6666666666666667     
   11.220184543019659        12.302687708123843        2184735674.1317034        1135336.2693637682        3114939.9866134189        1.6666666666666667     
   11.220184543019659        12.302687708123843        2358506393.1170321        1032897.1359158102        3362751.4879825627        1.6666666666666667     
   11.220184543019659        12.302687708123843        2548636751.8447862        940008.85072745732        3633899.2110054940        1.6666666666666667     
   11.220184543019659        12.302687708123843        2756724225.7437549        855709.61764393887        3930662.6344894716        1.6666666666666667     
   11.220184543019659        12.302687708123843        2984516833.1864748        779148.25250096107        4255536.1636373848        1.6666666666666667     
   11.220184543019659        12.302687708123843        3233927123.6919518        709569.34278230916        4611249.1165147396        1.6666666666666667     
   11.220184543019659        12.302687708123843        3507047500.5847774        646300.62845538021        5000787.6192067936        1.6666666666666667     
   11.220184543019659        12.302687708123843        3806167007.0708818        588742.26014962047        5427418.5945189968        1.6666666666666667     
   11.220184543019659        12.302687708123843        4133789716.8328128        536357.64246856607        5894716.0459588030        1.6666666666666667     
   11.220184543019659        12.302687708123843        4492654883.5185165        488665.61468582769        6406589.8588797357        1.6666666666666667     
   11.220184543019659        12.302687708123843        4885759018.0062943        445233.75924725633        6967317.3601415986        1.6666666666666667     
   11.220184543019659        12.302687708123843        5316380078.1939917        405672.66117119929        7581577.9015199868        1.6666666666666665     
   11.220184543019659        12.302687708123843        5788103973.4142609        369630.96931499580        8254490.7564855190        1.6666666666666667     
   11.220184543019659        12.302687708123843        6304853604.5619020        336791.13418799039        8991656.6474130061        1.6666666666666667     
   11.220184543019659        12.302687708123843        6870920681.7935190        306865.71710592258        9799203.2501223050        1.6666666666666667     
   11.220184543019659        12.302687708123843        7491000584.3931789        279594.18249052722        10683835.055319989        1.6666666666666667     
   11.220184543019659        12.302687708123843        8170230552.2833309        254740.09946625592        11652888.002440020        1.6666666666666667     
   11.220184543019659        12.302687708123843        8914231525.8997669        232088.69097112535        12714389.340139825        1.6666666666666665     
   11.220184543019659        12.302687708123843        9729153980.9738998        211444.67872313867        13877123.211355483        1.6666666666666663     
   11.220184543019659        12.302687708123843        10621728137.419682        192630.38085463253        15150702.506951502        1.6666666666666663     
   11.220184543019659        12.302687708123843        11599318957.277969        175484.02610010616        16545647.584325153        1.6666666666666667     
   11.220184543019659        12.302687708123843        12669986385.826134        159858.25431635443        18073472.502821598        1.6666666666666665     
   11.220184543019659        12.302687708123843        13842551332.838428        145618.77801379640        19746779.490447581        1.6666666666666667     
   11.220184543019659        12.302687708123843        15126667937.939899        132643.18364613436        21579362.422979541        1.6666666666666667     
   11.220184543019659        12.302687708123843        16532902715.422579        120819.85477812674        23586320.172051266        1.6666666666666667     
   11.220184543019659        12.302687708123843        18072821230.213932        110047.00204450963        25784180.758079141        1.6666666666666665     
   11.220184543019659        12.302687708123843        19759083018.372139        100231.78712519063        28191037.334444910        1.6666666666666667     
   12.589254117941701        1737.8008287493817        4810731320.3956261        2206349379.1267233        5427246.5616334118        1.6666216264670473     
   12.589254117941701        13.803842646028880        76685572460.681595        29556797282.394238        86380989.709691927        1.6664239381647055     
   12.589254117941701        13.803842646028880        128706103855.48192        17793249124.918259        135480633.46605796        1.6664113585658620     
   12.589254117941701        13.803842646028880        4354824660.1591206       -35377792662.018242        3421745.8870804026        1.6666117082771739     
   12.589254117941701        13.803842646028880        4061468344.1545873       -69418610.779628783        4527478.8008498969        1.6666666661533782     
   12.589254117941701        13.803842646028880        1700908552.5331514       -464617411.03537405        1916392.7710237545        1.6666666666666665     
   12.589254117941701        13.803842646028880        1132878304.7768247       -92993359.574740231        1283492.6908970431        1.6666666666666667     
   12.589254117941701        13.803842646028880        1185079785.5213702        7108259.8824323351        1341867.9709917461        1.6666666666666665     
   12.589254117941701        13.803842646028880        1256796142.6847675        8122667.8882389637        1423080.9837851725        1.6666666666666667     
   12.589254117941701        13.803842646028880        1334254468.5214560        7297071.1554002948        1510795.0571122358        1.6666666666666665     
   12.589254117941701        13.803842646028880        1417898324.2657266        6554121.9745846903        1605514.7974101100        1.6666666666666665     
   12.589254117941701        13.803842646028880        1508357911.6140707        5895695.9395529861        1707954.0698152429        1.6666666666666665     
   12.589254117941701        13.803842646028880        1606327919.3144507        5310967.1763420571        1818899.7943045422        1.6666666666666665     
   12.589254117941701        13.803842646028880        1712573005.1579740        4790593.5663318150        1939218.1653316806        1.6666666666666665     
   12.589254117941701        13.803842646028880        1827934183.7108316        4326534.3828074764        2069861.8918365862        1.6666666666666667     
   12.589254117941701        13.803842646028880        1953335786.9779058        3911862.3469624976        2211878.0870137527        1.6666666666666667     
   12.589254117941701        13.803842646028880        2089793053.7166917        3540602.2677821051        2366416.8710797788        1.6666666666666665     
   12.589254117941701        13.803842646028880        2238420409.1291642        3207592.7665804666        2534740.7570998142        1.6666666666666665     
   12.589254117941701        13.803842646028880        2400440502.8465209        2908367.9773875014        2718234.8969612997        1.6666666666666667     
   12.589254117941701        13.803842646028880        2577194079.8745775        2639056.4907901697        2918418.2722560014        1.6666666666666667     
   12.589254117941701        13.803842646028880        2770150766.5357227        2396295.1470433539        3136955.9232038571        1.6666666666666665     
   12.589254117941701        13.803842646028880        2980920861.4806986        2177155.5869484735        3375672.3178866059        1.6666666666666667     
   12.589254117941701        13.803842646028880        3211268230.6117277        1979081.7388796501        3636565.9740261836        1.6666666666666667     
   12.589254117941701        13.803842646028880        3463124414.3228703        1799836.6600285945        3921825.4564163201        1.6666666666666670     
   12.589254117941701        13.803842646028880        3738604065.8975163        1637457.3620689274        4233846.8849796439        1.6666666666666670     
   12.589254117941701        13.803842646028880        4040021851.2882333        1490216.4384996959        4575253.1013709167        1.6666666666666670     
   12.589254117941701        13.803842646028880        4369910952.9287090        1356589.4752835147        4948914.6561794765        1.6666666666666667     
   12.589254117941701        13.803842646028880        4731043333.7902546        1235227.3703199022        5357972.7942138715        1.6666666666666667     
   12.589254117941701        13.803842646028880        5126451932.7037239        1124932.8128878584        5805864.6322024968        1.6666666666666667     
   12.589254117941701        13.803842646028880        5559454978.1408272        1024640.2834267785        6296350.7416491089        1.6666666666666667     
   12.589254117941701        13.803842646028880        6033682625.3182230        933399.02871773043        6833545.3696979629        1.6666666666666667     
   12.589254117941701        13.803842646028880        6553106140.7956305        850358.54934061517        7421949.5528446585        1.6666666666666665     
   12.589254117941701        13.803842646028880        7122069879.8451881        774756.20675132831        8066487.4023645734        1.6666666666666667     
   12.589254117941701        13.803842646028880        7745326324.9459534        705906.61781992204        8772545.8666154984        1.6666666666666665     
   12.589254117941701        13.803842646028880        8428074478.9951448        643192.55644889700        9546018.3041233663        1.6666666666666665     
   12.589254117941701        13.803842646028880        9176001934.4360237        586057.12607121596        10393352.232818658        1.6666666666666665     
   12.589254117941701        13.803842646028880        9995330969.7094250        533997.00441013149        11321601.655220671        1.6666666666666667     
   12.589254117941701        13.803842646028880        10892869057.493282        486556.59376031352        12338484.397048812        1.6666666666666667     
   12.589254117941701        13.803842646028880        11876064205.377203        443322.93700984173        13452444.937999539        1.6666666666666665     
   12.589254117941701        13.803842646028880        12953065589.227898        403921.28235983721        14672723.258595156        1.6666666666666667     
   12.589254117941701        13.803842646028880        14132789982.866888        368011.19882342214        16009430.276482139        1.6666666666666667     
   12.589254117941701        13.803842646028880        15424994535.166241        335283.16062987654        17473630.499733269        1.6666666666666665     
   12.589254117941701        13.803842646028880        16840356497.649355        305455.53208255331        19077432.583999634        1.6666666666666667     
   12.589254117941701        13.803842646028880        18390560562.667286        278271.89564395847        20834088.545481611        1.6666666666666667     
   12.589254117941701        13.803842646028880        20088394534.511116        253498.67533188674        22758102.452661179        1.6666666666666667     
   12.589254117941701        13.803842646028880        21947854124.187260        230923.01531322868        24865349.497931805        1.6666666666666667     
   12.589254117941701        13.803842646028880        23984257733.344189        210350.88000104856        27173206.435559928        1.6666666666666667     
   12.589254117941701        13.803842646028880        26214372174.780754        191605.34731995547        29700694.466027800        1.6666666666666667     
   12.589254117941701        13.803842646028880        28656550366.697918        174525.07122779742        32468635.749303523        1.6666666666666667     
   12.589254117941701        13.803842646028880        31330882136.141075        158962.89324668722        35499824.841867536        1.6666666666666667     
   14.125375446227576        2187.7616239495610        7605550144.3670969        3487776971.4719930        6810499.7931918399        1.6666086377606983     
   14.125375446227576        15.488166189124851        121062402974.59785        46656398069.198227        108138814.74007888        1.6663506908290104     
   14.125375446227576        15.488166189124851        198787559693.88062        26585331593.089947        170776630.09860617        1.6663313782108649     
   14.125375446227576        15.488166189124851        6344717204.7254372       -54749762325.941895        4849030.8734879280        1.6665927520814856     
   14.125375446227576        15.488166189124851        6377771913.9046984        7821928.0300530419        5644439.2199763153        1.6666666665109950     
   14.125375446227576        15.488166189124851        2687936985.5900750       -726252119.36015570        2405221.0045073261        1.6666666666666667     
   14.125375446227576        15.488166189124851        1795950971.7236958       -146028801.19633833        1615795.7082512209        1.6666666666666667     
   14.125375446227576        15.488166189124851        1878345608.3452344        11219652.808137463        1689371.3118260773        1.6666666666666665     
   14.125375446227576        15.488166189124851        1992021677.9246457        12875067.788651766        1791620.0194276578        1.6666666666666665     
   14.125375446227576        15.488166189124851        2114797894.0537181        11566307.115565054        1902052.0373520232        1.6666666666666665     
   14.125375446227576        15.488166189124851        2247379304.0170703        10388745.529844252        2021304.5627857691        1.6666666666666665     
   14.125375446227576        15.488166189124851        2390764962.1127124        9345148.1153598763        2150276.4270036872        1.6666666666666665     
   14.125375446227576        15.488166189124851        2546056156.7435241        8418356.3604638483        2289958.4444521284        1.6666666666666665     
   14.125375446227576        15.488166189124851        2714465108.4177260        7593563.8246020479        2441441.2496173782        1.6666666666666665     
   14.125375446227576        15.488166189124851        2897325098.9409142        6858026.6443439936        2605924.4143297835        1.6666666666666665     
   14.125375446227576        15.488166189124851        3096101509.3700852        6200765.6613940885        2784726.3834294640        1.6666666666666667     
   14.125375446227576        15.488166189124851        3312403855.1420712        5612310.6835555844        2979295.3084627762        1.6666666666666667     
   14.125375446227576        15.488166189124851        3547998916.3220367        5084481.3324285503        3191220.8676667265        1.6666666666666667     
   14.125375446227576        15.488166189124851        3804825070.7396436        4610199.5507223159        3422247.1693555322        1.6666666666666667     
   14.125375446227576        15.488166189124851        4085007948.5007782        4183329.4386252840        3674286.8454915462        1.6666666666666670     
   14.125375446227576        15.488166189124851        4390877538.0602617        3798540.6246982594        3949436.4527727347        1.6666666666666667     
   14.125375446227576        15.488166189124851        4724986886.8028307        3451191.8564941525        4249993.3100817502        1.6666666666666667     
   14.125375446227576        15.488166189124851        5090132553.0020494        3137231.9238204514        4578473.9137013312        1.6666666666666670     
   14.125375446227576        15.488166189124851        5489376981.2145653        2853115.4074548515        4937634.0854040245        1.6666666666666670     
   14.125375446227576        15.488166189124851        5926072989.7383375        2595731.0823358763        5330491.0234795110        1.6666666666666670     
   14.125375446227576        15.488166189124851        6403890576.8453274        2362341.1007021028        5760347.4430811927        1.6666666666666667     
   14.125375446227576        15.488166189124851        6926846272.2344093        2150529.3411528571        6230818.0100887083        1.6666666666666667     
   14.125375446227576        15.488166189124851        7499335281.6942921        1958157.5377016447        6745858.2921321904        1.6666666666666667     
   14.125375446227576        15.488166189124851        8126166696.4923544        1783328.0019526656        7309796.4716676464        1.6666666666666667     
   14.125375446227576        15.488166189124851        8812602064.7009697        1624351.9246508556        7927368.0891977018        1.6666666666666667     
   14.125375446227576        15.488166189124851        9564397649.7482014        1479722.3929351957        8603754.1100893728        1.6666666666666667     
   14.125375446227576        15.488166189124851        10387850732.162779        1348091.3892943976        9344622.6361598615        1.6666666666666667     
   14.125375446227576        15.488166189124851        11289850344.025448        1228250.1499045840        10156174.613506323        1.6666666666666665     
   14.125375446227576        15.488166189124851        12277932862.317589        1119112.3559128682        11045193.921201603        1.6666666666666667     
   14.125375446227576        15.488166189124851        13360342927.475454        1019699.7132924421        12019102.261737408        1.6666666666666667     
   14.125375446227576        15.488166189124851        14546100197.347839        929129.54691551963        13086019.313770771        1.6666666666666667     
   14.125375446227576        15.488166189124851        15845072494.802992        846604.09406989359        14254828.651204953        1.6666666666666667     
   14.125375446227576        15.488166189124851        17268055959.628216        771401.23304643831        15535249.979764879        1.6666666666666670     
   14.125375446227576        15.488166189124851        18826862873.482510        702866.42562105192        16937918.295677163        1.6666666666666667     
   14.125375446227576        15.488166189124851        20534417888.506126        640405.68722604949        18474470.625247199        1.6666666666666667     
   14.125375446227576        15.488166189124851        22404863460.600056        583479.43047695444        20157641.070026129        1.6666666666666667     
   14.125375446227576        15.488166189124851        24453675362.782288        531597.05162579648        22001364.947834592        1.6666666666666670     
   14.125375446227576        15.488166189124851        26697789237.310619        484312.15178009262        24020892.896186825        1.6666666666666670     
   14.125375446227576        15.488166189124851        29155739235.706577        441218.30208450422        26232915.886198319        1.6666666666666667     
   14.125375446227576        15.488166189124851        31847809895.059422        401945.27696054173        28655702.185111914        1.6666666666666667     
   14.125375446227576        15.488166189124851        34796202507.682495        366155.69180115935        31309247.403846826        1.6666666666666667     
   14.125375446227576        15.488166189124851        38025217360.246033        333541.99173433788        34215438.873903237        1.6666666666666667     
   14.125375446227576        15.488166189124851        41561453348.918488        303823.74654210533        37398235.716058835        1.6666666666666667     
   14.125375446227576        15.488166189124851        45434026619.891487        276745.21383751335        40883866.092717499        1.6666666666666667     
   14.125375446227576        15.488166189124851        49674810041.132294        252073.13840996937        44701043.277553082        1.6666666666666667     
   15.848931924611174        2754.2287033381772        12017598427.441240        5510203610.0942755        8540151.6147118080        1.6665923240560361     
   15.848931924611174        17.378008287493799        190863114238.10419        73545910805.751053        135109277.76831150        1.6662585333009332     
   15.848931924611174        17.378008287493799        315460949825.64807        42617794735.875633        225838063.68353155        1.6662266576563329     
   15.848931924611174        17.378008287493799        9644292201.0714817       -87004479375.236115        6386800.1719313543        1.6665648418046213     
   15.848931924611174        17.378008287493799        10011471193.059818        86887699.840425074        7033545.5949796634        1.6666666666124419     
   15.848931924611174        17.378008287493799        4246865956.4834290       -1134618987.4815116        3017530.3881125189        1.6666666666666667     
   15.848931924611174        17.378008287493799        2846730997.8483443       -229218873.77619192        2033935.2974085596        1.6666666666666665     
   15.848931924611174        17.378008287493799        2977128520.5096984        17756191.316452574        2126851.7612415706        1.6666666666666667     
   15.848931924611174        17.378008287493799        3157310344.2614999        20407577.458215665        2255583.1774551813        1.6666666666666665     
   15.848931924611174        17.378008287493799        3351913956.6806302        18332908.587700553        2394615.3944779010        1.6666666666666663     
   15.848931924611174        17.378008287493799        3562060005.5870743        16466515.379454134        2544752.8666936043        1.6666666666666663     
   15.848931924611174        17.378008287493799        3789332204.1652794        14812446.282459544        2707127.2851475170        1.6666666666666663     
   15.848931924611174        17.378008287493799        4035476330.6314912        13343505.905495273        2882986.1522165732        1.6666666666666665     
   15.848931924611174        17.378008287493799        4302414027.4008741        12036227.394443715        3073702.6556483642        1.6666666666666667     
   15.848931924611174        17.378008287493799        4592258861.4751787        10870412.872273339        3280787.1492401138        1.6666666666666667     
   15.848931924611174        17.378008287493799        4907333826.0350199        9828661.3426082358        3505899.6641366333        1.6666666666666665     
   15.848931924611174        17.378008287493799        5250190423.4937439        8895963.3700575642        3750863.5510998298        1.6666666666666665     
   15.848931924611174        17.378008287493799        5623629485.3899870        8059353.7466418799        4017680.3649165682        1.6666666666666665     
   15.848931924611174        17.378008287493799        6030723900.0825262        7307614.3353585349        4308546.1132697873        1.6666666666666667     
   15.848931924611174        17.378008287493799        6474843436.2238445        6631020.2274119826        4625869.0045778779        1.6666666666666667     
   15.848931924611174        17.378008287493799        6959681868.5537367        6021123.1991794845        4972288.8426001100        1.6666666666666667     
   15.848931924611174        17.378008287493799        7489286632.8094463        5470567.2153104106        5350698.2301102616        1.6666666666666667     
   15.848931924611174        17.378008287493799        8068091258.6466827        4972931.4022333995        5764265.7597654210        1.6666666666666667     
   15.848931924611174        17.378008287493799        8700950853.5751152        4522596.5184536614        6216461.3875657562        1.6666666666666667     
   15.848931924611174        17.378008287493799        9393180937.2169571        4114631.4808583334        6711084.2031422276        1.6666666666666667     
   15.848931924611174        17.378008287493799        10150599953.903999        3744696.9761130349        7252292.8316752007        1.6666666666666667     
   15.848931924611174        17.378008287493799        10979575822.960979        3408963.5990833957        7844638.7246950595        1.6666666666666667     
   15.848931924611174        17.378008287493799        11887076920.230951        3104042.3217351469        8493102.6215284448        1.6666666666666667     
   15.848931924611174        17.378008287493799        12880727921.754341        2826925.4114454915        9203134.4899234753        1.6666666666666667     
   15.848931924611174        17.378008287493799        13968870981.319317        2574936.1920446209        9980697.2836354338        1.6666666666666667     
   15.848931924611174        17.378008287493799        15160632758.187765        2345686.2787584611        10832314.886714466        1.6666666666666667     
   15.848931924611174        17.378008287493799        16465997860.033796        2137039.1237397427        11765124.649174493        1.6666666666666667     
   15.848931924611174        17.378008287493799        17895889319.409786        1947078.8858756607        12786934.956924092        1.6666666666666667     
   15.848931924611174        17.378008287493799        19462256780.318996        1774083.7905251563        13906288.320621563        1.6666666666666667     
   15.848931924611174        17.378008287493799        21178173135.206520        1616503.2749001924        15132530.513826933        1.6666666666666667     
   15.848931924611174        17.378008287493799        23057940422.411240        1472938.3257798669        16475886.340843685        1.6666666666666665     
   15.848931924611174        17.378008287493799        25117205870.431656        1342124.5106506585        17947542.669348363        1.6666666666666667     
   15.848931924611174        17.378008287493799        27373089058.885300        1222917.2834384327        19559739.423161343        1.6666666666666667     
   15.848931924611174        17.378008287493799        29844321257.480774        1114279.2137171724        21325869.295012370        1.6666666666666667     
   15.848931924611174        17.378008287493799        32551398104.444386        1015268.8453961650        23260587.013249680        1.6666666666666667     
   15.848931924611174        17.378008287493799        35516746895.475945        925030.93892203993        25379929.072364271        1.6666666666666667     
   15.848931924611174        17.378008287493799        38764909874.380486        842787.89133671054        27701444.925617740        1.6666666666666667     
   15.848931924611174        17.378008287493799        42322745048.028656        767832.16225629684        30244340.731404878        1.6666666666666667     
   15.848931924611174        17.378008287493799        46219646192.344299        699519.56199604075        33029636.848734539        1.6666666666666667     
   15.848931924611174        17.378008287493799        50487783873.798752        637263.28152558336        36080340.390518263        1.6666666666666665     
   15.848931924611174        17.378008287493799        55162369483.734001        580528.56344895554        39421634.267526373        1.6666666666666665     
   15.848931924611174        17.378008287493799        60281944472.172646        528827.92939817382        43081084.291915931        1.6666666666666665     
   15.848931924611174        17.378008287493799        65888697175.185318        481716.89265678421        47088866.058288597        1.6666666666666665     
   15.848931924611174        17.378008287493799        72028809857.099060        438790.09594974131        51478013.483546458        1.6666666666666665     
   15.848931924611174        17.378008287493799        78752838837.733063        399677.82354046212        56284691.065733142        1.6666666666666667     
   17.782794100389275        3467.3685045253310        18976457971.258579        8698980093.9917259        10699497.836352251        1.6665718996029584     
   17.782794100389275        19.498445997580504        300354120751.35785        115709786715.95003        168346376.28653049        1.6661433113314266     
   17.782794100389275        19.498445997580504        521040303457.85162        75484123711.130798        316085679.77790368        1.6660866353062953     
   17.782794100389275        19.498445997580504        14950905754.355440       -143981838355.49484        8159109.9625173863        1.6665208357566559     
   17.782794100389275        19.498445997580504        15708400545.306587        179250396.84443459        8759234.5979121421        1.6666666666379322     
   17.782794100389275        19.498445997580504        6707606410.2166224       -1771582182.8157852        3783477.3061247827        1.6666666666666665     
   17.782794100389275        19.498445997580504        4511845720.8708687       -359472341.71234310        2560174.0147329839        1.6666666666666667     
   17.782794100389275        19.498445997580504        4718620259.2118711        28156426.496606514        2677606.4343508631        1.6666666666666667     
   17.782794100389275        19.498445997580504        5004212129.5601330        32346427.038041163        2839678.1873999168        1.6666666666666667     
   17.782794100389275        19.498445997580504        5312658750.2243128        29057650.217934363        3014715.9235019390        1.6666666666666665     
   17.782794100389275        19.498445997580504        5645741304.7530422        26099510.484810293        3203735.2401919840        1.6666666666666665     
   17.782794100389275        19.498445997580504        6005970213.4494553        23477888.597177234        3408160.9831288671        1.6666666666666665     
   17.782794100389275        19.498445997580504        6396112793.6837263        21149681.278524309        3629563.8056500196        1.6666666666666667     
   17.782794100389275        19.498445997580504        6819215150.0656853        19077695.785087500        3869672.6089846054        1.6666666666666667     
   17.782794100389275        19.498445997580504        7278627636.8833218        17229920.368721422        4130388.9982461953        1.6666666666666665     
   17.782794100389275        19.498445997580504        7778032605.8459234        15578776.052887365        4413803.0362597071        1.6666666666666667     
   17.782794100389275        19.498445997580504        8321474661.5932312        14100474.243488466        4722210.4216148555        1.6666666666666665     
   17.782794100389275        19.498445997580504        8913393671.4080124        12774466.241522286        5058131.2309546033        1.6666666666666665     
   17.782794100389275        19.498445997580504        9558660800.2969055        11582972.281173224        5424330.3795616645        1.6666666666666665     
   17.782794100389275        19.498445997580504        10262617869.596527        10510579.215479754        5823839.9696496557        1.6666666666666667     
   17.782794100389275        19.498445997580504        11031120366.716825        9543897.3181274887        6259983.7125094132        1.6666666666666670     
   17.782794100389275        19.498445997580504        11870584465.773186        8671267.8749817442        6736403.6289335992        1.6666666666666670     
   17.782794100389275        19.498445997580504        12788038453.922039        7882514.3133059340        7257089.2522775047        1.6666666666666665     
   17.782794100389275        19.498445997580504        13791178996.473539        7168730.5709194168        7826409.5802693795        1.6666666666666667     
   17.782794100389275        19.498445997580504        14888432715.598269        6522101.2520100782        8449148.0454207361        1.6666666666666670     
   17.782794100389275        19.498445997580504        16089023603.003199        5935748.8610188216        9130540.7997968514        1.6666666666666670     
   17.782794100389275        19.498445997580504        17403046836.680286        5403604.0603338098        9876318.6381916646        1.6666666666666665     
   17.782794100389275        19.498445997580504        18841549626.124966        4920295.4704990359        10692752.914634332        1.6666666666666667     
   17.782794100389275        19.498445997580504        20416619769.716736        4481056.0316472072        11586705.840886656        1.6666666666666667     
   17.782794100389275        19.498445997580504        22141482672.727657        4081643.3797350014        12565685.592441656        1.6666666666666667     
   17.782794100389275        19.498445997580504        24030607645.206253        3718272.0681367707        13637906.687809451        1.6666666666666667     
   17.782794100389275        19.498445997580504        26099824376.349297        3387555.7908634227        14812356.150899814        1.6666666666666667     
   17.782794100389275        19.498445997580504        28366450566.563461        3086458.0442104121        16098866.014453230        1.6666666666666667     
   17.782794100389275        19.498445997580504        30849431790.929222        2812249.9044819763        17508192.775127321        1.6666666666666667     
   17.782794100389275        19.498445997580504        33569494768.979416        2562473.8055726071        19052104.468452830        1.6666666666666670     
   17.782794100389275        19.498445997580504        36549315326.437569        2334912.3760705381        20743476.094915099        1.6666666666666665     
   17.782794100389275        19.498445997580504        39813702455.750847        2127561.5451692143        22596394.197420865        1.6666666666666667     
   17.782794100389275        19.498445997580504        43389800014.909569        1938607.2535763572        24626271.465949755        1.6666666666666665     
   17.782794100389275        19.498445997580504        47307307749.289932        1766405.2129448841        26849972.327917576        1.6666666666666665     
   17.782794100389275        19.498445997580504        51598723480.279274        1609463.2478584582        29285950.573338963        1.6666666666666667     
   17.782794100389275        19.498445997580504        56299608478.630257        1466425.8305602011        31954400.163131773        1.6666666666666665     
   17.782794100389275        19.498445997580504        61448878231.225655        1336060.4824630383        34877420.477552690        1.6666666666666665     
   17.782794100389275        19.498445997580504        67089121018.887993        1217245.7699496339        38079197.380830400        1.6666666666666667     
   17.782794100389275        19.498445997580504        73266946951.747192        1108960.6665914985        41586201.608496785        1.6666666666666670     
   17.782794100389275        19.498445997580504        80033370359.406906        1010275.0910995336        45427406.126825050        1.6666666666666665     
   17.782794100389275        19.498445997580504        87444228707.820633        920341.46123765456        49634524.270347767        1.6666666666666665     
   17.782794100389275        19.498445997580504        95560641515.746124        838387.12960527919        54242270.635050043        1.6666666666666665     
   17.782794100389275        19.498445997580504        104449513073.25316        763707.58845967252        59288646.892710455        1.6666666666666667     
   17.782794100389275        19.498445997580504        114184083125.99854        695660.34839320043        64815254.897932030        1.6666666666666665     
   17.782794100389275        19.498445997580504        124844530084.63174        633659.41025336238        70867639.685034171        1.6666666666666665     
   19.952623149688851        4365.1583224016786        29940121085.957439        13720647768.228014        13390013.247824874        1.6665464089320066     
   19.952623149688851        21.877616239495584        471465623553.68274        181566728557.69583        208979906.20548958        1.6660002364791471     
   19.952623149688851        21.877616239495584        902561316104.86328        147453185282.32169        465954796.33244503        1.6658946773697829     
   19.952623149688851        21.877616239495584        23453262509.500435       -250105207190.96033        10383999.252630431        1.6664479975269380     
   19.952623149688851        21.877616239495584        24633607496.795761        279311897.47240329        10900429.725881927        1.6666666666320160     
   19.952623149688851        21.877616239495584        10588770115.815964       -2764376486.2577014        4740097.6198619446        1.6666666666666665     
   19.952623149688851        21.877616239495584        7150435267.3276463       -562896624.19702160        3222531.4306913479        1.6666666666666665     
   19.952623149688851        21.877616239495584        7478746099.9728260        44705987.021326743        3370964.7210797290        1.6666666666666665     
   19.952623149688851        21.877616239495584        7931409224.3881731        51269087.978091635        3575010.2377911783        1.6666666666666667     
   19.952623149688851        21.877616239495584        8420290214.5507755        46055725.232952885        3795376.2388868956        1.6666666666666667     
   19.952623149688851        21.877616239495584        8948220089.9418716        41367256.047107220        4033344.8977516876        1.6666666666666667     
   19.952623149688851        21.877616239495584        9519178111.5917473        37212140.675965592        4290710.1218223060        1.6666666666666667     
   19.952623149688851        21.877616239495584        10137550742.617630        33522062.753844205        4569449.3873105235        1.6666666666666667     
   19.952623149688851        21.877616239495584        10808166371.410975        30238075.401534487        4871739.4122710340        1.6666666666666667     
   19.952623149688851        21.877616239495584        11536335677.284744        27309443.071651753        5199974.3580146888        1.6666666666666667     
   19.952623149688851        21.877616239495584        12327895619.871319        24692455.711060580        5556785.6651770007        1.6666666666666667     
   19.952623149688851        21.877616239495584        13189257404.585108        22349410.634000622        5945063.6830320768        1.6666666666666667     
   19.952623149688851        21.877616239495584        14127458815.169382        20247740.059924182        6367981.2686313372        1.6666666666666667     
   19.952623149688851        21.877616239495584        15150221343.008762        18359264.682497159        6829019.5493646460        1.6666666666666667     
   19.952623149688851        21.877616239495584        16266012586.845514        16659556.054963494        7331996.0632604463        1.6666666666666667     
   19.952623149688851        21.877616239495584        17484114441.418858        15127392.645607566        7881095.5101814922        1.6666666666666667     
   19.952623149688851        21.877616239495584        18814697646.349648        13744296.406333845        8480903.3723094370        1.6666666666666665     
   19.952623149688851        21.877616239495584        20268903321.140038        12494138.337285390        9136442.6861074716        1.6666666666666665     
   19.952623149688851        21.877616239495584        21858932173.205761        11362803.073889591        9853214.2757829390        1.6666666666666665     
   19.952623149688851        21.877616239495584        23598142131.963085        10337903.851962339        10637240.788024090        1.6666666666666665     
   19.952623149688851        21.877616239495584        25501155234.791828        9408540.3913363237        11495114.901054941        1.6666666666666665     
   19.952623149688851        21.877616239495584        27583974668.045170        8565093.2632106692        12434052.114786195        1.6666666666666667     
   19.952623149688851        21.877616239495584        29864112955.005093        7799049.2390851136        13461948.570894908        1.6666666666666667     
   19.952623149688851        21.877616239495584        32360732374.201221        7102852.8809545878        14587444.391021147        1.6666666666666667     
   19.952623149688851        21.877616239495584        35094798795.835007        6469780.3461001469        15819993.069573168        1.6666666666666667     
   19.952623149688851        21.877616239495584        38089250235.866516        5893831.9650989873        17169937.507747516        1.6666666666666665     
   19.952623149688851        21.877616239495584        41369181550.176613        5369640.6713702297        18648593.330928281        1.6666666666666667     
   19.952623149688851        21.877616239495584        44962046825.467812        4892393.8047495158        20268340.192281235        1.6666666666666667     
   19.952623149688851        21.877616239495584        48897881170.401489        4457766.1933081700        22042721.831704900        1.6666666666666667     
   19.952623149688851        21.877616239495584        53209543771.182480        4061862.7444016733        23986555.731984660        1.6666666666666667     
   19.952623149688851        21.877616239495584        57932984251.003601        3701169.0540771023        26116053.292732429        1.6666666666666667     
   19.952623149688851        21.877616239495584        63107534566.867592        3372508.7832616880        28448951.531746220        1.6666666666666667     
   19.952623149688851        21.877616239495584        68776228884.954666        3073006.7459166124        31004657.415014382        1.6666666666666667     
   19.952623149688851        21.877616239495584        74986154109.742157        2800056.8302126331        33804406.025033578        1.6666666666666667     
   19.952623149688851        21.877616239495584        81788833991.133057        2551294.0116665619        36871433.887061074        1.6666666666666665     
   19.952623149688851        21.877616239495584        89240650013.951645        2324569.8425459927        40231168.902275965        1.6666666666666665     
   19.952623149688851        21.877616239495584        97403302573.434555        2117930.8990957444        43911438.469378561        1.6666666666666665     
   19.952623149688851        21.877616239495584        106344316276.30087        1929599.7563584473        47942697.531266503        1.6666666666666665     
   19.952623149688851        21.877616239495584        116137593564.58253        1757958.1276259529        52358278.440631472        1.6666666666666665     
   19.952623149688851        21.877616239495584        126864021265.86485        1601531.8684932247        57194664.728528321        1.6666666666666667     
   19.952623149688851        21.877616239495584        138612135100.51993        1458977.5900502934        62491791.045927756        1.6666666666666665     
   19.952623149688851        21.877616239495584        151478847662.78076        1329070.6704809924        68293371.774581566        1.6666666666666665     
   19.952623149688851        21.877616239495584        165570245910.73135        1210694.4851597587        74647261.033893704        1.6666666666666665     
   19.952623149688851        21.877616239495584        181002464776.65857        1102830.7048572076        81605847.073232606        1.6666666666666665     
   19.952623149688851        21.877616239495584        197902644137.11328        1004550.5341639813        89226484.322771713        1.6666666666666667     
   22.387211385683457        5495.4087385762705        47189937832.241135        21616982191.410168        16734387.069532359        1.6665147007357373     
   22.387211385683457        24.547089156850372        737545574014.34595        283892127866.64392        258129402.06509849        1.6658239886183026     
   22.387211385683457        24.547089156850372        1632727327494.0813        306190489114.03827        708348432.87458026        1.6656261928858676     
   22.387211385683457        24.547089156850372        37542636313.783371       -453828168293.78320        13668379.106635796        1.6663259857070969     
   22.387211385683457        24.547089156850372        38604997162.826614        251392624.81776345        13553920.369675536        1.6666666665243195     
   22.387211385683457        24.547089156850372        16704295095.025324       -4310607818.8383970        5932791.2661757013        1.6666666666666665     
   22.387211385683457        24.547089156850372        11331614486.800241       -879572208.79412997        4056244.3355123666        1.6666666666666667     
   22.387211385683457        24.547089156850372        11853309460.849592        71039047.207277983        4243850.1010091957        1.6666666666666667     
   22.387211385683457        24.547089156850372        12570773248.022705        81260681.601096690        4500738.4408700718        1.6666666666666667     
   22.387211385683457        24.547089156850372        13345630193.510967        72996494.636420906        4778169.3492320348        1.6666666666666667     
   22.387211385683457        24.547089156850372        14182379928.255157        65565602.815846540        5077761.5789458137        1.6666666666666667     
   22.387211385683457        24.547089156850372        15087329808.573650        58980031.761004545        5401773.6611169074        1.6666666666666667     
   22.387211385683457        24.547089156850372        16067432616.070980        53131503.837156698        5752695.2318696855        1.6666666666666667     
   22.387211385683457        24.547089156850372        17130341633.610226        47926594.068726875        6133266.7769851871        1.6666666666666667     
   22.387211385683457        24.547089156850372        18284474634.305290        43284891.611540049        6546502.5493735177        1.6666666666666667     
   22.387211385683457        24.547089156850372        19539083615.040943        39137120.292220563        6995715.5439539235        1.6666666666666667     
   22.387211385683457        24.547089156850372        20904330833.939342        35423524.996788964        7484544.7308588382        1.6666666666666667     
   22.387211385683457        24.547089156850372        22391371771.444645        32092488.906323973        8016984.7687818045        1.6666666666666667     
   22.387211385683457        24.547089156850372        24012445696.899651        29099350.491649073        8597418.4431261905        1.6666666666666667     
   22.387211385683457        24.547089156850372        25780974590.390991        26405392.943065774        9230652.0968419593        1.6666666666666667     
   22.387211385683457        24.547089156850372        27711671243.740639        23976982.093185090        9921954.3501848709        1.6666666666666665     
   22.387211385683457        24.547089156850372        29820657445.385933        21784831.917962477        10677098.432855243        1.6666666666666667     
   22.387211385683457        24.547089156850372        32125593242.112949        19803379.399560824        11502408.484642610        1.6666666666666667     
   22.387211385683457        24.547089156850372        34645818366.877510        18010252.931803297        12404810.214871554        1.6666666666666667     
   22.387211385683457        24.547089156850372        37402507026.998711        16385820.570214607        13391886.348726513        1.6666666666666667     
   22.387211385683457        24.547089156850372        40418837361.663155        14912806.299188869        14471937.329136649        1.6666666666666667     
   22.387211385683457        24.547089156850372        43720177002.839355        13575964.132445870        15654047.789285233        1.6666666666666667     
   22.387211385683457        24.547089156850372        47334286310.363800        12361801.302148115        16948159.357309580        1.6666666666666667     
   22.387211385683457        24.547089156850372        51291541001.224442        11258343.048016835        18365150.410777524        1.6666666666666667     
   22.387211385683457        24.547089156850372        55625176056.135788        10254932.610116217        19916923.455515314        1.6666666666666667     
   22.387211385683457        24.547089156850372        60371552964.709396        9342060.9759043157        21616500.867772255        1.6666666666666667     
   22.387211385683457        24.547089156850372        65570452565.326141        8511221.7502987683        23478129.808504686        1.6666666666666667     
   22.387211385683457        24.547089156850372        71265395948.833481        7754787.2221878311        25517397.194974620        1.6666666666666667     
   22.387211385683457        24.547089156850372        77503996128.169647        7065902.3057739176        27751355.698428750        1.6666666666666667     
   22.387211385683457        24.547089156850372        84338343430.912445        6438393.5529381894        30198661.827991642        1.6666666666666665     
   22.387211385683457        24.547089156850372        91825427850.680832        5866690.8746056641        32879727.261536531        1.6666666666666665     
   22.387211385683457        24.547089156850372        100027601898.61644        5345759.9849205874        35816884.692168593        1.6666666666666667     
   22.387211385683457        24.547089156850372        109013087830.40817        4871043.9008206669        39034569.581758544        1.6666666666666665     
   22.387211385683457        24.547089156850372        118856533490.28891        4438412.0991922515        42559519.340949796        1.6666666666666667     
   22.387211385683457        24.547089156850372        129639621414.20659        4044116.1611650367        46420991.602252118        1.6666666666666667     
   22.387211385683457        24.547089156850372        141451736273.33746        3684750.9243577970        50651003.406951509        1.6666666666666667     
   22.387211385683457        24.547089156850372        154390696219.91641        3357220.3243154772        55284593.302679054        1.6666666666666667     
   22.387211385683457        24.547089156850372        168563554224.09818        3058707.2406571498        60360108.533564150        1.6666666666666667     
   22.387211385683457        24.547089156850372        184087476067.61093        2786646.7755475673        65919519.717790544        1.6666666666666665     
   22.387211385683457        24.547089156850372        201090702292.18835        2538702.4855073658        72008765.626383677        1.6666666666666665     
   22.387211385683457        24.547089156850372        219713602093.47159        2312745.1652431171        78678130.934889361        1.6666666666666665     
   22.387211385683457        24.547089156850372        240109827910.02939        2106833.8466504924        85982660.084146872        1.6666666666666665     
   22.387211385683457        24.547089156850372        262447580288.74954        1919198.7296018684        93982610.690373763        1.6666666666666663     
   22.387211385683457        24.547089156850372        286910993519.03107        1748225.8053980449        102743950.26958083        1.6666666666666665     
   22.387211385683457        24.547089156850372        313701653526.54529        1592442.9704058431        112338900.40070443        1.6666666666666665     
   25.118864315095873        6918.3097091893978        74285459305.879257        34011149418.501892        20879631.908727836        1.6664754035438007     
   25.118864315095873        27.542287033381747        1148625571905.5161        441796495361.62750        316775561.94513720        1.6656089555210785     
   25.118864315095873        27.542287033381747        3026958940092.9028        642470437415.51672        1074385776.0736675        1.6652496258155116     
   25.118864315095873        27.542287033381747        65437133419.558746       -842549470488.08496        21495317.313391466        1.6661275844781516     
   25.118864315095873        27.542287033381747        60457070996.632858       -1178461127.7638385        16839065.398173895        1.6666666644385060     
   25.118864315095873        27.542287033381747        26329620476.276855       -6717138774.5761032        7417212.8836051021        1.6666666666666665     
   25.118864315095873        27.542287033381747        17957181375.119568       -1370668627.1142554        5105618.5779394023        1.6666666666666665     
   25.118864315095873        27.542287033381747        18786597413.053410        112941331.62893364        5342746.4202922955        1.6666666666666665     
   25.118864315095873        27.542287033381747        19923756915.697865        128795847.15786679        5666161.1979424544        1.6666666666666665     
   25.118864315095873        27.542287033381747        21151863709.778584        115695537.77513801        6015432.5714609371        1.6666666666666665     
   25.118864315095873        27.542287033381747        22478069589.526531        103918154.20195809        6392604.2805600343        1.6666666666666667     
   25.118864315095873        27.542287033381747        23912371873.669380        93480529.821003690        6800519.7861762010        1.6666666666666670     
   25.118864315095873        27.542287033381747        25465790867.250595        84211050.704899937        7242313.4953097841        1.6666666666666667     
   25.118864315095873        27.542287033381747        27150457217.254936        75961647.672182485        7721435.6355149196        1.6666666666666670     
   25.118864315095873        27.542287033381747        28979713345.195137        68604877.583391353        8241681.1086888658        1.6666666666666665     
   25.118864315095873        27.542287033381747        30968223986.436737        62030944.591995426        8807220.9357587006        1.6666666666666667     
   25.118864315095873        27.542287033381747        33132096723.237926        56145142.741104878        9422636.5446795672        1.6666666666666670     
   25.118864315095873        27.542287033381747        35489013493.980804        50865664.428236380        10092957.181319442        1.6666666666666665     
   25.118864315095873        27.542287033381747        38058374159.702003        46121725.466833547        10823700.750877580        1.6666666666666665     
   25.118864315095873        27.542287033381747        40861453316.706856        41851963.439009033        11620918.428133050        1.6666666666666667     
   25.118864315095873        27.542287033381747        43921571661.560539        38003071.394093454        12491243.408269728        1.6666666666666665     
   25.118864315095873        27.542287033381747        47264283342.978485        34528633.745014511        13441944.206522822        1.6666666666666667     
   25.118864315095873        27.542287033381747        50917580875.050644        31388135.491598960        14480982.954723742        1.6666666666666667     
   25.118864315095873        27.542287033381747        54912119338.902946        28546119.698936757        15617079.186281016        1.6666666666666665     
   25.118864315095873        27.542287033381747        59281461766.501137        25971471.520945024        16859779.648565996        1.6666666666666667     
   25.118864315095873        27.542287033381747        64062347782.138336        23636810.023869574        18219534.733442713        1.6666666666666667     
   25.118864315095873        27.542287033381747        69294987775.652863        21517971.669417676        19707782.173199635        1.6666666666666667     
   25.118864315095873        27.542287033381747        75023385098.177200        19593571.598228198        21337038.710859664        1.6666666666666667     
   25.118864315095873        27.542287033381747        81295689007.964615        17844630.844937131        23121000.521257278        1.6666666666666667     
   25.118864315095873        27.542287033381747        88164581352.693893        16254259.347822016        25074653.233083449        1.6666666666666667     
   25.118864315095873        27.542287033381747        95687700255.919861        14807386.112966008        27214392.481514432        1.6666666666666667     
   25.118864315095873        27.542287033381747        103928104388.35039        13490529.202540156        29558156.012132779        1.6666666666666665     
   25.118864315095873        27.542287033381747        112954781736.95740        12291599.309751023        32125568.448788378        1.6666666666666665     
   25.118864315095873        27.542287033381747        122843207157.24245        11199731.665621873        34938099.945417449        1.6666666666666665     
   25.118864315095873        27.542287033381747        133675953401.26428        10205141.835583176        38019240.059269033        1.6666666666666667     
   25.118864315095873        27.542287033381747        145543360750.84305        9299001.6539917290        41394688.304647304        1.6666666666666665     
   25.118864315095873        27.542287033381747        158544270873.78348        8473332.1551810075        45092562.987395778        1.6666666666666667     
   25.118864315095873        27.542287033381747        172786831049.82925        7720910.8560437411        49143630.070333146        1.6666666666666665     
   25.118864315095873        27.542287033381747        188389375493.92746        7035191.1750899376        53581553.985451542        1.6666666666666665     
   25.118864315095873        27.542287033381747        205481391140.30331        6410232.1329566818        58443172.489891723        1.6666666666666665     
   25.118864315095873        27.542287033381747        224204575947.36819        5840636.7824491700        63768797.861181453        1.6666666666666665     
   25.118864315095873        27.542287033381747        244713998546.47516        5321498.0704768449        69602546.944672793        1.6666666666666665     
   25.118864315095873        27.542287033381747        267179368893.41507        4848351.0470474530        75992702.804335028        1.6666666666666665     
   25.118864315095873        27.542287033381747        291786430497.31055        4417130.5141458623        82992110.989072829        1.6666666666666665     
   25.118864315095873        27.542287033381747        318738485804.96936        4024133.3553618542        90658613.712767929        1.6666666666666665     
   25.118864315095873        27.542287033381747        348258067418.13995        3665984.9102101480        99055525.559624091        1.6666666666666667     
   25.118864315095873        27.542287033381747        380588769025.77911        3339608.8592839120        108252154.66985704        1.6666666666666667     
   25.118864315095873        27.542287033381747        415997251253.40198        3042200.1710933857        118324373.73709413        1.6666666666666667     
   25.118864315095873        27.542287033381747        454775439077.99054        2771200.7316134372        129355245.56129336        1.6666666666666667     
   25.118864315095873        27.542287033381747        497242929041.76514        2524277.3356321035        141435708.35293582        1.6666666666666667     
   28.183829312644622        8709.6358995608498        116762021726.12213        53422823160.961090        26000080.159188397        1.6664269067683608     
   28.183829312644622        30.902954325136001        1778604351274.0720        683392631837.33728        385612625.61972779        1.6653496259234057     
   28.183829312644622        30.902954325136001        5596345861941.6865        1305831062706.9170        1572732399.2725475        1.6647332741749481     
   28.183829312644622        30.902954325136001        169825419105.22540       -1543838683004.8191        63896502.938621581        1.6658250269505299     
   28.183829312644622        30.902954325136001        94608808773.554840       -17798943850.578476        20904420.442281093        1.6666665678624533     
   28.183829312644622        30.902954325136001        41461022704.545151       -10460818172.575775        9261994.1078002155        1.6666666666666667     
   28.183829312644622        30.902954325136001        28455954348.853828       -2129085559.5663283        6426342.5130684273        1.6666666666666667     
   28.183829312644622        30.902954325136001        29775206605.029926        179642181.67057967        6726173.2953518573        1.6666666666666665     
   28.183829312644622        30.902954325136001        31577560459.895222        204136439.15017462        7133341.5192790125        1.6666666666666667     
   28.183829312644622        30.902954325136001        33524030565.968040        183369969.75404993        7573054.6841634102        1.6666666666666667     
   28.183829312644622        30.902954325136001        35625984309.514099        164703803.97402275        8047893.1713866126        1.6666666666666667     
   28.183829312644622        30.902954325136001        37899267438.863159        148161035.30902189        8561436.8289823476        1.6666666666666667     
   28.183829312644622        30.902954325136001        40361347079.463249        133469665.49964248        9117631.7824782021        1.6666666666666667     
   28.183829312644622        30.902954325136001        43031450284.066574        120395019.98477058        9720821.7712985259        1.6666666666666665     
   28.183829312644622        30.902954325136001        45930724813.797333        108735114.32037444        10375784.476216070        1.6666666666666665     
   28.183829312644622        30.902954325136001        49082414355.099785        98315933.167767614        11087771.108793618        1.6666666666666665     
   28.183829312644622        30.902954325136001        52512049579.848663        88987377.107999817        11862549.581296608        1.6666666666666665     
   28.183829312644622        30.902954325136001        56247656603.612244        80619789.237033784        12706451.607514882        1.6666666666666665     
   28.183829312644622        30.902954325136001        60319984559.638969        73100983.643359274        13626424.124075191        1.6666666666666665     
   28.183829312644622        30.902954325136001        64762754169.389709        66333706.920323879        14630085.455843696        1.6666666666666665     
   28.183829312644622        30.902954325136001        69612929385.014099        60233472.768534206        15725786.696190869        1.6666666666666667     
   28.183829312644622        30.902954325136001        74911014373.160339        54726716.971312813        16922678.813144393        1.6666666666666667     
   28.183829312644622        30.902954325136001        80701378341.255783        49749227.151823051        18230786.048668627        1.6666666666666667     
   28.183829312644622        30.902954325136001        87032610939.181763        45244807.433374584        19661086.226737358        1.6666666666666667     
   28.183829312644622        30.902954325136001        93957911244.326538        41164143.719430991        21225598.652254399        1.6666666666666667     
   28.183829312644622        30.902954325136001        101535513616.84039        37463839.784028277        22937480.342253234        1.6666666666666667     
   28.183829312644622        30.902954325136001        109829154032.54755        34105598.650531076        24811131.405560318        1.6666666666666667     
   28.183829312644622        30.902954325136001        118908580840.72189        31055527.265424028        26862310.462394316        1.6666666666666667     
   28.183829312644622        30.902954325136001        128850114275.74380        28283545.684663493        29108261.084168106        1.6666666666666667     
   28.183829312644622        30.902954325136001        139737259453.37155        25762884.668055713        31567850.321207140        1.6666666666666665     
   28.183829312644622        30.902954325136001        151661378035.04056        23469658.019076802        34261720.491019882        1.6666666666666665     
   28.183829312644622        30.902954325136001        164722424236.03952        21382498.037548546        37212455.509581640        1.6666666666666665     
   28.183829312644622        30.902954325136001        179029751387.20831        19482244.212797411        40444763.171412997        1.6666666666666665     
   28.183829312644622        30.902954325136001        194702995841.08066        17751676.809229188        43985674.912142515        1.6666666666666665     
   28.183829312644622        30.902954325136001        211873045663.41513        16175288.316907778        47864764.735821754        1.6666666666666665     
   28.183829312644622        30.902954325136001        230683102248.85883        14739086.823873755        52114389.149015598        1.6666666666666665     
   28.183829312644622        30.902954325136001        251289843763.16455        13430426.319044411        56769950.112172239        1.6666666666666665     
   28.183829312644622        30.902954325136001        273864700166.63889        12237859.747460430        61870183.216723144        1.6666666666666665     
   28.183829312644622        30.902954325136001        298595250483.25488        11151011.296005987        67457473.497678220        1.6666666666666667     
   28.183829312644622        30.902954325136001        325686753995.33081        10160464.975939859        73578201.523803353        1.6666666666666667     
   28.183829312644622        30.902954325136001        355363828146.61554        9257667.0406020209        80283122.656236336        1.6666666666666665     
   28.183829312644622        30.902954325136001        387872287147.48981        8434840.1819396261        87627782.640545532        1.6666666666666667     
   28.183829312644622        30.902954325136001        423481156599.94250        7684907.7859734287        95672972.995984837        1.6666666666666665     
   28.183829312644622        30.902954325136001        462484880919.81244        7001426.8112108381        104485229.99872546        1.6666666666666665     
   28.183829312644622        30.902954325136001        505205741913.90771        6378528.0838030940        114137381.40885527        1.6666666666666665     
   28.183829312644622        30.902954325136001        551996508628.22742        5810863.0047563678        124709145.49445496        1.6666666666666667     
   28.183829312644622        30.902954325136001        603243340478.43091        5293555.8199186809        136287787.32856759        1.6666666666666670     
   28.183829312644622        30.902954325136001        659368967791.51648        4822160.7443368649        148968837.82324851        1.6666666666666670     
   28.183829312644622        30.902954325136001        720836176152.63757        4392623.3363738069        162856881.46592766        1.6666666666666667     
   28.183829312644622        30.902954325136001        788151623494.00061        4001245.6165100830        178066419.30982605        1.6666666666666667     
   31.622776601683892        10964.781961431896        183194126853.24408        83746537241.286713        32300060.748768631        1.6663673521286948     
   31.622776601683892        34.673685045253272        2734845688812.0854        1049305247227.1805        464935639.68593317        1.6650410988817970     
   31.622776601683892        34.673685045253272        10074012683743.514        2510309356879.1455        2177093591.7232852        1.6640564376608640     
   31.622776601683892        34.673685045253272        1004241890308.7009       -2580339122351.6602        405702975.36216354        1.6653955091143879     
   31.622776601683892        34.673685045253272        147952906100.04446       -202628641234.86557        25936519.412364554        1.6666610716861685     
   31.622776601683892        34.673685045253272        65222983402.260559       -16283325097.475552        11553341.153006924        1.6666666666666665     
   31.622776601683892        34.673685045253272        45091318345.212509       -3295794854.0293226        8088307.1013941607        1.6666666666666667     
   31.622776601683892        34.673685045253272        47191085397.521645        285924645.95828182        8467802.4565717168        1.6666666666666667     
   31.622776601683892        34.673685045253272        50047732564.402977        323546776.88925469        8980412.1045721006        1.6666666666666667     
   31.622776601683892        34.673685045253272        53132745290.370628        290627987.80552357        9533984.7441459037        1.6666666666666667     
   31.622776601683892        34.673685045253272        56464191840.242874        261043765.20408881        10131778.420238467        1.6666666666666667     
   31.622776601683892        34.673685045253272        60067187403.104248        234824930.47850585        10778300.042557279        1.6666666666666667     
   31.622776601683892        34.673685045253272        63969416915.986023        211540382.04069629        11478517.629716631        1.6666666666666667     
   31.622776601683892        34.673685045253272        68201354806.486206        190818184.86367092        12237899.785941673        1.6666666666666667     
   31.622776601683892        34.673685045253272        72796519840.367279        172338214.32096198        13062461.437307306        1.6666666666666667     
   31.622776601683892        34.673685045253272        77791752852.335403        155824673.88559169        13958813.675153011        1.6666666666666667     
   31.622776601683892        34.673685045253272        83227519589.328278        141039671.21789888        14934218.106361460        1.6666666666666665     
   31.622776601683892        34.673685045253272        89148241135.476028        127777713.27260618        15996646.154982941        1.6666666666666665     
   31.622776601683892        34.673685045253272        95602654635.831848        115860996.66131397        17154843.801186699        1.6666666666666665     
   31.622776601683892        34.673685045253272        102644207306.64580        105135384.49183783        18418402.295751739        1.6666666666666667     
   31.622776601683892        34.673685045253272        110331487015.34317        95466974.369568244        19797835.437325463        1.6666666666666667     
   31.622776601683892        34.673685045253272        118728693035.74173        86739174.297192544        21304664.062099364        1.6666666666666667     
   31.622776601683892        34.673685045253272        127906150935.77698        78850213.952150092        22951508.453889918        1.6666666666666665     
   31.622776601683892        34.673685045253272        137940875938.83188        71711028.364179552        24752189.456537079        1.6666666666666667     
   31.622776601683892        34.673685045253272        148917189518.63696        65243459.460231006        26721839.140454371        1.6666666666666667     
   31.622776601683892        34.673685045253272        160927394444.89804        59378728.390774973        28877021.961881015        1.6666666666666665     
   31.622776601683892        34.673685045253272        174072513995.93573        54056138.094903730        31235867.440173458        1.6666666666666665     
   31.622776601683892        34.673685045253272        188463101599.63330        49221971.291155234        33818215.478273489        1.6666666666666667     
   31.622776601683892        34.673685045253272        204220127759.33954        44828554.081255458        36645775.555315770        1.6666666666666667     
   31.622776601683892        34.673685045253272        221475951771.78641        40833459.702408627        39742301.141256757        1.6666666666666667     
   31.622776601683892        34.673685045253272        240375386454.96973        37198830.733710006        43133780.808951236        1.6666666666666667     
   31.622776601683892        34.673685045253272        261076864881.08670        33890801.319341794        46848647.657531761        1.6666666666666667     
   31.622776601683892        34.673685045253272        283753718959.46313        30879003.776523661        50918008.814610198        1.6666666666666665     
   31.622776601683892        34.673685045253272        308595580644.01526        28136146.364691593        55375896.954184704        1.6666666666666663     
   31.622776601683892        34.673685045253272        335809917556.89160        25637651.053675883        60259545.945613712        1.6666666666666663     
   31.622776601683892        34.673685045253272        365623715933.09058        23361341.887526158        65609692.950966604        1.6666666666666663     
   31.622776601683892        34.673685045253272        398285325009.28802        21287176.036772896        71470909.509171009        1.6666666666666663     
   31.622776601683892        34.673685045253272        434066478314.21582        19397010.901061367        77891964.379658177        1.6666666666666663     
   31.622776601683892        34.673685045253272        473264508778.78973        17674401.697319798        84926221.186159134        1.6666666666666663     
   31.622776601683892        34.673685045253272        516204776184.17963        16104424.873853162        92632074.185508609        1.6666666666666667     
   31.622776601683892        34.673685045253272        563243327218.60608        14673523.452116804        101073425.80218157        1.6666666666666665     
   31.622776601683892        34.673685045253272        614769810333.58044        13369371.036644062        110320209.91404301        1.6666666666666667     
   31.622776601683892        34.673685045253272        671210669693.78870        12180751.768136239        120448965.25380911        1.6666666666666667     
   31.622776601683892        34.673685045253272        733032644819.51746        11097453.941001762        131543463.70150281        1.6666666666666667     
   31.622776601683892        34.673685045253272        800746605045.88245        10110175.378466567        143695398.70277271        1.6666666666666667     
   31.622776601683892        34.673685045253272        874911750690.31812        9210438.9675608445        157005139.53833103        1.6666666666666667     
   31.622776601683892        34.673685045253272        956140215852.11780        8390517.0129770488        171582557.72278795        1.6666666666666665     
   31.622776601683892        34.673685045253272        1045102111090.7174        7643363.2815960692        187547932.39708734        1.6666666666666667     
   31.622776601683892        34.673685045253272        1142531047870.7429        6962551.7857213244        205032942.24795091        1.6666666666666667     
   31.622776601683892        34.673685045253272        1249230190652.1113        6342221.4989426397        224181752.19141033        1.6666666666666665     
