  0.12589254117941673        1.2022644346174132E-002  -17.666496335201462       -261.24539881020422       -7571.0881947336038        1.6666666572715645     
  0.12589254117941673        1.4454397707459279E-002  -17.308270813701064       -256.68086920947229       -7442.6835602944802        1.6666666565106139     
  0.12589254117941673        1.7378008287493762E-002  -16.963259114508805       -252.18719908644260       -7314.3126460520871        1.6666666557094461     
  0.12589254117941673        2.0892961308540410E-002  -16.628292208249388       -247.72680290738771       -7185.6877672677183        1.6666666548710845     
  0.12589254117941673        2.5118864315095822E-002  -16.300060432213474       -243.25574546120768       -7056.3861505145451        1.6666666540001991     
  0.12589254117941673        3.0199517204020192E-002  -15.975725288472130       -238.73581159510087       -6926.0734452683364        1.6666666531035317     
  0.12589254117941673        3.6307805477010173E-002  -15.653542125327020       -234.14602883758295       -6794.7057484830912        1.6666666521904077     
  0.12589254117941673        4.3651583224016653E-002  -15.333152126392033       -229.48816500118011       -6662.6273024742295        1.6666666512733401     
  0.12589254117941673        5.2480746024977334E-002  -15.015444069575008       -224.78464713748883       -6530.5384082243627        1.6666666503687098     
  0.12589254117941673        6.3095734448019428E-002  -14.702127056611522       -220.07139923554445       -6399.3705874032757        1.6666666494974951     
  0.12589254117941673        7.5857757502918510E-002  -14.395241196759132       -215.38962245168145       -6270.1341808791885        1.6666666486859556     
  0.12589254117941673        9.1201083935591148E-002  -14.096773414832592       -210.77947613512958       -6143.7918762131658        1.6666666479661196     
  0.12589254117941673       0.10964781961431870       -13.808435765623697       -206.27660345933361       -6021.1813109274390        1.6666666473758049     
  0.12589254117941673       0.13182567385564095       -13.531582452388180       -201.91096565191575       -5902.9835396701919        1.6666666469577780     
  0.12589254117941673       0.15848931924611162       -13.267212108147016       -197.70695805812491       -5789.7221079402534        1.6666666467575628     
  0.12589254117941673       0.19054607179632502       -13.016007711973861       -193.68397200127941       -5681.7771580848839        1.6666666468194284     
  0.12589254117941673       0.22908676527677765       -12.778384595021706       -189.85696254112767       -5579.4039035080705        1.6666666471803435     
  0.12589254117941673       0.27542287033381702       -12.554532872362781       -186.23688830075977       -5482.7499753862685        1.6666666478623589     
  0.12589254117941673       0.33113112148259155       -12.344449653406565       -182.83102982489234       -5391.8693643513925        1.6666666488648585     
  0.12589254117941673       0.39810717055349781       -12.147960071589893       -179.64322208123019       -5306.7321375744004        1.6666666501590968     
  0.12589254117941673       0.47863009232263909       -11.964726792044480       -176.67400641381130       -5227.2294547076035        1.6666666516876487     
  0.12589254117941673       0.57543993733715781       -11.794247303933338       -173.92067594985630       -5153.1733793394096        1.6666666533702981     
  0.12589254117941673       0.69183097091893764       -11.635837727199540       -171.37717256029148       -5084.2908183698164        1.6666666551155256     
  0.12589254117941673       0.83176377110267230       -11.488601559531917       -169.03378286878797       -5020.2107992920419        1.6666666568343758     
  0.12589254117941673        1.0000000000000016       -11.351381251796642       -166.87658547148337       -4960.4441668068930        1.6666666584525527     
  0.12589254117941673        1.2022644346174147       -11.222689409640747       -164.88657340478551       -4904.3542533503232        1.6666666599176587     
  0.12589254117941673        1.4454397707459299       -11.100616616850431       -163.03841880512192       -4851.1172198885133        1.6666666612007528     
  0.12589254117941673        1.7378008287493782       -10.982709436362661       -161.29874214691125       -4799.6692584786379        1.6666666622934432     
  0.12589254117941673        2.0892961308540432       -10.865805599203593       -159.62367665406364       -4748.6349445279393        1.6666666632026217     
  0.12589254117941673        2.5118864315095846       -10.745724337442422       -157.95378761847834       -4696.1917403029784        1.6666666639447993     
  0.12589254117941673        3.0199517204020214       -10.616189562717496       -156.19447125651735       -4639.5976053856448        1.6666666645412593     
  0.12589254117941673        3.6307805477010193       -10.465086057305665       -154.14553428803828       -4573.5515829844016        1.6666666650145514     
  0.12589254117941673        4.3651583224016663       -10.266308470146809       -151.34666013624809       -4486.6328932427823        1.6666666653863742     
  0.12589254117941673        5.2480746024977334       -9.9705718207486935       -146.89939793417182       -4357.2933485456606        1.6666666656766427     
  0.12589254117941673        6.3095734448019414       -9.4797211862708615       -138.83586651868018       -4142.5656627484586        1.6666666659033755     
  0.12589254117941673        7.5857757502918473       -8.1161959958531380       -111.23533676512749       -3545.1947275463062        1.6666666660817744     
  0.12589254117941673        9.1201083935591090        1.5961600204506172        113.90940738904106        711.69124303756109        1.6666666662241774     
  0.12589254117941673        10.964781961431862        82.794322477655413        2063.9604991746555        36284.186497300565        1.6666666663353711     
  0.12589254117941673        13.182567385564088        1167.4144090858777        32330.190142061605        511573.72281729197        1.6666666663787584     
  0.12589254117941673        15.848931924611158        7566.9823235460299        212735.79073803526        3309322.2955929716        1.6666666665308514     
  0.12589254117941673        19.054607179632502        8223.7305745920112        231136.48111894357        3593367.5176697746        1.6666666666565790     
  0.12589254117941673        22.908676527677770        5149.5742987556241        144928.42769916091        2250019.9445856120        1.6666666666660495     
  0.12589254117941673        27.542287033381719        3055.0158226557010        86434.493608946446        1334869.1002112401        1.6666666666666154     
  0.12589254117941673        33.113112148259177        1764.9269909039499        50546.290313456338        771218.14622265124        1.6666666666666612     
  0.12589254117941673        39.810717055349812        1057.8332935259157        30626.331186879190        462255.94318304840        1.6666666666666659     
  0.12589254117941673        47.863009232263948        627.34961641951679        18429.307337262817        274147.35508950154        1.6666666666666665     
  0.12589254117941673        57.543993733715844        357.33668804591485        10759.340716251989        156155.12387184909        1.6666666666666665     
  0.12589254117941673        69.183097091893842        183.17198694772313        5839.0593723407219        80045.017904988403        1.6666666666666665     
  0.12589254117941673        83.176377110267339        68.457655619131089        2669.4336262863808        29913.612108689282        1.6666666666666667     
  0.12589254117941673        100.00000000000031       -7.9492992235638518        660.37464017092771       -3477.6394042528750        1.6666666666666667     
  0.15848931924611134        1.2022644346174132E-002  -18.809922286039203       -457.78924159961736       -7756.6850435625056        1.6666666548337834     
  0.15848931924611134        1.4454397707459279E-002  -18.433610774232193       -449.84605737743493       -7627.8337973190573        1.6666666538750678     
  0.15848931924611134        1.7378008287493762E-002  -18.070871759577642       -442.02140087055443       -7498.6501433614103        1.6666666528656284     
  0.15848931924611134        2.0892961308540410E-002  -17.718205994597231       -434.24645197724345       -7368.8136357425601        1.6666666518092637     
  0.15848931924611134        2.5118864315095822E-002  -17.371913530239460       -426.44059167819643       -7237.8564656843191        1.6666666507118446     
  0.15848931924611134        3.0199517204020192E-002  -17.028801026002476       -418.53333237302860       -7105.4065862926673        1.6666666495818514     
  0.15848931924611134        3.6307805477010173E-002  -16.686901380108729       -410.48527870082597       -6971.4064254529831        1.6666666484310206     
  0.15848931924611134        4.3651583224016653E-002  -16.345812966936506       -402.29813066653708       -6836.2183633309223        1.6666666472751035     
  0.15848931924611134        5.2480746024977334E-002  -16.006544664953875       -394.01090315421646       -6700.5898693143390        1.6666666461347248     
  0.15848931924611134        6.3095734448019428E-002  -15.671030853898506       -385.68696372596111       -6565.5188858328011        1.6666666450363039     
  0.15848931924611134        7.5857757502918510E-002  -15.341578883910740       -377.39924645072273       -6432.0904199782590        1.6666666440129183     
  0.15848931924611134        9.1201083935591148E-002  -15.020439940074446       -369.21899966820814       -6301.3421688263970        1.6666666431049193     
  0.15848931924611134       0.10964781961431870       -14.709565950147764       -361.20970843177679       -6174.1833884719017        1.6666666423599585     
  0.15848931924611134       0.13182567385564095       -14.410521842384034       -353.42513109679425       -6051.3625627141355        1.6666666418319378     
  0.15848931924611134       0.15848931924611162       -14.124490234738898       -345.90953689583949       -5933.4666608467278        1.6666666415782443     
  0.15848931924611134       0.19054607179632502       -13.852314474015891       -338.69863867111877       -5820.9351790999162        1.6666666416547042     
  0.15848931924611134       0.22908676527677765       -13.594548142375050       -331.82046112148703       -5714.0779832697272        1.6666666421079579     
  0.15848931924611134       0.27542287033381702       -13.351497471044857       -325.29595698992722       -5613.0917006114187        1.6666666429658668     
  0.15848931924611134       0.33113112148259155       -13.123253132182993       -319.13942546066323       -5518.0727988909966        1.6666666442277405     
  0.15848931924611134       0.39810717055349781       -12.909711127526926       -313.35881619665969       -5429.0268386565631        1.6666666458574362     
  0.15848931924611134       0.47863009232263909       -12.710582760399138       -307.95593701794849       -5345.8734868703668        1.6666666477826615     
  0.15848931924611134       0.57543993733715781       -12.525392719860752       -302.92651633570455       -5268.4466796848428        1.6666666499023763     
  0.15848931924611134       0.69183097091893764       -12.353463546649078       -298.26002892024042       -5196.4891015164940        1.6666666521012625     
  0.15848931924611134       0.83176377110267230       -12.193884464664393       -293.93918883072814       -5129.6400292296903        1.6666666542672002     
  0.15848931924611134        1.0000000000000016       -12.045461986752878       -289.93900992867577       -5067.4154262466873        1.6666666563065144     
  0.15848931924611134        1.2022644346174147       -11.906648509541704       -286.22528602424183       -5009.1786608211269        1.6666666581531098     
  0.15848931924611134        1.4454397707459299       -11.775445895122537       -282.75245194220247       -4954.1006128056288        1.6666666597704469     
  0.15848931924611134        1.7378008287493782       -11.649276466005176       -279.46054925982224       -4901.1059338720816        1.6666666611478829     
  0.15848931924611134        2.0892961308540432       -11.524807493570824       -276.27094457734023       -4848.7996048122386        1.6666666622940487     
  0.15848931924611134        2.5118864315095846       -11.397614719063450       -273.07733590801428       -4795.3251847699430        1.6666666632297040     
  0.15848931924611134        3.0199517204020214       -11.260986063531542       -269.71083458383652       -4737.8594549668551        1.6666666639816410     
  0.15848931924611134        3.6307805477010193       -11.101730617127942       -265.81429354112487       -4670.8454637468303        1.6666666645782668     
  0.15848931924611134        4.3651583224016663       -10.891035409089122       -260.56643441031326       -4582.1471624736741        1.6666666650469857     
  0.15848931924611134        5.2480746024977334       -10.574100626670889       -252.36271069600392       -4448.6979221039019        1.6666666654131093     
  0.15848931924611134        6.3095734448019414       -10.039176439849934       -237.63041034404563       -4223.3952546241126        1.6666666656998268     
  0.15848931924611134        7.5857757502918473       -8.4802297634395192       -186.68769546696669       -3565.7471747296836        1.6666666659268152     
  0.15848931924611134        9.1201083935591090        3.0316287135943947        232.78897939980217        1292.3288154542088        1.6666666661097593     
  0.15848931924611134        10.964781961431862        100.26984468021260        3883.0698795561398        42308.155456565910        1.6666666662521301     
  0.15848931924611134        13.182567385564088        1463.6855017393223        62163.696246895299        617562.67744461470        1.6666666662857736     
  0.15848931924611134        15.848931924611158        9535.9454481423436        409122.13333213911        4015001.9117729594        1.6666666664815266     
  0.15848931924611134        19.054607179632502        10363.792168387556        444454.70336449303        4359557.3115407787        1.6666666666541738     
  0.15848931924611134        22.908676527677770        6492.4983085498570        278684.65786822932        2730971.7347510387        1.6666666666659768     
  0.15848931924611134        27.542287033381719        3858.3679639367447        166245.21587844656        1623006.1702670401        1.6666666666666123     
  0.15848931924611134        33.113112148259177        2237.8897456551049        97237.931745470123        941415.36523739737        1.6666666666666607     
  0.15848931924611134        39.810717055349812        1345.7210653245697        58786.029506573366        566125.77932373341        1.6666666666666661     
  0.15848931924611134        47.863009232263948        801.40801108461847        35185.637628555902        337148.44481188356        1.6666666666666665     
  0.15848931924611134        57.543993733715844        459.70810927017408        20343.623990626402        193399.08182847148        1.6666666666666665     
  0.15848931924611134        69.183097091893842        239.85958051377185        10886.068793351196        100908.38582739428        1.6666666666666667     
  0.15848931924611134        83.176377110267339        96.408888911035461        4917.0205051172852        40557.040168255342        1.6666666666666665     
  0.15848931924611134        100.00000000000031        2.7608750678717691        1294.1143534105324        1157.5881487062845        1.6666666666666667     
  0.19952623149688792        1.2022644346174132E-002  -20.010085931870158       -639.83013302041888       -7843.4736319866206        1.6666666517641671     
  0.19952623149688792        1.4454397707459279E-002  -19.615587844512724       -628.89866616203540       -7716.3764543356392        1.6666666505563896     
  0.19952623149688792        1.7378008287493762E-002  -19.234956989803440       -618.11586210476185       -7588.4778073486405        1.6666666492846500     
  0.19952623149688792        2.0892961308540410E-002  -18.864315498606040       -607.37765535730796       -7459.4327351000911        1.6666666479537207     
  0.19952623149688792        2.5118864315095822E-002  -18.499510462837964       -596.56171328174435       -7328.7374260636834        1.6666666465709843     
  0.19952623149688792        3.0199517204020192E-002  -18.136932718578066       -585.56031303354700       -7195.9898051863538        1.6666666451471099     
  0.19952623149688792        3.6307805477010173E-002  -17.774349874829241       -574.31182757175156       -7061.1223197416039        1.6666666436968671     
  0.19952623149688792        4.3651583224016653E-002  -17.411300957854223       -562.81575185861300       -6924.5138092032730        1.6666666422400831     
  0.19952623149688792        5.2480746024977334E-002  -17.048922214783904       -551.12704552096056       -6786.9523245912169        1.6666666408027275     
  0.19952623149688792        6.3095734448019428E-002  -16.689395593664624       -539.33681369050589       -6649.4925097005480        1.6666666394180694     
  0.19952623149688792        7.5857757502918510E-002  -16.335324039705490       -527.55046900004879       -6513.2834385289807        1.6666666381277715     
  0.19952623149688792        9.1201083935591148E-002  -15.989252235356869       -515.87137342955180       -6379.4283563831477        1.6666666369826670     
  0.19952623149688792       0.10964781961431870       -15.653400781536908       -504.39224871551494       -6248.9012521620125        1.6666666360427949     
  0.19952623149688792       0.13182567385564095       -15.329574293574650       -493.19257423888769       -6122.5143738795095        1.6666666353760780     
  0.19952623149688792       0.15848931924611162       -15.019169170542458       -482.33901212164909       -6000.9176909024945        1.6666666350548531     
  0.19952623149688792       0.19054607179632502       -14.723219507211065       -471.88661477771575       -5884.6123565823736        1.6666666351495023     
  0.19952623149688792       0.22908676527677765       -14.442446894500582       -461.87977896734492       -5773.9671299170595        1.6666666357188586     
  0.19952623149688792       0.27542287033381702       -14.177301271786250       -452.35277792505110       -5669.2329594277935        1.6666666367981087     
  0.19952623149688792       0.33113112148259155       -13.927990799874491       -443.33004850821169       -5570.5545129640423        1.6666666383864761     
  0.19952623149688792       0.39810717055349781       -13.694501634596133       -434.82640286315143       -5477.9784273466066        1.6666666404385153     
  0.19952623149688792       0.47863009232263909       -13.476607814144112       -426.84721455724667       -5391.4580419995618        1.6666666428632146     
  0.19952623149688792       0.57543993733715781       -13.273870092032068       -419.38848862388943       -5310.8538506433888        1.6666666455333108     
  0.19952623149688792       0.69183097091893764       -13.085621327245397       -412.43666892162781       -5235.9286457307699        1.6666666483035117     
  0.19952623149688792       0.83176377110267230       -12.910935751851419       -405.96801266563853       -5166.3361805736022        1.6666666510325170     
  0.19952623149688792        1.0000000000000016       -12.748579071575415       -399.94738212199513       -5101.6020790473722        1.6666666536022394     
  0.19952623149688792        1.2022644346174147       -12.596934644015189       -394.32619321974209       -5041.0950907289498        1.6666666559293200     
  0.19952623149688792        1.4454397707459299       -12.453903009642488       -389.03951866774918       -4983.9875715429971        1.6666666579676384     
  0.19952623149688792        1.7378008287493782       -12.316765752886846       -384.00187074399184       -4929.2015714442514        1.6666666597037076     
  0.19952623149688792        2.0892961308540432       -12.181998702191615       -379.10120600064408       -4875.3344977595225        1.6666666611483396     
  0.19952623149688792        2.5118864315095846       -12.044906184725901       -374.18607588226945       -4820.5125112369660        1.6666666623276418     
  0.19952623149688792        3.0199517204020214       -11.898291598844441       -369.01492058782850       -4761.8561736636584        1.6666666632753337     
  0.19952623149688792        3.6307805477010193       -11.727765417873064       -363.07270903472710       -4693.5985103258099        1.6666666640272088     
  0.19952623149688792        4.3651583224016663       -11.501489386288434       -355.16798364340917       -4602.9821629807911        1.6666666646178943     
  0.19952623149688792        5.2480746024977334       -11.158480242702655       -342.96344466773377       -4465.5885375143644        1.6666666650796353     
  0.19952623149688792        6.3095734448019414       -10.571195394005079       -321.11473826051997       -4230.2689870106478        1.6666666654424147     
  0.19952623149688792        7.5857757502918473       -8.7778587509598118       -243.43605629030506       -3510.4623759927922        1.6666666657318294     
  0.19952623149688792        9.1201083935591090        4.9143862327356613        408.33304736387487        1986.9125690362471        1.6666666659677210     
  0.19952623149688792        10.964781961431862        121.71399372557410        6121.8814626985786        48858.678506836804        1.6666666661501999     
  0.19952623149688792        13.182567385564088        1837.3191267348093        100691.60061303596        737524.18040521338        1.6666666661606999     
  0.19952623149688792        15.848931924611158        12016.133651072041        663038.05540541722        4812703.5904459106        1.6666666664138092     
  0.19952623149688792        19.054607179632502        13058.940271898606        720188.27697987994        5225330.1241689315        1.6666666666511456     
  0.19952623149688792        22.908676527677770        8183.4756493320729        451533.84534997895        3274344.4835233628        1.6666666666658925     
  0.19952623149688792        27.542287033381719        4869.7531098622785        269368.63226755656        1948524.0808597766        1.6666666666666083     
  0.19952623149688792        33.113112148259177        2832.7574649022349        157495.15277960672        1133536.0990368305        1.6666666666666603     
  0.19952623149688792        39.810717055349812        1706.0147716374956        94828.169727468587        682691.71977135318        1.6666666666666656     
  0.19952623149688792        47.863009232263948        1016.9318897845086        56243.060617380761        406952.51089064102        1.6666666666666665     
  0.19952623149688792        57.543993733715844        584.08377028129348        31991.761828875155        233739.52613961062        1.6666666666666665     
  0.19952623149688792        69.183097091893842        306.79644839126962        16712.666777431859        122773.92803266467        1.6666666666666667     
  0.19952623149688792        83.176377110267339        128.43883134975053        7384.2508274227494        51396.735257560504        1.6666666666666667     
  0.19952623149688792        100.00000000000031        15.440232941972997        2108.2676430639804        6174.9593208544620        1.6666666666666665     
  0.25118864315095796        1.2022644346174132E-002  -21.266905707439012       -809.99047912985145       -7789.5422240237231        1.6666666478990397     
  0.25118864315095796        1.4454397707459279E-002  -20.854224096548638       -796.40913650871937       -7667.1146800414135        1.6666666463776110     
  0.25118864315095796        1.7378008287493762E-002  -20.455625775295719       -782.98933508232324       -7543.2929475576593        1.6666666447755407     
  0.25118864315095796        2.0892961308540410E-002  -20.066795966805820       -769.58650065743666       -7417.7244864022659        1.6666666430988271     
  0.25118864315095796        2.5118864315095822E-002  -19.683053040683490       -756.03002534747907       -7289.8889051391225        1.6666666413567530     
  0.25118864315095796        3.0199517204020192E-002  -19.300297759955836       -742.16848231091296       -7159.3712014276171        1.6666666395627436     
  0.25118864315095796        3.6307805477010173E-002  -18.915979260646612       -727.91302551642650       -7026.1031681067743        1.6666666377353865     
  0.25118864315095796        4.3651583224016653E-002  -18.529554862449245       -713.25810394824077       -6890.4788396885506        1.6666666358996398     
  0.25118864315095796        5.2480746024977334E-002  -18.142293681249757       -698.27369371258965       -6753.3159347428737        1.6666666340882001     
  0.25118864315095796        6.3095734448019428E-002  -17.756648201857324       -683.07890780344121       -6615.7087126657261        1.6666666323429649     
  0.25118864315095796        7.5857757502918510E-002  -17.375547075365450       -667.81247812018387       -6478.8512210560766        1.6666666307164046     
  0.25118864315095796        9.1201083935591148E-002  -17.001859969135882       -652.61106241539289       -6343.8946092928654        1.6666666292725520     
  0.25118864315095796       0.10964781961431870       -16.638107787068467       -637.59824862170694       -6211.8635606887410        1.6666666280870468     
  0.25118864315095796       0.13182567385564095       -16.286367675471801       -622.88151651006604       -6083.6245942455744        1.6666666272454742     
  0.25118864315095796       0.15848931924611162       -15.948284627573761       -608.55292491271518       -5959.8856257728712        1.6666666268389978     
  0.25118864315095796       0.19054607179632502       -15.625119828447547       -594.69047426981410       -5841.2082109323646        1.6666666269563386     
  0.25118864315095796       0.22908676527677765       -15.317799062211435       -581.35886865153020       -5728.0215477596275        1.6666666276716933     
  0.25118864315095796       0.27542287033381702       -15.026949811714072       -568.60963104166206       -5620.6343066540912        1.6666666290294834     
  0.25118864315095796       0.33113112148259155       -14.752927185618056       -556.48095616785429       -5519.2437257458669        1.6666666310288356     
  0.25118864315095796       0.39810717055349781       -14.495831114237982       -544.99761944476847       -5423.9422803746884        1.6666666336125995     
  0.25118864315095796       0.47863009232263909       -14.255515488992529       -534.17102615087515       -5334.7217598029210        1.6666666366661944     
  0.25118864315095796       0.57543993733715781       -14.031587547006200       -523.99926995047497       -5251.4739192746929        1.6666666400293373     
  0.25118864315095796       0.69183097091893764       -13.823394495200798       -514.46696637959212       -5173.9863934516625        1.6666666435189863     
  0.25118864315095796       0.83176377110267230       -13.629993703487818       -505.54460225090281       -5101.9324909469506        1.6666666469570870     
  0.25118864315095796        1.0000000000000016       -13.450102810988145       -497.18717783428531       -5034.8533965642273        1.6666666501947922     
  0.25118864315095796        1.2022644346174147       -13.282023855903304       -489.33173501727703       -4972.1305721776498        1.6666666531269945     
  0.25118864315095796        1.4454397707459299       -13.123539164003384       -481.89385596171206       -4912.9474982482134        1.6666666556954921     
  0.25118864315095796        1.7378008287493782       -12.971767785964404       -474.76236654675495       -4856.2365435488900        1.6666666578832086     
  0.25118864315095796        2.0892961308540432       -12.822966946803225       -467.79173914363008       -4800.6050579326247        1.6666666597036874     
  0.25118864315095796        2.5118864315095846       -12.672134368062617       -460.78539233421958       -4744.1862204665176        1.6666666611897625     
  0.25118864315095796        3.0199517204020214       -12.511530319971081       -453.42848849872234       -4684.0831204317246        1.6666666623838775     
  0.25118864315095796        3.6307805477010193       -12.325424329769191       -445.04362426486767       -4614.3973745077301        1.6666666633311311     
  0.25118864315095796        4.3651583224016663       -12.078591656555147       -434.05323827080986       -4521.9242374486739        1.6666666640753141     
  0.25118864315095796        5.2480746024977334       -11.703106575849395       -417.34800820543859       -4381.2193179334772        1.6666666646576191     
  0.25118864315095796        6.3095734448019414       -11.053018733594747       -387.59404551459374       -4137.5140733555918        1.6666666651170265     
  0.25118864315095796        7.5857757502918473       -8.9771877394601205       -278.61023981247416       -3357.8578567033805        1.6666666654870204     
  0.25118864315095796        9.1201083935591090        7.3652318726107815        653.95325505564233        2781.5178821848376        1.6666666657924325     
  0.25118864315095796        10.964781961431862        148.09809962290416        8895.0222234685134        55624.078046884410        1.6666666660263849     
  0.25118864315095796        13.182567385564088        2308.5450478864482        150303.45971708771        867063.84692897601        1.6666666659922023     
  0.25118864315095796        15.848931924611158        15139.809971802877        990012.65549707599        5672717.8075514669        1.6666666663211656     
  0.25118864315095796        19.054607179632502        16452.509668312370        1075140.0120342488        6158226.0695510749        1.6666666666472916     
  0.25118864315095796        22.908676527677770        10311.823790002560        673890.87271876016        3859565.5953497221        1.6666666666657901     
  0.25118864315095796        27.542287033381719        6141.6904123036838        401830.77556979441        2298817.0218415731        1.6666666666666039     
  0.25118864315095796        33.113112148259177        3578.9134703367181        234526.72433450815        1339665.2307366389        1.6666666666666601     
  0.25118864315095796        39.810717055349812        2154.2183416745429        140222.14575674114        806401.71850229055        1.6666666666666659     
  0.25118864315095796        47.863009232263948        1280.5219707186095        81947.563451118142        479357.11419766844        1.6666666666666665     
  0.25118864315095796        57.543993733715844        731.62532721195328        45407.855639483627        273883.74785896624        1.6666666666666665     
  0.25118864315095796        69.183097091893842        382.48469895959545        22815.365855785625        143182.81102048222        1.6666666666666667     
  0.25118864315095796        83.176377110267339        162.70228207960628        9724.2204734305978        60905.513282863889        1.6666666666666665     
  0.25118864315095796        100.00000000000031        29.507219518948418        3102.1253046058332        11042.216369851341        1.6666666666666665     
  0.31622776601683783        1.2022644346174132E-002  -22.579901652597361       -970.04124855659734       -7539.2896109601515        1.6666666430323385     
  0.31622776601683783        1.4454397707459279E-002  -22.149150004832716       -954.11146615765733       -7425.3548004005488        1.6666666411159314     
  0.31622776601683783        1.7378008287493762E-002  -21.732602107190782       -938.33857395303880       -7309.2864222114786        1.6666666390978706     
  0.31622776601683783        2.0892961308540410E-002  -21.325435758920655       -922.53083413974139       -7190.7551251897539        1.6666666369856946     
  0.31622776601683783        2.5118864315095822E-002  -20.922348713272566       -906.46108220528060       -7069.2601831205557        1.6666666347910817     
  0.31622776601683783        3.0199517204020192E-002  -20.518660953369604       -889.92600557166236       -6944.4062883858714        1.6666666325309198     
  0.31622776601683783        3.6307805477010173E-002  -20.111437022725177       -872.80317675284687       -6816.1436052305799        1.6666666302286042     
  0.31622776601683783        4.3651583224016653E-002  -19.700022621728607       -855.07827760684802       -6684.8817854771851        1.6666666279155529     
  0.31622776601683783        5.2480746024977334E-002  -19.285822554164682       -836.83493244178203       -6551.4516691007620        1.6666666256329332     
  0.31622776601683783        6.3095734448019428E-002  -18.871583037728591       -818.22036008832060       -6416.9597371320533        1.6666666234335017     
  0.31622776601683783        7.5857757502918510E-002  -18.460590077175329       -799.40740932430970       -6282.6138552899674        1.6666666213833421     
  0.31622776601683783        9.1201083935591148E-002  -18.056071939483079       -780.56725392041790       -6149.5836678303149        1.6666666195631061     
  0.31622776601683783       0.10964781961431870       -17.660884535242356       -761.85613974968646       -6018.9200773089087        1.6666666180680811     
  0.31622776601683783       0.13182567385564095       -17.277414761728863       -743.41216302701548       -5891.5254568891969        1.6666666170060969     
  0.31622776601683783       0.15848931924611162       -16.907597043044948       -725.35631732893091       -5768.1531658518525        1.6666666164920301     
  0.31622776601683783       0.19054607179632502       -16.552963273363474       -707.79385067509622       -5649.4176681431109        1.6666666166377031     
  0.31622776601683783       0.22908676527677765       -16.214687532480653       -690.81447899891668       -5535.8050619307360        1.6666666175366671     
  0.31622776601683783       0.27542287033381702       -15.893616420127493       -674.49165450265934       -5427.6810565652113        1.6666666192449884     
  0.31622776601683783       0.33113112148259155       -15.590288308769857       -658.88159830325515       -5325.2967566008165        1.6666666217616823     
  0.31622776601683783       0.39810717055349781       -15.304945983899007       -644.02262421344892       -5228.7930648476922        1.6666666250148670     
  0.31622776601683783       0.47863009232263909       -15.037543960737924       -629.93490014596841       -5138.2037279821370        1.6666666288602936     
  0.31622776601683783       0.57543993733715781       -14.787748243357770       -616.62045529238696       -5053.4560137903190        1.6666666330960964     
  0.31622776601683783       0.69183097091893764       -14.554924467471590       -604.06308197362091       -4974.3675091113682        1.6666666374916932     
  0.31622776601683783       0.83176377110267230       -14.338109619269837       -592.22775821521350       -4900.6373505675392        1.6666666418227349     
  0.31622776601683783        1.0000000000000016       -14.135962946725336       -581.05927956086680       -4831.8303276736478        1.6666666459016293     
  0.31622776601683783        1.2022644346174147       -13.946688387548750       -570.47947033516277       -4767.3511484477240        1.6666666495958624     
  0.31622776601683783        1.4454397707459299       -13.767927404615603       -560.38325374463875       -4706.4085742954885        1.6666666528320058     
  0.31622776601683783        1.7378008287493782       -13.596607923581685       -550.63236971622246       -4647.9643858491163        1.6666666555884448     
  0.31622776601683783        2.0892961308540432       -13.428733491380255       -541.04627999731315       -4590.6617881201873        1.6666666578821552     
  0.31622776601683783        2.5118864315095846       -13.258950663398187       -531.38157523843279       -4532.6771693147884        1.6666666597544286     
  0.31622776601683783        3.0199517204020214       -13.078905408331440       -521.24738712901910       -4471.1552874301788        1.6666666612586876     
  0.31622776601683783        3.6307805477010193       -12.871360827778446       -509.79615190662707       -4400.1931073368605        1.6666666624517670     
  0.31622776601683783        4.3651583224016663       -12.597294055480930       -495.04226030283911       -4306.4307512881414        1.6666666633891016     
  0.31622776601683783        5.2480746024977334       -12.180973755152241       -473.05370878290393       -4163.9620286744084        1.6666666641234940     
  0.31622776601683783        6.3095734448019414       -11.454921330163884       -434.23432946707317       -3915.3766440850050        1.6666666647059567     
  0.31622776601683783        7.5857757502918473       -9.0370971494088437       -288.03742492782231       -3085.8078337978218        1.6666666651805158     
  0.31622776601683783        9.1201083935591090        10.536079320904300        986.17363027374404        3630.8770827649873        1.6666666655776623     
  0.31622776601683783        10.964781961431862        180.64291177693210        12340.042004630186        61973.079840806451        1.6666666658773066     
  0.31622776601683783        13.182567385564088        2902.8099489493829        213873.20095197010        995880.56643139094        1.6666666657651605     
  0.31622776601683783        15.848931924611158        19073.410460380317        1408773.7268370886        6526332.9406867549        1.6666666661949603     
  0.31622776601683783        19.054607179632502        20724.789453251873        1529556.8930987753        7083392.9005598398        1.6666666666423227     
  0.31622776601683783        22.908676527677770        12989.603963904701        958247.25020631624        4439403.3928865176        1.6666666666656591     
  0.31622776601683783        27.542287033381719        7739.5581974935994        570749.98967689066        2645209.2421348775        1.6666666666665981     
  0.31622776601683783        33.113112148259177        4512.0724581819550        331935.74218081339        1542235.4441576379        1.6666666666666596     
  0.31622776601683783        39.810717055349812        2707.9858564614956        196353.65920276140        925632.62443872739        1.6666666666666654     
  0.31622776601683783        47.863009232263948        1598.2237173336862        112270.19445820031        546311.89039547928        1.6666666666666665     
  0.31622776601683783        57.543993733715844        901.56970875924310        59854.359739894695        308182.40615308943        1.6666666666666667     
  0.31622776601683783        69.183097091893842        463.47946919094977        28427.843218591475        158430.40266361964        1.6666666666666667     
  0.31622776601683783        83.176377110267339        196.50313649088835        11648.554739254900        67168.545899451841        1.6666666666666667     
  0.31622776601683783        100.00000000000031        44.977980447799965        4544.1626005467615        15371.456585337894        1.6666666666666667     
  0.39810717055349715        1.2022644346174132E-002  -23.948168764881917       -1121.3403284245717       -7019.1918243936807        1.6666666369046312     
  0.39810717055349715        1.4454397707459279E-002  -23.499576319911061       -1103.3337777972820       -6918.7226503439715        1.6666666344908487     
  0.39810717055349715        1.7378008287493762E-002  -23.065192988267960       -1085.4611884657299       -6815.2095288759956        1.6666666319489423     
  0.39810717055349715        2.0892961308540410E-002  -22.639603508187857       -1067.4753593852245       -6708.3989215283073        1.6666666292883900     
  0.39810717055349715        2.5118864315095822E-002  -22.216773182245532       -1049.0822474012473       -6597.8728395953613        1.6666666265238812     
  0.39810717055349715        3.0199517204020192E-002  -21.791330123925849       -1030.0164231068027       -6483.3133789851599        1.6666666236766665     
  0.39810717055349715        3.6307805477010173E-002  -21.359871963909100       -1010.1138496624596       -6364.7244258358251        1.6666666207761902     
  0.39810717055349715        4.3651583224016653E-002  -20.921593143890501       -989.34662577267318       -6242.5357124812745        1.6666666178620031     
  0.39810717055349715        5.2480746024977334E-002  -20.478033050157674       -967.81006302562525       -6117.5675575095338        1.6666666149859348     
  0.39810717055349715        6.3095734448019428E-002  -20.032254506244715       -945.67929935262100       -5990.8971077828364        1.6666666122144163     
  0.39810717055349715        7.5857757502918510E-002  -19.587933643269380       -923.16195742747027       -5863.6979737331785        1.6666666096306715     
  0.39810717055349715        9.1201083935591148E-002  -19.148692960863688       -900.46491903227638       -5737.1122260675020        1.6666666073362801     
  0.39810717055349715       0.10964781961431870       -18.717761240375893       -877.77901459772238       -5612.1773941795791        1.6666666054512709     
  0.39810717055349715       0.13182567385564095       -18.297877449789123       -855.27594925086237       -5489.7999480895842        1.6666666041114855     
  0.39810717055349715       0.15848931924611162       -17.891313428613486       -833.10982734748313       -5370.7543729027120        1.6666666034616682     
  0.39810717055349715       0.19054607179632502       -17.499924337791722       -811.41829539772914       -5255.6901443924908        1.6666666036427402     
  0.39810717055349715       0.22908676527677765       -17.125186479567596       -790.32175094986655       -5145.1376604324014        1.6666666047726360     
  0.39810717055349715       0.27542287033381702       -16.768216795119514       -769.92121119408057       -5039.5113765064634        1.6666666069220959     
  0.39810717055349715       0.33113112148259155       -16.429781777499585       -750.29602704868273       -4939.1114952818170        1.6666666100900107     
  0.39810717055349715       0.39810717055349781       -16.110302878720830       -731.50225892622632       -4844.1255093904792        1.6666666141859583     
  0.39810717055349715       0.47863009232263909       -15.809860603029490       -713.57194741428884       -4754.6297959573076        1.6666666190283366     
  0.39810717055349715       0.57543993733715781       -15.528194257140008       -696.51300558915773       -4670.5901544691724        1.6666666243629233     
  0.39810717055349715       0.69183097091893764       -15.264691914081681       -680.30923220771626       -4591.8595250962371        1.6666666298992634     
  0.39810717055349715       0.83176377110267230       -15.018364496926024       -664.91991581966056       -4518.1710048458935        1.6666666353546997     
  0.39810717055349715        1.0000000000000016       -14.787798434519743       -650.27861551530589       -4449.1244384522724        1.6666666404928356     
  0.39810717055349715        1.2022644346174147       -14.571076906438091       -636.29015631282493       -4384.1635078487197        1.6666666451466274     
  0.39810717055349715        1.4454397707459299       -14.365670558945650       -622.82648849666623       -4322.5436276320988        1.6666666492234545     
  0.39810717055349715        1.7378008287493782       -14.168278807540807       -609.71949654619550       -4263.2848202732521        1.6666666526959704     
  0.39810717055349715        2.0892961308540432       -13.974606223675639       -596.75050689292300       -4205.1049202951999        1.6666666555854559     
  0.39810717055349715        2.5118864315095846       -13.778891787715146       -583.62573228938822       -4146.2775268535934        1.6666666579438432     
  0.39810717055349715        3.0199517204020214       -13.572080384563598       -569.87321440693165       -4084.0784395886749        1.6666666598383688     
  0.39810717055349715        3.6307805477010193       -13.335235520614528       -554.46398048484730       -4012.7975079511998        1.6666666613406771     
  0.39810717055349715        4.3651583224016663       -13.025066100990578       -534.97623255392489       -3919.3855898761708        1.6666666625210349     
  0.39810717055349715        5.2480746024977334       -12.557051955885303       -506.59281538991081       -3778.3895058035105        1.6666666634474072     
  0.39810717055349715        6.3095734448019414       -11.738452556507736       -457.11914654040004       -3531.6185960644125        1.6666666641870607     
  0.39810717055349715        7.5857757502918473       -8.9049211464946900       -266.19864595394012       -2675.3243880300856        1.6666666647981270     
  0.39810717055349715        9.1201083935591090        14.617807314148187        1425.5741910603826        4433.7903534468887        1.6666666653167919     
  0.39810717055349715        10.964781961431862        220.88460422632826        16627.373920743219        66736.008603267735        1.6666666656994633     
  0.39810717055349715        13.182567385564088        3652.1119392243149        294944.58926715143        1103445.5650591070        1.6666666654595390     
  0.39810717055349715        15.848931924611158        24026.396360548639        1942475.2255446254        7237455.7313802987        1.6666666660237877     
  0.39810717055349715        19.054607179632502        26102.549066087744        2108445.9993547504        7852791.7483062157        1.6666666666358245     
  0.39810717055349715        22.908676527677770        16357.344747346595        1319949.0217510948        4920716.1652237447        1.6666666666654844     
  0.39810717055349715        27.542287033381719        9744.5536503706226        784712.07806522318        2931533.6804579059        1.6666666666665890     
  0.39810717055349715        33.113112148259177        5675.2502466510432        453793.14835254510        1707465.9365114495        1.6666666666666587     
  0.39810717055349715        39.810717055349812        3386.7322737807658        264399.49400800723        1018983.1907745345        1.6666666666666654     
  0.39810717055349715        47.863009232263948        1974.3644691055797        146608.20395213555        594052.37949220848        1.6666666666666663     
  0.39810717055349715        57.543993733715844        1090.0383906370964        74051.230989774485        327977.84045543591        1.6666666666666665     
  0.39810717055349715        69.183097091893842        543.97792139243188        32657.125536536052        163675.46635209749        1.6666666666666665     
  0.39810717055349715        83.176377110267339        227.02441217945250        13212.295789113428        68307.243739184996        1.6666666666666667     
  0.39810717055349715        100.00000000000031        63.673736675800548        7089.8949413811561        19156.504853974773        1.6666666666666667     
  0.50118723362727213        1.2022644346174132E-002  -25.370355714551152       -1265.0212602359811       -6132.2958084806214        1.6666666291893031     
  0.50118723362727213        1.4454397707459279E-002  -24.904271059886533       -1245.1837714260503       -6051.7191020319515        1.6666666261492176     
  0.50118723362727213        1.7378008287493762E-002  -24.452263140988336       -1225.4377816387012       -5966.9933951420235        1.6666666229476663     
  0.50118723362727213        2.0892961308540410E-002  -24.008219339369720       -1205.4703321068225       -5878.0277470826095        1.6666666195965674     
  0.50118723362727213        2.5118864315095822E-002  -23.565236025760210       -1184.9076915962669       -5784.5923396665312        1.6666666161143977     
  0.50118723362727213        3.0199517204020192E-002  -23.117113046327205       -1163.4095762487946       -5686.5444835271801        1.6666666125278990     
  0.50118723362727213        3.6307805477010173E-002  -22.659878494502788       -1140.7602623991320       -5584.0040683658690        1.6666666088741315     
  0.50118723362727213        4.3651583224016653E-002  -22.192523479655371       -1116.9120798156300       -5477.4336913212373        1.6666666052028816     
  0.50118723362727213        5.2480746024977334E-002  -21.716715427747079       -1091.9692990476847       -5367.6109806036930        1.6666666015794054     
  0.50118723362727213        6.3095734448019428E-002  -21.235855382705047       -1066.1343865603912       -5255.5229500222240        1.6666665980873492     
  0.50118723362727213        7.5857757502918510E-002  -20.754043037462967       -1039.6501700896195       -5142.2374760737475        1.6666665948315156     
  0.50118723362727213        9.1201083935591148E-002  -20.275332441376619       -1012.7603421180602       -5028.7996411921858        1.6666665919398389     
  0.50118723362727213       0.10964781961431870       -19.803366486987009       -985.69237755560971       -4916.1723939540343        1.6666665895635020     
  0.50118723362727213       0.13182567385564095       -19.341284350442191       -958.65502763985148       -4805.2147258207315        1.6666665878736244     
  0.50118723362727213       0.15848931924611162       -18.891751945591402       -931.84047171916404       -4696.6795810143567        1.6666665870525641     
  0.50118723362727213       0.19054607179632502       -18.457011236505025       -905.42497807498137       -4591.2165295136692        1.6666665872778939     
  0.50118723362727213       0.22908676527677765       -18.038906837727513       -879.56651759946988       -4489.3722158467808        1.6666665886982617     
  0.50118723362727213       0.27542287033381702       -17.638889303373563       -854.40053017915648       -4391.5881298599343        1.6666665914029000     
  0.50118723362727213       0.33113112148259155       -17.258008794203430       -830.03568031310806       -4298.1978046631793        1.6666665953905559     
  0.50118723362727213       0.39810717055349781       -16.896909710770540       -806.55081517651774       -4209.4252174172871        1.6666666005474775     
  0.50118723362727213       0.47863009232263909       -16.555829588336490       -783.99347852725259       -4125.3846510198391        1.6666666066450344     
  0.50118723362727213       0.57543993733715781       -16.234598285106610       -762.37959835453808       -4046.0808805418465        1.6666666133630732     
  0.50118723362727213       0.69183097091893764       -15.932630187415716       -741.69365004197778       -3971.4078126079935        1.6666666203357432     
  0.50118723362727213       0.83176377110267230       -15.648901594043499       -721.88856543543488       -3901.1435280605433        1.6666666272069530     
  0.50118723362727213        1.0000000000000016       -15.381906416758092       -702.88485904422805       -3834.9400130463032        1.6666666336788301     
  0.50118723362727213        1.2022644346174147       -15.129576847216459       -684.56749738089411       -3772.3041177211389        1.6666666395408285     
  0.50118723362727213        1.4454397707459299       -14.889173363710983       -666.78182967504210       -3712.5709338827396        1.6666666446761385     
  0.50118723362727213        1.7378008287493782       -14.657118241177246       -649.32554214244249       -3654.8629113960960        1.6666666490501771     
  0.50118723362727213        2.0892961308540432       -14.428758799910105       -631.93687708999732       -3598.0313343487724        1.6666666526896243     
  0.50118723362727213        2.5118864315095846       -14.197855006067124       -614.26600538644379       -3540.5280732548522        1.6666666556597929     
  0.50118723362727213        3.0199517204020214       -13.954544468065167       -595.75222399163670       -3479.8943457621917        1.6666666580453122     
  0.50118723362727213        3.6307805477010193       -13.677964857200401       -575.17004529808253       -3410.9142434122855        1.6666666599365136     
  0.50118723362727213        4.3651583224016663       -13.320018966528517       -549.62650464240119       -3321.5685596425815        1.6666666614226164     
  0.50118723362727213        5.2480746024977334       -12.786275895978685       -513.34370125963233       -3188.2856163410820        1.6666666625915547     
  0.50118723362727213        6.3095734448019414       -11.854255437351743       -451.11694187556350       -2955.3487261193650        1.6666666635327638     
  0.50118723362727213        7.5857757502918473       -8.5135640969913791       -205.99979477942574       -2117.8650715660997        1.6666666643231898     
  0.50118723362727213        9.1201083935591090        19.850083999419276        1997.9390152820195        4992.5556025461638        1.6666666650031725     
  0.50118723362727213        10.964781961431862        270.75847880712848        21971.113212795284        67850.064311768307        1.6666666654892268     
  0.50118723362727213        13.182567385564088        4596.6826443611890        397940.38510330761        1151937.8595091261        1.6666666650488808     
  0.50118723362727213        15.848931924611158        30262.398857374388        2620080.5538057708        7556194.3109252146        1.6666666657924822     
  0.50118723362727213        19.054607179632502        32871.000844358641        2843049.2600258333        8194864.8613592628        1.6666666666271934     
  0.50118723362727213        22.908676527677770        20591.145518597925        1778045.3234139127        5133082.4331915611        1.6666666666652419     
  0.50118723362727213        27.542287033381719        12257.198220717428        1054133.7070455055        3055694.8757532421        1.6666666666665766     
  0.50118723362727213        33.113112148259177        7119.6024088241420        604621.42510513787        1775065.3803712779        1.6666666666666579     
  0.50118723362727213        39.810717055349812        4210.6563842832729        345070.81399862660        1049856.5422468544        1.6666666666666654     
  0.50118723362727213        47.863009232263948        2409.7041079545729        183500.78678916401        600835.62911327602        1.6666666666666663     
  0.50118723362727213        57.543993733715844        1288.5949772674439        86149.526913382535        321301.85873295966        1.6666666666666663     
  0.50118723362727213        69.183097091893842        615.99976978939480        34828.668830460039        153595.16259746029        1.6666666666666667     
  0.50118723362727213        83.176377110267339        253.05607543164626        15130.709151011075        63097.787782534040        1.6666666666666665     
  0.50118723362727213        100.00000000000031        90.568213077306140        11660.087962874950        22583.077653852310        1.6666666666666667     
  0.63095734448019303        1.2022644346174132E-002  -26.844649927689385       -1402.0680392522167       -4751.0689007854116        1.6666666194751560     
  0.63095734448019303        1.4454397707459279E-002  -26.361542567739665       -1380.6222065947743       -4698.6465206704861        1.6666666156464396     
  0.63095734448019303        1.7378008287493762E-002  -25.892215400373608       -1359.2040314632827       -4640.7561211036082        1.6666666116142621     
  0.63095734448019303        2.0892961308540410E-002  -25.429731045550170       -1337.4220535859770       -4577.6092853182208        1.6666666073936098     
  0.63095734448019303        2.5118864315095822E-002  -24.966149946406873       -1314.8069807976244       -4509.3362361050113        1.6666666030077291     
  0.63095734448019303        3.0199517204020192E-002  -24.494275900808990       -1290.9278401588153       -4436.1309023924405        1.6666665984902724     
  0.63095734448019303        3.6307805477010173E-002  -24.009439453977897       -1265.5045976152317       -4358.3353528114767        1.6666665938878837     
  0.63095734448019303        4.3651583224016653E-002  -23.510360400739106       -1238.4619131551124       -4276.4736395418195        1.6666665892632371     
  0.63095734448019303        5.2480746024977334E-002  -22.998820220203658       -1209.9093005664793       -4191.2388886252720        1.6666665846984903     
  0.63095734448019303        6.3095734448019428E-002  -22.478577453936083       -1180.0754169594927       -4103.4415044262450        1.6666665802989640     
  0.63095734448019303        7.5857757502918510E-002  -21.954188655366000       -1149.2383940590883       -4013.9401039399809        1.6666665761966328     
  0.63095734448019303        9.1201083935591148E-002  -21.430178034606122       -1117.6796851787121       -3923.5809803751549        1.6666665725526126     
  0.63095734448019303       0.10964781961431870       -20.910647298917418       -1085.6655988640871       -3833.1606126690535        1.6666665695573155     
  0.63095734448019303       0.13182567385564095       -20.399190750299518       -1053.4459095089758       -3743.4097520468399        1.6666665674262873     
  0.63095734448019303       0.15848931924611162       -19.898935517048280       -1021.2568202525847       -3654.9888566974450        1.6666665663892521     
  0.63095734448019303       0.19054607179632502       -19.412587459959024       -989.32079524988831       -3568.4853284073201        1.6666665666699436     
  0.63095734448019303       0.22908676527677765       -18.942440749811315       -957.84182637589367       -3484.4083301744831        1.6666665684556976     
  0.63095734448019303       0.27542287033381702       -18.490357915926513       -926.99819530699563       -3403.1817487859280        1.6666665718590452     
  0.63095734448019303       0.33113112148259155       -18.057741731571081       -896.93545320739213       -3325.1375910687402        1.6666665768785696     
  0.63095734448019303       0.39810717055349781       -17.645514408106028       -867.76136019392527       -3250.5116390074436        1.6666665833711536     
  0.63095734448019303       0.47863009232263909       -17.254108685996183       -839.54329313263804       -3179.4416630508003        1.6666665910489573     
  0.63095734448019303       0.57543993733715781       -16.883465626669352       -812.30760411194058       -3111.9671376720967        1.6666665995088132     
  0.63095734448019303       0.69183097091893764       -16.533029523876184       -786.03997008114641       -3048.0286089960869        1.6666666082899235     
  0.63095734448019303       0.83176377110267230       -16.201729737566186       -760.68575407436322       -2987.4648892039231        1.6666666169437105     
  0.63095734448019303        1.0000000000000016       -15.887941228053315       -736.14971799200475       -2930.0064218483212        1.6666666250948694     
  0.63095734448019303        1.2022644346174147       -15.589405298356052       -712.29283891532816       -2875.2613414850284        1.6666666324780561     
  0.63095734448019303        1.4454397707459299       -15.303120918947073       -688.92869137536820       -2822.6962622602045        1.6666666389459697     
  0.63095734448019303        1.7378008287493782       -15.025170303901040       -665.81457217969898       -2771.6046967060242        1.6666666444548897     
  0.63095734448019303        2.0892961308540432       -14.750468790944458       -642.63855008396479       -2721.0614845488089        1.6666666490382736     
  0.63095734448019303        2.5118864315095846       -14.472206918213868       -618.98662808928998       -2669.8192774715189        1.6666666527782594     
  0.63095734448019303        3.0199517204020214       -14.179584801752840       -594.19869568658783       -2615.8863385883938        1.6666666557813652     
  0.63095734448019303        3.6307805477010193       -13.849548467575403       -566.83323275645103       -2554.9944374340575        1.6666666581615328     
  0.63095734448019303        4.3651583224016663       -13.428577936656612       -533.48338342548607       -2477.2416414495315        1.6666666600322846     
  0.63095734448019303        5.2480746024977334       -12.811049500872830       -487.31994940659217       -2363.1147340425377        1.6666666615080914     
  0.63095734448019303        6.3095734448019414       -11.739362895580314       -409.62554406179203       -2164.7993646449563        1.6666666627089324     
  0.63095734448019303        7.5857757502918473       -7.7779183519430601       -98.410545251861549       -1428.6248920702483        1.6666666637365732     
  0.63095734448019303        9.1201083935591090        26.533664643600623        2735.6575484382311        4946.6993061291751        1.6666666646306452     
  0.63095734448019303        10.964781961431862        332.70502323019980        28641.642925750621        61786.853629897443        1.6666666652427047     
  0.63095734448019303        13.182567385564088        5787.1089652934252        528412.08372577536        1074776.6093561868        1.6666666644982147     
  0.63095734448019303        15.848931924611158        38113.247608507118        3478005.0371504012        7043482.2334425878        1.6666666654806270     
  0.63095734448019303        19.054607179632502        41388.811999547914        3772583.8214562149        7632868.6163328048        1.6666666666155336     
  0.63095734448019303        22.908676527677770        25911.457352810176        2356257.8305963697        4778088.5756488414        1.6666666666648933     
  0.63095734448019303        27.542287033381719        15401.403373582787        1391613.1785864702        2840212.0304272454        1.6666666666665571     
  0.63095734448019303        33.113112148259177        8904.8919792452907        789245.74993311102        1642368.9185891803        1.6666666666666561     
  0.63095734448019303        39.810717055349812        5198.8115296123888        438180.23523000948        958898.17200295255        1.6666666666666652     
  0.63095734448019303        47.863009232263948        2898.6987398462275        220290.43217612314        534667.93971629196        1.6666666666666665     
  0.63095734448019303        57.543993733715844        1482.8836770718647        93924.392177127564        273521.87355449633        1.6666666666666665     
  0.63095734448019303        69.183097091893842        670.91574592603718        35074.270803228850        123753.20718122109        1.6666666666666667     
  0.63095734448019303        83.176377110267339        277.73511264082697        18854.467584865608        51232.347171480542        1.6666666666666667     
  0.63095734448019303        100.00000000000031        134.16766842913157        19064.415622156517        24752.921518151936        1.6666666666666667     
  0.79432823472428127        1.2022644346174132E-002  -28.368769918874758       -1533.3411058439669       -2708.1287134013533        1.6666666072445058     
  0.79432823472428127        1.4454397707459279E-002  -27.869229637040764       -1510.4883619892250       -2694.4342169826191        1.6666666024227801     
  0.79432823472428127        1.7378008287493762E-002  -27.382977720428283       -1487.5754984097750       -2673.7303593016572        1.6666665973447021     
  0.79432823472428127        2.0892961308540410E-002  -26.902096045297228       -1464.1167863046887       -2646.7535452280117        1.6666665920291162     
  0.79432823472428127        2.5118864315095822E-002  -26.417404370087429       -1439.5277088552471       -2614.2696314108539        1.6666665865052712     
  0.79432823472428127        3.0199517204020192E-002  -25.920503625136696       -1413.2669272815501       -2577.0708730016590        1.6666665808155181     
  0.79432823472428127        3.6307805477010173E-002  -25.405867071859010       -1384.9743022588032       -2535.8985841011718        1.6666665750185670     
  0.79432823472428127        4.3651583224016653E-002  -24.871854957457352       -1354.5367657214142       -2491.3954315187498        1.6666665691933134     
  0.79432823472428127        5.2480746024977334E-002  -24.320338851881171       -1322.0640912634160       -2444.1185440633481        1.6666665634431930     
  0.79432823472428127        6.3095734448019428E-002  -23.755450211516148       -1287.8092569677963       -2394.5815191034449        1.6666665579008166     
  0.79432823472428127        7.5857757502918510E-002  -23.182234612630797       -1252.0853275201225       -2343.2868109451479        1.6666665527323676     
  0.79432823472428127        9.1201083935591148E-002  -22.605725710022526       -1215.2122239156636       -2290.7356206430477        1.6666665481407419     
  0.79432823472428127       0.10964781961431870       -22.030532275248781       -1177.4974036786627       -2237.4228233004219        1.6666665443657487     
  0.79432823472428127       0.13182567385564095       -21.460766569802818       -1139.2362941283259       -2183.8273956292742        1.6666665416788755     
  0.79432823472428127       0.15848931924611162       -20.900096845833843       -1100.7163008276186       -2130.4030572297670        1.6666665403694942     
  0.79432823472428127       0.19054607179632502       -20.351786694911716       -1062.2153646351344       -2077.5692919346707        1.6666665407194710     
  0.79432823472428127       0.22908676527677765       -19.818680059534252       -1023.9939185420368       -2025.7020657714299        1.6666665429648695     
  0.79432823472428127       0.27542287033381702       -19.303148664805573       -986.28349692898882       -1975.1248091104933        1.6666665472475752     
  0.79432823472428127       0.33113112148259155       -18.807033699949336       -949.27589499167266       -1926.1008257614042        1.6666665535659793     
  0.79432823472428127       0.39810717055349781       -18.331603401764582       -913.11531644869160       -1878.8281466754581        1.6666665617400040     
  0.79432823472428127       0.47863009232263909       -17.877532848210162       -877.89422611388795       -1833.4369638901107        1.6666665714072655     
  0.79432823472428127       0.57543993733715781       -17.444899214381508       -843.65220943108795       -1789.9888683566064        1.6666665820600637     
  0.79432823472428127       0.69183097091893764       -17.033179859710948       -810.37654173957594       -1748.4766534322678        1.6666665931180393     
  0.79432823472428127       0.83176377110267230       -16.641240150854372       -778.00317518019051       -1708.8233501839841        1.6666666040161384     
  0.79432823472428127        1.0000000000000016       -16.267301105178078       -746.41735233142720       -1670.8794026331802        1.6666666142815327     
  0.79432823472428127        1.2022644346174147       -15.908860840650155       -715.45040087829136       -1634.4151511138330        1.6666666235798384     
  0.79432823472428127        1.4454397707459299       -15.562590356248130       -684.87710341502680       -1599.1109938886334        1.6666666317253376     
  0.79432823472428127        1.7378008287493782       -15.224150802300340       -654.40596329130358       -1564.5391437235210        1.6666666386627655     
  0.79432823472428127        2.0892961308540432       -14.887930010509509       -623.66523282979165       -1530.1371590454617        1.6666666444340819     
  0.79432823472428127        2.5118864315095846       -14.546434807499354       -592.16569468091518       -1495.1447833326122        1.6666666491425839     
  0.79432823472428127        3.0199517204020214       -14.187767897584195       -559.13363179068506       -1458.3398084383505        1.6666666529223437     
  0.79432823472428127        3.6307805477010193       -13.786370444728444       -522.88685472387419       -1417.0778800736909        1.6666666559171548     
  0.79432823472428127        4.3651583224016663       -13.282591513448059       -479.45303138725535       -1365.1951749888915        1.6666666582718446     
  0.79432823472428127        5.2480746024977334       -12.558147238094424       -420.84397267421929       -1290.5004741151120        1.6666666601365192     
  0.79432823472428127        6.3095734448019414       -11.313843059415559       -324.21778956975447       -1161.8784940912726        1.6666666616736332     
  0.79432823472428127        7.5857757502918473       -6.5904111048433771        68.014535399344169       -669.81754265179666        1.6666666630169589     
  0.79432823472428127        9.1201083935591090        35.045791439408148        3679.4483926065891        3665.5438178629247        1.6666666641941712     
  0.79432823472428127        10.964781961431862        409.80413873453523        36981.009380959898        42631.661297688574        1.6666666649553787     
  0.79432823472428127        13.182567385564088        7287.0093816361987        693345.67986460647        758104.96531327500        1.6666666637610250     
  0.79432823472428127        15.848931924611158        47996.628269577835        4562121.4901616443        4949340.1998543739        1.6666666650602404     
  0.79432823472428127        19.054607179632502        52106.929150063828        4946351.9373864857        5353105.3687719787        1.6666666665994889     
  0.79432823472428127        22.908676527677770        32593.883493032106        3084110.0717340303        3347874.9789647092        1.6666666666643766     
  0.79432823472428127        27.542287033381719        19329.046673217432        1812244.5357028106        1985604.1365483960        1.6666666666665262     
  0.79432823472428127        33.113112148259177        11099.185987211218        1012439.5596721614        1140409.4843009664        1.6666666666666532     
  0.79432823472428127        39.810717055349812        6365.7177457159369        541984.32186608447        654120.56070064649        1.6666666666666650     
  0.79432823472428127        47.863009232263948        3425.7972181135037        252835.65977790795        352035.79736665991        1.6666666666666665     
  0.79432823472428127        57.543993733715844        1652.1932773126466        95397.095273150073        169780.59921830578        1.6666666666666663     
  0.79432823472428127        69.183097091893842        703.21469469921874        34961.791906588958        72266.675608044665        1.6666666666666663     
  0.79432823472428127        83.176377110267339        311.16853652594665        26111.613495897614        31985.813216462146        1.6666666666666670     
  0.79432823472428127        100.00000000000031        204.71933209728937        29716.736490083469        21050.332138547390        1.6666666666666665     
  0.99999999999999967        1.2022644346174132E-002  -29.939965718248089       -1659.5850368380745        215.75467358555241        1.6666665918456114     
  0.99999999999999967        1.4454397707459279E-002  -29.424699534847029       -1635.5074512260740        177.24087089653278        1.6666665857735559     
  0.99999999999999967        1.7378008287493762E-002  -28.921997692020206       -1611.2546117319039        147.48640256057385        1.6666665793785345     
  0.99999999999999967        2.0892961308540410E-002  -28.422769935180582       -1586.2270131669816        124.88036442539918        1.6666665726842491     
  0.99999999999999967        2.5118864315095822E-002  -27.916343745399413       -1559.7005479055217        107.58413917967137        1.6666665657275013     
  0.99999999999999967        3.0199517204020192E-002  -27.392861913841330       -1530.9990573432524        93.787864545484737        1.6666665585615901     
  0.99999999999999967        3.6307805477010173E-002  -26.845740980804230       -1499.6625446177120        82.060172941762417        1.6666665512604122     
  0.99999999999999967        4.3651583224016653E-002  -26.272867725492468       -1465.5274404316281        71.532563575280093        1.6666665439232875     
  0.99999999999999967        5.2480746024977334E-002  -25.676166621369873       -1428.6971701519578        61.842835576262743        1.6666665366804374     
  0.99999999999999967        6.3095734448019428E-002  -25.060151641209444       -1389.4461880769770        52.937783446186110        1.6666665296988286     
  0.99999999999999967        7.5857757502918510E-002  -24.430387037220573       -1348.1214675892288        44.876017671418424        1.6666665231877171     
  0.99999999999999967        9.1201083935591148E-002  -23.792454997854691       -1305.0817390150239        37.708314878054559        1.6666665174026034     
  0.99999999999999967       0.10964781961431870       -23.151523218947208       -1260.6780342261882        31.437120968904580        1.6666665126454929     
  0.99999999999999967       0.13182567385564095       -22.512294020005690       -1215.2568536051699        26.021297621035419        1.6666665092583128     
  0.99999999999999967       0.15848931924611162       -21.879072264578717       -1169.1655172659548        21.394168176669819        1.6666665076055482     
  0.99999999999999967       0.19054607179632502       -21.255793964914794       -1122.7488728394319        17.478577064723652        1.6666665080422720     
  0.99999999999999967       0.22908676527677765       -20.645976714152059       -1076.3367155786618        14.195389669660928        1.6666665108659147     
  0.99999999999999967       0.27542287033381702       -20.052622391939099       -1030.2267774389884        11.467287584613562        1.6666665162553402     
  0.99999999999999967       0.33113112148259155       -19.478117643640104       -984.66873491746514        9.2205130335027885        1.6666665242087164     
  0.99999999999999967       0.39810717055349781       -18.924161752059504       -939.85257647705964        7.3859551513191173        1.6666665344994407     
  0.99999999999999967       0.47863009232263909       -18.391730593762254       -895.90231958352251        5.9000981856218662        1.6666665466712753     
  0.99999999999999967       0.57543993733715781       -17.881067736573510       -852.87414390629249        4.7057845491540418        1.6666665600848996     
  0.99999999999999967       0.69183097091893764       -17.391686259756945       -810.75721082576206        3.7526487240064874        1.6666665740093918     
  0.99999999999999967       0.83176377110267230       -16.922364451496428       -769.47548406891929        2.9971731174516210        1.6666665877330187     
  0.99999999999999967        1.0000000000000016       -16.471123582073545       -728.88965873644349        2.4023916098398135        1.6666666006601172     
  0.99999999999999967        1.2022644346174147       -16.035150675835720       -688.79388997088290        1.9375085638257874        1.6666666123693383     
  0.99999999999999967        1.4454397707459299       -15.610703145898027       -648.91492419006079        1.5769755508580690        1.6666666226265454     
  0.99999999999999967        1.7378008287493782       -15.192917282384986       -608.90138741106421        1.3000487416877970        1.6666666313618983     
  0.99999999999999967        2.0892961308540432       -14.775531690955336       -568.30898451794724        1.0900965249752794        1.6666666386280227     
  0.99999999999999967        2.5118864315095846       -14.350225344551825       -526.55870186343327       0.93539031297861541        1.6666666445548182     
  0.99999999999999967        3.0199517204020214       -13.903806816369915       -482.74479650746224       0.83437820429486420        1.6666666493110445     
  0.99999999999999967        3.6307805477010193       -13.407842402325556       -434.91377920799550       0.80488851854374466        1.6666666530782881     
  0.99999999999999967        4.3651583224016663       -12.795735500597445       -378.46609348577198       0.88004276040247220        1.6666666560419243     
  0.99999999999999967        5.2480746024977334       -11.934860497335983       -304.12726759426761        1.0919675661723267        1.6666666584004595     
  0.99999999999999967        6.3095734448019414       -10.476631550725134       -184.18856048010207        1.8698182355437050        1.6666666603758602     
  0.99999999999999967        7.5857757502918473       -4.8154625046275221        307.74109358344566        9.5724606823116787        1.6666666621415123     
  0.99999999999999967        9.1201083935591090        45.859486555563855        4880.4959638004229        75.041517583378365        1.6666666636905141     
  0.99999999999999967        10.964781961431862        505.94475557804236        47421.957097080558        606.47033793091020        1.6666666646214134     
  0.99999999999999967        13.182567385564088        9176.4079000457077        901540.80380769505        11013.857559637210        1.6666666627746896     
  0.99999999999999967        15.848931924611158        60438.306950223669        5930246.1051670443        17075.205142437339        1.6666666644921548     
  0.99999999999999967        19.054607179632502        65592.160783376166        6426333.4604329169       -6753.4500704850188        1.6666666665769700     
  0.99999999999999967        22.908676527677770        40982.377454685811        3998246.3451119051       -4980.2070192829960        1.6666666666635894     
  0.99999999999999967        27.542287033381719        24224.888825319853        2333840.4826960331       -2675.2320973777432        1.6666666666664784     
  0.99999999999999967        33.113112148259177        13777.139153944148        1278254.0547220781       -1257.8412123659502        1.6666666666666494     
  0.99999999999999967        39.810717055349812        7715.8705645734290        652275.38799000427       -645.89911796670560        1.6666666666666650     
  0.99999999999999967        47.863009232263948        3961.0716634929659        275520.56305864785       -327.47225461556729        1.6666666666666663     
  0.99999999999999967        57.543993733715844        1771.5656492917865        90040.780095000198       -146.93259667365191        1.6666666666666670     
  0.99999999999999967        69.183097091893842        716.65610894969564        37588.652369378869       -48.901183064566126        1.6666666666666665     
  0.99999999999999967        83.176377110267339        370.28658330762670        38104.342944257121       -9.4445089602121843        1.6666666666666667     
  0.99999999999999967        100.00000000000031        310.93378111819447        43785.850952671826      -0.55923896871678513        1.6666666666666665     
   1.2589254117941668        1.2022644346174132E-002  -31.555027747766012       -1781.4315404179454        4307.1607722624585        1.6666665724579577     
   1.2589254117941668        1.4454397707459279E-002  -31.024854397349017       -1756.2933830223612        4199.3095137505861        1.6666665648116006     
   1.2589254117941668        1.7378008287493762E-002  -30.506244972444733       -1730.8330007055054        4102.1220909958010        1.6666665567583865     
   1.2589254117941668        2.0892961308540410E-002  -29.988701852497080       -1704.3129661426678        4012.5665756905951        1.6666665483281278     
   1.2589254117941668        2.5118864315095822E-002  -29.459750568680686       -1675.8393753614218        3927.0433918538911        1.6666665395671334     
   1.2589254117941668        3.0199517204020192E-002  -28.907760203713114       -1644.5708500881678        3842.0588291799600        1.6666665305424808     
   1.2589254117941668        3.6307805477010173E-002  -28.324841538190249       -1609.9228410406929        3755.0190678783456        1.6666665213471872     
   1.2589254117941668        4.3651583224016653E-002  -27.708261440058127       -1571.6650884616879        3664.6367854268151        1.6666665121062791     
   1.2589254117941668        5.2480746024977334E-002  -27.059942755344622       -1529.8859791624423        3570.8042760874791        1.6666665029837020     
   1.2589254117941668        6.3095734448019428E-002  -26.384783234068529       -1484.8773109950371        3474.1467124680221        1.6666664941896765     
   1.2589254117941668        7.5857757502918510E-002  -25.688891119760466       -1437.0180462905332        3375.5651319197964        1.6666664859876852     
   1.2589254117941668        9.1201083935591148E-002  -24.978434847793331       -1386.7055351444353        3275.9508450909984        1.6666664786994607     
   1.2589254117941668       0.10964781961431870       -24.259196471313800       -1334.3368878546246        3176.0837957623744        1.6666664727053209     
   1.2589254117941668       0.13182567385564095       -23.536551410405401       -1280.3160522552112        3076.6379501966953        1.6666664684358872     
   1.2589254117941668       0.15848931924611162       -22.815555771509636       -1225.0608846762204        2978.2145719446430        1.6666664663502249     
   1.2589254117941668       0.19054607179632502       -22.100958573392802       -1168.9972747088721        2881.3611414626985        1.6666664668955924     
   1.2589254117941668       0.22908676527677765       -21.397104640537506       -1112.5404618060186        2786.5680015150724        1.6666664704467065     
   1.2589254117941668       0.27542287033381702       -20.707776828561187       -1056.0705371001677        2694.2517813620193        1.6666664772290043     
   1.2589254117941668       0.33113112148259155       -20.036041030864482       -999.90960217083079        2604.7371672623954        1.6666664872403898     
   1.2589254117941668       0.39810717055349781       -19.384133878205944       -944.30509386686322        2518.2437932403227        1.6666665001956982     
   1.2589254117941668       0.47863009232263909       -18.753404836707421       -889.42061802752710        2434.8802673105747        1.6666665155205227     
   1.2589254117941668       0.57543993733715781       -18.144301033347030       -835.33305580222213        2354.6436084079292        1.6666665324098116     
   1.2589254117941668       0.69183097091893764       -17.556373328882845       -782.03365642900269        2277.4210429229365        1.6666665499430506     
   1.2589254117941668       0.83176377110267230       -16.988282248495704       -729.43094604929377        2202.9912641703413        1.6666665672237837     
   1.2589254117941668        1.0000000000000016       -16.437790040285666       -677.35452895969013        2131.0234234594132        1.6666665835016468     
   1.2589254117941668        1.2022644346174147       -15.901684869168058       -625.55156984611801        2061.0671714274085        1.6666665982457409     
   1.2589254117941668        1.4454397707459299       -15.375701011326917       -573.68882451571471        1992.5413574970100        1.6666666111609076     
   1.2589254117941668        1.7378008287493782       -14.854317407272681       -521.34068077617133        1924.7076550664485        1.6666666221589057     
   1.2589254117941668        2.0892961308540432       -14.330468841549036       -467.97379056259831        1856.6324199991354        1.6666666313057352     
   1.2589254117941668        2.5118864315095846       -13.794824850324190       -412.90047509172751        1787.0942493537609        1.6666666387647417     
   1.2589254117941668        3.0199517204020214       -13.232657696590941       -355.05945447529911        1714.1844511921324        1.6666666447483565     
   1.2589254117941668        3.6307805477010193       -12.612220615519018       -292.18822958160382        1633.8128033111611        1.6666666494860873     
   1.2589254117941668        4.3651583224016663       -11.859032620342377       -218.98659795044509        1536.3738332591181        1.6666666532161798     
   1.2589254117941668        5.2480746024977334       -10.824197187217051       -124.74427490067707        1402.6287351566996        1.6666666562036794     
   1.2589254117941668        6.3095734448019414       -9.1003461121672071        24.011355624119624        1180.3695958629660        1.6666666587543726     
   1.2589254117941668        7.5857757502918473       -2.2825803361970611        639.01000315612282        307.13064671867767        1.6666666610870606     
   1.2589254117941668        9.1201083935591090        59.567735437167471        6403.1141020148152       -7620.1093916467062        1.6666666631188010     
   1.2589254117941668        10.964781961431862        626.03874478209559        60511.631435847426       -80294.409430128551        1.6666666642325279     
   1.2589254117941668        13.182567385564088        11555.984726435887        1164084.1018674786       -1482191.8591131163        1.6666666614534960     
   1.2589254117941668        15.848931924611158        76100.102011884592        7655243.7593353586       -9830631.5758507103        1.6666666637202798     
   1.2589254117941668        19.054607179632502        82556.683599107026        8290389.4257487757       -10696528.888143696        1.6666666665446916     
   1.2589254117941668        22.908676527677770        51505.231958171491        5143956.1692216508       -6674296.6909781527        1.6666666666623677     
   1.2589254117941668        27.542287033381719        30311.456191715737        2976964.4077792270       -3927592.4386369972        1.6666666666664038     
   1.2589254117941668        33.113112148259177        17015.876054854769        1588878.0156014240       -2204532.1813740223        1.6666666666666436     
   1.2589254117941668        39.810717055349812        9235.4514628264296        761277.50137112883       -1196475.5704168747        1.6666666666666639     
   1.2589254117941668        47.863009232263948        4456.3595477985455        282004.50660034030       -577341.59096768906        1.6666666666666663     
   1.2589254117941668        57.543993733715844        1818.7463786048556        80327.430540683126       -235625.57106389821        1.6666666666666667     
   1.2589254117941668        69.183097091893842        730.41766641033496        46539.612769811523       -94604.677476239493        1.6666666666666665     
   1.2589254117941668        83.176377110267339        473.78721576956269        55149.591916463221       -61342.446503901796        1.6666666666666665     
   1.2589254117941668        100.00000000000031        458.52030369925427        61595.809063604436       -59360.641719621679        1.6666666666666665     
   1.5848931924611129        1.2022644346174132E-002  -33.210304249267701       -1899.4030787434060        9940.0151186288622        1.6666665480485590     
   1.5848931924611129        1.4454397707459279E-002  -32.666146108598880       -1873.3521138959634        9741.1251002291920        1.6666665384200139     
   1.5848931924611129        1.7378008287493762E-002  -32.132221781891843       -1846.7943338306752        9554.8334907475837        1.6666665282789632     
   1.5848931924611129        2.0892961308540410E-002  -31.596336638343526       -1818.8244868882207        9375.8367252151475        1.6666665176629138     
   1.5848931924611129        2.5118864315095822E-002  -31.043832498326474       -1788.3414064313747        9197.6961336832355        1.6666665066301345     
   1.5848931924611129        3.0199517204020192E-002  -30.460914178633580       -1754.3006887152092        9014.1815156734938        1.6666664952650518     
   1.5848931924611129        3.6307805477010173E-002  -29.838075630661120       -1715.9623611602710        8820.7753276809690        1.6666664836847449     
   1.5848931924611129        4.3651583224016653E-002  -29.171776283987153       -1673.0089864997417        8615.4339114695795        1.6666664720466076     
   1.5848931924611129        5.2480746024977334E-002  -28.463860269647547       -1625.5025636252774        8398.3489839824997        1.6666664605570365     
   1.5848931924611129        6.3095734448019428E-002  -27.719598766239635       -1573.7464100039260        8171.1079142714398        1.6666664494807084     
   1.5848931924611129        7.5857757502918510E-002  -26.945662590730233       -1518.1483446239515        7935.8346736962521        1.6666664391493762     
   1.5848931924611129        9.1201083935591148E-002  -26.148841196505536       -1459.1433954115093        7694.6585414578658        1.6666664299681628     
   1.5848931924611129       0.10964781961431870       -25.335589879532172       -1397.1772835504553        7449.5343022473762        1.6666664224159855     
   1.5848931924611129       0.13182567385564095       -24.512053179388698       -1332.7189278761011        7202.2612521132323        1.6666664170351422     
   1.5848931924611129       0.15848931924611162       -23.684176607658404       -1266.2697171893149        6954.5425680819253        1.6666664144037895     
   1.5848931924611129       0.19054607179632502       -22.857695121617127       -1198.3541152420416        6708.0017885211937        1.6666664150852646     
   1.5848931924611129       0.22908676527677765       -22.037971605803016       -1129.4928789258734        6464.1454377372120        1.6666664195516074     
   1.5848931924611129       0.27542287033381702       -21.229758313899687       -1060.1686951145464        6224.2969620031090        1.6666664280869159     
   1.5848931924611129       0.33113112148259155       -20.436967984631661       -990.79433123502042        5989.5316425953433        1.6666664406887799     
   1.5848931924611129       0.39810717055349781       -19.662507824515654       -921.68930435424943        5760.6298618716919        1.6666664569983074     
   1.5848931924611129       0.47863009232263909       -18.908191947579500       -853.06687342324176        5538.0537303168830        1.6666664762923149     
   1.5848931924611129       0.57543993733715781       -18.174716974200717       -785.02972213241208        5321.9421700808189        1.6666664975570649     
   1.5848931924611129       0.69183097091893764       -17.461673007467834       -717.57133420018863        5112.1158955478531        1.6666665196333028     
   1.5848931924611129       0.83176377110267230       -16.767562694288024       -650.58030431257077        4908.0840521119835        1.6666665413919519     
   1.5848931924611129        1.0000000000000016       -16.089813149330737       -583.84677328505859        4709.0481343660376        1.6666665618878045     
   1.5848931924611129        1.2022644346174147       -15.424700917762005       -517.05824385659275        4513.8802649089394        1.6666665804519640     
   1.5848931924611129        1.4454397707459299       -14.767297554657763       -449.80620829814831        4321.1061926062184        1.6666665967123784     
   1.5848931924611129        1.7378008287493782       -14.111256212823632       -381.57241614718157        4128.8428766788484        1.6666666105575616     
   1.5848931924611129        2.0892961308540432       -13.448511981878431       -311.71330913967461        3934.7099640074293        1.6666666220702806     
   1.5848931924611129        2.5118864315095846       -12.768496572538711       -239.40839167345737        3735.6012194154168        1.6666666314559326     
   1.5848931924611129        3.0199517204020214       -12.054647513176052       -163.41112537921302        3526.6703540920139        1.6666666389819424     
   1.5848931924611129        3.6307805477010193       -11.271384787941320       -81.103860800052985        3297.5340008013118        1.6666666449386955     
   1.5848931924611129        4.3651583224016663       -10.335259861124580        13.601073805740382        3023.8292458884662        1.6666666496339169     
   1.5848931924611129        5.2480746024977334       -9.0788908377534216        133.02419940493300        2656.6502478440598        1.6666666534252970     
   1.5848931924611129        6.3095734448019414       -7.0248246457066985        317.48017994663843        2057.0256659687898        1.6666666567368635     
   1.5848931924611129        7.5857757502918473        1.2222561945344852        1084.7783663274390       -343.28774909738638        1.6666666598318369     
   1.5848931924611129        9.1201083935591090        76.913817079572794        8328.0792600427776       -22380.866555214176        1.6666666624807767     
   1.5848931924611129        10.964781961431862        776.29012752232086        76941.152660267951       -226082.77517274997        1.6666666637763368     
   1.5848931924611129        13.182567385564088        14552.428744321925        1494942.5517688377       -4238327.2117090859        1.6666666596777717     
   1.5848931924611129        15.848931924611158        95815.090123675182        9828922.4932087064       -27993742.758649506        1.6666666626624218     
   1.5848931924611129        19.054607179632502        103894.90409072253        10636225.413103789       -30394457.157715470        1.6666666664973990     
   1.5848931924611129        22.908676527677770        64694.224958099709        6576896.3151190141       -18927556.681900933        1.6666666666604457     
   1.5848931924611129        27.542287033381719        37853.172692466054        3764604.3963505523       -11074334.611152472        1.6666666666662884     
   1.5848931924611129        33.113112148259177        20887.015230441757        1942836.2076244317       -6110405.7698702654        1.6666666666666352     
   1.5848931924611129        39.810717055349812        10880.780617594619        856598.53721946327       -3183110.2902928502        1.6666666666666636     
   1.5848931924611129        47.863009232263948        4844.7258057446479        267289.05400893145       -1417324.7854061504        1.6666666666666663     
   1.5848931924611129        57.543993733715844        1787.5743992416644        72535.823466943490       -522943.71737104555        1.6666666666666667     
   1.5848931924611129        69.183097091893842        779.22451601000375        64119.808759204279       -227912.47862918465        1.6666666666666670     
   1.5848931924611129        83.176377110267339        634.99969551418042        77184.810223623179       -185704.10782860318        1.6666666666666665     
   1.5848931924611129        100.00000000000031        652.57817553802477        83876.620990058102       -190842.73210322973        1.6666666666666670     
   1.9952623149688791        1.2022644346174132E-002  -34.901727336854321       -2013.9187034326426        17601.340784477041        1.6666665173169342     
   1.9952623149688791        1.4454397707459279E-002  -34.344599866727634       -1987.0871668942691        17283.990644422680        1.6666665051926701     
   1.9952623149688791        1.7378008287493762E-002  -33.795981575207691       -1959.5192147411738        16980.960489877103        1.6666664924228582     
   1.9952623149688791        2.0892961308540410E-002  -33.241623691921326       -1930.1047139708210        16683.354662739912        1.6666664790546855     
   1.9952623149688791        2.5118864315095822E-002  -32.664212985397270       -1897.4887328506452        16380.211816351299        1.6666664651614800     
   1.9952623149688791        3.0199517204020192E-002  -32.047306063869691       -1860.3768062094914        16060.908586381509        1.6666664508494982     
   1.9952623149688791        3.6307805477010173E-002  -31.379391505620401       -1817.8349486304198        15717.784230278683        1.6666664362661168     
   1.9952623149688791        4.3651583224016653E-002  -30.655881911365697       -1769.4326565675453        15347.460630444320        1.6666664216094669     
   1.9952623149688791        5.2480746024977334E-002  -29.878436509090655       -1715.1908030351365        14950.428882986593        1.6666664071393911     
   1.9952623149688791        6.3095734448019428E-002  -29.052673733595245       -1655.4161960136298        14529.597876562191        1.6666663931891228     
   1.9952623149688791        7.5857757502918510E-002  -28.185835733096997       -1590.5407582708490        14088.820919080310        1.6666663801763670     
   1.9952623149688791        9.1201083935591148E-002  -27.285362691457831       -1521.0352084198285        13632.005971251645        1.6666663686112337     
   1.9952623149688791       0.10964781961431870       -26.358445224808978       -1447.3963617996578        13162.841748318258        1.6666663590967830     
   1.9952623149688791       0.13182567385564095       -25.412108472613170       -1370.1670142275243        12684.857007922903        1.6666663523159200     
   1.9952623149688791       0.15848931924611162       -24.453354576401182       -1289.9480324286812        12201.523805885487        1.6666663489967517     
   1.9952623149688791       0.19054607179632502       -23.489117732353396       -1207.3842471159076        11716.257790586773        1.6666663498487777     
   1.9952623149688791       0.22908676527677765       -22.526016519017471       -1123.1270354122692        11232.305279456292        1.6666663554665875     
   1.9952623149688791       0.27542287033381702       -21.570008392903084       -1037.7870707955828        10752.574624180474        1.6666663662081542     
   1.9952623149688791       0.33113112148259155       -20.626063267640777       -951.89071809694917        10279.475508292084        1.6666663820706866     
   1.9952623149688791       0.39810717055349781       -19.697926298006923       -865.84799168324014        9814.8031395321723        1.6666664026024787     
   1.9952623149688791       0.47863009232263909       -18.787990513408666       -779.93447740847375        9359.6779927860553        1.6666664268930189     
   1.9952623149688791       0.57543993733715781       -17.897259329606179       -694.28507033093626        8914.5304233382376        1.6666664536658076     
   1.9952623149688791       0.69183097091893764       -17.025362982549623       -608.89561977766687        8479.1115934874451        1.6666664814609604     
   1.9952623149688791       0.83176377110267230       -16.170594410939902       -523.62902904861267        8052.5131512832058        1.6666665088564550     
   1.9952623149688791        1.0000000000000016       -15.329948619664805       -438.22538667916422        7633.1877803777552        1.6666665346616927     
   1.9952623149688791        1.2022644346174147       -14.499046209258426       -352.29628036183846        7218.9119056028730        1.6666665580339470     
   1.9952623149688791        1.4454397707459299       -13.672118970055724       -265.33858381181511        6806.7772331530068        1.6666665785042591     
   1.9952623149688791        1.7378008287493782       -12.841780733717075       -176.71799869660472        6393.0771580227211        1.6666665959317846     
   1.9952623149688791        2.0892961308540432       -11.998719320241195       -85.653817437629073        5973.1523990313617        1.6666666104203103     
   1.9952623149688791        2.5118864315095846       -11.130841604435030        8.8379854377405032        5540.9668518346680        1.6666666222280873     
   1.9952623149688791        3.0199517204020214       -10.219382301019509        108.22658334332473        5087.1787424139275        1.6666666316918077     
   1.9952623149688791        3.6307805477010193       -9.2243090953925364        215.54104268099903        4591.8908090819268        1.6666666391793967     
   1.9952623149688791        4.3651583224016663       -8.0519545745702779        337.75866382463693        4008.5372366867227        1.6666666450907210     
   1.9952623149688791        5.2480746024977334       -6.5139100258961520        489.01177041249787        3243.4123564647030        1.6666666499140852     
   1.9952623149688791        6.3095734448019414       -4.0490592111159822        717.74424408335506        2018.1041322274332        1.6666666542398159     
   1.9952623149688791        7.5857757502918473        5.9673624017744933        1673.8946558479554       -2952.2466481379142        1.6666666583577421     
   1.9952623149688791        9.1201083935591090        98.829363711349586        10756.811562137378       -49042.657924625128        1.6666666617805515     
   1.9952623149688791        10.964781961431862        964.53316943139328        97582.559768046820       -478805.84398653032        1.6666666632339902     
   1.9952623149688791        13.182567385564088        18325.174914988875        1911708.6266633789       -9097161.0929778386        1.6666666572768187     
   1.9952623149688791        15.848931924611158        120631.91535443878        12566927.123296229       -59996147.298890717        1.6666666611953935     
   1.9952623149688791        19.054607179632502        130729.41501343307        13586286.388891950       -65068595.267413445        1.6666666664265688     
   1.9952623149688791        22.908676527677770        81207.180133085974        8364960.3348848727       -40421283.352320939        1.6666666666574053     
   1.9952623149688791        27.542287033381719        47158.479073811235        4721223.6375221955       -23473005.337809812        1.6666666666661112     
   1.9952623149688791        33.113112148259177        25442.810845777043        2332331.4983714256       -12663801.655974973        1.6666666666666232     
   1.9952623149688791        39.810717055349812        12563.972643707100        920876.00397475250       -6253581.7271712776        1.6666666666666630     
   1.9952623149688791        47.863009232263948        5048.3711542684214        231364.46682903077       -2512820.6281680493        1.6666666666666665     
   1.9952623149688791        57.543993733715844        1704.9449325623400        75193.983191387000       -848596.72085396701        1.6666666666666665     
   1.9952623149688791        69.183097091893842        902.05487904142046        90536.529165150307       -448907.01341203408        1.6666666666666667     
   1.9952623149688791        83.176377110267339        860.19287601928249        104532.06664580507       -428056.70127321349        1.6666666666666663     
   1.9952623149688791        100.00000000000031        901.15094122380219        111803.16492428628       -448438.37182718428        1.6666666666666667     
   2.5118864315095797        1.2022644346174132E-002  -36.624846948381403       -2125.3020558109092        27924.368136090401        1.6666664786258505     
   2.5118864315095797        1.4454397707459279E-002  -36.055845720467822       -2097.8072749079038        27453.990718218403        1.6666664633593298     
   2.5118864315095797        1.7378008287493762E-002  -35.493155176766223       -2069.2920829604241        26999.003102321582        1.6666664472797288     
   2.5118864315095797        2.0892961308540410E-002  -34.920031436312684       -2038.3955067371544        26544.870586121036        1.6666664304464167     
   2.5118864315095797        2.5118864315095822E-002  -34.315923487457560       -2003.4510921728745        26073.485365715769        1.6666664129516708     
   2.5118864315095797        3.0199517204020192E-002  -33.661139490718391       -1962.8557648656936        25567.230497426324        1.6666663949292313     
   2.5118864315095797        3.6307805477010173E-002  -32.941677237375529       -1915.4332917163774        25013.357171818472        1.6666663765646053     
   2.5118864315095797        4.3651583224016653E-002  -32.151597832958061       -1860.6074293462739        24406.178090769783        1.6666663581072141     
   2.5118864315095797        5.2480746024977334E-002  -31.292231992518541       -1798.3388843004661        23746.382082838707        1.6666663398841803     
   2.5118864315095797        6.3095734448019428E-002  -30.369498103071784       -1728.9270691722077        23038.638084017082        1.6666663223150437     
   2.5118864315095797        7.5857757502918510E-002  -29.391204521893997       -1652.8211115343452        22289.190475646818        1.6666663059257198     
   2.5118864315095797        9.1201083935591148E-002  -28.365464042749910       -1570.5240078759375        21504.452189219224        1.6666662913584975     
   2.5118864315095797       0.10964781961431870       -27.300267438761924       -1482.5859864542924        20690.627183636054        1.6666662793727354     
   2.5118864315095797       0.13182567385564095       -26.203650422732192       -1389.6342848710215        19853.860809058737        1.6666662708283682     
   2.5118864315095797       0.15848931924611162       -25.083874901252972       -1292.3888507422894        19000.415966177447        1.6666662666423031     
   2.5118864315095797       0.19054607179632502       -23.949338093063705       -1191.6420105774594        18136.630186060236        1.6666662677080721     
   2.5118864315095797       0.22908676527677765       -22.808210708200789       -1088.2071938028946        17268.652666159258        1.6666662747745762     
   2.5118864315095797       0.27542287033381702       -21.667950980589069       -982.85495760868412        16402.079422545903        1.6666662882928158     
   2.5118864315095797       0.33113112148259155       -20.534850334241472       -876.25413765225824        15541.611281100451        1.6666663082595330     
   2.5118864315095797       0.39810717055349781       -19.413702545260733       -768.92847734316524        14690.806486436846        1.6666663341061685     
   2.5118864315095797       0.47863009232263909       -18.307623440868657       -661.23190481751089        13851.948632740372        1.6666663646863473     
   2.5118864315095797       0.57543993733715781       -17.217995184996532       -553.33964153102522        13026.009151760405        1.6666663983927092     
   2.5118864315095797       0.69183097091893764       -16.144488637176710       -445.25006643952662        12212.668219732626        1.6666664333868080     
   2.5118864315095797       0.83176377110267230       -15.085120693014149       -336.79308215263563        11410.360906925825        1.6666664678777123     
   2.5118864315095797        1.0000000000000016       -14.036331503064167       -227.64544134288911        10616.337211848102        1.6666665003657715     
   2.5118864315095797        1.2022644346174147       -12.992901497820743       -117.32202758276271        9826.6008491244265        1.6666665297892884     
   2.5118864315095797        1.4454397707459299       -11.947998978496154       -5.2006999421134736        9035.9435857230310        1.6666665555571765     
   2.5118864315095797        1.7378008287493782       -10.892928413750690        109.49855296095956        8237.7560964584627        1.6666665774915066     
   2.5118864315095797        2.0892961308540432       -9.8168178890351729        227.72776787111158        7423.7903519415077        1.6666665957224009     
   2.5118864315095797        2.5118864315095846       -8.7056889941315401        350.67344210334068        6583.4580373718945        1.6666666105745427     
   2.5118864315095797        3.0199517204020214       -7.5381189952567498        480.07429754960577        5700.5598943003415        1.6666666224718998     
   2.5118864315095797        3.6307805477010193       -6.2688847090563007        619.43935817044053        4740.9360573819649        1.6666666318814605     
   2.5118864315095797        4.3651583224016663       -4.7926530113684134        776.75511266609146        3625.0117432020302        1.6666666393265765     
   2.5118864315095797        5.2480746024977334       -2.8970763259467351        968.19535398597600        2192.3260928950526        1.6666666454818997     
   2.5118864315095797        6.3095734448019414        7.8886950344670900E-002   1251.8568994414209       -55.815546076974464        1.6666666511695116     
   2.5118864315095797        7.5857757502918473        12.288817360569480        2442.5694061914187       -9268.4499444833145        1.6666666566528829     
   2.5118864315095797        9.1201083935591090        126.48214551204998        13816.626537416212       -95443.599578017689        1.6666666610237160     
   2.5118864315095797        10.964781961431862        1200.6562724426187        123535.02522452929       -906154.81420720392        1.6666666625768412     
   2.5118864315095797        13.182567385564088        23074.883410123486        2436537.1473068460       -17415575.680677593        1.6666666540017925     
   2.5118864315095797        15.848931924611158        151870.55316076905        16014893.538594635       -114762655.03636037        1.6666666591305350     
   2.5118864315095797        19.054607179632502        164468.14305295885        17293778.196250893       -124345711.67733100        1.6666666663182563     
   2.5118864315095797        22.908676527677770        101853.95205614591        10590173.246836493       -77008549.411291465        1.6666666666525967     
   2.5118864315095797        27.542287033381719        58577.834640785157        5870783.8997912770       -44288507.237129897        1.6666666666658414     
   2.5118864315095797        33.113112148259177        30693.842015477101        2739635.7023562975       -23206246.050712444        1.6666666666666068     
   2.5118864315095797        39.810717055349812        14138.549029674386        933351.13919289818       -10689657.912831623        1.6666666666666623     
   2.5118864315095797        47.863009232263948        5001.7227791503856        183313.48650727162       -3781686.1262436057        1.6666666666666663     
   2.5118864315095797        57.543993733715844        1639.4319846201479        95003.998209596699       -1239447.7596974913        1.6666666666666665     
   2.5118864315095797        69.183097091893842        1124.9744337497332        124955.08418795561       -850420.81735830568        1.6666666666666670     
   2.5118864315095797        83.176377110267339        1154.7227897631765        138266.59784157906       -872901.02621091623        1.6666666666666667     
   2.5118864315095797        100.00000000000031        1216.6588393531356        146950.60805933314       -919721.51803338027        1.6666666666666667     
   3.1622776601683786        1.2022644346174132E-002  -38.374871870397541       -2233.7909181620398        41731.038592927609        1.6666664299141185     
   3.1622776601683786        1.4454397707459279E-002  -37.795157365968151       -2205.7355456842188        41064.151134245752        1.6666664106913585     
   3.1622776601683786        1.7378008287493762E-002  -37.218983527464189       -2176.3095099699713        40412.314446173732        1.6666663904445560     
   3.1622776601683786        2.0892961308540410E-002  -36.626566160720330       -2143.8439500880550        39752.183527725589        1.6666663692484112     
   3.1622776601683786        2.5118864315095822E-002  -35.993395130588262       -2106.2891038419216        39054.419620925917        1.6666663472190535     
   3.1622776601683786        3.0199517204020192E-002  -35.295784976752849       -2061.6603783596925        38290.337437011964        1.6666663245248168     
   3.1622776601683786        3.6307805477010173E-002  -34.516636246986984       -2008.4790042686427        37439.008714316158        1.6666663013992089     
   3.1622776601683786        4.3651583224016653E-002  -33.648271737574383       -1945.9818145657862        36490.813454434181        1.6666662781562138     
   3.1622776601683786        5.2480746024977334E-002  -32.691502233968933       -1874.0448604145329        35446.333639842662        1.6666662552076525     
   3.1622776601683786        6.3095734448019428E-002  -31.652470829127886       -1792.9455955202029        34312.505562699036        1.6666662330817190     
   3.1622776601683786        7.5857757502918510E-002  -30.539527904682856       -1703.1406379186449        33098.810434878797        1.6666662124405589     
   3.1622776601683786        9.1201083935591148E-002  -29.361469269838782       -1605.1599261638685        31815.127888654784        1.6666661940928700     
   3.1622776601683786       0.10964781961431870       -28.127152731338025       -1499.6090911712936        30471.262128502527        1.6666661789947892     
   3.1622776601683786       0.13182567385564095       -26.845776696781286       -1387.2123607953517        29077.275783506055        1.6666661682291362     
   3.1622776601683786       0.15848931924611162       -25.527110440945243       -1268.8328938621755        27643.786182556159        1.6666661629505242     
   3.1622776601683786       0.19054607179632502       -24.181341108033418       -1145.4443112743704        26181.829163086240        1.6666661642841984     
   3.1622776601683786       0.22908676527677765       -22.818561901607858       -1018.0614766549784        24702.316155861216        1.6666661731733494     
   3.1622776601683786       0.27542287033381702       -21.448102732747252       -887.65492826566935        23215.311743543483        1.6666661901861142     
   3.1622776601683786       0.33113112148259155       -20.077909178666385       -755.07235674436629        21729.363138772969        1.6666662153186573     
   3.1622776601683786       0.39810717055349781       -18.714089227848532       -620.98057503422172        20251.013348914046        1.6666662478552938     
   3.1622776601683786       0.47863009232263909       -17.360663146799709       -485.83213628501244        18784.536341657407        1.6666662863526713     
   3.1622776601683786       0.57543993733715781       -16.019482710960315       -349.85291163331823        17331.856032474527        1.6666663287868153     
   3.1622776601683786       0.69183097091893764       -14.690259816775489       -213.04406155870001        15892.582828799754        1.6666663728425855     
   3.1622776601683786       0.83176377110267230       -13.370650995690365       -75.193256600769502        14464.109059024315        1.6666664162644811     
   3.1622776601683786        1.0000000000000016       -12.056387057052099        64.102651594572350        13041.751710594748        1.6666664571636183     
   3.1622776601683786        1.2022644346174147       -10.741173494594463        205.45207668943917        11618.647332465041        1.6666664942024687     
   3.1622776601683786        1.4454397707459299       -9.4168332347763304        349.62681925299893        10185.904116557589        1.6666665266360270     
   3.1622776601683786        1.7378008287493782       -8.0730204771916689        497.59013362880961        8732.2947375429430        1.6666665542395065     
   3.1622776601683786        2.0892961308540432       -6.6969095490322497        650.50870928487268        7243.9181736725977        1.6666665771760196     
   3.1622776601683786        2.5118864315095846       -5.2721839792870187        809.82088146431897        5703.1085931553471        1.6666665958537326     
   3.1622776601683786        3.0199517204020214       -3.7742009896591031        977.59386454142486        4083.2170426360080        1.6666666108066317     
   3.1622776601683786        3.6307805477010193       -2.1516628323470601        1157.9001964996185        2328.8120463200471        1.6666666226287514     
   3.1622776601683786        4.3651583224016663      -0.28589743364521908        1359.8744762836536        311.64913212866207        1.6666666320108998     
   3.1622776601683786        5.2480746024977334        2.0627049497536345        1601.9875641637057       -2227.2499775119418        1.6666666398964114     
   3.1622776601683786        6.3095734448019414        5.6744993817252523        1953.7744716217264       -6130.2938955485042        1.6666666474247596     
   3.1622776601683786        7.5857757502918473        20.607333871814937        3436.2184671774498       -22253.344844483716        1.6666666547139470     
   3.1622776601683786        9.1201083935591090        161.33609271086533        17667.336655203013       -174217.41386386158        1.6666666602158002     
   3.1622776601683786        10.964781961431862        1497.1329745947316        156182.77512841593       -1616759.8425574154        1.6666666617616150     
   3.1622776601683786        13.182567385564088        29054.110032155986        3097323.7269205563       -31376615.065511048        1.6666666494820668     
   3.1622776601683786        15.848931924611158        191192.48891946147        20356191.031160958       -206651681.82880276        1.6666666561730212     
   3.1622776601683786        19.054607179632502        206875.17894501670        21950031.026015867       -223682449.84541702        1.6666666661496348     
   3.1622776601683786        22.908676527677770        127625.36431979992        13350369.206925623       -137996908.67744014        1.6666666666450305     
   3.1622776601683786        27.542287033381719        72494.240229530420        7233159.8993360298       -78385289.491675422        1.6666666666654348     
   3.1622776601683786        33.113112148259177        36575.504006613621        3132771.7959416625       -39547654.321202524        1.6666666666665848     
   3.1622776601683786        39.810717055349812        15392.324826279531        875166.51466792368       -16643377.063413704        1.6666666666666612     
   3.1622776601683786        47.863009232263948        4692.9757078691046        142346.48764215666       -5074451.5851942273        1.6666666666666663     
   3.1622776601683786        57.543993733715844        1684.3299775863320        133461.79821229537       -1821076.8138012586        1.6666666666666665     
   3.1622776601683786        69.183097091893842        1455.4707717867357        167166.70105720469       -1573562.2988863536        1.6666666666666665     
   3.1622776601683786        83.176377110267339        1529.7038103909074        180214.64239452017       -1653816.7473738752        1.6666666666666667     
   3.1622776601683786        100.00000000000031        1615.8377716383006        191270.21849340317       -1746940.1335538886        1.6666666666666667     
   3.9810717055349714        1.2022644346174132E-002  -40.146716999164056       -2339.5476067958652        60086.484998063337        1.6666663685868217     
   3.9810717055349714        1.4454397707459279E-002  -39.557497379086968       -2311.0194435286617        59168.492328077591        1.6666663443830265     
   3.9810717055349714        1.7378008287493762E-002  -38.968356084290171       -2280.6891641719999        58262.532955011258        1.6666663188895470     
   3.9810717055349714        2.0892961308540410E-002  -38.355793723611001       -2246.5091495873025        57331.538484323988        1.6666662922003763     
   3.9810717055349714        2.5118864315095822E-002  -37.690447080257456       -2205.9570467135823        56328.583829641597        1.6666662644616668     
   3.9810717055349714        3.0199517204020192E-002  -36.943711164601467       -2156.5759122682985        55207.536992902948        1.6666662358852913     
   3.9810717055349714        3.6307805477010173E-002  -36.094631561133340       -2096.5090942720171        53934.388876630757        1.6666662067651865     
   3.9810717055349714        4.3651583224016653E-002  -35.133302758339084       -2024.7546576797863        52492.908510884088        1.6666661774966078     
   3.9810717055349714        5.2480746024977334E-002  -34.059763311889718       -1941.0726346256631        50882.887058448629        1.6666661485980012     
   3.9810717055349714        6.3095734448019428E-002  -32.880269241105232       -1845.6992489476470        49114.065301455827        1.6666661207343445     
   3.9810717055349714        7.5857757502918510E-002  -31.603663037668206       -1739.0852270683502        47200.211373904480        1.6666660947392877     
   3.9810717055349714        9.1201083935591148E-002  -30.239417686133294       -1621.7795463980697        45155.923753232499        1.6666660716310304     
   3.9810717055349714       0.10964781961431870       -28.797325839129694       -1494.4446649113054        42996.104373052782        1.6666660526134460     
   3.9810717055349714       0.13182567385564095       -27.287927302854722       -1357.9167100650754        40736.639176047451        1.6666660390499684     
   3.9810717055349714       0.15848931924611162       -25.722801356484613       -1213.2317700614346        38394.891051118953        1.6666660323944815     
   3.9810717055349714       0.19054607179632502       -24.114330903408934       -1061.5868786530580        35989.381299231834        1.6666660340639643     
   3.9810717055349714       0.22908676527677765       -22.474994861211925       -904.24768078972761        33538.744694038018        1.6666660452462292     
   3.9810717055349714       0.27542287033381702       -20.816460665909460       -742.43510562281642        31060.376080941154        1.6666660666568955     
   3.9810717055349714       0.33113112148259155       -19.148746991261639       -577.22155878927401        28569.182405455842        1.6666660982914021     
   3.9810717055349714       0.39810717055349781       -17.479611262665887       -409.45399686097517        26076.673508004671        1.6666661392488153     
   3.9810717055349714       0.47863009232263909       -15.814207959530137       -239.70930928213488        23590.460100238375        1.6666661877118436     
   3.9810717055349714       0.57543993733715781       -14.154973740917201       -68.277177913581880        21114.090997332438        1.6666662411319235     
   3.9810717055349714       0.69183097091893764       -12.501662296289092        104.83806072490921        18647.112736449606        1.6666662965936441     
   3.9810717055349714       0.83176377110267230       -10.851463157345547        279.90261643978795        16185.252320209529        1.6666663512564686     
   3.9810717055349714        1.0000000000000016       -9.1992042490479200        457.42011134334382        13720.722872583941        1.6666664027412967     
   3.9810717055349714        1.2022644346174147       -7.5372170413173478        638.15635813850292        11242.026753037560        1.6666664493631314     
   3.9810717055349714        1.4454397707459299       -5.8556247804132049        823.07124045514149        8734.3818694545371        1.6666664901829773     
   3.9810717055349714        1.7378008287493782       -4.1420013928875514        1013.3587458055530        6179.2171814913381        1.6666665249168340     
   3.9810717055349714        2.0892961308540432       -2.3810705964897370        1210.4551941525783        3553.7217191619761        1.6666665537691163     
   3.9810717055349714        2.5118864315095846      -0.55360848589564204        1416.1134832733323        829.21106674518285        1.6666665772528906     
   3.9810717055349714        3.0199517204020214        1.3689457900066897        1632.8036407475122       -2036.8948865620298        1.6666665960409153     
   3.9810717055349714        3.6307805477010193        3.4450253596733167        1865.2638373046279       -5131.6621834567404        1.6666666108909385     
   3.9810717055349714        4.3651583224016663        5.8085745620485829        2123.9363601470218       -8654.6774045324346        1.6666666227237745     
   3.9810717055349714        5.2480746024977334        8.7302268391921292        2429.8617782690230       -13009.242915403964        1.6666666328735633     
   3.9810717055349714        6.3095734448019414        13.132621766433925        2866.0802567367932       -19569.011304166954        1.6666666429019323     
   3.9810717055349714        7.5857757502918473        31.449405110221988        4711.7746368011631       -46844.392733036184        1.6666666525477627     
   3.9810717055349714        9.1201083935591090        205.22671843692203        22509.552220688802       -305639.16847875091        1.6666666593601758     
   3.9810717055349714        10.964781961431862        1869.6870557747843        197267.82786238514       -2784512.2554299003        1.6666666607231531     
   3.9810717055349714        13.182567385564088        36580.733307023489        3929187.3355412679       -54480938.847859174        1.6666666431541830     
   3.9810717055349714        15.848931924611158        240689.02888984943        25821662.675713371       -358687739.43301225        1.6666666518537105     
   3.9810717055349714        19.054607179632502        260158.18668387402        27793429.252786271       -387802514.60698801        1.6666666658836236     
   3.9810717055349714        22.908676527677770        159723.75959827355        16760216.418763213       -238094547.08608204        1.6666666666332011     
   3.9810717055349714        27.542287033381719        89301.131953785210        8818159.8712950274       -133118041.77315740        1.6666666666648313     
   3.9810717055349714        33.113112148259177        42901.553346397624        3461531.6996136983       -63952067.799141906        1.6666666666665573     
   3.9810717055349714        39.810717055349812        16062.069949954948        739758.40107173496       -23943674.784706894        1.6666666666666612     
   3.9810717055349714        47.863009232263948        4211.7550688760612        131565.51679491292       -6278412.0777547723        1.6666666666666659     
   3.9810717055349714        57.543993733715844        1914.8145299983094        187807.78948867146       -2854134.9553729286        1.6666666666666663     
   3.9810717055349714        69.183097091893842        1895.4801835527726        218430.81656913288       -2825273.3284105952        1.6666666666666667     
   3.9810717055349714        83.176377110267339        2003.5980889674145        232809.11657644363       -2986427.4350499534        1.6666666666666665     
   3.9810717055349714        100.00000000000031        2120.0301940020390        247156.55542284416       -3159974.4800371891        1.6666666666666665     
   5.0118723362727211        1.2022644346174132E-002  -41.935055051120216       -2442.6695699267420        84368.760016550004        1.6666662913771111     
   5.0118723362727211        1.4454397707459279E-002  -41.337567095709566       -2413.7409469276122        83131.226387154631        1.6666662609020837     
   5.0118723362727211        1.7378008287493762E-002  -40.735852876595921       -2382.4787726151199        81897.941355083720        1.6666662288028822     
   5.0118723362727211        2.0892961308540410E-002  -40.101861418618931       -2346.3685561569409        80610.498291144759        1.6666661951977806     
   5.0118723362727211        2.5118864315095822E-002  -39.400267344870720       -2302.3042388770646        79194.497154030687        1.6666661602707193     
   5.0118723362727211        3.0199517204020192E-002  -38.596394799524148       -2247.2433278377771        77576.380688336576        1.6666661242883785     
   5.0118723362727211        3.6307805477010173E-002  -37.664487666949732       -2178.8571408712678        75701.302667508513        1.6666660876207577     
   5.0118723362727211        4.3651583224016653E-002  -36.591792662840824       -2095.8397975407870        73542.036984366801        1.6666660507654201     
   5.0118723362727211        5.2480746024977334E-002  -35.377246570972488       -1997.7953020751129        71096.219456697916        1.6666660143750405     
   5.0118723362727211        6.3095734448019428E-002  -34.027059195866237       -1884.8933846681748        68376.869617401841        1.6666659792867891     
   5.0118723362727211        7.5857757502918510E-002  -32.550480964267834       -1757.5607527733112        65403.294173223781        1.6666659465502278     
   5.0118723362727211        9.1201083935591148E-002  -30.957633734909930       -1616.3541156826700        62196.406386869930        1.6666659174473022     
   5.0118723362727211       0.10964781961431870       -29.259312083377608       -1461.9932808651954        58778.259517306164        1.6666658934937766     
   5.0118723362727211       0.13182567385564095       -27.467607765507456       -1295.4439701627668        55173.356401728313        1.6666658764063631     
   5.0118723362727211       0.15848931924611162       -25.596280796968653       -1117.9517931008691        51409.463033843611        1.6666658680157285     
   5.0118723362727211       0.19054607179632502       -23.660414283329469       -930.98966307691910        47516.953342023393        1.6666658701061385     
   5.0118723362727211       0.22908676527677765       -21.675452641574299       -736.13581591498928        43526.888352897222        1.6666658841733870     
   5.0118723362727211       0.27542287033381702       -19.655986224930306       -534.92492291826670        39468.574604028465        1.6666659111187696     
   5.0118723362727211       0.33113112148259155       -17.614634727477657       -328.71189121240468        35367.323018552815        1.6666659509367965     
   5.0118723362727211       0.39810717055349781       -15.561228453250967       -118.57066036762376        31242.810849965041        1.6666660024932785     
   5.0118723362727211       0.47863009232263909       -13.502347114843559        94.764948984266354        27108.165930174753        1.6666660635000716     
   5.0118723362727211       0.57543993733715781       -11.441158956260805        310.92466639849863        22969.655135259356        1.6666661307480533     
   5.0118723362727211       0.69183097091893764       -9.3774611183472327        529.90040206710114        18826.775640897144        1.6666662005659310     
   5.0118723362727211       0.83176377110267230       -7.3078416180843551        752.02698477544982        14672.587514553208        1.6666662693764205     
   5.0118723362727211        1.0000000000000016       -5.2259839865396458        977.93398572798947        10494.330034398896        1.6666663341830130     
   5.0118723362727211        1.2022644346174147       -3.1224642064247634        1208.5885570159166        6273.0206795268314        1.6666663928630023     
   5.0118723362727211        1.4454397707459299      -0.98526124891637701        1445.1868123283214        1984.4741303334085        1.6666664442328762     
   5.0118723362727211        1.7378008287493782        1.2006736083247218        1689.2136863965718       -2401.5550746552240        1.6666664879337931     
   5.0118723362727211        2.0892961308540432        3.4536943894893195        1942.4451172999659       -6921.9330365355190        1.6666665242218539     
   5.0118723362727211        2.5118864315095846        5.7966499188468212        2207.0286295944179       -11622.529828550150        1.6666665537419236     
   5.0118723362727211        3.0199517204020214        8.2628884914580407        2485.9313488786720       -16570.252445384303        1.6666665773419391     
   5.0118723362727211        3.6307805477010193        10.919256849980652        2784.6823677132620       -21899.158664497285        1.6666665959918423     
   5.0118723362727211        4.3651583224016663        13.917198808131889        3115.2112602760726       -27912.966928335325        1.6666666109326955     
   5.0118723362727211        5.2480746024977334        17.562562190147286        3501.3955278011408       -35225.086227825079        1.6666666240706274     
   5.0118723362727211        6.3095734448019414        22.947270274993031        4042.1441031256973       -46023.879257574612        1.6666666375027532     
   5.0118723362727211        7.5857757502918473        45.473825407347753        6340.5864272366844       -91178.008511307868        1.6666666501713940     
   5.0118723362727211        9.1201083935591090        260.45591868201194        28595.119959184438       -522137.82868606783        1.6666666584555141     
   5.0118723362727211        10.964781961431862        2338.1262983531801        248981.51607037234       -4687209.3304000264        1.6666666593631190     
   5.0118723362727211        13.182567385564088        46054.849758693003        4976335.5452841772       -92327749.482800424        1.6666666341449876     
   5.0118723362727211        15.848931924611158        302992.42026177119        32701878.825510483       -607698020.55537546        1.6666666454150707     
   5.0118723362727211        19.054607179632502        327075.67074217979        35120119.282032050       -656127645.50193858        1.6666666654609406     
   5.0118723362727211        22.908676527677770        199592.34542636765        20950851.100971390       -400395694.10656703        1.6666666666148238     
   5.0118723362727211        27.542287033381719        109360.12301741402        10616208.738647144       -219384262.79708108        1.6666666666639527     
   5.0118723362727211        33.113112148259177        49306.748511512298        3656418.4057083796       -98913618.691107437        1.6666666666665249     
   5.0118723362727211        39.810717055349812        15891.529165506287        546426.27544541133       -31880377.055614267        1.6666666666666616     
   5.0118723362727211        47.863009232263948        3763.3907698434896        165900.76514556489       -7549621.0278352080        1.6666666666666656     
   5.0118723362727211        57.543993733715844        2355.3139468328222        255072.65755413770       -4724612.6590359220        1.6666666666666661     
   5.0118723362727211        69.183097091893842        2456.9910400038839        281477.69979594258       -4928556.2675520862        1.6666666666666665     
   5.0118723362727211        83.176377110267339        2601.4393021680339        299004.00177684030       -5218311.4309787098        1.6666666666666665     
   5.0118723362727211        100.00000000000031        2756.1674780811295        317593.84776206309       -5528687.3347066110        1.6666666666666665     
   6.3095734448019298        1.2022644346174132E-002  -43.734371340980807       -2543.1997421533706        116357.95249986523        1.6666661941722225     
   6.3095734448019298        1.4454397707459279E-002  -43.129859763403154       -2513.9264164263773        114715.20954260386        1.6666661558016360     
   6.3095734448019298        1.7378008287493762E-002  -42.515788511618851       -2481.6645636981420        113060.77186631950        1.6666661153857001     
   6.3095734448019298        2.0892961308540410E-002  -41.858517370955056       -2443.3231877092426        111303.08399223286        1.6666660730732490     
   6.3095734448019298        2.5118864315095822E-002  -41.115381493690258       -2395.0741636523189        109324.88018852491        1.6666660290957838     
   6.3095734448019298        3.0199517204020192E-002  -40.244201537569836       -2333.1483387975709        107009.57064358226        1.6666659837889743     
   6.3095734448019298        3.6307805477010173E-002  -39.213236824646920       -2254.6273974513219        104269.21591984358        1.6666659376185660     
   6.3095734448019298        4.3651583224016653E-002  -38.006104583523353       -2157.8196950752845        101058.46337668868        1.6666658912109111     
   6.3095734448019298        5.2480746024977334E-002  -36.620212676893722       -2042.1223692686715        97370.242478865519        1.6666658453876542     
   6.3095734448019298        6.3095734448019428E-002  -35.061504570028951       -1907.6058065279894        93221.073458987885        1.6666658012027391     
   6.3095734448019298        7.5857757502918510E-002  -33.339509335084365       -1754.6484612018801        88637.201835685555        1.6666657599775356     
   6.3095734448019298        9.1201083935591148E-002  -31.464938806570316       -1583.7989789534477        83647.832462342121        1.6666657233260254     
   6.3095734448019298       0.10964781961431870       -29.449653358360845       -1395.8336570856902        78284.966413667134        1.6666656931566168     
   6.3095734448019298       0.13182567385564095       -27.307545315180466       -1191.8687559774935        72585.820371062888        1.6666656716307851     
   6.3095734448019298       0.15848931924611162       -25.055010256868702       -973.40441153482936        66594.161624121392        1.6666656610535431     
   6.3095734448019298       0.19054607179632502       -22.710458960473002       -742.25471192933185        60359.054112768630        1.6666656636715582     
   6.3095734448019298       0.22908676527677765       -20.293027254126791       -500.38783345191706        53931.439500297252        1.6666656813683571     
   6.3095734448019298       0.27542287033381702       -17.820964134560107       -249.73173895928687        47359.850262571723        1.6666657152789832     
   6.3095734448019298       0.33113112148259155       -15.310155677985380        8.0034022995799425        40686.487748425141        1.6666657653967503     
   6.3095734448019298       0.39810717055349781       -12.773040103425899        271.45753178279989        33944.346707808669        1.6666658302937429     
   6.3095734448019298       0.47863009232263909       -10.217991241307605        539.69860771638980        27155.590516331384        1.6666659070889274     
   6.3095734448019298       0.57543993733715781       -7.6490958813903580        812.25441899051168        20330.974689665461        1.6666659917414026     
   6.3095734448019298       0.69183097091893764       -5.0661978045072145        1089.1123662180323        13469.977377567076        1.6666660796280317     
   6.3095734448019298       0.83176377110267230       -2.4651138537778015        1370.6946620293895        6561.3831904877670        1.6666661662437261     
   6.3095734448019298        1.0000000000000016       0.16191722627032548        1657.7883138145924       -415.51809563798417        1.6666662478143730     
   6.3095734448019298        1.2022644346174147        2.8265628122434863        1951.6188220027605       -7491.7928559810089        1.6666663216658528     
   6.3095734448019298        1.4454397707459299        5.5435455173258132        2253.6788953080259       -14706.612809846623        1.6666663863064490     
   6.3095734448019298        1.7378008287493782        8.3312215397823568        2565.8210393944451       -22108.779685107667        1.6666664412826890     
   6.3095734448019298        2.0892961308540432        11.211815862256868        2890.2503647234339       -29757.355077040509        1.6666664869153316     
   6.3095734448019298        2.5118864315095846        14.212709505151610        3229.6119269849205       -37725.074441077399        1.6666665240148177     
   6.3095734448019298        3.0199517204020214        17.373126340192215        3587.4906010186050       -46116.085649685789        1.6666665536504526     
   6.3095734448019298        3.6307805477010193        20.769873983823029        3970.3608762735471       -55134.262544081022        1.6666665770691429     
   6.3095734448019298        4.3651583224016663        24.574444008016737        4391.8339367007011       -65234.804651184990        1.6666665959641116     
   6.3095734448019298        5.2480746024977334        29.132429419718619        4878.8373949456090       -77335.067157467463        1.6666666130812997     
   6.3095734448019298        6.3095734448019414        35.736468500218649        5548.8249602193246       -94864.270931264284        1.6666666311448175     
   6.3095734448019298        7.5857757502918473        63.504955431855450        8412.0504693310086       -168543.16766951876        1.6666666476102912     
   6.3095734448019298        9.1201083935591090        329.91115103848705        36240.247922188006       -875446.83488784335        1.6666666574928370     
   6.3095734448019298        10.964781961431862        2927.3890484974145        314079.78511976771       -7767914.0440601259        1.6666666575319988     
   6.3095734448019298        13.182567385564088        57980.032173804575        6294410.9100264423       -153854951.76281214        1.6666666210784757     
   6.3095734448019298        15.848931924611158        381415.65831674903        41362549.051712461       -1012469716.8388910        1.6666666356222364     
   6.3095734448019298        19.054607179632502        411067.64764998760        44296649.688844487       -1091340999.9674971        1.6666666647885431     
   6.3095734448019298        22.908676527677770        248938.10012111420        26066922.445145924       -660911017.16153705        1.6666666665864529     
   6.3095734448019298        27.542287033381719        132928.28132756025        12584807.959874375       -352915442.88113981        1.6666666666627028     
   6.3095734448019298        33.113112148259177        55189.970099412458        3635436.0473387581       -146527087.88426349        1.6666666666664929     
   6.3095734448019298        39.810717055349812        14750.496375994584        347995.05289964646       -39162634.582727186        1.6666666666666616     
   6.3095734448019298        47.863009232263948        3602.6152779888034        244598.31044625942       -9564481.5715292487        1.6666666666666656     
   6.3095734448019298        57.543993733715844        2994.8350655217823        335090.81237968046       -7950635.6711945524        1.6666666666666663     
   6.3095734448019298        69.183097091893842        3165.8455780294826        360120.65491005249       -8404630.4620529208        1.6666666666666663     
   6.3095734448019298        83.176377110267339        3355.1016503842593        382382.13191546535       -8907066.5253823157        1.6666666666666665     
   6.3095734448019298        100.00000000000031        3558.1912262788474        406334.44772669714       -9446227.3974353261        1.6666666666666665     
   7.9432823472428113        1.2022644346174132E-002  -45.539020123110831       -2641.1363087847394        158349.92508039324        1.6666660717944430     
   7.9432823472428113        1.4454397707459279E-002  -44.928715316865265       -2611.5558006949327        156194.84567906935        1.6666660234833146     
   7.9432823472428113        1.7378008287493762E-002  -44.302256042803918       -2578.1787496046773        153998.51482060240        1.6666659725965194     
   7.9432823472428113        2.0892961308540410E-002  -43.619124200004613       -2537.2011568327389        151617.89360199712        1.6666659193213533     
   7.9432823472428113        2.5118864315095822E-002  -42.827603546172078       -2483.9004703645628        148868.88411086399        1.6666658639491814     
   7.9432823472428113        3.0199517204020192E-002  -41.876227613070022       -2413.6049559787962        145567.45263578286        1.6666658069025113     
   7.9432823472428113        3.6307805477010173E-002  -40.725793441832458       -2322.6598320021517        141573.22227177842        1.6666657487676120     
   7.9432823472428113        4.3651583224016653E-002  -39.355304042494375       -2208.8851509588030        136811.17462594801        1.6666656903329582     
   7.9432823472428113        5.2480746024977334E-002  -37.760088268677663       -2071.4068379092810        131264.95555279905        1.6666656326329006     
   7.9432823472428113        6.3095734448019428E-002  -35.945525139875876       -1910.1535359712875        124954.19755309972        1.6666655769942713     
   7.9432823472428113        7.5857757502918510E-002  -33.921234167814006       -1725.4233954320277        117913.48240988451        1.6666655250806128     
   7.9432823472428113        9.1201083935591148E-002  -31.698417107603113       -1517.7353060614143        110182.65626904892        1.6666654789239028     
   7.9432823472428113       0.10964781961431870       -29.290057131370094       -1287.9191266953942        101807.44474204442        1.6666654409268598     
   7.9432823472428113       0.13182567385564095       -26.712140984066323       -1037.2663232687451        92843.791606636019        1.6666654138108745     
   7.9432823472428113       0.15848931924611162       -23.984258253511168       -767.58679626714377        83360.040846384378        1.6666654004781294     
   7.9432823472428113       0.19054607179632502       -21.128928016954873       -481.11693709749011        73434.645728512507        1.6666654037574185     
   7.9432823472428113       0.22908676527677765       -18.169886290022301       -180.31152402595944        63150.226022691539        1.6666654260203884     
   7.9432823472428113       0.27542287033381702       -15.129965188196463        132.40842604341961        52586.191836680810        1.6666654686963311     
   7.9432823472428113       0.33113112148259155       -12.029155570215490        454.88597449935725        41812.011854298042        1.6666655317769958     
   7.9432823472428113       0.39810717055349781       -8.8831795476077193        785.40037054973482        30882.262904230894        1.6666656134645830     
   7.9432823472428113       0.47863009232263909       -5.7026726754106427        1122.7691220514978        19833.806016707997        1.6666657101314866     
   7.9432823472428113       0.57543993733715781       -2.4928785902729707        1466.3909949096485        8684.7452481567980        1.6666658166894146     
   7.9432823472428113       0.69183097091893764       0.74630708054363570        1816.2480409549901       -2565.4020876087375        1.6666659273166127     
   7.9432823472428113       0.83176377110267230        4.0200531300701217        2172.8739727102256       -13934.707542918906        1.6666660363395736     
   7.9432823472428113        1.0000000000000016        7.3379383559756599        2537.2521096605155       -25456.550123933092        1.6666661390048023     
   7.9432823472428113        1.2022644346174147        10.714500097152776        2910.9409296756280       -37181.506417922821        1.6666662319435190     
   7.9432823472428113        1.4454397707459299        14.167861069142422        3295.8055405511222       -49172.596568303517        1.6666663132754855     
   7.9432823472428113        1.7378008287493782        17.720551448808433        3694.1640483737506       -61508.121032104900        1.6666663824275645     
   7.9432823472428113        2.0892961308540432        21.399673874180092        4108.7661356431117       -74282.241780103010        1.6666664398013478     
   7.9432823472428113        2.5118864315095846        25.238294447080794        4542.8878760608704       -87609.807043932698        1.6666664864152747     
   7.9432823472428113        3.0199517204020214        29.282883785823262        5000.8880282596929       -101652.16885860037        1.6666665236187757     
   7.9432823472428113        3.6307805477010193        33.622092906595086        5490.3779149581442       -116717.05696737661        1.6666665530232898     
   7.9432823472428113        4.3651583224016663        38.450336152085015        6026.8437230343206       -133479.32889689208        1.6666665769693205     
   7.9432823472428113        5.2480746024977334        44.157569209979265        6640.3251963919474       -153292.62943021514        1.6666665994351499     
   7.9432823472428113        6.3095734448019414        52.273361761264972        7469.8473929588199       -181463.99506482767        1.6666666237741339     
   7.9432823472428113        7.5857757502918473        86.574437413128607        11038.157710283123       -300494.75432120886        1.6666666448944263     
   7.9432823472428113        9.1201083935591090        417.21526947616428        45842.003528955822       -1447928.8407901884        1.6666666564519566     
   7.9432823472428113        10.964781961431862        3668.8597480210319        396028.52493860736       -12732330.238728300        1.6666666550000091     
   7.9432823472428113        13.182567385564088        72990.075217887555        7953442.1459377026       -253307647.58923364        1.6666666017574416     
   7.9432823472428113        15.848931924611158        480128.36428113916        52263902.837745532       -1666698121.9132779        1.6666666204576965     
   7.9432823472428113        19.054607179632502        516413.27313976799        55774566.252175719       -1792857605.2068448        1.6666666637223591     
   7.9432823472428113        22.908676527677770        309739.16793951794        32259181.179571338       -1075346116.1509693        1.6666666665429721     
   7.9432823472428113        27.542287033381719        160042.16689532247        14630543.460663736       -555633918.14423954        1.6666666666609822     
   7.9432823472428113        33.113112148259177        59687.630470756914        3325704.1089220322       -207225950.40964893        1.6666666666664680     
   7.9432823472428113        39.810717055349812        12795.749415439175        218138.99819703648       -44425368.013802655        1.6666666666666625     
   7.9432823472428113        47.863009232263948        3903.7162291558043        356387.24948245386       -13552431.724290231        1.6666666666666656     
   7.9432823472428113        57.543993733715844        3830.3978249679226        431168.57493142178       -13297746.303307505        1.6666666666666663     
   7.9432823472428113        69.183097091893842        4059.0909328231405        458926.94368323847       -14091688.604230469        1.6666666666666665     
   7.9432823472428113        83.176377110267339        4304.7670665341057        487394.94389974221       -14944589.976146193        1.6666666666666667     
   7.9432823472428113        100.00000000000031        4568.8638846617505        518104.57846611663       -15861441.107283136        1.6666666666666670     
   9.9999999999999947        1.2022644346174132E-002  -47.343280921411598       -2736.4417346452860        213301.28071024441        1.6666659177253651     
   9.9999999999999947        1.4454397707459279E-002  -46.728375032787724       -2706.5709915814168        210499.99708252243        1.6666658568991266     
   9.9999999999999947        1.7378008287493762E-002  -46.089168359716609       -2671.9057680955098        207605.57765221866        1.6666657928294877     
   9.9999999999999947        2.0892961308540410E-002  -45.376663110241296       -2627.7590360243225        204395.00939451833        1.6666657257521500     
   9.9999999999999947        2.5118864315095822E-002  -44.527962188312479       -2568.2990394477911        200580.01762891587        1.6666656560338287     
   9.9999999999999947        3.0199517204020192E-002  -43.480090328871398       -2487.7321561733593        195870.93701992676        1.6666655842063351     
   9.9999999999999947        3.6307805477010173E-002  -42.184536586588742       -2381.4839414448738        190044.44934635295        1.6666655110076527     
   9.9999999999999947        4.3651583224016653E-002  -40.614451455266469       -2246.7578866132344        182977.28230064828        1.6666654374303345     
   9.9999999999999947        5.2480746024977334E-002  -38.762380455460352       -2082.3275984417323        174635.81500603788        1.6666653647764929     
   9.9999999999999947        6.3095734448019428E-002  -36.632740935653132       -1887.9256314705599        165041.14783725818        1.6666652947164833     
   9.9999999999999947        7.5857757502918510E-002  -34.234978283022599       -1663.7278213589909        154237.26050480304        1.6666652293445996     
   9.9999999999999947        9.1201083935591148E-002  -31.580629171003824       -1410.1938811966816        142277.25596094716        1.6666651712190284     
   9.9999999999999947       0.10964781961431870       -28.683844318518769       -1128.2012485133353        129225.63279651811        1.6666651233647660     
   9.9999999999999947       0.13182567385564095       -25.563052041199303       -819.24541798701966        115165.89447919845        1.6666650892080808     
   9.9999999999999947       0.15848931924611162       -22.241721528578768       -485.51363267303464        100204.10751484419        1.6666650724029313     
   9.9999999999999947       0.19054607179632502       -18.747450946191620       -129.76515307964860        84464.850070979286        1.6666650765109488     
   9.9999999999999947       0.22908676527677765       -15.109713568145368        244.93808093571533        68081.066953973423        1.6666651045182561     
   9.9999999999999947       0.27542287033381702       -11.357085575737669        635.55710225135090        51181.573582654375        1.6666651582245300     
   9.9999999999999947       0.33113112148259155       -7.5147184602050112        1039.3733031328202        33879.672103593468        1.6666652376194573     
   9.9999999999999947       0.39810717055349781       -3.6024718190660443        1454.2113527098822        16264.754698663171        1.6666653404394294     
   9.9999999999999947       0.47863009232263909       0.36616464556531497        1878.5723787431448       -1602.5282505637422        1.6666654621167327     
   9.9999999999999947       0.57543993733715781        4.3844870809845560        2311.6919364652140       -19692.115582638649        1.6666655962441688     
   9.9999999999999947       0.69183097091893764        8.4525407495102911        2753.5460848858083       -38004.346963775199        1.6666657354906036     
   9.9999999999999947       0.83176377110267230        12.576752550847752        3204.8114150079350       -56568.291987500314        1.6666658727110797     
   9.9999999999999947        1.0000000000000016        16.768980506142313        3666.7155353788453       -75437.460353496601        1.6666660019185722     
   9.9999999999999947        1.2022644346174147        21.047441713353450        4141.2486598292962       -94693.956576606812        1.6666661188691463     
   9.9999999999999947        1.4454397707459299        25.434534963383484        4630.7437455264226       -114438.70307263375        1.6666662211927785     
   9.9999999999999947        1.7378008287493782        29.958064452789333        5138.1107932451896       -134796.91947521313        1.6666663081649638     
   9.9999999999999947        2.0892961308540432        34.651294349027630        5666.7941121804306       -155918.38123943424        1.6666663802883026     
   9.9999999999999947        2.5118864315095846        39.554450626547002        6220.8759515010106       -177984.17228061365        1.6666664388425196     
   9.9999999999999947        3.0199517204020214        44.722993350410192        6805.6937930631175       -201243.89336710281        1.6666664855321571     
   9.9999999999999947        3.6307805477010193        50.259720513387656        7430.2339665903555       -226160.10102777914        1.6666665224531325     
   9.9999999999999947        4.3651583224016663        56.385121909637185        8112.0124008700686       -253724.91620101291        1.6666665528847653     
   9.9999999999999947        5.2480746024977334        63.537647201446518        8883.9085164820626       -285911.19783848274        1.6666665826046811     
   9.9999999999999947        6.3095734448019414        73.525163020186511        9910.0108565209957       -330850.47400058887        1.6666666153780192     
   9.9999999999999947        7.5857757502918473        115.97347307018894        14359.173818889702       -521805.41257120139        1.6666666420527947     
   9.9999999999999947        9.1201083935591090        526.91488496691738        57899.043417952169       -2370504.1047492758        1.6666666552967802     
   9.9999999999999947        10.964781961431862        4602.0243948208299        499186.73724250356       -20703271.508254595        1.6666666514098498     
   9.9999999999999947        13.182567385564088        91882.640506854848        10041555.172247602       -413361479.21005791        1.6666665726465171     
   9.9999999999999947        15.848931924611158        604378.00306474906        65985054.584204860       -2719530815.2440596        1.6666665966470191     
   9.9999999999999947        19.054607179632502        648418.46679097135        70106723.234071314       -2917954490.5997791        1.6666666620400450     
   9.9999999999999947        22.908676527677770        384221.79259184055        39669819.976189107       -1729053194.3092594        1.6666666664769414     
   9.9999999999999947        27.542287033381719        190345.73375875130        16588400.529562099       -856588256.51546097        1.6666666666587160     
   9.9999999999999947        33.113112148259177        61735.786589724288        2704762.0310782082       -277825576.80916697        1.6666666666664594     
   9.9999999999999947        39.810717055349812        10571.687652938255        215212.12469199146       -47575200.923551366        1.6666666666666630     
   9.9999999999999947        47.863009232263948        4685.6325483607652        490986.61993718997       -21085365.783279445        1.6666666666666650     
   9.9999999999999947        57.543993733715844        4889.0601503708567        549301.40076470294       -22000743.766122252        1.6666666666666661     
   9.9999999999999947        69.183097091893842        5184.2712014949266        583308.86420742702       -23329196.432975624        1.6666666666666667     
   9.9999999999999947        83.176377110267339        5501.0456357316225        619635.83774722263       -24754683.922917344        1.6666666666666665     
   9.9999999999999947        100.00000000000031        5842.0492001345547        658856.78300028574       -26289202.185208227        1.6666666666666667     
   12.589254117941667        1.2022644346174132E-002  -49.141413554895600       -2829.0510425365142        285013.89348409133        1.6666657237587446     
   12.589254117941667        1.4454397707459279E-002  -48.523034474977010       -2798.8832579990590        281399.16532428173        1.6666656471761068     
   12.589254117941667        1.7378008287493762E-002  -47.870294720175757       -2762.6870999364273        277603.23772284266        1.6666655665093209     
   12.589254117941667        2.0892961308540410E-002  -47.123724139707100       -2714.6806482344232        273278.80449005205        1.6666654820550095     
   12.589254117941667        2.5118864315095822E-002  -46.206594279901687       -2647.6552894726187        267975.18284230342        1.6666653942747285     
   12.589254117941667        3.0199517204020192E-002  -45.041652946113942       -2554.4222022137469        261237.32299702344        1.6666653038378754     
   12.589254117941667        3.6307805477010173E-002  -43.568776679160933       -2429.2589358329360        252710.90141061228        1.6666652116734024     
   12.589254117941667        4.3651583224016653E-002  -41.753709104703773       -2268.5923609744414        242194.56466752882        1.6666651190307578     
   12.589254117941667        5.2480746024977334E-002  -39.585315401145067       -2070.7419923930070        229623.78943361549        1.6666650275491171     
   12.589254117941667        6.3095734448019428E-002  -37.066528866848422       -1835.1751119986204        215017.11700167021        1.6666649393312774     
   12.589254117941667        7.5857757502918510E-002  -34.206257836121544       -1561.8906002778231        198427.99477838638        1.6666648570137819     
   12.589254117941667        9.1201083935591148E-002  -31.016146003913835       -1251.2494541521614        179925.36039015203        1.6666647838172430     
   12.589254117941667       0.10964781961431870       -27.511536210293997       -904.16622943049310        159599.14350698012        1.6666647235500249     
   12.589254117941667       0.13182567385564095       -23.713707498397419       -522.37372275603025        137573.38677079076        1.6666646805257499     
   12.589254117941667       0.15848931924611162       -19.650849459096879       -108.51880989207885        114012.04203537597        1.6666646593447680     
   12.589254117941667       0.19054607179632502       -15.356845371546372        333.99211631091640        89111.977257232356        1.6666646644912557     
   12.589254117941667       0.22908676527677765       -10.868327023785467        801.33997220850722        63085.900293471022        1.6666646997248522     
   12.589254117941667       0.27542287033381702       -6.2210711270612276        1289.7118258134412        36141.445913912728        1.6666647673114308     
   12.589254117941667       0.33113112148259155       -1.4467182374307084        1795.6834215188344        8462.1483936392142        1.6666648672379398     
   12.589254117941667       0.39810717055349781        3.4296576978319973        2316.5068891675396       -19806.636054033224        1.6666649966541440     
   12.589254117941667       0.47863009232263909        8.3909631088235024        2850.2839749003388       -48565.897450099415        1.6666651498084919     
   12.589254117941667       0.57543993733715781        13.428648729371494        3396.0441343149137       -77766.208584254477        1.6666653186329634     
   12.589254117941667       0.69183097091893764        18.542692426931406        3953.7575875307125       -107407.59576186482        1.6666654938956971     
   12.589254117941667       0.83176377110267230        23.741128075763140        4524.2852452278912       -137536.78679796599        1.6666656665986512     
   12.589254117941667        1.0000000000000016        29.038664085395801        5109.1582182438397       -168239.18970942494        1.6666658292011420     
   12.589254117941667        1.2022644346174147        34.458252162235567        5710.9307893976875       -199647.95173775344        1.6666659763566753     
   12.589254117941667        1.4454397707459299        40.027667264484549        6332.5244028060506       -231924.17618335009        1.6666661050777385     
   12.589254117941667        1.7378008287493782        45.781390855733086        6977.6050921774058       -265267.79181890993        1.6666662144483206     
   12.589254117941667        2.0892961308540432        51.760496531982007        7650.5090587183759       -299916.91066112998        1.6666663050971846     
   12.589254117941667        2.5118864315095846        58.014273012347005        8356.3577116339493       -336157.22512775945        1.6666663786322942     
   12.589254117941667        3.0199517204020214        64.609408503485540        9101.7402520745927       -374375.20916926715        1.6666664372094020     
   12.589254117941667        3.6307805477010193        71.665683184772163        9897.3143840526864       -415264.91193665849        1.6666664835755232     
   12.589254117941667        4.3651583224016663        79.432919946446361        10762.658452243555       -460273.88014429214        1.6666665223878545     
   12.589254117941667        5.2480746024977334        88.400537631010252        11732.555452977434       -512237.92452649481        1.6666665620242624     
   12.589254117941667        6.3095734448019414        100.70183484761186        13000.422626418984       -583513.83049476484        1.6666666059958213     
   12.589254117941667        7.5857757502918473        153.31827389243770        18550.721957233807       -888328.77013556159        1.6666666391069302     
   12.589254117941667        9.1201083935591090        664.71712373392131        73037.647155146566       -3851024.7514979867        1.6666666539685762     
   12.589254117941667        10.964781961431862        5776.5551805739897        629037.26854094584       -33465627.356749561        1.6666666462003563     
   12.589254117941667        13.182567385564088        115661.57587678192        12669638.344728369       -670076722.07873094        1.6666665280583546     
   12.589254117941667        15.848931924611158        760768.08562635595        83254624.875747457       -4408153225.1511364        1.6666665589565330     
   12.589254117941667        19.054607179632502        813635.15561684023        87964600.512838796       -4714803518.4841795        1.6666666593975710     
   12.589254117941667        22.908676527677770        474783.17618782626        48406607.427550629       -2751262620.8815293        1.6666666663778340     
   12.589254117941667        27.542287033381719        222855.96752653527        18204630.182078734       -1291409441.9440122        1.6666666666559136     
   12.589254117941667        33.113112148259177        60306.458168775629        1852835.5033720280       -349470374.39328140        1.6666666666664753     
   12.589254117941667        39.810717055349812        8883.3962573477074        348911.57152934076       -51477738.483804546        1.6666666666666623     
   12.589254117941667        47.863009232263948        5879.6488402845125        646191.77602423809       -34070343.142454937        1.6666666666666652     
   12.589254117941667        57.543993733715844        6223.0294681998239        696958.78062530688       -36060100.447311364        1.6666666666666661     
   12.589254117941667        69.183097091893842        6601.3373850648977        739920.55735030246       -38252257.502233945        1.6666666666666665     
   12.589254117941667        83.176377110267339        7007.6718758542829        786147.28039739153       -40606817.557786904        1.6666666666666665     
   12.589254117941667        100.00000000000031        7445.5831103292003        836086.94510513137       -43144352.671387225        1.6666666666666665     
   15.848931924611133        1.2022644346174132E-002  -50.927711709016720       -2918.8794664408383        378369.51498357300        1.6666654795634781     
   15.848931924611133        1.4454397707459279E-002  -50.306894113949042       -2888.3798101794682        373732.34837020910        1.6666653831437888     
   15.848931924611133        1.7378008287493762E-002  -49.639290733503948       -2850.3245725199517        368767.80336157553        1.6666652815813692     
   15.848931924611133        2.0892961308540410E-002  -48.852478522146718       -2797.5729216595259        362935.26788613643        1.6666651752495170     
   15.848931924611133        2.5118864315095822E-002  -47.852597036790982       -2721.2058864550568        355530.78613129398        1.6666650647291594     
   15.848931924611133        3.0199517204020192E-002  -46.544667645980219       -2612.2990229037755        345840.40375073295        1.6666649508628770     
   15.848931924611133        3.6307805477010173E-002  -44.854078481838464       -2463.6976418246213        333303.11231475283        1.6666648348200090     
   15.848931924611133        4.3651583224016653E-002  -42.737219074152293       -2270.8528037242882        317591.78124302800        1.6666647181733778     
   15.848931924611133        5.2480746024977334E-002  -40.178137721930348       -2031.5028646029546        298588.06646095490        1.6666646029864580     
   15.848931924611133        6.3095734448019428E-002  -37.177604286627599       -1744.7623647275052        276299.62074139778        1.6666644919064133     
   15.848931924611133        7.5857757502918510E-002  -33.743501194214907       -1410.3826439291313        250787.22200785211        1.6666643882523924     
   15.848931924611133        9.1201083935591148E-002  -29.887254900326742       -1028.5731929221533        222137.51065999325        1.6666642960788989     
   15.848931924611133       0.10964781961431870       -25.625393158827460       -600.26867979113877        190474.46675671011        1.6666642201804442     
   15.848931924611133       0.13182567385564095       -20.982525642869213       -127.47691380603570        155981.74160985116        1.6666641659877017     
   15.848931924611133       0.15848931924611162       -15.992591268462808        386.59603753373653        118912.10199489350        1.6666641392923924     
   15.848931924611133       0.19054607179632502       -10.697254081731684        937.74375139102608        79575.585187409481        1.6666641457400218     
   15.848931924611133       0.22908676527677765       -5.1420781200391454        1521.2040254609753        38311.079221407046        1.6666641900639305     
   15.848931924611133       0.27542287033381702       0.62813476356433384        2132.1956170518702       -4548.3367666726872        1.6666642751167537     
   15.848931924611133       0.33113112148259155        6.5735857954881753        2766.4086587022207       -48706.900502264951        1.6666644008817921     
   15.848931924611133       0.39810717055349781        12.662629965758676        3420.3749151164011       -93929.552677624932        1.6666645637699955     
   15.848931924611133       0.47863009232263909        18.873622661668602        4091.6925998314709       -140055.61705198951        1.6666647565390429     
   15.848931924611133       0.57543993733715781        25.195682013051464        4779.1316877513837       -187004.42066173698        1.6666649690295254     
   15.848931924611133       0.69183097091893764        31.628712348655117        5482.6586796256861       -234775.42984031275        1.6666651896160232     
   15.848931924611133       0.83176377110267230        38.182805947589991        6203.3744696845633       -283443.78081074817        1.6666654069667826     
   15.848931924611133        1.0000000000000016        44.876227781335643        6943.1867810892154       -333145.29675004346        1.6666656115842402     
   15.848931924611133        1.2022644346174147        51.738051685662271        7705.3937584422920       -384096.01315389975        1.6666657967328071     
   15.848931924611133        1.4454397707459299        58.802813634793047        8493.6585543530855       -436552.53774500079        1.6666659586464547     
   15.848931924611133        1.7378008287493782        66.113473460020842        9312.6187809268795       -490833.97123696242        1.6666660961668418     
   15.848931924611133        2.0892961308540432        73.721046913170511        10167.765179185499       -547319.20806939586        1.6666662100802538     
   15.848931924611133        2.5118864315095846        81.686366871393460        11065.573018339324       -606460.00219127897        1.6666663024070700     
   15.848931924611133        3.0199517204020214        90.090262985109646        12014.253303567155       -668856.52462064486        1.6666663758780333     
   15.848931924611133        3.6307805477010193        99.073003680067302        13026.500885131685       -735550.16614215448        1.6666664341261210     
   15.848931924611133        4.3651583224016663        108.91666883159535        14123.691296138086       -808635.14128187881        1.6666664838512129     
   15.848931924611133        5.2480746024977334        120.16022757107832        15340.350346119167       -892112.79474167654        1.6666665371257028     
   15.848931924611133        6.3095734448019414        135.31682731365947        16904.981724646153       -1004635.7120699569        1.6666665957246465     
   15.848931924611133        7.5857757502918473        200.63188718231331        23832.592185335692       -1489468.3688962182        1.6666666360640168     
   15.848931924611133        9.1201083935591090        837.78712013093480        92044.391816932708       -6219170.7596464278        1.6666666523758387     
   15.848931924611133        10.964781961431862        7254.9359078414718        792477.28027551400       -53854757.633900739        1.6666666384852251     
   15.848931924611133        13.182567385564088        145590.13354371188        15977205.406557893       -1080754053.4918666        1.6666664589357643     
   15.848931924611133        15.848931924611158        957607.94642084080        104989210.35963057       -7109458296.8664236        1.6666664991881228     
   15.848931924611133        19.054607179632502        1020110.7215357912        110155109.83401363       -7573894313.2960873        1.6666666552626610     
   15.848931924611133        22.908676527677770        583824.50377163466        58500626.205319971       -4334677469.1283293        1.6666666662313248     
   15.848931924611133        27.542287033381719        255682.60968026530        19137647.431456063       -1898361553.9062283        1.6666666666527556     
   15.848931924611133        33.113112148259177        54884.499736830519        979241.11347917607       -407506510.31664395        1.6666666666665166     
   15.848931924611133        39.810717055349812        8401.2306354133016        584233.64739852631       -62375550.117895313        1.6666666666666616     
   15.848931924611133        47.863009232263948        7450.8733633324782        828706.66858340264       -55318706.733631521        1.6666666666666647     
   15.848931924611133        57.543993733715844        7902.8914038199346        882627.45688185189       -58674704.213822745        1.6666666666666659     
   15.848931924611133        69.183097091893842        8385.7784123131933        937104.25866581569       -62259887.142636642        1.6666666666666663     
   15.848931924611133        83.176377110267339        8904.9013031995491        995796.89197230549       -66114101.454593450        1.6666666666666663     
   15.848931924611133        100.00000000000031        9464.8877297463659        1059233.4679462144       -70271705.201092020        1.6666666666666670     
   19.952623149688797        1.2022644346174132E-002  -52.696554924423616       -3005.8298039996771        499627.70194020140        1.6666651721334449     
   19.952623149688797        1.4454397707459279E-002  -52.074206876804162       -2974.9297279083535        493706.66218458983        1.6666650507393406     
   19.952623149688797        1.7378008287493762E-002  -51.389719762869639       -2934.5822186844475        487219.31024385075        1.6666649228696624     
   19.952623149688797        2.0892961308540410E-002  -50.554628243928583       -2875.9585658518167        479324.15631792112        1.6666647889942121     
   19.952623149688797        2.5118864315095822E-002  -49.453828429322961       -2788.0140710544770        468922.08873235725        1.6666646498441644     
   19.952623149688797        3.0199517204020192E-002  -47.970316897511758       -2659.6650322879937        454893.84554415324        1.6666645064800885     
   19.952623149688797        3.6307805477010173E-002  -46.011407172522183       -2481.9713510484094        436352.65528734727        1.6666643603739122     
   19.952623149688797        4.3651583224016653E-002  -43.521700709333928       -2249.1612386270040        412769.58434866479        1.6666642135055139     
   19.952623149688797        5.2480746024977334E-002  -40.478996368110657       -1958.2341659588401        383934.44582201180        1.6666640684724765     
   19.952623149688797        6.3095734448019428E-002  -36.881025711583909       -1607.8421472999203        349828.16199619201        1.6666639286072193     
   19.952623149688797        7.5857757502918510E-002  -32.733996029268312       -1197.3983539633093        310512.33322760824        1.6666637980881729     
   19.952623149688797        9.1201083935591148E-002  -28.048665209776548       -726.89059857070572        266091.12100244890        1.6666636820195706     
   19.952623149688797       0.10964781961431870       -22.842689840954517       -197.24708304347143        216733.41456567848        1.6666635864373238     
   19.952623149688797       0.13182567385564095       -17.144568526300397        389.20782582666681        162710.45703718028        1.6666635181782929     
   19.952623149688797       0.15848931924611162       -10.995244267056840        1028.5894821724878        104411.25488937467        1.6666634845339372     
   19.952623149688797       0.19054607179632502       -4.4460120170874395        1715.7043360799044        42322.821323916469        1.6666634926116628     
   19.952623149688797       0.22908676527677765        2.4464229907099471        2444.6174152928770       -23016.686391313902        1.6666635483704666     
   19.952623149688797       0.27542287033381702        9.6259522449079107        3209.3379018813812       -91074.955094678066        1.6666636554014658     
   19.952623149688797       0.33113112148259155        17.042525120828987        4004.4460587473673       -161377.29803502499        1.6666638136830878     
   19.952623149688797       0.39810717055349781        24.656219298876735        4825.5685940426320       -233545.22172306755        1.6666640186957793     
   19.952623149688797       0.47863009232263909        32.439645180364110        5669.6700151025043       -307319.17324620544        1.6666642613199318     
   19.952623149688797       0.57543993733715781        40.378975341128793        6535.1950350883353       -382568.24512261583        1.6666645287625415     
   19.952623149688797       0.69183097091893764        48.474043691134412        7422.1126411409386       -459291.06634406734        1.6666648063840133     
   19.952623149688797       0.83176377110267230        56.737592789377807        8331.8398430731668       -537608.63520530576        1.6666650799135880     
   19.952623149688797        1.0000000000000016        65.192317125595551        9266.7513082126879       -617736.27430521324        1.6666653373889393     
   19.952623149688797        1.2022644346174147        73.875258801190114        10231.136946805673       -700025.21521332383        1.6666655703243751     
   19.952623149688797        1.4454397707459299        82.829463985398220        11229.597404091721       -784883.62413907447        1.6666657739723036     
   19.952623149688797        1.7378008287493782        92.108700885380813        12268.028320025021       -872821.20299985039        1.6666659468677134     
   19.952623149688797        2.0892961308540432        101.77671533977025        13353.429656055232       -964442.18671223347        1.6666660899935164     
   19.952623149688797        2.5118864315095846        111.90916149989455        14494.062698639133       -1060463.6245738661        1.6666662058884243     
   19.952623149688797        3.0199517204020214        122.60485868364543        15700.270689349025       -1161822.0307812535        1.6666662980186300     
   19.952623149688797        3.6307805477010193        134.02890662596153        16987.225783646678       -1270081.9240962102        1.6666663712389909     
   19.952623149688797        4.3651583224016663        146.49723959048987        18377.178527324992       -1388237.1365967302        1.6666664353012517     
   19.952623149688797        5.2480746024977334        160.58900440662640        19900.114436410717       -1521775.6077566822        1.6666665073947307     
   19.952623149688797        6.3095734448019414        179.26267867069458        21828.381286969103       -1698724.8956184513        1.6666665847178568     
   19.952623149688797        7.5857757502918473        260.44631481858642        30479.666497239232       -2467925.6496616979        1.6666666329096771     
   19.952623149688797        9.1201083935591090        1055.1216807824026        115907.13178696387       -9997474.8522900343        1.6666666503789547     
   19.952623149688797        10.964781961431862        9115.7679798122645        998183.70239648514       -86372183.352811560        1.6666666268669672     
   19.952623149688797        13.182567385564088        183257.87976877418        20139760.638436511       -1736388566.8834202        1.6666663511476640     
   19.952623149688797        15.848931924611158        1205352.3995952075        132341690.37379134       -11421956229.941254        1.6666664047216895     
   19.952623149688797        19.054607179632502        1277660.5965221603        137634044.40333781       -12107660525.431004        1.6666666488165769     
   19.952623149688797        22.908676527677770        713442.69927185378        69841699.571732119       -6760925569.5102110        1.6666666660189977     
   19.952623149688797        27.542287033381719        285770.96164554590        19002928.448839236       -2708124923.4962821        1.6666666666496990     
   19.952623149688797        33.113112148259177        46098.532322201798        367678.68838811846       -436862134.21649063        1.6666666666665679     
   19.952623149688797        39.810717055349812        9300.7804243267292        876761.78134680551       -88137380.397712708        1.6666666666666607     
   19.952623149688797        47.863009232263948        9441.9726548079179        1051258.0105288043       -89475011.146324307        1.6666666666666643     
   19.952623149688797        57.543993733715844        10018.130307313861        1116364.3453230190       -94934868.192273200        1.6666666666666661     
   19.952623149688797        69.183097091893842        10632.636967045340        1185359.5603590708       -100758130.79915908        1.6666666666666661     
   19.952623149688797        83.176377110267339        11293.787167869228        1259749.6521593174       -107023401.25366874        1.6666666666666663     
   19.952623149688797        100.00000000000031        12007.521326329019        1340179.9103405378       -113786973.05942447        1.6666666666666667     
   25.118864315095809        1.2022644346174132E-002  -54.442461104677648       -3089.7999309160682        656803.77538869728        1.6666647850949001     
   25.118864315095809        1.4454397707459279E-002  -53.819323863624483       -3058.3896129808359        649271.19324922783        1.6666646322586915     
   25.118864315095809        1.7378008287493762E-002  -53.115065301864654       -3015.1868654668478        640786.03405975539        1.6666644712687664     
   25.118864315095809        2.0892961308540410E-002  -52.221328882072491       -2949.2654011387904        630038.10360237793        1.6666643027163801     
   25.118864315095809        2.5118864315095822E-002  -50.996645350689448       -2846.9378544007868        615311.45631137153        1.6666641275218239     
   25.118864315095809        3.0199517204020192E-002  -49.296632015036245       -2694.4347646903589        594852.29897826014        1.6666639470200519     
   25.118864315095809        3.6307805477010173E-002  -47.006060573281502       -2480.5928196168566        567260.87634758092        1.6666637630638736     
   25.118864315095809        4.3651583224016653E-002  -44.054709884972553       -2198.1122935538838        531685.64116680913        1.6666635781455630     
   25.118864315095809        5.2480746024977334E-002  -40.412333602825392       -1843.0593313320962        487762.17133304675        1.6666633955350310     
   25.118864315095809        6.3095734448019428E-002  -36.072508808806127       -1413.4867162149765        435416.02123474370        1.6666632194272994     
   25.118864315095809        7.5857757502918510E-002  -31.038915292356482       -908.35373249760175        374694.98586326878        1.6666630550824764     
   25.118864315095809        9.1201083935591148E-002  -25.321023620025063       -327.33346406202963        305715.99236736505        1.6666629089262170     
   25.118864315095809       0.10964781961431870       -18.937489004833285        328.69297216987297        228705.94608450471        1.6666627885571370     
   25.118864315095809       0.13182567385564095       -11.921340199424217        1057.0409372210615        144064.63483804936        1.6666627025822440     
   25.118864315095809       0.15848931924611162       -4.3220466615757456        1853.0057803416539        52389.934230784471        1.6666626601808900     
   25.118864315095809       0.19054607179632502        3.7971850714252553        2710.1795145394208       -45554.716219754468        1.6666626703007164     
   25.118864315095809       0.22908676527677765        12.365765278732697        3621.1722879166564       -148916.98948801696        1.6666627404435013     
   25.118864315095809       0.27542287033381702        21.313432783126501        4578.4854576338803       -256848.75837669149        1.6666628751297710     
   25.118864315095809       0.33113112148259155        30.577264802798808        5575.3109872383238       -368590.67282265919        1.6666630743314379     
   25.118864315095809       0.39810717055349781        40.106920582450542        6606.1406110356156       -483535.39031839790        1.6666633323570237     
   25.118864315095809       0.47863009232263909        49.867764810395279        7667.1431993747092       -601265.19561739580        1.6666636377228883     
   25.118864315095809       0.57543993733715781        59.842258547389342        8756.3581615133462       -721568.71046383877        1.6666639743196712     
   25.118864315095809       0.69183097091893764        70.030191742393356        9873.7709660601795       -844443.63588627137        1.6666643237120842     
   25.118864315095809       0.83176377110267230        80.447745217594417        11021.220810145167       -970085.39797448751        1.6666646679280892     
   25.118864315095809        1.0000000000000016        91.123122445800661        12201.660995185332       -1098834.4368588161        1.6666649919009144     
   25.118864315095809        1.2022644346174147        102.10382215387568        13420.720258015936       -1231263.8043400983        1.6666652849399430     
   25.118864315095809        1.4454397707459299        113.44361989559984        14684.188716701474       -1368022.3174315568        1.6666655410600182     
   25.118864315095809        1.7378008287493782        125.21013499088876        15999.605761502011       -1509925.6412417295        1.6666657584080449     
   25.118864315095809        2.0892961308540432        137.48353105707037        17375.966823476414       -1657940.7000022039        1.6666659382123636     
   25.118864315095809        2.5118864315095846        150.35867487039050        18823.922711145380       -1813211.6911156469        1.6666660836634526     
   25.118864315095809        3.0199517204020214        163.95754260317861        20356.664316563947       -1977209.6724635533        1.6666661991725500     
   25.118864315095809        3.6307805477010193        178.47541794278129        21992.339060323626       -2152289.6540478682        1.6666662913036212     
   25.118864315095809        4.3651583224016663        194.26024268812074        23751.778987717462       -2342647.5995869529        1.6666663743912353     
   25.118864315095809        5.2480746024977334        211.90702868979579        25652.704000816964       -2555458.7539758943        1.6666664724501383     
   25.118864315095809        6.3095734448019414        234.90484129692277        28025.939808041214       -2832789.1183071728        1.6666665731756696     
   25.118864315095809        7.5857757502918473        335.92967810051215        38835.422415804933       -4050940.6658777851        1.6666666295998103     
   25.118864315095809        9.1201083935591090        1328.0183748949710        145866.35264756696       -16013664.950554207        1.6666666477675520     
   25.118864315095809        10.964781961431862        11457.931928087550        1257072.8170031733       -138161447.74223331        1.6666666091677198     
   25.118864315095809        13.182567385564088        230664.79370114492        25378046.640282635       -2781409263.2565904        1.6666661832499046     
   25.118864315095809        15.848931924611158        1517154.1790946554        166761850.22945398       -18295592112.512287        1.6666662562824923     
   25.118864315095809        19.054607179632502        1598147.0388914857        171511216.32199571       -19272940683.666679        1.6666666388116571     
   25.118864315095809        22.908676527677770        864912.05366250221        82086772.333728522       -10430505575.582708        1.6666666657192448     
   25.118864315095809        27.542287033381719        308835.94034072134        17495273.399181571       -3724474656.8181219        1.6666666666475269     
   25.118864315095809        33.113112148259177        36089.317113125828        233304.42904360607       -435232101.19920456        1.6666666666666108     
   25.118864315095809        39.810717055349812        11336.514252465084        1202310.8950820353       -136711924.22147781        1.6666666666666594     
   25.118864315095809        47.863009232263948        11950.315113250079        1328927.9202019826       -144113933.59548324        1.6666666666666639     
   25.118864315095809        57.543993733715844        12681.442321998489        1410639.4222445830       -152930922.27401754        1.6666666666666656     
   25.118864315095809        69.183097091893842        13461.570262870076        1497906.0479498231       -162338829.86677006        1.6666666666666661     
   25.118864315095809        83.176377110267339        14301.563594054056        1592062.3449464431       -172468678.96003097        1.6666666666666661     
   25.118864315095809        100.00000000000031        15208.907061256818        1693887.8444291097       -183410731.68854314        1.6666666666666663     
   31.622776601683810        1.2022644346174132E-002  -56.160142789437046       -3170.6911743541259        860147.91854899609        1.6666642978345854     
   31.622776601683810        1.4454397707459279E-002  -55.536740435613901       -3138.6095505589287        850591.80289025686        1.6666641054138049     
   31.622776601683810        1.7378008287493762E-002  -54.808734521154122       -3091.8278444784933        839463.68723752105        1.6666639027264276     
   31.622776601683810        2.0892961308540410E-002  -53.843081842029989       -3016.8123871625335        824722.63692328206        1.6666636905165726     
   31.622776601683810        2.5118864315095822E-002  -52.465568132523430       -2896.5905561075915        803689.35738453339        1.6666634699425649     
   31.622776601683810        3.0199517204020192E-002  -50.497765256946344       -2714.0539693492960        773616.61982701835        1.6666632426847332     
   31.622776601683810        3.6307805477010173E-002  -47.796346337513349       -2455.2750226466364        732297.58823349932        1.6666630110753224     
   31.622776601683810        4.3651583224016653E-002  -44.272496131918167       -2111.0512638909222        678366.71500878572        1.6666627782515924     
   31.622776601683810        5.2480746024977334E-002  -39.885685633565160       -1676.2777939753189        611203.94175821857        1.6666625483297737     
   31.622776601683810        6.3095734448019428E-002  -34.623926347536027       -1148.2394409272470        530629.45032633515        1.6666623265907292     
   31.622776601683810        7.5857757502918510E-002  -28.487262204137330       -525.29458102150318        436648.11928044108        1.6666621196561882     
   31.622776601683810        9.1201083935591148E-002  -21.483036899703013        193.32176101694179        329375.72009306273        1.6666619356152270     
   31.622776601683810       0.10964781961431870       -13.630662443117199        1006.8368652514222        209111.85440761319        1.6666617840336184     
   31.622776601683810       0.13182567385564095       -4.9684197133178660        1912.1634270659672        76444.499971000434        1.6666616757466528     
   31.622776601683810       0.15848931924611162        4.4438615567459614        2903.6120825178814       -67708.613679788352        1.6666616223101720     
   31.622776601683810       0.19054607179632502        14.528264892768641        3973.2868185412281       -222152.92502204148        1.6666616349882739     
   31.622776601683810       0.22908676527677765        25.196921327628552        5111.9986210040979       -385541.66308603028        1.6666617232246714     
   31.622776601683810       0.27542287033381702        36.361877493216483        6310.3742286899460       -556527.06180910382        1.6666618927095722     
   31.622776601683810       0.33113112148259155        47.944067753452813        7559.8731366338607       -733897.79383379396        1.6666621434062137     
   31.622776601683810       0.39810717055349781        59.880053291936235        8853.5671084533806       -916682.15229830483        1.6666624681471320     
   31.622776601683810       0.47863009232263909        72.126073243642594        10186.629072870130       -1104210.0209481660        1.6666628524717453     
   31.622776601683810       0.57543993733715781        84.659928202307171        11556.597332587680       -1296141.6322642812        1.6666632760946127     
   31.622776601683810       0.69183097091893764        97.481439860055602        12963.501911485613       -1492474.5271544922        1.6666637158006539     
   31.622776601683810       0.83176377110267230        110.61129439539505        14409.754672854207       -1693525.7947304929        1.6666641489566392     
   31.622776601683810        1.0000000000000016        124.08453983938364        15899.025757477872       -1899832.4675876137        1.6666645565857170     
   31.622776601683810        1.2022644346174147        137.96253323575004        17438.776003729843       -2112334.2888621348        1.6666649252193846     
   31.622776601683810        1.4454397707459299        152.31261077627883        19036.312030978064       -2332062.6731706643        1.6666652473122288     
   31.622776601683810        1.7378008287493782        167.22026036399481        20701.343720470315       -2560326.8171566934        1.6666655205201206     
   31.622776601683810        2.0892961308540432        182.78700686858133        22445.538909835548       -2798681.4500910356        1.6666657463778125     
   31.622776601683810        2.5118864315095846        199.13290805403790        24282.794457509503       -3048965.0197158577        1.6666659288959362     
   31.622776601683810        3.0199517204020214        216.41015450909993        26230.165102093946       -3313507.8999716206        1.6666660737070058     
   31.622776601683810        3.6307805477010193        234.85068675543999        28309.255155440536       -3595861.4527456407        1.6666661897999484     
   31.622776601683810        4.3651583224016663        254.82480811835515        30534.426080277142       -3901695.6075031660        1.6666662984047700     
   31.622776601683810        5.2480746024977334        276.89283632024160        32898.262464280022       -4239589.3081137780        1.6666664321422251     
   31.622776601683810        6.3095734448019414        305.19772375921735        35815.616851578074       -4672963.7724284092        1.6666665613291041     
   31.622776601683810        7.5857757502918473        431.04416601710028        49328.562131785482       -6599659.3616458615        1.6666666260500584     
   31.622776601683810        9.1201083935591090        1670.6640560059720        183479.46884458710       -25578332.694316234        1.6666666442286875     
   31.622776601683810        10.964781961431862        14405.823898431938        1582878.0311624839       -220554643.33292866        1.6666665820722648     
   31.622776601683810        13.182567385564088        290326.93523442146        31969649.057445634       -4444959576.9029942        1.6666659235775050     
   31.622776601683810        15.848931924611158        1909557.8092501101        210072407.27169687       -29237445958.811649        1.6666660244303741     
   31.622776601683810        19.054607179632502        1995730.5926466996        213039089.82002497       -30557659648.178730        1.6666666233683394     
   31.622776601683810        22.908676527677770        1037874.1653062899        94542546.420252338       -15891500928.703569        1.6666666653106819     
   31.622776601683810        27.542287033381719        319798.75297748484        14602889.911769269       -4896671270.2366381        1.6666666666472134     
   31.622776601683810        33.113112148259177        27963.162514450378        597809.93131718494       -428165834.20599800        1.6666666666666339     
   31.622776601683810        39.810717055349812        14243.117769388557        1565210.6818345012       -218081809.94538933        1.6666666666666587     
   31.622776601683810        47.863009232263948        15108.725959503499        1678026.4637752811       -231335467.60665840        1.6666666666666636     
   31.622776601683810        57.543993733715844        16034.702724345689        1781121.7854939247       -245513469.67983124        1.6666666666666654     
   31.622776601683810        69.183097091893842        17023.226060607511        1891388.0129789326       -260649143.91068417        1.6666666666666661     
   31.622776601683810        83.176377110267339        18088.421033549639        2010432.0643146154       -276958765.95771760        1.6666666666666665     
   31.622776601683810        100.00000000000031        19239.545658621824        2139193.6352206967       -294584089.33283275        1.6666666666666667     
   39.810717055349755        1.2022644346174132E-002  -57.844573083781292       -3248.4184554754120        1122752.1692216832        1.6666636844021288     
   39.810717055349755        1.4454397707459279E-002  -57.221147221399121       -3215.4401928342068        1110652.0131897572        1.6666634421459130     
   39.810717055349755        1.7378008287493762E-002  -56.464055209050045       -3164.1564658122570        1095992.5258936691        1.6666631869628898     
   39.810717055349755        2.0892961308540410E-002  -55.409593625051315       -3077.7926903678781        1075592.6517313053        1.6666629197895775     
   39.810717055349755        2.5118864315095822E-002  -53.842860682092812       -2935.2935526217320        1045267.9234824182        1.6666626420839079     
   39.810717055349755        3.0199517204020192E-002  -51.543091434175103       -2715.4034121587774        1000715.8116466121        1.6666623559609444     
   39.810717055349755        3.6307805477010173E-002  -48.331961462884657       -2400.7642608747615        938460.91390587913        1.6666620643564187     
   39.810717055349755        4.3651583224016653E-002  -44.097391600587315       -1979.8135518639926        856321.46227838495        1.6666617712194838     
   39.810717055349755        5.2480746024977334E-002  -38.785801693035552       -1445.9876717560014        753258.41870011506        1.6666614817316974     
   39.810717055349755        6.3095734448019428E-002  -32.377870503409966       -795.59734416975266        628901.49611881725        1.6666612025407768     
   39.810717055349755        7.5857757502918510E-002  -24.868576715536317       -26.214046043225103        483158.43005742412        1.6666609419824581     
   39.810717055349755        9.1201083935591148E-002  -16.262005658274802        863.52898349716861        316112.57548690122        1.6666607102397450     
   39.810717055349755       0.10964781961431870       -6.5779167035433233        1873.0594201241861        128150.28532775005        1.6666605193546800     
   39.810717055349755       0.13182567385564095        4.1393692054270179        2998.8527704603503       -79866.087847798815        1.6666603829675299     
   39.810717055349755       0.15848931924611162        15.817475022595765        4234.0477518814350       -306529.95550089603        1.6666603156256554     
   39.810717055349755       0.19054607179632502        28.360361713213926        5568.9350830273579       -549975.66098584130        1.6666603315090533     
   39.810717055349755       0.22908676527677765        41.658699120105908        6992.1099027860264       -808079.83675487118        1.6666604425057916     
   39.810717055349755       0.27542287033381702        55.602455951198095        8491.8760881008475       -1078705.8793872017        1.6666606557781469     
   39.810717055349755       0.33113112148259155        70.092354430476647        10057.537464329713       -1359926.3093656758        1.6666609712778695     
   39.810717055349755       0.39810717055349781        85.048514848304350        11680.394325831241       -1650190.5217645098        1.6666613799786174     
   39.810717055349755       0.47863009232263909        100.41570585894110        13354.377553223088       -1948426.5978211081        1.6666618636711339     
   39.810717055349755       0.57543993733715781        116.16590472607150        15076.412190457777       -2254090.8852864117        1.6666623968114103     
   39.810717055349755       0.69183097091893764        132.29913555056581        16846.625451012314       -2567184.1663058382        1.6666629501654682     
   39.810717055349755       0.83176377110267230        148.84206100016533        18668.218994183662       -2888224.2696106327        1.6666634952301635     
   39.810717055349755        1.0000000000000016        165.83822752944133        20545.750905947149       -3218056.7265964984        1.6666640081040194     
   39.810717055349755        1.2022644346174147        183.36757041719292        22489.225496121267       -3558233.0285430676        1.6666644718189803     
   39.810717055349755        1.4454397707459299        201.51462303761269        24507.894311972675       -3910394.1012631240        1.6666648768627155     
   39.810717055349755        1.7378008287493782        220.38811250441941        26614.367450289828       -4276650.1422381056        1.6666652202700294     
   39.810717055349755        2.0892961308540432        240.11764857211952        28823.941710536667       -4659516.5748155462        1.6666655039584404     
   39.810717055349755        2.5118864315095846        260.85675474297005        31154.993473773258       -5061972.8227717448        1.6666657329716961     
   39.810717055349755        3.0199517204020214        282.79763460718539        33629.898063481785       -5487748.8305302141        1.6666659145314244     
   39.810717055349755        3.6307805477010193        306.21634807987351        36273.970723189595       -5942201.7251265813        1.6666660611150208     
   39.810717055349755        4.3651583224016663        331.47940767945130        39084.665937264712       -6432444.0577385714        1.6666662043121747     
   39.810717055349755        5.2480746024977334        359.01873833475122        42009.728708843715       -6966857.0909576425        1.6666663866594194     
   39.810717055349755        6.3095734448019414        393.82762278612086        45592.614758743301       -7642320.1421294948        1.6666665494198507     
   39.810717055349755        7.5857757502918473        550.74163056233328        62493.408975145350       -10687057.487250758        1.6666666221208086     
   39.810717055349755        9.1201083935591090        2100.8726804506236        230701.25127323400       -40765868.745545447        1.6666666393060046     
   39.810717055349755        10.964781961431862        18115.942382827805        1992876.0530084767       -351523034.79441541        1.6666665407028838     
   39.810717055349755        13.182567385564088        365409.15502196399        40263547.861795031       -7090456573.5657778        1.6666655262338468     
   39.810717055349755        15.848931924611158        2403370.6514942949        264564268.14257428       -46637596842.518555        1.6666656642345432     
   39.810717055349755        19.054607179632502        2487034.1139043821        263571959.09912962       -48262120803.226418        1.6666665996956120     
   39.810717055349755        22.908676527677770        1229163.0356081526        106039868.65753105       -23852621104.418556        1.6666666647800084     
   39.810717055349755        27.542287033381719        314143.46599826316        10847877.062021982       -6096193086.3783255        1.6666666666494621     
   39.810717055349755        33.113112148259177        24217.309761143613        1310959.9985222470       -469952009.94950831        1.6666666666666405     
   39.810717055349755        39.810717055349812        17980.621342959283        1991508.5464149099       -348920266.82857275        1.6666666666666579     
   39.810717055349755        47.863009232263948        19085.579877292181        2117528.5128101534       -370362390.88452888        1.6666666666666632     
   39.810717055349755        57.543993733715844        20256.505273266510        2247533.4269286590       -393084633.49408621        1.6666666666666652     
   39.810717055349755        69.183097091893842        21507.273578104247        2386760.6966596451       -417356252.91284376        1.6666666666666661     
   39.810717055349755        83.176377110267339        22856.036122261488        2537138.6455045505       -443529483.99063528        1.6666666666666663     
   39.810717055349755        100.00000000000031        24314.095870934245        2699811.5520102219       -471823665.33501911        1.6666666666666665     
   50.118723362727273        1.2022644346174132E-002  -59.491069497548985       -3322.9232796518745        1461319.3980510156        1.6666629121283536     
   50.118723362727273        1.4454397707459279E-002  -58.867492896677859       -3288.7419902702532        1446013.0430661160        1.6666626071315847     
   50.118723362727273        1.7378008287493762E-002  -58.074270428485768       -3231.7861794345054        1426580.8835436860        1.6666622858587348     
   50.118723362727273        2.0892961308540410E-002  -56.909601553310331       -3131.2545506660813        1398061.9055260958        1.6666619494884776     
   50.118723362727273        2.5118864315095822E-002  -55.108016981733982       -2961.0217878503327        1353919.1635114064        1.6666615998558656     
   50.118723362727273        3.0199517204020192E-002  -52.396116326580206       -2694.6877964326391        1287415.5600571632        1.6666612396231721     
   50.118723362727273        3.6307805477010173E-002  -48.552033354643534       -2310.6482037310061        1193083.9563904949        1.6666608724857803     
   50.118723362727273        4.3651583224016653E-002  -43.434669704179115       -1794.4268928760589        1067450.7877523610        1.6666605034148236     
   50.118723362727273        5.2480746024977334E-002  -36.973996406274637       -1137.6578352726024        908797.15473456925        1.6666601389328866     
   50.118723362727273        6.3095734448019428E-002  -29.141168802569368       -335.42868940941446        716420.42719323270        1.6666597874082678     
   50.118723362727273        7.5857757502918510E-002  -19.924270086513506        615.71049347300561        490034.31122947577        1.6666594593342963     
   50.118723362727273        9.1201083935591148E-002  -9.3226078456689763        1717.9464706527217        229626.79656781408        1.6666591675298157     
   50.118723362727273       0.10964781961431870        2.6443724123986176        2971.0451412994139       -64320.978082377296        1.6666589271540111     
   50.118723362727273       0.13182567385564095        15.925493010571765        4371.0297327563303       -390549.29267094767        1.6666587553780592     
   50.118723362727273       0.15848931924611162        30.433257256369341        5909.6618792274458       -746906.66716893262        1.6666586705150317     
   50.118723362727273       0.19054607179632502        46.049374987794351        7575.0387417716593       -1130485.4494814309        1.6666586904153917     
   50.118723362727273       0.22908676527677765        62.637932564727109        9353.0405824568261       -1537945.4084914348        1.6666588300439846     
   50.118723362727273       0.27542287033381702        80.061411215785228        11229.104861338326       -1965907.3504744214        1.6666590984157714     
   50.118723362727273       0.33113112148259155        98.195277923304886        13189.862595180801       -2411311.5662376657        1.6666594954674028     
   50.118723362727273       0.39810717055349781        116.93905773359262        15224.411637294719       -2871689.7651101914        1.6666600098315738     
   50.118723362727273       0.47863009232263909        136.22313828706498        17325.140879289294       -3345332.1003979445        1.6666606185787305     
   50.118723362727273       0.57543993733715781        156.01226847999985        19488.234856914238       -3831372.9657280021        1.6666612895434385     
   50.118723362727273       0.69183097091893764        176.30701869060101        21714.012387793686       -4329826.7341765510        1.6666619859127438     
   50.118723362727273       0.83176377110267230        197.14209319240248        24006.783068919973       -4841546.2441932242        1.6666626717917161     
   50.118723362727273        1.0000000000000016        218.57158682719503        26372.204810050458       -5367860.6549190953        1.6666633170767868     
   50.118723362727273        1.2022644346174147        240.70066173203887        28823.865318276676       -5911353.0302792219        1.6666639003915309     
   50.118723362727273        1.4454397707459299        263.63575665277614        31373.528100442683       -6474638.1296792096        1.6666644097444454     
   50.118723362727273        1.7378008287493782        287.51611465562746        34037.728793336319       -7061136.0399662601        1.6666648413852254     
   50.118723362727273        2.0892961308540432        312.50871427168346        36836.763568540569       -7674948.0172547940        1.6666651977100315     
   50.118723362727273        2.5118864315095846        338.81218621437284        39795.286488836107       -8320952.6107110232        1.6666654850658125     
   50.118723362727273        3.0199517204020214        366.67254614900230        42943.089526896081       -9005192.0267639644        1.6666657127587645     
   50.118723362727273        3.6307805477010193        396.41762750435561        46308.708122985146       -9735717.8296030052        1.6666658983491043     
   50.118723362727273        4.3651583224016663        428.35051776619110        49852.038690171321       -10519974.225406637        1.6666660889076916     
   50.118723362727273        5.2480746024977334        462.61551379119487        53448.943474779364       -11361504.383580770        1.6666663366231051     
   50.118723362727273        6.3095734448019414        505.38795811215442        57847.018345260120       -12411948.351390433        1.6666665376785879     
   50.118723362727273        7.5857757502918473        701.20499058600751        78994.825244452106       -17220795.369128317        1.6666666175953211     
   50.118723362727273        9.1201083935591090        2641.0095553118567        289984.34282918595       -64858605.582686894        1.6666666323552215     
   50.118723362727273        10.964781961431862        22785.170949678399        2508799.4546358199       -559559888.38124347        1.6666664781511276     
   50.118723362727273        13.182567385564088        459891.67900954612        50698346.739634164       -11294093450.235777        1.6666649253230004     
   50.118723362727273        15.848931924611158        3024755.6769737112        333115761.32274550       -74285224407.891586        1.6666651075964607     
   50.118723362727273        19.054607179632502        3091118.0008284040        324476139.76202339       -75916323202.275726        1.6666665637261675     
   50.118723362727273        22.908676527677770        1431256.8928592051        114851251.56441899       -35151112681.167274        1.6666666641362731     
   50.118723362727273        27.542287033381719        290420.32978204527        7351683.0775130494       -7132675645.2286301        1.6666666666540273     
   50.118723362727273        33.113112148259177        25370.504824032989        2188057.1830644943       -623086795.76055110        1.6666666666666428     
   50.118723362727273        39.810717055349812        22696.460455552406        2515700.4053154150       -557410407.01891053        1.6666666666666585     
   50.118723362727273        47.863009232263948        24092.941262624117        2670905.0410232213       -591707095.10019863        1.6666666666666636     
   50.118723362727273        57.543993733715844        25571.654401040210        2834702.9704222321       -628023365.41223943        1.6666666666666654     
   50.118723362727273        69.183097091893842        27152.510944679099        3010405.5777580193       -666848208.09238493        1.6666666666666663     
   50.118723362727273        83.176377110267339        28858.311772341087        3200231.1938608182       -708741600.61437440        1.6666666666666665     
   50.118723362727273        100.00000000000031        30702.806381803970        3405596.6432515741       -754041222.41699278        1.6666666666666661     
   63.095734448019392        1.2022644346174132E-002  -61.095407332435606       -3394.1908287048277        1897138.0714900594        1.6666619398859772     
   63.095734448019392        1.4454397707459279E-002  -60.471068977815712       -3358.3978714846785        1877775.1167146594        1.6666615559021636     
   63.095734448019392        1.7378008287493762E-002  -59.632538649773721       -3294.2947811626809        1851810.1287466390        1.6666611514255101     
   63.095734448019392        2.0892961308540410E-002  -58.330669037670525       -3176.0814267555256        1811501.9556019867        1.6666607279394887     
   63.095734448019392        2.5118864315095822E-002  -56.237148993090976       -2971.3438450401663        1746636.3535350559        1.6666602877538403     
   63.095734448019392        3.0199517204020192E-002  -53.013175120155438       -2647.3123830503259        1646666.6008269608        1.6666598342196430     
   63.095734448019392        3.6307805477010173E-002  -48.382791114115811       -2177.1431230907301        1503002.5049117152        1.6666593719885014     
   63.095734448019392        4.3651583224016653E-002  -42.168827338813863       -1542.7837228426670        1310133.2568874666        1.6666589073180063     
   63.095734448019392        5.2480746024977334E-002  -34.280677192846788       -733.66169126133286        1065247.0228382363        1.6666584484188087     
   63.095734448019392        6.3095734448019428E-002  -24.677287451150406        256.65504231953366        767076.37417551293        1.6666580058250717     
   63.095734448019392        7.5857757502918510E-002  -13.337516623430423        1432.9331140718562        414972.77564279636        1.6666575927461063     
   63.095734448019392        9.1201083935591148E-002 -0.25385606490403212        2798.4720237869105        8709.2206820942756        1.6666572253187617     
   63.095734448019392       0.10964781961431870        14.555603100095194        4353.5826765077754       -451148.23659525969        1.6666569226260994     
   63.095734448019392       0.13182567385564095        31.032056617842326        6093.8600069665436       -962770.36688153213        1.6666567062840223     
   63.095734448019392       0.15848931924611162        49.069921384604534        8009.4764744858539       -1522875.7743564879        1.6666565993458780     
   63.095734448019392       0.19054607179632502        68.523713648119951        10085.901019177723       -2126944.3152536629        1.6666566242824579     
   63.095734448019392       0.22908676527677765        89.224707276551982        12305.709367416957       -2769734.4983131830        1.6666567999314985     
   63.095734448019392       0.27542287033381702        111.00126075380393        14650.819629391197       -3445914.8811963275        1.6666571376397799     
   63.095734448019392       0.33113112148259155        133.69736494471610        17104.562719766556       -4150640.0771341412        1.6666576373243158     
   63.095734448019392       0.39810717055349781        157.18680988086291        19653.309239499325       -4879990.6164559554        1.6666582846699696     
   63.095734448019392       0.47863009232263909        181.38201103753772        22287.544103746441       -5631246.8733125553        1.6666590508037582     
   63.095734448019392       0.57543993733715781        206.23882274421757        25002.573600682033       -6403038.3503487753        1.6666598952231404     
   63.095734448019392       0.69183097091893764        231.75900991642510        27799.072333472213       -7195420.2671195902        1.6666607715722013     
   63.095734448019392       0.83176377110267230        257.98826824821396        30682.930296510414       -8009812.0178849883        1.6666616346482908     
   63.095734448019392        1.0000000000000016        284.99378445382683        33661.167495243884       -8848300.3982282281        1.6666624465374489     
   63.095734448019392        1.2022644346174147        312.91545311620956        36752.494107209182       -9715229.1987434831        1.6666631803106786     
   63.095734448019392        1.4454397707459299        341.88776919960270        39971.944247120351       -10614775.124190111        1.6666638208523148     
   63.095734448019392        1.7378008287493782        372.09049071887671        43341.439204528775       -11552519.705104649        1.6666643634203553     
   63.095734448019392        2.0892961308540432        403.74097774108185        46888.261781107431       -12535211.964411309        1.6666648110103834     
   63.095734448019392        2.5118864315095846        437.09959560175190        50645.990099271097       -13570936.071328722        1.6666651716162522     
   63.095734448019392        3.0199517204020214        472.48581300791824        54654.840164908092       -14669611.140553052        1.6666654573043713     
   63.095734448019392        3.6307805477010193        510.28466430038264        58944.162308293446       -15843192.033125963        1.6666656931237835     
   63.095734448019392        4.3651583224016663        550.61043913756157        63396.829966770340       -17095228.368206117        1.6666659490565516     
   63.095734448019392        5.2480746024977334        593.07127544124103        67785.762561984753       -18413552.273396708        1.6666662831441630     
   63.095734448019392        6.3095734448019414        645.59300127878180        73184.986538830650       -20044214.463216320        1.6666665263026408     
   63.095734448019392        7.5857757502918473        890.14508638000655        99658.545560474158       -27636666.677165486        1.6666666121490001     
   63.095734448019392        9.1201083935591090        3319.1481139693201        364404.78708821244       -103048832.48794739        1.6666666225104056     
   63.095734448019392        10.964781961431862        28661.191019648573        3157983.3456617109       -889831881.23156011        1.6666663849344543     
   63.095734448019392        13.182567385564088        578779.07286674937        63825083.361572139       -17969160311.571415        1.6666640271487096     
   63.095734448019392        15.848931924611158        3806601.3225503964        419341713.42064553       -118185792919.56671        1.6666642524732425     
   63.095734448019392        19.054607179632502        3829103.8770162733        396963399.89525390       -118886091527.80049        1.6666665096792994     
   63.095734448019392        22.908676527677770        1630534.0937775825        118759451.16185902       -50625072409.994728        1.6666666634315817     
   63.095734448019392        27.542287033381719        253212.66841368671        5484790.7197193690       -7861849507.9131823        1.6666666666594048     
   63.095734448019392        33.113112148259177        30306.927546080624        3122116.9524968555       -940967707.58856976        1.6666666666666474     
   63.095734448019392        39.810717055349812        28635.519731832912        3172737.2812278629       -889071594.34736598        1.6666666666666601     
   63.095734448019392        47.863009232263948        30397.807593176160        3367641.4320790558       -943786888.03850639        1.6666666666666643     
   63.095734448019392        57.543993733715844        32263.128974931242        3573892.5790675012       -1001701163.1438683        1.6666666666666654     
   63.095734448019392        69.183097091893842        34259.580551732084        3795534.7579394402       -1063686745.4526488        1.6666666666666659     
   63.095734448019392        83.176377110267339        36414.899115752312        4035021.8519828739       -1130604806.4964743        1.6666666666666665     
   63.095734448019392        100.00000000000031        38745.907934044480        4294134.6247610906       -1202977673.3793855        1.6666666666666667     
   79.432823472428254        1.2022644346174132E-002  -62.653976776003567       -3462.2723927274633        2457319.6721888254        1.6666607159002058     
   79.432823472428254        1.4454397707459279E-002  -62.027629883909952       -3424.3308311845935        2432794.1896796185        1.6666602324765512     
   79.432823472428254        1.7378008287493762E-002  -61.131950766795043       -3351.2304630692552        2397764.0880782469        1.6666597232512359     
   79.432823472428254        2.0892961308540410E-002  -59.658958293660007       -3210.9738638427684        2340144.8653265527        1.6666591900913879     
   79.432823472428254        2.5118864315095822E-002  -57.202278231277212       -2963.3602829976448        2243974.4978936799        1.6666586359042637     
   79.432823472428254        3.0199517204020192E-002  -53.341916031941949       -2567.7533875614267        2092748.4335220056        1.6666580649079932     
   79.432823472428254        3.6307805477010173E-002  -47.734856275816163       -1990.8705894627096        1872987.4141961480        1.6666574829578606     
   79.432823472428254        4.3651583224016653E-002  -40.159279443156002       -1210.3007563363783        1575980.1946306569        1.6666568979308420     
   79.432823472428254        5.2480746024977334E-002  -30.499044822020277       -212.79974761021484        1197173.9085974880        1.6666563201625275     
   79.432823472428254        6.3095734448019428E-002  -18.697641540570622        1009.9324320891858        734361.36133209802        1.6666557629134813     
   79.432823472428254        7.5857757502918510E-002  -4.7217536947924605        2464.3512671598119        186245.73712979030        1.6666552428119095     
   79.432823472428254        9.1201083935591148E-002   11.445683992951665        4155.2655060290954       -447834.69834628445        1.6666547801713987     
   79.432823472428254       0.10964781961431870        29.789549069831310        6083.8423439432336       -1167281.5728148583        1.6666543990144287     
   79.432823472428254       0.13182567385564095        50.242826999634786        8245.3439609351499       -1969462.5478945381        1.6666541265519694     
   79.432823472428254       0.15848931924611162        72.678522877949590        10628.156362336087       -2849393.2867991435        1.6666539918044683     
   79.432823472428254       0.19054607179632502        96.918124562530863        13214.639195399041       -3800069.1870726789        1.6666540230587983     
   79.432823472428254       0.22908676527677765        122.75258724759010        15983.378873540052       -4813288.5801250571        1.6666542440278207     
   79.432823472428254       0.27542287033381702        149.96806314576503        18911.998779609228       -5880662.1352322353        1.6666546689933819     
   79.432823472428254       0.33113112148259155        178.36943572552565        21979.775295262782       -6994535.9695556378        1.6666552978472937     
   79.432823472428254       0.39810717055349781        207.79843430822348        25169.717664674874       -8148702.0629090518        1.6666561125628079     
   79.432823472428254       0.47863009232263909        238.14510272850586        28469.975126796919       -9338847.8818164058        1.6666570767839748     
   79.432823472428254       0.57543993733715781        269.35447487829930        31874.837888316324       -10562817.967953438        1.6666581395115645     
   79.432823472428254       0.69183097091893764        301.43067942700145        35385.615401813542       -11820774.719998963        1.6666592423745050     
   79.432823472428254       0.83176377110267230        334.43468569542051        39010.487802612595       -13115109.922466693        1.6666603284507080     
   79.432823472428254        1.0000000000000016        368.44993090016584        42758.161468695696       -14449096.696113955        1.6666613499913769     
   79.432823472428254        1.2022644346174147        403.66482560431785        46654.771858437285       -15830124.166443858        1.6666622730747480     
   79.432823472428254        1.4454397707459299        440.25003738817219        50719.650119126454       -17264886.552406214        1.6666630786493200     
   79.432823472428254        1.7378008287493782        478.43977449332976        54982.208211909528       -18762569.149472144        1.6666637607216885     
   79.432823472428254        2.0892961308540432        518.52027837255685        59479.626992615602       -20334397.882230062        1.6666643230396068     
   79.432823472428254        2.5118864315095846        560.83771234584026        64258.329704959360       -21993948.508151744        1.6666647756829633     
   79.432823472428254        3.0199517204020214        605.81311247180963        69373.225596249555       -23757732.948124386        1.6666651344116272     
   79.432823472428254        3.6307805477010193        653.88584429985428        74847.644822021772       -25642982.245977748        1.6666654354091712     
   79.432823472428254        4.3651583224016663        704.73069459566807        80414.428591021642       -27636944.933796067        1.6666657820723174     
   79.432823472428254        5.2480746024977334        757.07003105122010        85720.698764812623       -29689513.731473569        1.6666662278148854     
   79.432823472428254        6.3095734448019414        821.53714160989421        92354.106454647495       -32217649.963016018        1.6666665154313909     
   79.432823472428254        7.5857757502918473        1127.1643616851306        125508.01594661198       -44202791.309452266        1.6666666053100416     
   79.432823472428254        9.1201083935591090        4170.5164952749610        457818.74011737818       -163548132.02778655        1.6666666086831223     
   79.432823472428254        10.964781961431862        36055.569928096549        3974806.2162152193       -1413923531.7283225        1.6666662482665244     
   79.432823472428254        13.182567385564088        728362.15166209242        80335728.591705158       -28562874789.147369        1.6666627007635955     
   79.432823472428254        15.848931924611158        4790237.1068767374        527779651.40537584       -187854582054.37845        1.6666629479966100     
   79.432823472428254        19.054607179632502        4723197.7342132824        481811498.51743400       -185227648533.31396        1.6666664296146083     
   79.432823472428254        22.908676527677770        1805911.9436693245        115449453.66504644       -70821987883.661880        1.6666666627820881     
   79.432823472428254        27.542287033381719        214258.28334884159        6166734.0385823203       -8402560376.5153227        1.6666666666636416     
   79.432823472428254        33.113112148259177        37837.232110247380        4113836.4093192881       -1483842741.1860807        1.6666666666666543     
   79.432823472428254        39.810717055349812        36114.732593772591        3999845.1906999112       -1416289945.1456680        1.6666666666666627     
   79.432823472428254        47.863009232263948        38336.283418593019        4244832.9659755714       -1503411215.4357336        1.6666666666666650     
   79.432823472428254        57.543993733715844        40687.173907133714        4504466.4845998762       -1595604735.3867979        1.6666666666666661     
   79.432823472428254        69.183097091893842        43206.972295059968        4783959.4919332182       -1694422210.0326951        1.6666666666666663     
   79.432823472428254        83.176377110267339        45928.220626369657        5085966.3229211150       -1801139825.7600849        1.6666666666666667     
   79.432823472428254        100.00000000000031        48871.732161372587        5412743.4597508674       -1916573804.4698820        1.6666666666666667     
   100.00000000000010        1.2022644346174132E-002  -64.164000045012614       -3527.3142346679351        3176373.6347215706        1.6666591749928132     
   100.00000000000010        1.4454397707459279E-002  -63.533564785313509       -3486.5280086637285        3145224.5797189190        1.6666585663815114     
   100.00000000000010        1.7378008287493762E-002  -62.565580197866957       -3402.1240953758079        3097436.2429710287        1.6666579252850047     
   100.00000000000010        2.0892961308540410E-002  -60.878996060004170       -3234.4369740601633        3014138.8797812616        1.6666572540533562     
   100.00000000000010        2.5118864315095822E-002  -57.970546406577775       -2933.6469240782312        2870389.6032986925        1.6666565563459730     
   100.00000000000010        3.0199517204020192E-002  -53.319587411269829       -2449.4337825833722        2640374.8579742122        1.6666558374724334     
   100.00000000000010        3.6307805477010173E-002  -46.500182293832331       -1740.6434139292237        2302977.0291795339        1.6666551048032252     
   100.00000000000010        4.3651583224016653E-002  -37.235521272951949       -779.59800930567337        1844479.0331877798        1.6666543682538257     
   100.00000000000010        5.2480746024977334E-002  -25.378070017245321        450.13937496649220        1257580.2763261341        1.6666536408347292     
   100.00000000000010        6.3095734448019428E-002  -10.851986479336379        1959.1387138589528        538537.77560698218        1.6666529392385321     
   100.00000000000010        7.5857757502918510E-002   6.3919436622423671        3756.0160016618725       -315072.55107568903        1.6666522843971974     
   100.00000000000010        9.1201083935591148E-002   26.384044744738269        5847.6331288217752       -1304742.5519548391        1.6666517018820599     
   100.00000000000010       0.10964781961431870        49.114649657679855        8236.4842538683624       -2429987.2235058136        1.6666512219334217     
   100.00000000000010       0.13182567385564095        74.508379209073695        10917.718405022137       -3687070.0898982743        1.6666508788054366     
   100.00000000000010       0.15848931924611162        102.41325879067634        13877.791401982529       -5068463.4096616898        1.6666507090300675     
   100.00000000000010       0.19054607179632502        132.61098805644718        17095.446093125098       -6563356.3270242736        1.6666507482156103     
   100.00000000000010       0.22908676527677765        164.84326204231024        20544.502069431921       -8158958.1055285111        1.6666510262118603     
   100.00000000000010       0.27542287033381702        198.84425986979531        24197.379798947939       -9842106.8162145745        1.6666515609953734     
   100.00000000000010       0.33113112148259155        234.37045693554685        28028.402553163978       -11600745.278867917        1.6666523524261010     
   100.00000000000010       0.39810717055349781        271.22378370807536        32016.458725533750       -13425067.466357622        1.6666533778046668     
   100.00000000000010       0.47863009232263909        309.26656849048021        36146.854482675051       -15308258.005334612        1.6666545913546524     
   100.00000000000010       0.57543993733715781        348.43087994143781        40412.746041613711       -17246954.377675138        1.6666559288621321     
   100.00000000000010       0.69183097091893764        388.72525392832995        44816.543928341147       -19241579.664796636        1.6666573168293624     
   100.00000000000010       0.83176377110267230        430.23224064493962        49369.794958803279       -21296221.071126360        1.6666586835794299     
   100.00000000000010        1.0000000000000016        473.05545288289829        54083.291986672157       -23416008.738493681        1.6666599689808783     
   100.00000000000010        1.2022644346174147        517.45206677138242        58994.074149756496       -25613673.133673046        1.6666611303069294     
   100.00000000000010        1.4454397707459299        563.63974790472105        64127.174169268117       -27899990.418139443        1.6666621435493549     
   100.00000000000010        1.7378008287493782        611.92684400735732        69522.563113377662       -30290224.344072450        1.6666630011375032     
   100.00000000000010        2.0892961308540432        662.69511785598104        75231.621366913983       -32803272.858520187        1.6666637077652111     
   100.00000000000010        2.5118864315095846        716.41172814372328        81319.452182509209       -35462260.906680614        1.6666642761619934     
   100.00000000000010        3.0199517204020214        773.63950127799660        87861.596094364795       -38295048.947606139        1.6666647270869110     
   100.00000000000010        3.6307805477010193        834.84704977577530        94858.884860223843       -41324834.639598936        1.6666651133907047     
   100.00000000000010        4.3651583224016663        898.78699091657461        101763.46990294647       -44489876.566894300        1.6666655862214115     
   100.00000000000010        5.2480746024977334        962.87642962890504        108111.80736733486       -47662314.465755567        1.6666661726199401     
   100.00000000000010        6.3095734448019414        1042.0077434477862        116273.69626342625       -51579272.565645836        1.6666665051153748     
   100.00000000000010        7.5857757502918473        1424.2008844847489        157809.13225217970       -70497254.561271697        1.6666665964175473     
   100.00000000000010        9.1201083935591090        5239.3052028995999        575058.16169706557       -259339887.87630248        1.6666665896059067     
   100.00000000000010        10.964781961431862        45360.209434477663        5002500.5909171477       -2245271777.6171656        1.6666660510853268     
   100.00000000000010        13.182567385564088        916545.90782839397        101098722.93528666       -45367921069.514755        1.6666607673441565     
   100.00000000000010        15.848931924611158        6027580.1215320984        664122238.76215661       -298363551469.82812        1.6666609744756666     
   100.00000000000010        19.054607179632502        5794752.7385870330        578932001.92529023       -286841317261.88348        1.6666663131366688     
   100.00000000000010        22.908676527677770        1929136.8603889318        103397212.96174562       -95493032942.669342        1.6666666623711606     
   100.00000000000010        27.542287033381719        188827.60072527823        9382364.8020866197       -9347058455.9461880        1.6666666666658327     
   100.00000000000010        33.113112148259177        47611.131572959021        5243057.8990619220       -2356753756.2621231        1.6666666666666607     
   100.00000000000010        39.810717055349812        45533.965188244190        5041608.7592759980       -2253930926.1597562        1.6666666666666652     
   100.00000000000010        47.863009232263948        48331.380351770487        5349150.3775218697       -2392403000.8012466        1.6666666666666659     
   100.00000000000010        57.543993733715844        51292.323248790133        5675986.3492377941       -2538969712.1263967        1.6666666666666665     
   100.00000000000010        69.183097091893842        54471.175730653529        6028316.9261982720       -2696322939.5457540        1.6666666666666663     
   100.00000000000010        83.176377110267339        57904.900924896392        6409031.2889697580       -2866292362.7895155        1.6666666666666663     
   100.00000000000010        100.00000000000031        61619.522109424215        6820993.2114294628       -3050166134.6207719        1.6666666666666667     
   125.89254117941688        1.2022644346174132E-002  -65.623825699789379       -3589.5935767600677        4098219.8672261871        1.6666572351132019     
   125.89254117941688        1.4454397707459279E-002  -64.986140471163736       -3545.0727969458503        4058480.7261285847        1.6666564689011161     
   125.89254117941688        1.7378008287493762E-002  -63.926587894188586       -3446.5107771571593        3992481.6328198435        1.6666556617898074     
   125.89254117941688        2.0892961308540410E-002  -61.973458836182424       -3244.7794004955836        3870756.8686763127        1.6666548167372817     
   125.89254117941688        2.5118864315095822E-002  -58.503381523336799       -2878.2141468683253        3654340.8127477183        1.6666539383497863     
   125.89254117941688        3.0199517204020192E-002  -52.871185315364066       -2284.6244229062881        3302893.5492785145        1.6666530333108549     
   125.89254117941688        3.6307805477010173E-002  -44.548739811463733       -1413.2948321614040        2783393.7133229626        1.6666521108983678     
   125.89254117941688        4.3651583224016653E-002  -33.191925398510726       -230.25191686501074        2074333.9853333915        1.6666511835939308     
   125.89254117941688        5.2480746024977334E-002  -18.615021640560219        1284.6970000328215        1164119.9901932166        1.6666502677752835     
   125.89254117941688        6.3095734448019428E-002 -0.71831547098230264        3144.8488757850555        46539.063062863519        1.6666493844553480     
   125.89254117941688        7.5857757502918510E-002   20.568005728397726        5361.5850578783566       -1282753.4096774068        1.6666485599837668     
   125.89254117941688        9.1201083935591148E-002   45.292568716828349        7944.5784091686219       -2826782.6884679557        1.6666478265504472     
   125.89254117941688       0.10964781961431870        73.454981864973334        10898.364997303312       -4585516.4500568220        1.6666472222228441     
   125.89254117941688       0.13182567385564095        104.97218578491540        14218.407620894550       -6553761.6361816190        1.6666467901212736     
   125.89254117941688       0.15848931924611162        139.66366711847621        17889.206463966410       -8720239.7379086278        1.6666465762334650     
   125.89254117941688       0.19054607179632502        177.26370689071399        21885.392137688013       -11068351.407985410        1.6666466253842855     
   125.89254117941688       0.22908676527677765        217.45424394223699        26175.160468319835       -13578229.094094051        1.6666469751491630     
   125.89254117941688       0.27542287033381702        259.90580069343741        30724.682408936478       -16229293.352772918        1.6666476481560919     
   125.89254117941688       0.33113112148259155        304.31519441769689        35502.269113080249       -19002608.088199962        1.6666486442254458     
   125.89254117941688       0.39810717055349781        350.43515609408263        40481.786950128335       -21882730.211180020        1.6666499347763279     
   125.89254117941688       0.47863009232263909        398.09387371877125        45645.113297645003       -24858929.843820307        1.6666514621738784     
   125.89254117941688       0.57543993733715781        447.20819724077853        50984.208066402512       -27926014.602045476        1.6666531455690887     
   125.89254117941688       0.69183097091893764        497.79455858215380        56503.351535613670       -31085011.222755335        1.6666548924218385     
   125.89254117941688       0.83176377110267230        549.96649697489704        62219.103251425076       -34343011.008150063        1.6666566124805722     
   125.89254117941688        1.0000000000000016        603.85267972974555        68144.834657113635       -37708050.462289117        1.6666582300251989     
   125.89254117941688        1.2022644346174147        659.80914901422034        74333.785679017950       -41202363.126784123        1.6666596912440954     
   125.89254117941688        1.4454397707459299        718.11517031578649        80818.634599263081       -44843390.479033612        1.6666609658889076     
   125.89254117941688        1.7378008287493782        779.18140920374071        87654.428414460155       -48656777.616172619        1.6666620444036166     
   125.89254117941688        2.0892961308540432        843.52394070328194        94913.146331167096       -52674752.341419093        1.6666629326752267     
   125.89254117941688        2.5118864315095846        911.78281425622697        102687.27582832213       -56937284.088802062        1.6666636468097709     
   125.89254117941688        3.0199517204020214        984.71974304346634        111080.97034200009       -61491939.796713896        1.6666642144152530     
   125.89254117941688        3.6307805477010193        1062.7551038195897        120035.94218563939       -66364972.967422731        1.6666647133981618     
   125.89254117941688        4.3651583224016663        1142.8209027633948        128498.05201263109       -71364805.756914899        1.6666653613112332     
   125.89254117941688        5.2480746024977334        1220.6747248860324        136006.86117502782       -76226500.371826008        1.6666661197690908     
   125.89254117941688        6.3095734448019414        1317.8611025177040        146071.17613876681       -82295372.895150527        1.6666664952735808     
   125.89254117941688        7.5857757502918473        1796.0690865702518        198124.76927608610       -112156952.67665417        1.6666665845948712     
   125.89254117941688        9.1201083935591090        6580.9249853803331        722175.45142863749       -410947044.55515361        1.6666665638877090     
   125.89254117941688        10.964781961431862        57068.016249542176        6295428.9251634292       -3563611037.7477341        1.6666657709663730     
   125.89254117941688        13.182567385564088        1153259.5422264638        127203173.61734936       -72015371645.772659        1.6666579886328485     
   125.89254117941688        15.848931924611158        7583818.0195328696        835507555.39768410       -473579069234.55133        1.6666580175177379     
   125.89254117941688        19.054607179632502        7060892.6028279932        686757921.85847723       -440927850052.37024        1.6666661475733966     
   125.89254117941688        22.908676527677770        1968822.8208040174        83208782.272212595       -122946563805.04626        1.6666666624045015     
   125.89254117941688        27.542287033381719        187971.99334424379        14407791.884516357       -11738216928.539351        1.6666666666665300     
   125.89254117941688        33.113112148259177        59947.275268279445        6615600.0898064561       -3743487181.1180778        1.6666666666666652     
   125.89254117941688        39.810717055349812        57397.056258877936        6353805.3410741501       -3584231664.3598905        1.6666666666666661     
   125.89254117941688        47.863009232263948        60915.387993547170        6739326.4550378760       -3803938391.1300049        1.6666666666666665     
   125.89254117941688        57.543993733715844        64643.327274197960        7150846.3394768052       -4036734342.8184309        1.6666666666666665     
   125.89254117941688        69.183097091893842        68652.055871666671        7594873.4796253247       -4287064530.7030282        1.6666666666666670     
   125.89254117941688        83.176377110267339        72982.746533355778        8074674.8363735443       -4557500044.5281715        1.6666666666666665     
   125.89254117941688        100.00000000000031        77668.149047732688        8593878.3699482325       -4850085986.9954405        1.6666666666666667     
   158.48931924611156        1.2022644346174132E-002  -67.033314732590796       -3649.5619196306170        5278774.7416306213        1.6666547929721476     
   158.48931924611156        1.4454397707459279E-002  -66.383834964868768       -3600.1864689958088        5227743.5567880040        1.6666538283560903     
   158.48931924611156        1.7378008287493762E-002  -65.208409516512233       -3483.9645724224197        5135399.3067294881        1.6666528122486306     
   158.48931924611156        2.0892961308540410E-002  -62.923018958148660       -3240.1323861474380        4955742.4537871368        1.6666517483731227     
   158.48931924611156        2.5118864315095822E-002  -58.755688045508826       -2792.4993709964324        4627936.7632044181        1.6666506425277852     
   158.48931924611156        3.0199517204020192E-002  -51.907580935570742       -2064.4020595370271        4089014.6523897545        1.6666495031257917     
   158.48931924611156        3.6307805477010173E-002  -41.725155154968455       -993.60470786937128        3287461.8201849586        1.6666483418461620     
   158.48931924611156        4.3651583224016653E-002  -27.782521156519326        461.29215060219303        2189719.3430749448        1.6666471744008762     
   158.48931924611156        5.2480746024977334E-002  -9.8480972086780252        2324.8152613539814        777555.70273490471        1.6666460214064975     
   158.48931924611156        6.3095734448019428E-002   12.206920571801733        4613.5025165999759       -959154.03641557239        1.6666449093145299     
   158.48931924611156        7.5857757502918510E-002   38.478897989693458        7342.2919537201560       -3027979.6015384421        1.6666438712945473     
   158.48931924611156        9.1201083935591148E-002   69.041713867211655        10524.742387357919       -5434724.6853518756        1.6666429478681046     
   158.48931924611156       0.10964781961431870        103.91012036748259        14168.521981040516       -8180541.4312645113        1.6666421869557049     
   158.48931924611156       0.13182567385564095        142.99557241607482        18270.170885377429       -11258449.801596902        1.6666416428386981     
   158.48931924611156       0.15848931924611162        186.08593719474055        22812.429478933951       -14651738.030783517        1.6666413734081844     
   158.48931924611156       0.19054607179632502        232.85977911432289        27765.398090801897       -18335087.158870973        1.6666414350915177     
   158.48931924611156       0.22908676527677765        282.92718909658686        33090.741277133027       -22277786.670904327        1.6666418751901193     
   158.48931924611156       0.27542287033381702        335.88122137453445        38747.196545595405       -26447785.725797426        1.6666427221885167     
   158.48931924611156       0.33113112148259155        391.34554273350142        44695.828219748328       -30815445.683918733        1.6666439758588836     
   158.48931924611156       0.39810717055349781        449.01235205680780        50904.421497535346       -35356526.183457695        1.6666456002184336     
   158.48931924611156       0.47863009232263909        508.66806783933822        57350.764066634583       -40054207.650168046        1.6666475227065962     
   158.48931924611156       0.57543993733715781        570.21218707405876        64025.673581429757       -44900575.939358778        1.6666496415355030     
   158.48931924611156       0.69183097091893764        633.67488925400608        70936.554642172909       -49898008.208840601        1.6666518401954600     
   158.48931924611156       0.83176377110267230        699.21488845370561        78107.513225233764       -55059003.836716764        1.6666540050538483     
   158.48931924611156        1.0000000000000016        766.99197003258701        85555.102208873272       -60396147.329650238        1.6666560407683755     
   158.48931924611156        1.2022644346174147        837.50625163404879        93356.885297215355       -65948819.895863287        1.6666578795751028     
   158.48931924611156        1.4454397707459299        911.11852282416874        101555.90800388870       -71745435.166158408        1.6666594833727923     
   158.48931924611156        1.7378008287493782        988.38257027531984        110229.00046680818       -77829601.414337561        1.6666608401096137     
   158.48931924611156        2.0892961308540432        1070.0057967247144        119478.31660908442       -84257023.851611465        1.6666619571814683     
   158.48931924611156        2.5118864315095846        1156.8780815285245        129436.72862143198       -91097776.637358516        1.6666628550134217     
   158.48931924611156        3.0199517204020214        1250.0397103966400        140247.13220183106       -98433777.896455616        1.6666635707136208     
   158.48931924611156        3.6307805477010193        1349.6699905938731        151714.71212887482       -106279151.94265901        1.6666642199224024     
   158.48931924611156        4.3651583224016663        1449.2628692994940        161904.78833917997       -114121593.10660194        1.6666651092667306     
   158.48931924611156        5.2480746024977334        1542.9724754217636        170682.44792969798       -121500740.51685517        1.6666660714764976     
   158.48931924611156        6.3095734448019414        1662.4733931564267        183126.24446107179       -130910729.12424301        1.6666664856334821     
   158.48931924611156        7.5857757502918473        2261.1178091704396        248381.82628803595       -178049869.90938479        1.6666665687718683     
   158.48931924611156        9.1201083935591090        8264.8272650804629        906749.92483867588       -650801998.09002733        1.6666665300043111     
   158.48931924611156        10.964781961431862        71798.879574282037        7921945.2300346121       -5653685513.2632513        1.6666653790732961     
   158.48931924611156        13.182567385564088        1450968.2603386773        160013637.10859570       -114254258322.58891        1.6666540547450392     
   158.48931924611156        15.848931924611158        9540760.4854251444        1050882520.4083476       -751281334311.36426        1.6666536359651840     
   158.48931924611156        19.054607179632502        8529143.0709894020        801474824.64526939       -671626442873.51294        1.6666659191768207     
   158.48931924611156        22.908676527677770        1900490.2741511296        58788253.169976115       -149654517353.86844        1.6666666629974389     
   158.48931924611156        27.542287033381719        213275.14557485207        20468612.247650821       -16794332827.298964        1.6666666666666552     
   158.48931924611156        33.113112148259177        75474.513219538130        8331437.8772221487       -5943219096.0566759        1.6666666666666670     
   158.48931924611156        39.810717055349812        72338.767491383740        8006617.3169149756       -5696291067.6856527        1.6666666666666663     
   158.48931924611156        47.863009232263948        76758.064548144946        8489309.6984348167       -6044287150.3675289        1.6666666666666663     
   158.48931924611156        57.543993733715844        81451.214831890422        9007592.4574502949       -6413847729.0402975        1.6666666666666665     
   158.48931924611156        69.183097091893842        86504.800023198419        9567053.9298654255       -6811790621.5846996        1.6666666666666670     
   158.48931924611156        83.176377110267339        91964.711603028642        10171598.601968162       -7241729541.9914055        1.6666666666666663     
   158.48931924611156        100.00000000000031        97872.265060951569        10825811.581655895       -7706917865.0714502        1.6666666666666663     
   199.52623149688830        1.2022644346174132E-002  -68.394328721101516       -3707.8954253832121        6789297.9197246023        1.6666517185463396     
   199.52623149688830        1.4454397707459279E-002  -67.726781183522789       -3652.2807686189503        6723183.6038072603        1.6666505041624240     
   199.52623149688830        1.7378008287493762E-002  -66.405058891556394       -3514.1514792492449        6592258.8667414989        1.6666492249534117     
   199.52623149688830        2.0892961308540410E-002  -63.706314142686345       -3218.5011894105146        6324758.0709770396        1.6666478856062332     
   199.52623149688830        2.5118864315095822E-002  -58.675178178571684       -2671.4180902369899        5825789.8961291621        1.6666464934197296     
   199.52623149688830        3.0199517204020192E-002  -50.323842082884916       -1778.7112917916929        4997222.7637940329        1.6666450589845365     
   199.52623149688830        3.6307805477010173E-002  -37.845676618756322       -464.40247186692625        3758924.7788469349        1.6666435970024345     
   199.52623149688830        4.3651583224016653E-002  -20.716374275793417        1321.5234516354553        2058824.2326059362        1.6666421272520078     
   199.52623149688830        5.2480746024977334E-002   1.3498899696085183        3608.4804886697852       -131444.85895639643        1.6666406756858647     
   199.52623149688830        6.3095734448019428E-002   28.516892925072888        6416.8275828979076       -2828117.1311844690        1.6666392756018025     
   199.52623149688830        7.5857757502918510E-002   60.915176537567589        9766.1255059501873       -6044127.4305539494        1.6666379687545287     
   199.52623149688830        9.1201083935591148E-002   98.653589839313128        13675.372693093792       -9790263.4324869700        1.6666368061536894     
   199.52623149688830       0.10964781961431870        141.77105457058545        18157.035405743452       -14070377.199226094        1.6666358481230648     
   199.52623149688830       0.13182567385564095        190.17832002117683        23210.027805003654       -18875600.401458673        1.6666351629938860     
   199.52623149688830       0.15848931924611162        243.62983927886916        28815.904343224116       -24181550.341129843        1.6666348236418338     
   199.52623149688830       0.19054607179632502        301.73993279827454        34939.995924723145       -29949933.945486441        1.6666349011004926     
   199.52623149688830       0.22908676527677765        364.03324622481040        41536.526394062515       -36133557.060242556        1.6666354549159890     
   199.52623149688830       0.27542287033381702        430.00926390252073        48555.487027746029       -42682729.383789323        1.6666365209474592     
   199.52623149688830       0.33113112148259155        499.20247025708591        55949.269583413879       -49551236.799978785        1.6666380989096201     
   199.52623149688830       0.39810717055349781        571.23098308650242        63678.344152750753       -56701169.048819251        1.6666401435060996     
   199.52623149688830       0.47863009232263909        645.83052718774184        71715.685073363551       -64106291.760558374        1.6666425633920929     
   199.52623149688830       0.57543993733715781        722.88165308059854        80051.239078008803       -71754747.779753104        1.6666452304260961     
   199.52623149688830       0.69183097091893764        802.43796793151762        88697.567102238274       -79651859.038028255        1.6666479979294280     
   199.52623149688830       0.83176377110267230        884.72494495054389        97690.243596702712       -87820008.571968377        1.6666507228410954     
   199.52623149688830        1.0000000000000016        969.94101875916033        107049.73809864577       -96278896.654597625        1.6666532851223079     
   199.52623149688830        1.2022644346174147        1058.7988975651167        116890.46839092553       -105099267.76434278        1.6666555994507173     
   199.52623149688830        1.4454397707459299        1151.7684010699672        127269.70228436679       -114327762.51818207        1.6666576178460590     
   199.52623149688830        1.7378008287493782        1249.6061482816460        138296.09182661606       -124039485.66614786        1.6666593251228181     
   199.52623149688830        2.0892961308540432        1353.2953290895584        150116.36941002341       -134332032.93403459        1.6666607305900429     
   199.52623149688830        2.5118864315095846        1464.0901236735153        162923.21963667887       -145329899.29258683        1.6666618602208414     
   199.52623149688830        3.0199517204020214        1583.4173843462154        176909.83203112040       -157174720.39615321        1.6666627644643761     
   199.52623149688830        3.6307805477010193        1710.7797574810802        191586.93115914869       -169817136.51722947        1.6666636157534944     
   199.52623149688830        4.3651583224016663        1833.4223519560383        203546.51324259306       -181991074.32547498        1.6666648345553772     
   199.52623149688830        5.2480746024977334        1945.0837446813421        213692.63753308149       -193074949.13722476        1.6666660297274836     
   199.52623149688830        6.3095734448019414        2092.2828326731201        229125.65153269065       -207686297.81307498        1.6666664756506016     
   199.52623149688830        7.5857757502918473        2842.0329075848013        310954.85492322285       -282107684.27178705        1.6666665477956164     
   199.52623149688830        9.1201083935591090        10378.029947647246        1138273.0104890075       -1030144269.1064419        1.6666664861817020     
   199.52623149688830        10.964781961431862        90332.323059818853        9967994.5811861083       -8966551020.4414654        1.6666648391118699     
   199.52623149688830        13.182567385564088        1825310.6292322010        201237723.94301733       -181183827125.67154        1.6666485716140662     
   199.52623149688830        15.848931924611158        12001026.483182535        1321460704.9105353       -1191256034578.8003        1.6666472240264361     
   199.52623149688830        19.054607179632502        10189625.444856852        916244995.88275528       -1011456689566.7278        1.6666656161124360     
   199.52623149688830        22.908676527677770        1722468.1650178675        37083985.455120750       -170978676050.69070        1.6666666640399810     
   199.52623149688830        27.542287033381719        259861.52981650157        27213927.279059913       -25794720256.226757        1.6666666666666661     
   199.52623149688830        33.113112148259177        95018.203287789933        10490347.646241119       -9431808191.6315880        1.6666666666666665     
   199.52623149688830        39.810717055349812        91158.598119481860        10088320.550484857       -9048685778.2068005        1.6666666666666667     
   199.52623149688830        47.863009232263948        96702.291733647027        10692244.152039431       -9598970129.6371479        1.6666666666666667     
   199.52623149688830        57.543993733715844        102611.11123291048        11345104.499521295       -10185498033.217260        1.6666666666666670     
   199.52623149688830        69.183097091893842        108980.13492920712        12049884.080832727       -10817707228.486811        1.6666666666666667     
   199.52623149688830        83.176377110267339        115861.65822361333        12811471.460556975       -11500788724.037111        1.6666666666666665     
   199.52623149688830        100.00000000000031        123307.81647106959        13635651.469014037       -12239917638.431787        1.6666666666666667     
   251.18864315095848        1.2022644346174132E-002  -69.711323496716659       -3765.5520512872640        8720761.8512164373        1.6666478481620832     
   251.18864315095848        1.4454397707459279E-002  -69.017337457797083       -3702.0232574839597        8634141.4172539227        1.6666463193540226     
   251.18864315095848        1.7378008287493762E-002  -67.511589239133826       -3536.9073383868213        8446127.1676033679        1.6666447089368335     
   251.18864315095848        2.0892961308540410E-002  -64.300131369162457       -3177.8657140192072        8044874.7783255288        1.6666430228106655     
   251.18864315095848        2.5118864315095822E-002  -58.202029186577050       -2509.5089037748858        7282583.7181436662        1.6666412701636388     
   251.18864315095848        3.0199517204020192E-002  -47.998098033816738       -1416.5962083029385        6006643.6184819499        1.6666394643276863     
   251.18864315095848        3.6307805477010173E-002  -32.696080701693333        193.04308802710591        4092850.5119702094        1.6666376238099507     
   251.18864315095848        4.3651583224016653E-002  -11.654563096801033        2379.2170517304226        1460933.9381951056        1.6666357735083577     
   251.18864315095848        5.2480746024977334E-002   15.475258867062083        5176.7021565216719       -1932731.3504089101        1.6666339460927981     
   251.18864315095848        6.3095734448019428E-002   48.898648040312906        8610.3553579341697       -6113794.1587843783        1.6666321834794040     
   251.18864315095848        7.5857757502918510E-002   88.790265872171759        12705.850115723799       -11104074.695615863        1.6666305382300197     
   251.18864315095848        9.1201083935591148E-002   135.30775621849247        17489.909631487804       -16923272.456815369        1.6666290745568260     
   251.18864315095848       0.10964781961431870        188.52811152316667        22982.343020109682       -23581005.133085083        1.6666278683969933     
   251.18864315095848       0.13182567385564095        248.37042723316989        29186.558417155873       -31067141.436803140        1.6666270057680332     
   251.18864315095848       0.15848931924611162        314.55654576696497        36084.104275375968       -39346874.812437542        1.6666265784088519     
   251.18864315095848       0.19054607179632502        386.62857328345353        43635.627860252913       -48362914.052162811        1.6666266757406756     
   251.18864315095848       0.22908676527677765        464.01089181940387        51787.070836610088       -58043241.522742540        1.6666273727256549     
   251.18864315095848       0.27542287033381702        546.09093672696895        60478.250080240432       -68311219.440497011        1.6666287145099123     
   251.18864315095848       0.33113112148259155        632.29514093881778        69651.248976277042       -79095090.754053667        1.6666307007413115     
   251.18864315095848       0.39810717055349781        722.15147796106669        79257.794836076573       -90335803.192747727        1.6666332744065047     
   251.18864315095848       0.47863009232263909        815.33473154833268        89265.289533655974       -101992671.89619316        1.6666363205230883     
   251.18864315095848       0.57543993733715781        911.70618775793150        99663.462884523993       -114048344.05399644        1.6666396777839232     
   251.18864315095848       0.69183097091893764        1011.3587256559847        110473.30539810334       -126514439.00632226        1.6666431615417581     
   251.18864315095848       0.83176377110267230        1114.6176690340808        121747.96069756590       -139431655.25056928        1.6666465916990929     
   251.18864315095848        1.0000000000000016        1221.7294482728034        133512.70837835278       -152830823.95534250        1.6666498171374073     
   251.18864315095848        1.2022644346174147        1333.7240011870495        145938.24687431392       -166840781.97741559        1.6666527304411891     
   251.18864315095848        1.4454397707459299        1451.2186014554868        159101.59185834802       -181538753.80606657        1.6666552712058127     
   251.18864315095848        1.7378008287493782        1575.2609131430302        173158.35180637508       -197055796.32385242        1.6666574203151900     
   251.18864315095848        2.0892961308540432        1707.2358556245003        188321.60864575586       -213565156.55450633        1.6666591895095608     
   251.18864315095848        2.5118864315095846        1848.9325791944304        204872.89704258670       -231290648.47098875        1.6666606119224359     
   251.18864315095848        3.0199517204020214        2002.3038111485866        223065.88732181149       -250476550.20834637        1.6666617569624991     
   251.18864315095848        3.6307805477010193        2165.2456491770299        241803.40608343968       -270859692.79387981        1.6666628822926723     
   251.18864315095848        4.3651583224016663        2314.0564669223118        255316.22054912974       -289475159.92184901        1.6666645443083763     
   251.18864315095848        5.2480746024977334        2445.7139779846207        266931.54070721049       -305944780.36301160        1.6666659960755903     
   251.18864315095848        6.3095734448019414        2627.4471042857658        286133.00827737863       -328678444.20750916        1.6666664644107163     
   251.18864315095848        7.5857757502918473        3566.8225383170084        388772.34614722262       -446187543.14510876        1.6666665206312192     
   251.18864315095848        9.1201083935591090        13029.532408656361        1428634.3993622297       -1629906295.3993599        1.6666664302321923     
   251.18864315095848        10.964781961431862        113648.55689633249        12541642.281909741       -14216642107.789566        1.6666641061281793     
   251.18864315095848        13.182567385564088        2295889.9449591213        253009050.41844681       -287200036766.30560        1.6666410478285767     
   251.18864315095848        15.848931924611158        15093285.434336724        1661306122.1244824       -1888080261251.5295        1.6666379686724955     
   251.18864315095848        19.054607179632502        12004924.744431466        1020810465.7728543       -1501751663906.0991        1.6666652339835002     
   251.18864315095848        22.908676527677770        1470827.8482233298        25539854.316449095       -183993270524.73611        1.6666666651812763     
   251.18864315095848        27.542287033381719        323606.26082154032        34815684.030935779       -40481371095.087555        1.6666666666666665     
   251.18864315095848        33.113112148259177        119621.00692512185        13209240.033807009       -14963915280.348810        1.6666666666666667     
   251.18864315095848        39.810717055349812        114863.08879722415        12709863.360920815       -14368719291.823109        1.6666666666666667     
   251.18864315095848        47.863009232263948        121809.23458379105        13465453.417084515       -15237642747.785263        1.6666666666666665     
   251.18864315095848        57.543993733715844        129249.88112480688        14287862.677448714       -16168425464.538843        1.6666666666666667     
   251.18864315095848        69.183097091893842        137274.95668721115        15175583.717104824       -17172316921.766897        1.6666666666666667     
   251.18864315095848        83.176377110267339        145946.18868522107        16134876.300154895       -18257038871.593029        1.6666666666666667     
   251.18864315095848        100.00000000000031        155329.34208302479        17173032.286123101       -19430818138.567715        1.6666666666666667     
   316.22776601683859        1.2022644346174132E-002  -70.992045440598815       -3823.8357737565921        11189614.160835501        1.6666429757914607     
   316.22776601683859        1.4454397707459279E-002  -70.260799550939325       -3750.4181494431591        11074607.401205536        1.6666410511730856     
   316.22776601683859        1.7378008287493762E-002  -68.524763813094012       -3552.3496230563351        10801419.345450187        1.6666390238194588     
   316.22776601683859        2.0892961308540410E-002  -64.679934380612252       -3116.3525443011354        10196023.209168781        1.6666369011583679     
   316.22776601683859        2.5118864315095822E-002  -57.269144723885375       -2301.2189774956928        9028659.7563245390        1.6666346947566162     
   316.22776601683859        3.0199517204020192E-002  -44.791481982758079       -966.68692659732540        7062643.8187988251        1.6666324213973394     
   316.22776601683859        3.6307805477010173E-002  -26.031451771198622        998.20731957965734        4106300.1134941368        1.6666301043782965     
   316.22776601683859        4.3651583224016653E-002 -0.21024867865573399        3664.1251433156908        36837.937232167293        1.6666277750420067     
   316.22776601683859        5.2480746024977334E-002   33.092426404374599        7071.5479529065306       -5211976.2708013356        1.6666254745143376     
   316.22776601683859        6.3095734448019428E-002   74.130487562475707        11250.684609567315       -11680126.616375040        1.6666232555602987     
   316.22776601683859        7.5857757502918510E-002   123.13606194586981        16235.487392981546       -19404163.297107082        1.6666211843457066     
   316.22776601683859        9.1201083935591148E-002   180.33561690191536        22063.812229719832       -28419755.221542571        1.6666193417018851     
   316.22776601683859       0.10964781961431870        245.86563406183620        28766.682274223069       -38748397.735095650        1.6666178232198461     
   316.22776601683859       0.13182567385564095        319.66946162986591        36355.357343665666       -50381149.551168501        1.6666167371804188     
   316.22776601683859       0.15848931924611162        401.44176381139602        44813.480854598471       -63269873.108439341        1.6666161990678485     
   316.22776601683859       0.19054607179632502        490.64628582906414        54097.620931867779       -77330033.682270572        1.6666163214510850     
   316.22776601683859       0.22908676527677765        586.59164790001148        64144.750028414295       -92452646.629132971        1.6666171987010752     
   316.22776601683859       0.27542287033381702        688.53238148839557        74882.977517688938       -108520204.05310369        1.6666188876599686     
   316.22776601683859       0.33113112148259155        795.76485136834970        86242.202161122288       -125421794.35236368        1.6666213878999285     
   316.22776601683859       0.39810717055349781        907.70799123801703        98163.763438491194       -143065827.69284838        1.6666246276695202     
   316.22776601683859       0.47863009232263909        1023.9641512200881        110608.74838436868       -161389626.00754151        1.6666284622445762     
   316.22776601683859       0.57543993733715781        1144.3775490193100        123567.97665203465       -180368634.95090559        1.6666326885831777     
   316.22776601683859       0.69183097091893764        1269.1060598856648        137076.12212958033       -200027738.42838544        1.6666370742572063     
   316.22776601683859       0.83176377110267230        1398.6259165182630        151213.42819425842       -220442000.27831247        1.6666413925611341     
   316.22776601683859        1.0000000000000016        1533.2431393431862        166011.06933125603       -241659659.26863953        1.6666454532669250     
   316.22776601683859        1.2022644346174147        1674.4657613771553        181726.27267362547       -263918397.51279828        1.6666491211631356     
   316.22776601683859        1.4454397707459299        1823.1128295466549        198463.81762812802       -287347318.58149081        1.6666523202228982     
   316.22776601683859        1.7378008287493782        1980.6544924002458        216449.23988599968       -312178137.69142848        1.6666550264036055     
   316.22776601683859        2.0892961308540432        2149.0662902880003        235995.03273044055       -338722229.16891295        1.6666572545405813     
   316.22776601683859        2.5118864315095846        2330.9271054951464        257514.97765111213       -367386062.48813808        1.6666590470571570     
   316.22776601683859        3.0199517204020214        2528.8799119223336        281324.58455080498       -398586212.25905222        1.6666605006117026     
   316.22776601683859        3.6307805477010193        2737.3040881719130        305111.14876524382       -431436822.86856997        1.6666620001217463     
   316.22776601683859        4.3651583224016663        2914.0407398990988        319507.19782772521       -459293091.08114469        1.6666642480292757     
   316.22776601683859        5.2480746024977334        3067.6815054131216        332716.62711227045       -483509010.42010522        1.6666659714980696     
   316.22776601683859        6.3095734448019414        3292.6533424289328        356680.34906211967       -518967542.85005319        1.6666664505322470     
   316.22776601683859        7.5857757502918473        4470.0405172161045        485454.47229441808       -704538306.84923685        1.6666664865532024     
   316.22776601683859        9.1201083935591090        16355.858476298394        1792738.3110188239       -2577892489.5544066        1.6666663594180786     
   316.22776601683859        10.964781961431862        142980.10752505602        15778773.439504337       -22535464934.139565        1.6666631249745696     
   316.22776601683859        13.182567385564088        2887253.0282094837        317988264.43040371       -455067692663.34241        1.6666308797757861     
   316.22776601683859        15.848931924611158        18978849.740312416        2088093475.7133102       -2991325186358.3696        1.6666248035819058     
   316.22776601683859        19.054607179632502        13899201.630623275        1102182097.2107680       -2190712281426.0322        1.6666647839043169     
   316.22776601683859        22.908676527677770        1218766.1999036921        28430032.997853260       -192095337043.13553        1.6666666660408416     
   316.22776601683859        27.542287033381719        404565.48499432317        43808996.309041008       -63765218004.849152        1.6666666666666665     
   316.22776601683859        33.113112148259177        150597.69165418623        16634068.529206550       -23736295135.922295        1.6666666666666667     
   316.22776601683859        39.810717055349812        144718.64418752072        16010623.055770962       -22809666360.063499        1.6666666666666667     
   316.22776601683859        47.863009232263948        153415.31641601145        16956671.699236818       -24180382709.436398        1.6666666666666667     
   316.22776601683859        57.543993733715844        162786.14354064938        17992578.315241758       -25657355265.703140        1.6666666666666665     
   316.22776601683859        69.183097091893842        172896.06987293964        19110607.770213664       -27250820105.216328        1.6666666666666665     
   316.22776601683859        83.176377110267339        183820.41623314770        20318796.577455804       -28972648837.259094        1.6666666666666670     
   316.22776601683859        100.00000000000031        195642.10736295272        21626332.492681488       -30835911553.550407        1.6666666666666667     
   398.10717055349812        1.2022644346174132E-002  -72.248325785013876       -3884.4698599961389        14345462.097699190        1.6666368421000310     
   398.10717055349812        1.4454397707459279E-002  -71.466270268074013       -3798.9071152496817        14190495.967484750        1.6666344192301505     
   398.10717055349812        1.7378008287493762E-002  -69.444002869173900       -3561.0347562323382        13789511.129387779        1.6666318670350768     
   398.10717055349812        2.0892961308540410E-002  -64.820913723258670       -3032.5056486354360        12872328.233108997        1.6666291948662650     
   398.10717055349812        2.5118864315095822E-002  -55.803415393987905       -2041.3855480169536        11082713.102134412        1.6666264172854801     
   398.10717055349812        3.0199517204020192E-002  -40.549914580880824       -418.04054777468860        8054861.7007037913        1.6666235554208648     
   398.10717055349812        3.6307805477010173E-002  -17.579157528563957        1969.9088918696248        3494546.9542274592        1.6666206386011400     
   398.10717055349812        4.3651583224016653E-002   14.046079544109650        5204.7868803639803       -2784368.5125809335        1.6666177062816381     
   398.10717055349812        5.2480746024977334E-002   54.825088708176622        9332.9591668387347       -10881004.821874993        1.6666148102327178     
   398.10717055349812        6.3095734448019428E-002   105.06848849578995        14391.195818050892       -20856989.849476553        1.6666120168757284     
   398.10717055349812        7.5857757502918510E-002   165.08446393575272        20424.988626856084       -32773469.345635217        1.6666094095005310     
   398.10717055349812        9.1201083935591148E-002   235.19783140802542        27488.449507443151       -46694905.758431584        1.6666070898575795     
   398.10717055349812       0.10964781961431870        315.63750900497314        35629.654454835509       -62666733.002147242        1.6666051782767934     
   398.10717055349812       0.13182567385564095        406.39771127123640        44872.877108133536       -80687788.738302022        1.6666038110627173     
   398.10717055349812       0.15848931924611162        507.15898654736316        55207.286907245267       -100694630.53350246        1.6666031335894902     
   398.10717055349812       0.19054607179632502        617.30427152398181        66586.729467059908       -122564722.25151215        1.6666032875652059     
   398.10717055349812       0.22908676527677765        736.01107777675611        78938.763054539697       -146134739.32339224        1.6666043917961517     
   398.10717055349812       0.27542287033381702        862.37787032688448        92178.143079879301       -171225664.25837359        1.6666065178549674     
   398.10717055349812       0.33113112148259155        995.54541517809025        106220.41365460586       -197666881.81182691        1.6666096652308671     
   398.10717055349812       0.39810717055349781        1134.8015192874996        120994.63427173282       -225316976.11926106        1.6666137436371717     
   398.10717055349812       0.47863009232263909        1279.6636145992559        136454.94816478237       -254080127.57379600        1.6666185709313588     
   398.10717055349812       0.57543993733715781        1429.9656110086257        152595.66684837939       -283923356.84804296        1.6666238915578835     
   398.10717055349812       0.69183097091893764        1585.9718985257371        169473.56433744208       -314899159.80078727        1.6666294129638903     
   398.10717055349812       0.83176377110267230        1748.3888309646354        187210.93093259263       -347147789.27465981        1.6666348497943537     
   398.10717055349812        1.0000000000000016        1917.5964160354342        205846.16073728097       -380744705.16106963        1.6666399626103361     
   398.10717055349812        1.2022644346174147        2095.8294807946809        225770.27950220599       -416133631.70046628        1.6666445812321398     
   398.10717055349812        1.4454397707459299        2284.1865677433552        247127.59981638874       -453532703.96706468        1.6666486099919173     
   398.10717055349812        1.7378008287493782        2484.7576972167244        270248.66636350134       -493356901.17453539        1.6666520186747131     
   398.10717055349812        2.0892961308540432        2700.3938421262237        295595.82270033268       -536172296.24233675        1.6666548260612577     
   398.10717055349812        2.5118864315095846        2934.8441550476341        323779.91657583864       -582723299.23617017        1.6666570866979700     
   398.10717055349812        3.0199517204020214        3191.6011530090868        355153.26123381662       -633703371.28843307        1.6666589368186671     
   398.10717055349812        3.6307805477010193        3457.7167814602935        385034.60828009952       -686541689.75198686        1.6666609499501499     
   398.10717055349812        4.3651583224016663        3661.1868256610919        398907.92465855565       -726941569.29065478        1.6666639568816153     
   398.10717055349812        5.2480746024977334        3838.8317887778280        413903.18285683088       -762213590.19438386        1.6666659563110593     
   398.10717055349812        6.3095734448019414        4118.1388533051786        443890.90468327713       -817670814.17887139        1.6666664321140685     
   398.10717055349812        7.5857757502918473        5594.3291435406172        605494.31550509867       -1110771427.2508831        1.6666664451488613     
   398.10717055349812        9.1201083935591090        20528.040126914231        2249287.5628356030       -4075893493.2108793        1.6666662703227098     
   398.10717055349812        10.964781961431862        179876.76978299752        19850263.414513446       -35714944748.098763        1.6666618282379970     
   398.10717055349812        13.182567385564088        3630094.7899847785        399484882.33772928       -720763975551.66028        1.6666173331947851     
   398.10717055349812        15.848931924611158        23860050.076136142        2624130324.8074098       -4737492277892.5459        1.6666063599341416     
   398.10717055349812        19.054607179632502        15750942.665847378        1147314271.1955400       -3127413117800.8057        1.6666643010579771     
   398.10717055349812        22.908676527677770        1049606.8719565049        45044995.432001255       -208403791654.91632        1.6666666664820200     
   398.10717055349812        27.542287033381719        505976.96949544922        54851526.475034796       -100463642143.68805        1.6666666666666665     
   398.10717055349812        33.113112148259177        189606.19829595191        20948652.338682726       -37647000649.172615        1.6666666666666667     
   398.10717055349812        39.810717055349812        182317.53347413155        20165734.080349285       -36199798566.937149        1.6666666666666670     
   398.10717055349812        47.863009232263948        193203.64542865794        21351873.701606151       -38361275199.768829        1.6666666666666670     
   398.10717055349812        57.543993733715844        205005.82914648970        22656540.311482914       -40704641223.751221        1.6666666666666670     
   398.10717055349812        69.183097091893842        217740.43045186822        24064510.641063966       -43233142087.497963        1.6666666666666665     
   398.10717055349812        83.176377110267339        231501.28351656109        25586041.326282173       -45965408904.329475        1.6666666666666665     
   398.10717055349812        100.00000000000031        246392.91612460930        27232706.587497540       -48922196041.960861        1.6666666666666665     
   501.18723362727354        1.2022644346174132E-002  -73.496975187944997       -3949.6834546366840        18381443.793529801        1.6666291206669550     
   501.18723362727354        1.4454397707459279E-002  -72.647711634728253       -3849.4967449489295        18169441.921333887        1.6666260706081104     
   501.18723362727354        1.7378008287493762E-002  -70.272696867306195       -3564.1748737016483        17576140.657008804        1.6666228577595799     
   501.18723362727354        2.0892961308540410E-002  -64.699798903891335       -2925.6855093396334        16183318.824384820        1.6666194938953485     
   501.18723362727354        2.5118864315095822E-002  -53.728508827510232       -1725.9711986253619        13440505.776801970        1.6666159973482026     
   501.18723362727354        3.0199517204020192E-002  -35.108746416002056        238.56533393467137        8784786.5406655986        1.6666123947166063     
   501.18723362727354        3.6307805477010173E-002  -7.0467542062210535        3124.1803698090789        1767407.8725824615        1.6666087229216457     
   501.18723362727354        4.3651583224016653E-002   31.573525570571565        7025.2768782404501       -7890806.5191398291        1.6666050316312722     
   501.18723362727354        5.2480746024977334E-002   81.335928228015575        11994.166733823549       -20335847.214284811        1.6666013860148083     
   501.18723362727354        6.3095734448019428E-002   142.61750252107578        18076.099840442570       -35661951.721176244        1.6665978696831734     
   501.18723362727354        7.5857757502918510E-002   215.82947540245988        25333.132956076974       -53971908.197316311        1.6665945874801085     
   501.18723362727354        9.1201083935591148E-002   301.43915793049121        33843.339319753453       -75382550.717830151        1.6665916674863031     
   501.18723362727354       0.10964781961431870        399.81834991309711        43680.534397811505       -99986843.046283469        1.6665892611695006     
   501.18723362727354       0.13182567385564095        511.05501325658093        54889.705501269942       -127806769.30077252        1.6665875401067030     
   501.18723362727354       0.15848931924611162        634.84048965276304        67470.800621510643       -158765120.31921673        1.6665866872943269     
   501.18723362727354       0.19054607179632502        770.48071795867247        81377.298208416978       -192688297.18781877        1.6665868811199049     
   501.18723362727354       0.22908676527677765        917.00798869159246        96527.199024137954       -229334261.92908555        1.6665882711522328     
   501.18723362727354       0.27542287033381702        1073.3392747621822        112820.09420601171       -268432138.49096289        1.6665909475163030     
   501.18723362727354       0.33113112148259155        1238.4301831768794        130154.62083087125       -309720716.64353901        1.6665949096142763     
   501.18723362727354       0.39810717055349781        1411.4116819677977        148445.38921940743       -352982647.47302783        1.6666000438523647     
   501.18723362727354       0.47863009232263909        1591.7033604763765        167639.26386753088       -398072768.50576138        1.6666061210166268     
   501.18723362727354       0.57543993733715781        1779.1435158199934        187738.27539599419       -444950636.32105100        1.6666128194806047     
   501.18723362727354       0.69183097091893764        1974.1697960033755        208834.77474298570       -493725703.56624109        1.6666197710388024     
   501.18723362727354       0.83176377110267230        2177.8421560659949        231116.62497911174       -544663063.06902528        1.6666266165380039     
   501.18723362727354        1.0000000000000016        2390.6325455656979        254631.08412649060       -597880757.80452251        1.6666330546203114     
   501.18723362727354        1.2022644346174147        2615.8889195821312        279977.07469443232       -654216074.93215513        1.6666388711159257     
   501.18723362727354        1.4454397707459299        2855.1018837321049        307355.92707656545       -714041828.80679929        1.6666439456639892     
   501.18723362727354        1.7378008287493782        3111.2798965785742        337257.07743629318       -778110411.77512956        1.6666482403168248     
   501.18723362727354        2.0892961308540432        3388.5809653476322        370370.00828412717       -847461717.22014451        1.6666517788888791     
   501.18723362727354        2.5118864315095846        3692.4930597452471        407599.31057569903       -923468254.55678785        1.6666546318511950     
   501.18723362727354        3.0199517204020214        4027.4270915110524        449243.93681208638       -1007233181.8772177        1.6666569934601678     
   501.18723362727354        3.6307805477010193        4365.6880212791029        486111.25942480774       -1091830256.3741987        1.6666597140825836     
   501.18723362727354        4.3651583224016663        4589.2816475033069        496932.43230611848       -1147749837.9077125        1.6666636826744685     
   501.18723362727354        5.2480746024977334        4793.2329959346116        514044.62674767780       -1198756699.1077435        1.6666659501159760     
   501.18723362727354        6.3095734448019414        5141.0101765317841        551645.22328736424       -1285733304.1773851        1.6666664068113259     
   501.18723362727354        7.5857757502918473        6992.3985566641404        754497.87180042383       -1748750878.6531610        1.6666663960690984     
   501.18723362727354        9.1201083935591090        25760.450551357804        2821782.9814592167       -6442495988.9470625        1.6666661586668059     
   501.18723362727354        10.964781961431862        226287.32993182458        24970991.650935400       -56592723857.717148        1.6666601333947901     
   501.18723362727354        13.182567385564088        4562731.0323249884        501602313.73743927       -1141104427791.2351        1.6665995188120741     
   501.18723362727354        15.848931924611158        29991064.401514962        3297789652.2331753       -7500566105372.9033        1.6665809114547316     
   501.18723362727354        19.054607179632502        17397745.480399556        1148229487.1382298       -4351074394590.8940        1.6666638481432405     
   501.18723362727354        22.908676527677770        1016627.1372386159        71271367.276775882       -254252269362.45447        1.6666666666307164     
   501.18723362727354        27.542287033381719        632814.68639503117        68608991.497746229       -158263039140.22891        1.6666666666666667     
   501.18723362727354        33.113112148259177        238736.94500550974        26384394.544735994       -59706598728.612907        1.6666666666666665     
   501.18723362727354        39.810717055349812        229660.81141853964        25395508.228525605       -57436701274.335518        1.6666666666666667     
   501.18723362727354        47.863009232263948        243293.43957714902        26885152.936631087       -60846134628.349602        1.6666666666666667     
   501.18723362727354        57.543993733715844        258157.29161722839        28528121.450658444       -64563489311.567940        1.6666666666666665     
   501.18723362727354        69.183097091893842        274196.16566739086        30301105.740258977       -68574709480.241959        1.6666666666666667     
   501.18723362727354        83.176377110267339        291527.97221265204        32217110.556051210       -72909283796.481903        1.6666666666666667     
   501.18723362727354        100.00000000000031        310284.43573963939        34290714.455584742       -77600155715.280518        1.6666666666666665     
   630.95734448019493        1.2022644346174132E-002  -74.760798504156810       -4022.3183161738839        23548404.587818503        1.6666194006502988     
   630.95734448019493        1.4454397707459279E-002  -73.825223237605854       -3904.9213152280722        23254207.499271799        1.6666155611246334     
   630.95734448019493        1.7378008287493762E-002  -71.020006224197871       -3563.9281511563709        22371456.464276653        1.6666115166964941     
   630.95734448019493        2.0892961308540410E-002  -64.297735737064471       -2796.6224141643097        20255220.899978984        1.6666072821908444     
   630.95734448019493        2.5118864315095822E-002  -50.969846894088292       -1353.0972068482629        16058490.256925162        1.6666028806887787     
   630.95734448019493        3.0199517204020192E-002  -28.301497273375450        1008.8216362429930        8919620.2149687801        1.6665983456758457     
   630.95734448019493        3.6307805477010173E-002   5.8631301380915648        4471.3375624846167       -1840604.1800970859        1.6665937236309429     
   630.95734448019493        4.3651583224016653E-002   52.836870346082222        9140.8517537111165       -16635765.284062101        1.6665890770774596     
   630.95734448019493        5.2480746024977334E-002   113.29092628385447        15075.772827944624       -35677244.973361820        1.6665844880500864     
   630.95734448019493        6.3095734448019428E-002   187.68211338493390        22333.095360013089       -59108852.830072045        1.6665800617953817     
   630.95734448019493        7.5857757502918510E-002   276.56535368380690        30999.254733580598       -87105305.961402461        1.6665759302848939     
   630.95734448019493        9.1201083935591148E-002   380.61703273891345        41187.782838861378       -119879606.72600152        1.6665722547378496     
   630.95734448019493       0.10964781961431870        500.42840519939762        53010.912701317953       -157617964.92639709        1.6665692258107367     
   630.95734448019493       0.13182567385564095        636.24803638311937        66545.467684176285       -200398658.72674364        1.6665670594731261     
   630.95734448019493       0.15848931924611162        787.82040832693065        81809.781315036540       -248141188.76279864        1.6665659860726052     
   630.95734448019493       0.19054607179632502        954.38771886088728        98760.530413375251       -300606842.14861381        1.6665662301641528     
   630.95734448019493       0.22908676527677765        1134.8253261067223        117306.30783299122       -357441356.59522629        1.6665679800421886     
   630.95734448019493       0.27542287033381702        1327.8408539826710        137329.45039875957       -418237639.12829274        1.6665713491970566     
   630.95734448019493       0.33113112148259155        1532.1703486862400        158708.62667572775       -482597553.26895696        1.6665763369452808     
   630.95734448019493       0.39810717055349781        1746.7580693651230        181341.54738849145       -550188550.70284700        1.6665828003903251     
   630.95734448019493       0.47863009232263909        1970.9134891864458        205168.09916344195       -620793122.64081454        1.6665904511101284     
   630.95734448019493       0.57543993733715781        2204.5074657169112        230205.29567780436       -694370587.81473410        1.6665988843571611     
   630.95734448019493       0.69183097091893764        2448.2579522355954        256602.65281256489       -771147084.78055346        1.6666076367413125     
   630.95734448019493       0.83176377110267230        2703.7718183601910        284650.75152378110       -851628749.50697589        1.6666162562537452     
   630.95734448019493        1.0000000000000016        2971.6355706402533        314407.81823318201       -936000335.56522202        1.6666243636294111     
   630.95734448019493        1.2022644346174147        3256.9128746395418        346797.12003618048       -1025856764.2281020        1.6666316893583348     
   630.95734448019493        1.4454397707459299        3561.6514123461502        382103.26797461946       -1121843047.2713964        1.6666380820331690     
   630.95734448019493        1.7378008287493782        3890.2326893437157        421057.76780982321       -1225339257.9763165        1.6666434940163353     
   630.95734448019493        2.0892961308540432        4248.7789441725226        464696.15926232660       -1338273773.4996450        1.6666479555481288     
   630.95734448019493        2.5118864315095846        4645.3661606203977        514360.54617249226       -1463190361.0770600        1.6666515581734236     
   630.95734448019493        3.0199517204020214        5085.0960555635320        570059.09126721835       -1601695985.0664124        1.6666545819330227     
   630.95734448019493        3.6307805477010193        5511.3925062070584        614189.30437081016       -1735970570.6055474        1.6666582785309181     
   630.95734448019493        4.3651583224016663        5739.4565369655584        617797.70889746922       -1807806199.7984169        1.6666634367649582     
   630.95734448019493        5.2480746024977334        5972.7869961869610        637618.17045146588       -1881300173.0833068        1.6666659517265172     
   630.95734448019493        6.3095734448019414        6406.9845659394641        684804.66171040898       -2018062834.9994450        1.6666663721329344     
   630.95734448019493        7.5857757502918473        8729.6034011937263        939500.69023899594       -2749634660.5991406        1.6666663387162719     
   630.95734448019493        9.1201083935591090        32322.014701859251        3539796.4739074651       -10180709729.238234        1.6666660190484146     
   630.95734448019493        10.964781961431862        284662.37135386595        31411158.024586886       -89662207215.171692        1.6666579389594254     
   630.95734448019493        13.182567385564088        5732883.9756254908        629407438.65830207       -1805729301507.6716        1.6665763599036869     
   630.95734448019493        15.848931924611158        37692309.620232441        4145606073.7876697       -11872264209877.299        1.6665463058668093     
   630.95734448019493        19.054607179632502        18664319.211144291        1108543944.5671902       -5878874554529.7158        1.6666635051844609     
   630.95734448019493        22.908676527677770        1124400.4928780277        102850639.87389670       -354162293187.02350        1.6666666666622674     
   630.95734448019493        27.542287033381719        791432.65151952265        85801616.770345151       -249284561852.51175        1.6666666666666665     
   630.95734448019493        33.113112148259177        300624.48529941676        33232160.535798028       -94690317023.776688        1.6666666666666667     
   630.95734448019493        39.810717055349812        289263.55458187032        31977497.970588353       -91111848248.597351        1.6666666666666670     
   630.95734448019493        47.863009232263948        306352.49478017300        33851183.546711221       -96494500000.142853        1.6666666666666667     
   630.95734448019493        57.543993733715844        325071.04132520669        35920004.824219503       -102390443147.01277        1.6666666666666667     
   630.95734448019493        69.183097091893842        345269.75054895115        38152514.517837293       -108752605945.28120        1.6666666666666667     
   630.95734448019493        83.176377110267339        367097.12373503478        40565132.903995916       -115627763135.39711        1.6666666666666667     
   630.95734448019493        100.00000000000031        390719.12405759277        43176220.774857260       -123068189579.59207        1.6666666666666667     
   794.32823472428379        1.2022644346174132E-002  -76.069776875312229       -4105.9644953549569        30174533.886242606        1.6666071649848386     
   794.32823472428379        1.4454397707459279E-002  -75.026617344879668       -3968.8498991562910        29761352.959708516        1.6666023317673719     
   794.32823472428379        1.7378008287493762E-002  -71.703299897972030       -3563.7723596579021        28444132.721355401        1.6665972406568970     
   794.32823472428379        2.0892961308540410E-002  -63.604578275411207       -2648.1337196201748        25233048.997276228        1.6665919103211604     
   794.32823472428379        2.5118864315095822E-002  -47.462495681223373       -924.37975048813371        18831610.866146773        1.6665863698203005     
   794.32823472428379        3.0199517204020192E-002  -19.974004675832148        1892.5778157247375        7929338.4795965739        1.6665806613105918     
   794.32823472428379        3.6307805477010173E-002   21.428878651309233        6012.3331305132988       -8492612.5678015407        1.6665748433026137     
   794.32823472428379        4.3651583224016653E-002   78.269046744428081        11552.726902608531       -31038396.669014305        1.6665689945011057     
   794.32823472428379        5.2480746024977334E-002   151.30513892014710        18578.992890631464       -60008891.955648817        1.6665632181679024     
   794.32823472428379        6.3095734448019428E-002   241.09475821725107        27165.529530762615       -95625179.151059851        1.6665576467790719     
   794.32823472428379        7.5857757502918510E-002   348.39941040019596        37435.225221444707       -138189231.08262351        1.6665524464462638     
   794.32823472428379        9.1201083935591148E-002   474.20511986159994        49553.950670335253       -188092115.90810758        1.6665478200918800     
   794.32823472428379       0.10964781961431870        619.43729832353813        63690.412895582333       -245700888.00928697        1.6665440076885703     
   794.32823472428379       0.13182567385564095        784.60610317562384        79968.794633173995       -311217895.61426830        1.6665412810707174     
   794.32823472428379       0.15848931924611162        969.57584866109221        98436.279274451270       -384589300.46941322        1.6665399301754638     
   794.32823472428379       0.19054607179632502        1173.5512324838523        119057.63170265840       -465499610.69250619        1.6665402376616876     
   794.32823472428379       0.22908676527677765        1395.2422767329342        141732.36520427902       -553437109.44696331        1.6665424405696763     
   794.32823472428379       0.27542287033381702        1633.1162986908039        166323.00573525310       -647793809.22548056        1.6665466818155203     
   794.32823472428379       0.33113112148259155        1885.6492659683197        192684.54367045194       -747965158.18176103        1.6665529606407816     
   794.32823472428379       0.39810717055349781        2151.5641270996862        220695.14704654473       -853444579.47241008        1.6665610973149350     
   794.32823472428379       0.47863009232263909        2430.0507273018516        250289.30683858148       -963910703.22825265        1.6665707289514220     
   794.32823472428379       0.57543993733715781        2721.0633000939365        281511.33539117698       -1079345368.9003119        1.6665813462418435     
   794.32823472428379       0.69183097091893764        3025.7716426273519        314602.52320284146       -1200212589.7545779        1.6665923660452766     
   794.32823472428379       0.83176377110267230        3346.6333461375225        350014.97169459221       -1327487212.4221849        1.6666032195234799     
   794.32823472428379        1.0000000000000016        3684.3784869769088        387820.69228510041       -1461458856.2846980        1.6666134293885584     
   794.32823472428379        1.2022644346174147        4046.7295337442279        429450.67020952830       -1605190705.4204383        1.6666226565090341     
   794.32823472428379        1.4454397707459299        4436.5359855967545        475312.63884203753       -1759813108.5515134        1.6666307104376492     
   794.32823472428379        1.7378008287493782        4860.2487797247059        526509.14088552876       -1927884907.4840851        1.6666375313883377     
   794.32823472428379        2.0892961308540432        5326.9596735430687        584605.42336689774       -2113012478.9602332        1.6666431578078866     
   794.32823472428379        2.5118864315095846        5848.5995948259479        651593.79359338759       -2319928400.8428879        1.6666477093633467     
   794.32823472428379        3.0199517204020214        6429.9765699214013        726637.23475501768       -2550539906.2167521        1.6666515938440674     
   794.32823472428379        3.6307805477010193        6959.2660795103020        776789.57442788465       -2760490567.1449637        1.6666566358028789     
   794.32823472428379        4.3651583224016663        7162.0261271299823        766758.99002725224       -2840918601.8301926        1.6666632291207282     
   794.32823472428379        5.2480746024977334        7429.4477294388316        790339.69514276716       -2946994892.9141774        1.6666659590199833     
   794.32823472428379        6.3095734448019414        7972.7161403098044        849506.71552734950       -3162489589.0910082        1.6666663259541012     
   794.32823472428379        7.5857757502918473        10887.324268707167        1169380.2969455998       -4318605560.6796608        1.6666662720902885     
   794.32823472428379        9.1201083935591090        40550.466719796466        4440587.7070487738       -16084870372.628225        1.6666658446102225     
   794.32823472428379        10.964781961431862        358083.52403818519        39510465.784189858       -142038421338.09979        1.6666551194160153     
   794.32823472428379        13.182567385564088        7199822.7246586578        789124021.29558337       -2855902688401.9307        1.6665465503944517     
   794.32823472428379        15.848931924611158        47370291.019625425        5215434121.0405140       -18790083101691.527        1.6664998672760769     
   794.32823472428379        19.054607179632502        19420564.645542555        1048439999.2662065       -7703456267288.0498        1.6666633403011781     
   794.32823472428379        22.908676527677770        1347974.8932406234        137743409.02670184       -534693287845.45978        1.6666666666663370     
   794.32823472428379        27.542287033381719        989777.26931475743        107290312.30221069       -392609321126.82159        1.6666666666666670     
   794.32823472428379        33.113112148259177        378586.35414128087        41856886.360905990       -150171641703.22098        1.6666666666666665     
   794.32823472428379        39.810717055349812        364289.55555379204        40261675.887183979       -144500592409.88184        1.6666666666666667     
   794.32823472428379        47.863009232263948        385739.09177193308        42620922.977917731       -153008853797.03006        1.6666666666666670     
   794.32823472428379        57.543993733715844        409310.48046435695        45225835.183043383       -162358778151.93436        1.6666666666666667     
   794.32823472428379        69.183097091893842        434746.11375694524        48036853.131446727       -172448181415.44366        1.6666666666666667     
   794.32823472428379        83.176377110267339        462233.07213823620        51074671.011971734       -183351271709.06857        1.6666666666666667     
   794.32823472428379        100.00000000000031        491980.42279258050        54362411.169309832       -195150978485.24133        1.6666666666666667     
   1000.0000000000031        1.2022644346174132E-002  -77.462495818218841       -4205.1344859277242        38692942.719360188        1.6665917629678688     
   1000.0000000000031        1.4454397707459279E-002  -76.289390105735066       -4046.1445279754298        38107713.683401965        1.6665856790663698     
   1000.0000000000031        1.7378008287493762E-002  -72.351403465434316       -3568.9598658858272        36141931.753543250        1.6665792706025202     
   1000.0000000000031        2.0892961308540410E-002  -62.624935506810942       -2485.9823978163081        31285246.558146242        1.6665725610846378     
   1000.0000000000031        2.5118864315095822E-002  -43.162614883083073       -446.49988924800255        21565688.187589277        1.6665655871018914     
   1000.0000000000031        3.0199517204020192E-002  -10.005047722957968        2881.1970949820461        5005197.3253417574        1.6665584017267616     
   1000.0000000000031        3.6307805477010173E-002   39.875491043149367        7734.7367103079223       -19908837.356888108        1.6665510786150803     
   1000.0000000000031        4.3651583224016653E-002   108.21854685897560        14242.624456681488       -54045406.087404132        1.6665437168379760     
   1000.0000000000031        5.2480746024977334E-002   195.86926938616102        22479.141938900277       -97826594.136825874        1.6665364463719756     
   1000.0000000000031        6.3095734448019428E-002   303.52238325820423        32545.724922669386       -151599286.57064676        1.6665294339593253     
   1000.0000000000031        7.5857757502918510E-002   432.24438930695760        44620.024202583270       -215896090.16322711        1.6665228886717323     
   1000.0000000000031        9.1201083935591148E-002   583.48185457212378        58944.457750240974       -291439505.47146553        1.6665170659063504     
   1000.0000000000031       0.10964781961431870        758.66305643097053        75769.189530818287       -378942935.94876111        1.6665122676883695     
   1000.0000000000031       0.13182567385564095        958.70744271242359        95286.659097304524       -478865637.41099161        1.6665088361443612     
   1000.0000000000031       0.15848931924611162        1183.6980105061630        117586.60890051212       -591249052.06829584        1.6665071361923527     
   1000.0000000000031       0.19054607179632502        1432.8445122309488        142648.07205622733       -715698424.84868908        1.6665075236082569     
   1000.0000000000031       0.22908676527677765        1704.6866834386810        170361.76568041599       -851484319.00808632        1.6665102967843664     
   1000.0000000000031       0.27542287033381702        1997.4159934422803        200567.16595257845       -997703339.63263845        1.6665156356926170     
   1000.0000000000031       0.33113112148259155        2309.1998909119038        233091.15784716691       -1153440098.0197999        1.6665235395254796     
   1000.0000000000031       0.39810717055349781        2638.5003554076457        267789.84898595081       -1317926331.3336923        1.6665337822618513     
   1000.0000000000031       0.47863009232263909        2984.3849298055011        304596.39366852236       -1490696262.4541712        1.6665459073778726     
   1000.0000000000031       0.57543993733715781        3346.9799070417207        343603.10999100271       -1671812964.2700341        1.6665592740501596     
   1000.0000000000031       0.69183097091893764        3728.1818458205180        385198.58574150410       -1862223761.4585159        1.6665731484933786     
   1000.0000000000031       0.83176377110267230        4131.7781375946979        430089.71150032757       -2063820467.3973687        1.6665868148836336     
   1000.0000000000031        1.0000000000000016        4558.6807162908663        478366.25524787977       -2277058629.3111639        1.6665996726011132     
   1000.0000000000031        1.2022644346174147        5020.7510532115784        532256.13298391830       -2507862983.1142302        1.6666112949207490     
   1000.0000000000031        1.4454397707459299        5522.0074665129969        592351.16149664321       -2758240763.1522117        1.6666214422947569     
   1000.0000000000031        1.7378008287493782        6072.0428234522669        660325.63084213831       -3032983583.3405194        1.6666300396954870     
   1000.0000000000031        2.0892961308540432        6684.4626938832016        738559.03486501612       -3338887428.7557182        1.6666371360551868     
   1000.0000000000031        2.5118864315095846        7376.9383482418425        830005.84608939185       -3684779110.1297150        1.6666428889218441     
   1000.0000000000031        3.0199517204020214        8151.2579511337271        931768.60548987857       -4071551933.6902661        1.6666478974666821     
   1000.0000000000031        3.6307805477010193        8792.1915707046392        983525.80788735102       -4391699139.7619295        1.6666547882199629     
   1000.0000000000031        4.3651583224016663        8918.9560686610257        950412.06804042263       -4455018442.2975378        1.6666630677179033     
   1000.0000000000031        5.2480746024977334        9228.3053134233014        979593.87564515905       -4609537952.0646315        1.6666659686763929     
   1000.0000000000031        6.3095734448019414        9908.9003795911322        1053545.7070868558       -4949494710.9825001        1.6666662669757371     
   1000.0000000000031        7.5857757502918473        13567.403098759052        1455383.7664788454       -6776911175.2603140        1.6666661947706929     
   1000.0000000000031        9.1201083935591090        50870.483355440221        5571147.7458806504       -25409750171.821934        1.6666656266312991     
   1000.0000000000031        10.964781961431862        450425.78954751900        49695863.518007658       -224987098602.67004        1.6666515187306687     
   1000.0000000000031        13.182567385564088        9036890.7568385080        988345522.62628853       -4513916098351.8965        1.6665085032748470     
   1000.0000000000031        15.848931924611158        59546118.954403743        6571183993.5867596       -29743272205865.832        1.6664382443378543     
   1000.0000000000031        19.054607179632502        19659440.286231067        1005357193.4877574       -9819908679480.8164        1.6666633699410813     
   1000.0000000000031        22.908676527677770        1665314.7219712336        176634177.34883532       -831824676008.27051        1.6666666666666514     
   1000.0000000000031        27.542287033381719        1237766.0399219973        134138951.60891968       -618264378465.26465        1.6666666666666665     
   1000.0000000000031        33.113112148259177        476794.82160456630        52715644.043700874       -238159037949.28439        1.6666666666666665     
   1000.0000000000031        39.810717055349812        458723.30475962354        50689240.691331461       -229132287480.21857        1.6666666666666667     
   1000.0000000000031        47.863009232263948        485680.89659643889        53661380.896817215       -242597604610.46033        1.6666666666666665     
   1000.0000000000031        57.543993733715844        515361.66719325271        56941181.937970594       -257423149856.26617        1.6666666666666667     
   1000.0000000000031        69.183097091893842        547390.19881594938        60480498.667191610       -273421401695.97910        1.6666666666666667     
   1000.0000000000031        83.176377110267339        582002.15456026921        64305396.119737528       -290710073852.56598        1.6666666666666665     
   1000.0000000000031        100.00000000000031        619460.86639259744        68444991.081209436       -309420700645.73291        1.6666666666666665     
   1258.9254117941714        1.2022644346174132E-002  -78.987926931634931       -4325.4847729718422        49680936.593105741        1.6665723757993152     
   1258.9254117941714        1.4454397707459279E-002  -77.663207537759519       -4143.1707464622141        48848631.157701239        1.6665647178565299     
   1258.9254117941714        1.7378008287493762E-002  -73.008808859260228       -3587.0334183530913        45922688.800472267        1.6665566514858610     
   1258.9254117941714        2.0892961308540410E-002  -61.386194206095773       -2319.8050578529628        38614528.233663239        1.6665482062938377     
   1258.9254117941714        2.5118864315095822E-002  -38.062771904287274        67.167715077796146        23947210.091411341        1.6665394283508705     
   1258.9254117941714        3.0199517204020192E-002   1.6662709787322036        3954.9387879422384       -1038833.7863874872        1.6665303844724726     
   1258.9254117941714        3.6307805477010173E-002   61.329846956933316        9609.0087338673475       -38563472.323398799        1.6665211673780542     
   1258.9254117941714        4.3651583224016653E-002   142.88317264837420        17168.205529129784       -89856558.727601290        1.6665119017704497     
   1258.9254117941714        5.2480746024977334E-002   247.26109505970734        26721.053089632987       -155505981.67539594        1.6665027512434267     
   1258.9254117941714        6.3095734448019428E-002   375.36007247273614        38411.808217132726       -236075412.58707127        1.6664939256549707     
   1258.9254117941714        7.5857757502918510E-002   528.70501673777642        52499.870454117532       -332523829.16963089        1.6664856881275742     
   1258.9254117941714        9.1201083935591148E-002   709.42621252121319        69337.930605969319       -446191035.74315476        1.6664783600765096     
   1258.9254117941714       0.10964781961431870        919.69727330696287        89291.094142829665       -578444139.57299089        1.6664723215921344     
   1258.9254117941714       0.13182567385564095        1161.0557908153587        112647.19084609383       -730250228.96984720        1.6664680032313632     
   1258.9254117941714       0.15848931924611162        1433.9423625399472        139555.69461067783       -901886412.68481374        1.6664658642437353     
   1258.9254117941714       0.19054607179632502        1737.6330172390528        170017.20370908786       -1092897311.3247528        1.6664663523995633     
   1258.9254117941714       0.22908676527677765        2070.4945883226369        203913.61408296757       -1302255682.2370622        1.6664698432985601     
   1258.9254117941714       0.27542287033381702        2430.4001476914518        241057.31024722641       -1528623724.6773272        1.6664765635736369     
   1258.9254117941714       0.33113112148259155        2815.1501791997212        281242.09645854344       -1770617987.1494184        1.6664865124187422     
   1258.9254117941714       0.39810717055349781        3222.9016847538146        324300.41387833061       -2027079263.7468514        1.6664994056541278     
   1258.9254117941714       0.47863009232263909        3652.6118606356231        370172.76030964416       -2297351648.9489565        1.6665146690327000     
   1258.9254117941714       0.57543993733715781        4104.7309531558349        419034.04857413727       -2581718314.6533599        1.6665314963386750     
   1258.9254117941714       0.69183097091893764        4582.3231509175648        471509.24156879308       -2882106509.8010879        1.6665489642992501     
   1258.9254117941714       0.83176377110267230        5091.2632567898227        528708.13162234426       -3202211282.0592413        1.6665661721761569     
   1258.9254117941714        1.0000000000000016        5632.6974931181612        590744.12441973598       -3542753617.2635632        1.6665823641749886     
   1258.9254117941714        1.2022644346174147        6224.9548326170470        661098.72127990460       -3915261643.6566739        1.6665970033577233     
   1258.9254117941714        1.4454397707459299        6873.7782539252757        740641.76445145148       -4323347611.7800150        1.6666097884087310     
   1258.9254117941714        1.7378008287493782        7593.5620866497648        831932.62502169237       -4776064978.9995070        1.6666206251616806     
   1258.9254117941714        2.0892961308540432        8404.8071688384152        938607.11504233489       -5286308010.7854185        1.6666295759551157     
   1258.9254117941714        2.5118864315095846        9333.7180237438679        1065033.2647305271       -5870558393.9963627        1.6666368498935384     
   1258.9254117941714        3.0199517204020214        10372.548980431331        1203690.8045651636       -6523944617.4843178        1.6666433341985945     
   1258.9254117941714        3.6307805477010193        11116.653590743112        1246570.3536275821       -6991960130.1649847        1.6666527513613014     
   1258.9254117941714        4.3651583224016663        11087.120931425105        1177071.4464787007       -6973385557.5109844        1.6666629583198629     
   1258.9254117941714        5.2480746024977334        11451.860880038092        1215001.2513078323       -7202792692.0661669        1.6666659758286779     
   1258.9254117941714        6.3095734448019414        12304.367681032109        1306851.2544597525       -7738987102.7582197        1.6666661946608921     
   1258.9254117941714        7.5857757502918473        16897.911377948996        1811790.3856737085       -10628147678.990803        1.6666661048896516     
   1258.9254117941714        9.1201083935591090        63816.700737535168        6990770.4931273619       -40138253975.590591        1.6666653540293392     
   1258.9254117941714        10.964781961431862        566561.11863947636        62503696.057833031       -356345080576.80084        1.6666469422234549     
   1258.9254117941714        13.182567385564088        11334429.231800107        1236256815.1627595       -7128919702213.1494        1.6664602905190466     
   1258.9254117941714        15.848931924611158        74897766.534242600        8299492562.2321949       -47107884374392.734        1.6663571685724088     
   1258.9254117941714        19.054607179632502        19561659.525300603        1032365383.2773652       -12303575562036.152        1.6666635333756212     
   1258.9254117941714        22.908676527677770        2072877.4992805575        222038974.67411292       -1303762592697.8030        1.6666666666666663     
   1258.9254117941714        27.542287033381719        1547760.2339907994        167664979.81482205       -973483765101.43359        1.6666666666666667     
   1258.9254117941714        33.113112148259177        600488.84017339733        66380285.358212151       -377685116425.94550        1.6666666666666667     
   1258.9254117941714        39.810717055349812        577586.50864975818        63815934.814796291       -363280369310.05554        1.6666666666666665     
   1258.9254117941714        47.863009232263948        611500.17899101018        67560496.009408429       -384610803156.00812        1.6666666666666667     
   1258.9254117941714        57.543993733715844        648872.21462767047        71689930.035026848       -408116420233.83459        1.6666666666666667     
   1258.9254117941714        69.183097091893842        689200.71477279416        76146120.638146117       -433481543179.63916        1.6666666666666667     
   1258.9254117941714        83.176377110267339        732782.51219247107        80961892.598502308       -460892868742.79712        1.6666666666666667     
   1258.9254117941714        100.00000000000031        779949.25420864567        86173909.257270277       -490558990722.86816        1.6666666666666667     
   1584.8931924611190        1.2022644346174132E-002  -80.707691943794828       -4474.0923396890594        63916714.288349941        1.6665479732825048     
   1584.8931924611190        1.4454397707459279E-002  -79.213024672390929       -4268.1548737847424        62734090.898013964        1.6665383344955145     
   1584.8931924611190        1.7378008287493762E-002  -73.740918934940339       -3628.3596351978949        58402272.756765418        1.6665281818049871     
   1584.8931924611190        2.0892961308540410E-002  -59.948458329003714       -2163.9820165712476        47481805.732706964        1.6665175525012805     
   1584.8931924611190        2.5118864315095822E-002  -32.210718771348354        595.15651905961352        25517666.333566189        1.6665065045951009     
   1584.8931924611190        3.0199517204020192E-002   15.007591836298943        5080.9279454658854       -11874303.955568755        1.6664951222036217     
   1584.8931924611190        3.6307805477010173E-002   85.768524795373779        11586.027163689279       -67911405.259048074        1.6664835220403704     
   1584.8931924611190        4.3651583224016653E-002   182.23613101088992        20260.856210311809       -144307548.54360992        1.6664718610631515     
   1584.8931924611190        5.2480746024977334E-002   305.45268176812505        31218.451133982966       -241888022.90194643        1.6664603451633435     
   1584.8931924611190        6.3095734448019428E-002   456.62939658629335        44670.551042123850       -361611835.36649907        1.6664492384410481     
   1584.8931924611190        7.5857757502918510E-002   637.98476650732584        60996.733572039397       -505235750.26894557        1.6664388720111987     
   1584.8931924611190        9.1201083935591148E-002   852.65580267420592        80705.461301756819       -675244046.02822053        1.6664296503296259     
   1584.8931924611190       0.10964781961431870        1103.9005718152837        104320.23803940009       -874216936.41599929        1.6664220516760695     
   1584.8931924611190       0.13182567385564095        1394.1600419590463        132258.36025922920       -1104087553.2506139        1.6664166178324695     
   1584.8931924611190       0.15848931924611162        1724.4183569020643        164749.76040862568       -1365635282.7178802        1.6664139266991229     
   1584.8931924611190       0.19054607179632502        2094.0983997692429        201824.81748914783       -1658403048.8062029        1.6664145417685308     
   1584.8931924611190       0.22908676527677765        2501.3912810155521        243356.14999365815       -1980958256.6823859        1.6664189357840664     
   1584.8931924611190       0.27542287033381702        2943.7991621482261        289124.41563428834       -2331322698.2599626        1.6664273941294119     
   1584.8931924611190       0.33113112148259155        3418.6856730265104        338885.50456023641       -2707408459.8087730        1.6664399160904348     
   1584.8931924611190       0.39810717055349781        3923.8578481285167        392449.12775552995       -3107478791.0125666        1.6664561444443784     
   1584.8931924611190       0.47863009232263909        4458.2036800097239        449780.14113873575       -3530653011.7850342        1.6664753569771875     
   1584.8931924611190       0.57543993733715781        5022.7545192410862        511193.45315682457       -3977747871.6664152        1.6664965395171196     
   1584.8931924611190       0.69183097091893764        5622.4495664549349        577693.20863461425       -4452674934.4180660        1.6665185304787948     
   1584.8931924611190       0.83176377110267230        6266.4516995594986        651027.41654665000       -4962690732.4791546        1.6665401965130460     
   1584.8931924611190        1.0000000000000016        6956.2162186265969        731342.16132981947       -5508947869.3844376        1.6665605865899629     
   1584.8931924611190        1.2022644346174147        7720.2090445999966        824094.12264300184       -6113989653.6623106        1.6665790250872712     
   1584.8931924611190        1.4454397707459299        8566.7469848135224        930576.77536167204       -6784402757.2644424        1.6665951329658923     
   1584.8931924611190        1.7378008287493782        9517.6040486870788        1054724.9757373363       -7537430968.1895943        1.6666087920033568     
   1584.8931924611190        2.0892961308540432        10603.861291471076        1202119.2467679793       -8397688824.9871912        1.6666200816964818     
   1584.8931924611190        2.5118864315095846        11864.362180375225        1379180.5542276776       -9395938313.2480316        1.6666292821096258     
   1584.8931924611190        3.0199517204020214        13267.361647549953        1568505.7238135480       -10507039471.416767        1.6666377154235614     
   1584.8931924611190        3.6307805477010193        14068.847643354587        1581150.2836447929       -11141776019.612576        1.6666505569609338     
   1584.8931924611190        4.3651583224016663        13762.505083523798        1457238.5780133596       -10899169161.058962        1.6666629045421624     
   1584.8931924611190        5.2480746024977334        14205.863005447749        1509127.4466128815       -11250283912.866726        1.6666659737674334     
   1584.8931924611190        6.3095734448019414        15271.378892961555        1622078.0288179584       -12094114919.817060        1.6666661084929424     
   1584.8931924611190        7.5857757502918473        21040.548976320093        2256732.6667954191       -16662980604.846596        1.6666660000425522     
   1584.8931924611190        9.1201083935591090        80062.829829426832        8774277.7836016472       -63405396462.893692        1.6666650127503708     
   1584.8931924611190        10.964781961431862        712613.30918671342        78607305.683032438       -564350761956.10022        1.6666411465292306     
   1584.8931924611190        13.182567385564088        14203061.000085574        1543845267.1588268       -11248048821948.035        1.6663995773566471     
   1584.8931924611190        15.848931924611158        94322807.924982429        10517714441.051918       -74698604789796.812        1.6662510813137372     
   1584.8931924611190        19.054607179632502        19515858.969679996        1204836324.7599494       -15455542294186.002        1.6666636996646667     
   1584.8931924611190        22.908676527677770        2583202.7786146048        277108802.35891604       -2045758584062.6453        1.6666666666666667     
   1584.8931924611190        27.542287033381719        1935137.1234617308        209493777.04371005       -1532525631260.3916        1.6666666666666667     
   1584.8931924611190        33.113112148259177        756236.51088843262        83566257.047939971       -598898969025.93323        1.6666666666666665     
   1584.8931924611190        39.810717055349812        727207.25556525076        80341293.650357008       -575909305703.61328        1.6666666666666667     
   1584.8931924611190        47.863009232263948        769897.27220679913        85058444.838501230       -609717519036.16260        1.6666666666666670     
   1584.8931924611190        57.543993733715844        816952.04687878455        90257504.096246213       -646982388201.49646        1.6666666666666670     
   1584.8931924611190        69.183097091893842        867729.58937662875        95867970.544440210       -687195490612.15979        1.6666666666666670     
   1584.8931924611190        83.176377110267339        922603.74960817758        101931179.62954874       -730652895444.25549        1.6666666666666670     
   1584.8931924611190        100.00000000000031        981992.17887144547        108493295.24515247       -777685360223.91553        1.6666666666666670     
   1995.2623149688870        1.2022644346174132E-002  -82.698949830233332       -4659.7930058944812        82462290.849491745        1.6665172594453603     
   1995.2623149688870        1.4454397707459279E-002  -81.022931939046330       -4431.5772559716852        80792357.286491260        1.6665051281224239     
   1995.2623149688870        1.7378008287493762E-002  -74.640251925435948       -3706.6208965477954        74430119.904204294        1.6664923502758260     
   1995.2623149688870        2.0892961308540410E-002  -58.415888843973960       -2038.2835258161069        58255170.382483125        1.6664789728796299     
   1995.2623149688870        2.5118864315095822E-002  -25.730149701387575        1107.1008138879599        25666343.200790875        1.6664650689827420     
   1995.2623149688870        3.0199517204020192E-002   29.858169126988567        6212.3732537237538       -29759687.987679485        1.6664507444837804     
   1995.2623149688870        3.6307805477010173E-002   112.96479351003421        13596.916033440220       -112625841.96867621        1.6664361462938169     
   1995.2623149688870        4.3651583224016653E-002   225.95614379089633        23427.277542149277       -225291844.56820104        1.6664214719552279     
   1995.2623149688870        5.2480746024977334E-002   370.03193958219481        35859.020928833685       -368953787.24548560        1.6664069805699164     
   1995.2623149688870        6.3095734448019428E-002   546.90823360037029        51208.008237112743       -545322528.88349283        1.6663930044641768     
   1995.2623149688870        7.5857757502918510E-002   759.84813868271806        70026.736742545021       -757651631.12043464        1.6663799602638516     
   1995.2623149688870        9.1201083935591148E-002   1013.4504531954573        93038.876390790567       -1010526638.0432025        1.6663683568512744     
   1995.2623149688870       0.10964781961431870        1312.5180219423148        120981.09496138663       -1308736638.4625740        1.6663587959754647     
   1995.2623149688870       0.13182567385564095        1660.7715269606806        154441.83154892499       -1655991679.3340318        1.6663519592765275     
   1995.2623149688870       0.15848931924611162        2059.9768868872220        193755.91790817142       -2054052621.6221581        1.6663485738548980     
   1995.2623149688870       0.19054607179632502        2509.8027312380987        238992.67754201120       -2502589013.4405584        1.6663493487366863     
   1995.2623149688870       0.22908676527677765        3008.2581397688559        290014.88742102007       -2999615583.0745301        1.6663548788672053     
   1995.2623149688870       0.27542287033381702        3552.4097869598918        346567.15061631764       -3542207352.0641994        1.6663655235959327     
   1995.2623149688870       0.33113112148259155        4139.1043020000061        408364.37999339774       -4127219931.2119827        1.6663812824551760     
   1995.2623149688870       0.39810717055349781        4765.7617189619386        475200.07013883849       -4752080703.8014526        1.6664017065284622     
   1995.2623149688870       0.47863009232263909        5431.2974658481608        547095.01086697285       -5415708167.3276644        1.6664258876822773     
   1995.2623149688870       0.57543993733715781        6137.7556290823695        624598.69350580336       -6120140505.7971411        1.6664525503372174     
   1995.2623149688870       0.69183097091893764        6893.0854856091592        709323.05401487008       -6873304159.1310081        1.6664802332443389     
   1995.2623149688870       0.83176377110267230        7711.6434686375615        804028.13125540304       -7689514407.0793200        1.6665075104772413     
   1995.2623149688870        1.0000000000000016        8595.3047667117262        908906.92724802811       -8570641187.4534683        1.6665331853747596     
   1995.2623149688870        1.2022644346174147        9588.4624809137367        1032532.0996640641       -9560949954.6202221        1.6665564077898527     
   1995.2623149688870        1.4454397707459299        10703.314011760220        1176847.5109316055       -10672603437.305450        1.6665767008542363     
   1995.2623149688870        1.7378008287493782        11973.032042120400        1347932.6661434704       -11938679045.680071        1.6665939160744430     
   1995.2623149688870        2.0892961308540432        13444.996449810709        1554386.7477859405       -13406420734.247654        1.6666081549405352     
   1995.2623149688870        2.5118864315095846        15176.652237267637        1805558.9627851767       -15133108767.513067        1.6666197963484168     
   1995.2623149688870        3.0199517204020214        17081.503001075140        2063581.8636094998       -17032495725.854786        1.6666308204259845     
   1995.2623149688870        3.6307805477010193        17821.642523450628        2006064.7512204133       -17770515887.412270        1.6666482544198562     
   1995.2623149688870        4.3651583224016663        17065.505402895571        1804191.6995085285       -17016547430.498930        1.6666629080038744     
   1995.2623149688870        5.2480746024977334        17627.050709405696        1878317.2175581127       -17576480219.448189        1.6666659540207645     
   1995.2623149688870        6.3095734448019414        18952.335996973030        2015325.8642857382       -18897962706.015652        1.6666660071012875     
   1995.2623149688870        7.5857757502918473        26199.995290642142        2813207.2667715247       -26124818379.888569        1.6666658771521101     
   1995.2623149688870        9.1201083935591090        100458.35124634308        11016059.932995683       -100170039906.46666        1.6666645850137145     
   1995.2623149688870        10.964781961431862        896276.61007001577        98851352.405823261       -893704173425.32214        1.6666338273084278     
   1995.2623149688870        13.182567385564088        17777226.320515528        1924069521.7126057       -17726205022587.297        1.6663235559586143     
   1995.2623149688870        15.848931924611158        119027001.40121540        13380170188.925644       -118685503693719.20        1.6661126040676890     
   1995.2623149688870        19.054607179632502        20117263.430979401        1660159446.3730569       -20059577884198.848        1.6666636829614763     
   1995.2623149688870        22.908676527677770        3218770.6368852169        345060199.32081455       -3209536409653.2700        1.6666666666666667     
   1995.2623149688870        27.542287033381719        2418973.3407296888        261621441.69863722       -2412034150558.2075        1.6666666666666665     
   1995.2623149688870        33.113112148259177        952263.48202775104        105169440.90555897       -949531635907.39954        1.6666666666666667     
   1995.2623149688870        39.810717055349812        915555.06282389525        101145630.66165994       -912928473123.42712        1.6666666666666665     
   1995.2623149688870        47.863009232263948        969307.39515407232        107087056.19560713       -966526598423.14758        1.6666666666666667     
   1995.2623149688870        57.543993733715844        1028552.0283974038        113632695.15488032       -1025601268807.9436        1.6666666666666667     
   1995.2623149688870        69.183097091893842        1092484.1367266041        120696308.81843601       -1089349966569.9557        1.6666666666666667     
   1995.2623149688870        83.176377110267339        1161574.5404406027        128329948.22152513       -1158242161319.6741        1.6666666666666665     
   1995.2623149688870        100.00000000000031        1236349.1634658163        136591737.74674830       -1232802268191.9387        1.6666666666666665     
   2511.8864315095898        1.2022644346174132E-002  -85.058055218555467       -4893.5902045413777        106786206.83262806        1.6664786042899846     
   2511.8864315095898        1.4454397707459279E-002  -83.200783890953687       -4646.5928625687002        104456008.90922870        1.6664633369502935     
   2511.8864315095898        1.7378008287493762E-002  -75.833341168300734       -3839.2102014400180        95209104.183178738        1.6664472563905710     
   2511.8864315095898        2.0892961308540410E-002  -56.948374862771729       -1968.1377421012999        71503457.506218150        1.6664304217921195     
   2511.8864315095898        2.5118864315095822E-002  -18.840706158747992        1563.8416345173878        23665100.737510797        1.6664129251454463     
   2511.8864315095898        3.0199517204020192E-002   45.897243372899950        7289.5790926952495       -57606471.616411768        1.6663948997698770     
   2511.8864315095898        3.6307805477010173E-002   142.44509363118468        15555.933559406947       -178814476.94012848        1.6663765305777061     
   2511.8864315095898        4.3651583224016653E-002   273.37815707189935        26555.710671387453       -343192153.42441612        1.6663580661685706     
   2511.8864315095898        5.2480746024977334E-002   440.16239688102195        40515.791974785898       -552579680.03948140        1.6663398325695891     
   2511.8864315095898        6.3095734448019428E-002   645.32305482445781        57907.993575511275       -810147017.56135154        1.6663222479013424     
   2511.8864315095898        7.5857757502918510E-002   893.67505803033839        79527.564555104909       -1121938818.7179549        1.6663058363025935     
   2511.8864315095898        9.1201083935591148E-002   1191.9011149595233        106388.80488238118       -1496344801.3603067        1.6662912379355932     
   2511.8864315095898       0.10964781961431870        1546.9550535985009        139508.99596173843       -1942095162.2275019        1.6662792097568486     
   2511.8864315095898       0.13182567385564095        1964.3182832980297        179697.90455015103       -2466071572.8476043        1.6662706092104700     
   2511.8864315095898       0.15848931924611162        2446.8328482997640        227423.99742824555       -3071842083.2234902        1.6662663509502462     
   2511.8864315095898       0.19054607179632502        2994.5287249100375        282806.28721870022       -3759444292.3977509        1.6662673269703818     
   2511.8864315095898       0.22908676527677765        3605.2211357217138        345698.22953941859       -4526135256.5269794        1.6662742859003452     
   2511.8864315095898       0.27542287033381702        4275.4661321211788        415806.44135831669       -5367591205.6341171        1.6662876802004758     
   2511.8864315095898       0.33113112148259155        5001.5101450821576        492806.72501520329       -6279099661.0522194        1.6663075099066345     
   2511.8864315095898       0.39810717055349781        5780.3762986332149        576493.71903932397       -7256923253.2168674        1.6663332110652531     
   2511.8864315095898       0.47863009232263909        6611.2054729690726        667000.47206411604       -8299983346.4516516        1.6663636420346994     
   2511.8864315095898       0.57543993733715781        7497.7734194371897        765265.78177839820       -9413020124.1439705        1.6663971987432629     
   2511.8864315095898       0.69183097091893764        8452.8595983847517        873874.63368426869       -10612077422.032499        1.6664320432227222     
   2511.8864315095898       0.83176377110267230        9499.0400699212259        997192.62662799261       -11925498250.922760        1.6664663815992591     
   2511.8864315095898        1.0000000000000016        10638.779105574149        1135482.4309452032       -13356376564.002071        1.6664987081917895     
   2511.8864315095898        1.2022644346174147        11941.542200776832        1302236.7439633685       -14991921882.819633        1.6665279532074133     
   2511.8864315095898        1.4454397707459299        13425.430362752564        1500404.3472783898       -16854859497.766130        1.6665535166016185     
   2511.8864315095898        1.7378008287493782        15141.297422000514        1739417.9132041747       -19009033334.687630        1.6665752117414265     
   2511.8864315095898        2.0892961308540432        17161.718500677845        2032573.1455707101       -21545557339.613758        1.6665931683665576     
   2511.8864315095898        2.5118864315095846        19571.236295983534        2393278.4962386279       -24570570186.814865        1.6666079047201308     
   2511.8864315095898        3.0199517204020214        22165.116492260629        2742271.4966530479       -27827041174.634300        1.6666223963419899     
   2511.8864315095898        3.6307805477010193        22592.258812451735        2544226.3452309147       -28363300415.986012        1.6666459101709483     
   2511.8864315095898        4.3651583224016663        21147.564506030343        2234765.4700490069       -26549566873.796360        1.6666629683118859     
   2511.8864315095898        5.2480746024977334        21892.977045649466        2343652.4245945853       -27485387808.233967        1.6666659072452212     
   2511.8864315095898        6.3095734448019414        23528.145055215751        2507020.1105642724       -29538247550.532181        1.6666658878900689     
   2511.8864315095898        7.5857757502918473        32635.589402661648        3510321.5532149393       -40972112646.692184        1.6666657322931551     
   2511.8864315095898        9.1201083935591090        126074.63378526976        13835142.727014044       -158279402495.87509        1.6666640483702697     
   2511.8864315095898        10.964781961431862        1127213.2351974377        124294383.87767562       -1415150750312.4534        1.6666246042992232     
   2511.8864315095898        13.182567385564088        22218748.147121701        2391940369.6701684       -27894350140194.691        1.6662288867403234     
   2511.8864315095898        15.848931924611158        150633218.91822302        17075932017.634388       -189111415719470.38        1.6659319041885718     
   2511.8864315095898        19.054607179632502        22268080.298041705        2734473851.8628297       -27956343508684.230        1.6666631810505432     
   2511.8864315095898        22.908676527677770        4009275.8543713172        429296417.72530210       -5033418068821.1006        1.6666666666666665     
   2511.8864315095898        27.542287033381719        3022851.0602701725        326489094.99526715       -3795018431093.2974        1.6666666666666667     
   2511.8864315095898        33.113112148259177        1198868.8955779476        132312613.26852006       -1505111881322.7373        1.6666666666666665     
   2511.8864315095898        39.810717055349812        1152662.1063428812        127336838.18693154       -1447101813390.1201        1.6666666666666667     
   2511.8864315095898        47.863009232263948        1220349.8588406816        134819433.29319078       -1532079942989.8586        1.6666666666666663     
   2511.8864315095898        57.543993733715844        1294940.6302354021        143060317.37520406       -1625724421731.4971        1.6666666666666665     
   2511.8864315095898        69.183097091893842        1375433.3565123221        151953335.01371139       -1726778469585.3462        1.6666666666666667     
   2511.8864315095898        83.176377110267339        1462420.9512175573        161564029.06929794       -1835986455871.5959        1.6666666666666667     
   2511.8864315095898        100.00000000000031        1556565.6454787445        171965581.29077092       -1954179774166.0120        1.6666666666666667     
   3162.2776601683922        1.2022644346174132E-002  -87.905148550995435       -5189.1483257688233        138946988.33401358        1.6664299582001931     
   3162.2776601683922        1.4454397707459279E-002  -85.883637422142527       -4929.4839559514276        135753453.64079595        1.6664107458589030     
   3162.2776601683922        1.7378008287493762E-002  -77.487912033729415       -4047.5088916105105        122485744.73989031        1.6663905108546142     
   3162.2776601683922        2.0892961308540410E-002  -55.772025821439925       -1984.4532619423724        88164652.681840599        1.6663693277620273     
   3162.2776601683922        2.5118864315095822E-002  -11.873558607748588        1918.5723532655788        18781238.244181946        1.6663473124326393     
   3162.2776601683922        3.0199517204020192E-002   62.623156332258155        8242.8983933640193       -98967458.123084322        1.6663246327051684     
   3162.2776601683922        3.6307805477010173E-002   173.46720816522810        17366.440196115051       -274169230.45959705        1.6663015213078762     
   3162.2776601683922        4.3651583224016653E-002   323.48252156919443        29526.408044853746       -511287733.54124278        1.6662782910603535     
   3162.2776601683922        5.2480746024977334E-002   514.60407797793550        45063.665907866205       -813381133.35330975        1.6662553521429224     
   3162.2776601683922        6.3095734448019428E-002   750.62931336518261        64676.093413040981       -1186451393.9745247        1.6662332305290664     
   3162.2776601683922        7.5857757502918510E-002   1038.6324394932840        89491.279422710679       -1641680057.0469594        1.6662125854863434     
   3162.2776601683922        9.1201083935591148E-002   1388.2051763124027        120907.72943411888       -2194228160.3171635        1.6661942221526980     
   3162.2776601683922       0.10964781961431870        1809.2286669104885        160305.30156047156       -2859714339.6398497        1.6661790925099185     
   3162.2776601683922       0.13182567385564095        2309.5441360820923        208775.42834409146       -3650532860.5746913        1.6661682748990014     
   3162.2776601683922       0.15848931924611162        2893.4247022711602        266954.71224225557       -4573438026.3532696        1.6661629196425674     
   3162.2776601683922       0.19054607179632502        3561.3946332056889        335025.87362952391       -5629258476.1312284        1.6661641486778711     
   3162.2776601683922       0.22908676527677765        4311.0607151720988        412837.24721289781       -6814211300.0790873        1.6661729038496311     
   3162.2776601683922       0.27542287033381702        5138.3921502926696        500061.88801624847       -8121925147.8440409        1.6661897548148565     
   3162.2776601683922       0.33113112148259155        6038.9673197561933        596348.84021472139       -9545410922.9492016        1.6662147025338023     
   3162.2776601683922       0.39810717055349781        7009.4661110740426        701530.85939039313       -11079420630.770367        1.6662470388418458     
   3162.2776601683922       0.47863009232263909        8049.6317294049759        815950.73163819674       -12723548287.078724        1.6662853289776625     
   3162.2776601683922       0.57543993733715781        9166.1598426382770        941187.86645848665       -14488377237.030472        1.6663275562472146     
   3162.2776601683922       0.69183097091893764        10379.574756357768        1081382.6646405482       -16406348914.270155        1.6663714092379629     
   3162.2776601683922       0.83176377110267230        11725.478170134238        1243448.0327903854       -18533736822.956158        1.6664146314339967     
   3162.2776601683922        1.0000000000000016        13207.187238121318        1427753.0143081266       -20875784498.582016        1.6664553284166919     
   3162.2776601683922        1.2022644346174147        14933.692954772827        1655563.7129096116       -23604766600.358021        1.6664921539373341     
   3162.2776601683922        1.4454397707459299        16932.147172059656        1931390.0870573102       -26763601192.750462        1.6665243528034954     
   3162.2776601683922        1.7378008287493782        19280.928467049845        2269919.6953421440       -30476176223.817509        1.6665516902599851     
   3162.2776601683922        2.0892961308540432        22091.675244086207        2691768.8755432847       -34918951690.795952        1.6665743324336979     
   3162.2776601683922        2.5118864315095846        25487.774351338423        3215713.8564534755       -40286957864.717712        1.6665929964721342     
   3162.2776601683922        3.0199517204020214        29018.003749005369        3680318.8859531800       -45866978723.936775        1.6666121615394407     
   3162.2776601683922        3.6307805477010193        28650.574400798465        3223239.4863643134       -45286215296.657257        1.6666436045394275     
   3162.2776601683922        4.3651583224016663        26199.569539643169        2770452.5880334559       -41412057666.172844        1.6666630826138704     
   3162.2776601683922        5.2480746024977334        27233.826422521568        2932155.8045274881       -43046841246.122231        1.6666658250829240     
   3162.2776601683922        6.3095734448019414        29228.541972706385        3122997.2426158837       -46199765203.345886        1.6666657470936617     
   3162.2776601683922        7.5857757502918473        40675.827655206507        4384840.7979246778       -64293771684.500870        1.6666655604690881     
   3162.2776601683922        9.1201083935591090        158262.82527325963        17381555.329364955       -250156189277.65720        1.6666633745216277     
   3162.2776601683922        10.964781961431862        1417548.3560108151        156261476.58457807       -2240630142006.0586        1.6666130032501079     
   3162.2776601683922        13.182567385564088        27720048.353356183        2964456673.3887706       -43815351853007.672        1.6661116598342998     
   3162.2776601683922        15.848931924611158        191276587.23325649        21809548233.839649       -302339149992644.12        1.6656961927923346     
   3162.2776601683922        19.054607179632502        27663500.476534314        5384181725.9272509       -43726046524666.461        1.6666614137054272     
   3162.2776601683922        22.908676527677770        4991758.9930839334        533757792.89961421       -7890167965310.8193        1.6666666666666667     
   3162.2776601683922        27.542287033381719        3775804.1826730939        407075554.13584608       -5968183419594.4326        1.6666666666666665     
   3162.2776601683922        33.113112148259177        1508954.5159415640        166402348.28181219       -2385112175383.3379        1.6666666666666667     
   3162.2776601683922        39.810717055349812        1451155.6999195074        160309460.29882729       -2293753037613.4038        1.6666666666666667     
   3162.2776601683922        47.863009232263948        1536393.5830558450        169732425.51243120       -2428483345424.3208        1.6666666666666667     
   3162.2776601683922        57.543993733715844        1630304.0171838622        180107498.95429236       -2576921825210.0327        1.6666666666666665     
   3162.2776601683922        69.183097091893842        1731645.3268547927        191303599.76158071       -2737105835284.9863        1.6666666666666667     
   3162.2776601683922        83.176377110267339        1841164.1507699282        203403258.17427021       -2910215541819.5620        1.6666666666666667     
   3162.2776601683922        100.00000000000031        1959694.3206968219        216498612.04539305       -3097568931678.6777        1.6666666666666667     
   3981.0717055349896        1.2022644346174132E-002  -91.389867170853222       -5563.3939974832529        181869840.57146817        1.6663687447084199     
   3981.0717055349896        1.4454397707459279E-002  -89.244047346335606       -5300.1740176720768        177601584.27816677        1.6663445706699154     
   3981.0717055349896        1.7378008287493762E-002  -79.819917541977560       -4357.0929443387295        158850550.04693511        1.6663191109523454     
   3981.0717055349896        2.0892961308540410E-002  -55.186951845873850       -2123.0871979717408        109834497.14256565        1.6662924595495261     
   3981.0717055349896        2.5118864315095822E-002  -5.2789466325866705        2118.8169793206748        10520558.084839446        1.6662647623754359     
   3981.0717055349896        3.0199517204020192E-002   79.349925497554153        8997.1530398514624       -157889755.32590520        1.6662362307236809     
   3981.0717055349896        3.6307805477010173E-002   205.03036227637500        18928.949564551214       -407995373.18106753        1.6662071574794528     
   3981.0717055349896        4.3651583224016653E-002   374.93546198624972        32224.494585652094       -746110875.11729109        1.6661779362188731     
   3981.0717055349896        5.2480746024977334E-002   591.80818184337227        49398.072203521479       -1177694398.2750378        1.6661490829044254     
   3981.0717055349896        6.3095734448019428E-002   861.38855410050928        71464.930929777693       -1714168324.0755396        1.6661212590404404     
   3981.0717055349896        7.5857757502918510E-002   1193.9635359522897        99997.151876903139       -2376003831.1716871        1.6660952936583413     
   3981.0717055349896        9.1201083935591148E-002   1603.0982973424659        136891.94868619653       -3190196147.7621636        1.6660721991172724     
   3981.0717055349896       0.10964781961431870        2102.5733003077175        183991.11574427373       -4184169085.4804530        1.6660531723333691     
   3981.0717055349896       0.13182567385564095        2703.3233083676978        242741.18559079905       -5379683400.7446547        1.6660395690597121     
   3981.0717055349896       0.15848931924611162        3411.4771862279044        313990.02676597855       -6788935826.8254747        1.6660328355952259     
   3981.0717055349896       0.19054607179632502        4228.2110475380132        398004.63464470051       -8414266825.5542593        1.6660343827170188     
   3981.0717055349896       0.22908676527677765        5150.9185746113617        494640.80897039309       -10250489595.106306        1.6660453950886542     
   3981.0717055349896       0.27542287033381702        6174.9284629145677        603555.65059720236       -12288307921.776930        1.6660665898587637     
   3981.0717055349896       0.33113112148259155        7295.1356496300687        724403.57015060529       -14517562395.890162        1.6660979695934839     
   3981.0717055349896       0.39810717055349781        8508.0584047565990        857126.27966338117       -16931324120.315224        1.6661386455245331     
   3981.0717055349896       0.47863009232263909        9814.7256023296231        1002441.1176764497       -19531640472.082954        1.6661868151942170     
   3981.0717055349896       0.57543993733715781        11226.701717041076        1162973.6933594921       -22341525039.012783        1.6662399438827005     
   3981.0717055349896       0.69183097091893764        12776.914897291714        1345346.4582765503       -25426505890.648315        1.6662951254065010     
   3981.0717055349896       0.83176377110267230        14521.622806243635        1560512.8068744063       -28898537910.746990        1.6663495216918520     
   3981.0717055349896        1.0000000000000016        16465.412444420472        1809007.8993168019       -32766749885.713081        1.6664007493523849     
   3981.0717055349896        1.2022644346174147        18779.650971820025        2124384.4400828751       -37372167432.668869        1.6664471141495452     
   3981.0717055349896        1.4454397707459299        21505.457422983687        2513589.1790588889       -42796620154.891838        1.6664876653893319     
   3981.0717055349896        1.7378008287493782        24764.188535583253        2999561.0473364415       -49281611872.422737        1.6665221074983982     
   3981.0717055349896        2.0892961308540432        28728.198507877609        3614343.6487516542       -57170133619.280075        1.6665506536409260     
   3981.0717055349896        2.5118864315095846        33575.163402502963        4383229.1904099090       -66815767571.403946        1.6665743083115283     
   3981.0717055349896        3.0199517204020214        38352.828577059387        4984326.6408413565       -76323498617.313919        1.6665998142452281     
   3981.0717055349896        3.6307805477010193        36328.083019606987        4076027.4042802206       -72294196569.317200        1.6666414264099965     
   3981.0717055349896        4.3651583224016663        32462.888865298522        3439053.3280968666       -64602313670.164757        1.6666632444793257     
   3981.0717055349896        5.2480746024977334        33946.306801912884        3678544.3945487263       -67554364542.429581        1.6666657021496993     
   3981.0717055349896        6.3095734448019414        36344.824899206971        3895858.2534212442       -72327500612.565598        1.6666655798006944     
   3981.0717055349896        7.5857757502918473        50736.347534303786        5483123.5082603395       -100967124276.80920        1.6666653553254016     
   3981.0717055349896        9.1201083935591090        198726.54227770961        21844352.289570659       -395472720307.41418        1.6666625278354235     
   3981.0717055349896        10.964781961431862        1782485.0611679470        196409081.94170618       -3547206875904.7651        1.6665984342575690     
   3981.0717055349896        13.182567385564088        34506448.804449506        3660339148.2238469       -68669029416984.648        1.6659673946279250     
   3981.0717055349896        15.848931924611158        243607213.34657183        27761406588.548790       -484787015538492.81        1.6653898628294752     
   3981.0717055349896        19.054607179632502        40402398.635616295        12312356061.863285       -80402286773531.547        1.6666555028745897     
   3981.0717055349896        22.908676527677770        6211960.6836261172        663228800.04174387       -12362024313032.400        1.6666666666666665     
   3981.0717055349896        27.542287033381719        4713441.8143305844        507022922.91868889       -9379919085287.8672        1.6666666666666665     
   3981.0717055349896        33.113112148259177        1898690.8532615809        209196308.49397257       -3778462964350.4824        1.6666666666666667     
   3981.0717055349896        39.810717055349812        1826930.5974985640        201819070.07152718       -3635657376712.3618        1.6666666666666667     
   3981.0717055349896        47.863009232263948        1934269.0396736523        213685275.93728372       -3849264724950.9692        1.6666666666666665     
   3981.0717055349896        57.543993733715844        2052501.5128074433        226747137.40571275       -4084551586774.3345        1.6666666666666665     
   3981.0717055349896        69.183097091893842        2180089.6344441138        240842648.15428042       -4338456524367.4365        1.6666666666666665     
   3981.0717055349896        83.176377110267339        2317973.5959272250        256075727.05695871       -4612850552284.0518        1.6666666666666665     
   3981.0717055349896        100.00000000000031        2467203.2614759360        272562376.29219621       -4909822937949.0352        1.6666666666666665     
   5011.8723362727451        1.2022644346174132E-002  -95.698421126670908       -6037.2594200571621        239767015.90432811        1.6662917263212729     
   5011.8723362727451        1.4454397707459279E-002  -93.497369675422547       -5782.8605545898090        234254690.19610447        1.6662613134199777     
   5011.8723362727451        1.7378008287493762E-002  -83.100270179446014       -4797.9896203960452        208209176.08280110        1.6662292847609155     
   5011.8723362727451        2.0892961308540410E-002  -55.571458720978576       -2424.2286423188398        139242492.32233331        1.6661957588480909     
   5011.8723362727451        2.5118864315095822E-002  0.37636044948879210        2108.6744632015429       -925832.99963956524        1.6661609194782949     
   5011.8723362727451        3.0199517204020192E-002   95.224538697909438        9476.4313970149451       -238557231.57090196        1.6661250326471317     
   5011.8723362727451        3.6307805477010173E-002   235.92067794073535        20149.368190167537       -591059131.31163108        1.6660884669091407     
   5011.8723362727451        4.3651583224016653E-002   426.18172299694658        34552.282097902811       -1067744027.0311199        1.6660517173610165     
   5011.8723362727451        5.2480746024977334E-002   670.07987627618661        53451.716971728885       -1678813991.9585631        1.6660154328821082     
   5011.8723362727451        6.3095734448019428E-002   976.22596453611163        78295.778926636936       -2445842337.8481007        1.6659804452063389     
   5011.8723362727451        7.5857757502918510E-002   1359.3658714203127        111239.24245805586       -3405773719.8636336        1.6659477965246243     
   5011.8723362727451        9.1201083935591148E-002   1838.3810887695699        154817.49823209795       -4605914658.0800991        1.6659187593249640     
   5011.8723362727451       0.10964781961431870        2432.1505005402955        211455.62609883837       -6093565299.0957813        1.6658948379445566     
   5011.8723362727451       0.13182567385564095        3155.5960487904936        283046.57738695614       -7906111883.4946632        1.6658777362969208     
   5011.8723362727451       0.15848931924611162        4017.2160495503899        370706.03239654779       -10064846503.471682        1.6658692721593213     
   5011.8723362727451       0.19054607179632502        5019.0401389015169        474817.88658354897       -12574854222.831131        1.6658712189143159     
   5011.8723362727451       0.22908676527677765        6158.2834436796484        595274.23663406365       -15429157537.570757        1.6658850662332481     
   5011.8723362727451       0.27542287033381702        7429.6496926154668        731758.30046496878       -18614486781.230942        1.6659117168510422     
   5011.8723362727451       0.33113112148259155        8827.4544251424886        883996.92416862724       -22116599699.587444        1.6659511760351755     
   5011.8723362727451       0.39810717055349781        10348.472407584224        1052168.4160563070       -25927415501.025154        1.6660023291249795     
   5011.8723362727451       0.47863009232263909        11996.214702349449        1237638.4275756862       -30055730760.103317        1.6660629128190603     
   5011.8723362727451       0.57543993733715781        13790.287754166333        1444729.8198904486       -34550667975.512177        1.6661297424790587     
   5011.8723362727451       0.69183097091893764        15783.455891026297        1684018.7871620634       -39544424606.464050        1.6661991651058983     
   5011.8723362727451       0.83176377110267230        18064.740296121832        1972865.0556917794       -45260037728.751976        1.6662676118286106     
   5011.8723362727451        1.0000000000000016        20640.663168304607        2312068.1290972480       -51713849067.971199        1.6663320843089937     
   5011.8723362727451        1.2022644346174147        23781.103515769893        2754605.5894985590       -59582021385.402466        1.6663904502340894     
   5011.8723362727451        1.4454397707459299        27548.854848934192        3311243.6568649658       -69021881786.918381        1.6664415124354610     
   5011.8723362727451        1.7378008287493782        32132.552655114643        4017899.5852338797       -80506043745.103424        1.6664848983274059     
   5011.8723362727451        2.0892961308540432        37799.113925705882        4924472.2229224611       -94703250746.187714        1.6665208821521784     
   5011.8723362727451        2.5118864315095846        44799.020717465894        6062803.6482449565       -112241070454.13943        1.6665508882751203     
   5011.8723362727451        3.0199517204020214        51181.617050246263        6802530.4058096418       -128232269603.40881        1.6665850485499638     
   5011.8723362727451        3.6307805477010193        46027.631789640669        5141500.4580068048       -115319308351.60628        1.6666394666999571     
   5011.8723362727451        4.3651583224016663        40244.693983235746        4277200.3101071119       -100830512955.21629        1.6666634419506516     
   5011.8723362727451        5.2480746024977334        42411.138439977709        4627866.6915243082       -106258396132.20988        1.6666655362721330     
   5011.8723362727451        6.3095734448019414        45245.622653893559        4866670.7235259293       -113360014423.48515        1.6666653797680686     
   5011.8723362727451        7.5857757502918473        63342.311180201417        6863557.0374936517       -158700084250.35925        1.6666651087829196     
   5011.8723362727451        9.1201083935591090        249613.25917436159        27461739.317104213       -625389805911.14001        1.6666614634777177     
   5011.8723362727451        10.964781961431862        2241066.2164839064        246804532.27783552       -5614845462227.5205        1.6665801660841317     
   5011.8723362727451        13.182567385564088        42836819.737722240        4499529374.8288870       -107324867035186.55        1.6657911003859394     
   5011.8723362727451        15.848931924611158        310595527.95072812        35038361787.740791       -778177162952482.75        1.6649959095953197     
   5011.8723362727451        19.054607179632502        71933938.030159965        29739180259.595615       -180226000803024.62        1.6666327903991627     
   5011.8723362727451        22.908676527677770        7726270.3634471716        823653395.16028941       -19357677007805.836        1.6666666666666663     
   5011.8723362727451        27.542287033381719        5879334.8706343202        630820814.12101865       -14730299325781.121        1.6666666666666667     
   5011.8723362727451        33.113112148259177        2388336.4996585269        262880852.36056167       -5983824763524.2549        1.6666666666666665     
   5011.8723362727451        39.810717055349812        2299995.8276936021        254075818.33368540       -5762492717097.7314        1.6666666666666667     
   5011.8723362727451        47.863009232263948        2435164.5360615421        269018632.76560605       -6101149287776.4883        1.6666666666666667     
   5011.8723362727451        57.543993733715844        2584016.6735199727        285462963.55073524       -6474088818338.5801        1.6666666666666665     
   5011.8723362727451        69.183097091893842        2744647.5741742249        303208615.16750431       -6876539287994.5781        1.6666666666666667     
   5011.8723362727451        83.176377110267339        2918241.1286108037        322386436.76064932       -7311466859148.7646        1.6666666666666667     
   5011.8723362727451        100.00000000000031        3106119.1698447331        343142473.91948074       -7782183300020.8877        1.6666666666666667     
   6309.5734448019621        1.2022644346174132E-002  -101.06235903437189       -6636.6101950463199        318780346.59451181        1.6661948369052639     
   6309.5734448019621        1.4454397707459279E-002  -98.910410048102918       -6406.8443376423056        311995018.29910541        1.6661565816795174     
   6309.5734448019621        1.7378008287493762E-002  -87.661627092433065       -5405.1579289762713        276517319.85116482        1.6661162967933782     
   6309.5734448019621        2.0892961308540410E-002  -57.383127342495293       -2932.0846143820349        181015808.95597136        1.6660741317065879     
   6309.5734448019621        2.5118864315095822E-002   4.4206886908004526        1830.5447884767950       -13925201.532951552        1.6660303179645208     
   6309.5734448019621        3.0199517204020192E-002   109.26225637968442        9607.8568059837198       -344620422.02782232        1.6659851904206484     
   6309.5734448019621        3.6307805477010173E-002   264.78509387536371        20945.209278569666       -835180374.06462491        1.6659392127897958     
   6309.5734448019621        4.3651583224016653E-002   475.57470428673139        36437.991746573200       -1500068874.6467400        1.6658930077436953     
   6309.5734448019621        5.2480746024977334E-002   747.78308641244337        57205.798740138183       -2358690381.1274323        1.6658473910896587     
   6309.5734448019621        6.3095734448019428E-002   1094.1289410237910        85272.832881195922       -3451162689.4082584        1.6658034082441964     
   6309.5734448019621        7.5857757502918510E-002   1535.4062149360634        123545.65149727772       -4843075706.9625778        1.6657623688623464     
   6309.5734448019621        9.1201083935591148E-002   2097.4812841859512        175368.21343334299       -6616019683.1984110        1.6657258717319054     
   6309.5734448019621       0.10964781961431870        2805.8019152892311        243899.13377777883       -8850264622.4175816        1.6656958067330547     
   6309.5734448019621       0.13182567385564095        3680.3716740015766        331594.11891655909       -11608907877.200836        1.6656743143758643     
   6309.5734448019621       0.15848931924611162        4732.6969425739235        439913.96885304002       -14928244015.124722        1.6656636783041667     
   6309.5734448019621       0.19054607179632502        5965.9452119631605        569412.89149269508       -18818264129.415359        1.6656661267701933     
   6309.5734448019621       0.22908676527677765        7377.2819546362580        720077.08436158032       -23270027062.112324        1.6656835323362531     
   6309.5734448019621       0.27542287033381702        8960.9533377387143        891700.76255084365       -28265383317.381157        1.6657170312103922     
   6309.5734448019621       0.33113112148259155        10711.033171120922        1084209.8067772689       -33785639726.648830        1.6657666331129108     
   6309.5734448019621       0.39810717055349781        12625.385740163229        1298240.3101194836       -39824059399.628410        1.6658309413038903     
   6309.5734448019621       0.47863009232263909        14712.045488860538        1536254.9111557438       -46405985039.076477        1.6659071155358545     
   6309.5734448019621       0.57543993733715781        17003.793582374019        1805314.1064090249       -53634817543.503792        1.6659911564721499     
   6309.5734448019621       0.69183097091893764        19585.063568344904        2122281.2796296724       -61776884226.400574        1.6660784739818004     
   6309.5734448019621       0.83176377110267230        22596.839600456693        2514668.4963208716       -71276889821.904160        1.6661645812491275     
   6309.5734448019621        1.0000000000000016        26048.649334734684        2983703.0147846141       -82164888507.647003        1.6662457066884540     
   6309.5734448019621        1.2022644346174147        30366.034261198121        3613076.0871621687       -95783157193.275620        1.6663191664518724     
   6309.5734448019621        1.4454397707459299        35645.584189383837        4419563.6729193693       -112436370950.71175        1.6663834524484917     
   6309.5734448019621        1.7378008287493782        42181.481093307542        5459525.7071560854       -133052462961.08182        1.6664380943506256     
   6309.5734448019621        2.0892961308540432        50388.155581047773        6810774.7329411171       -158938666199.16895        1.6664834461461577     
   6309.5734448019621        2.5118864315095846        60606.879936251069        8508292.4414305035       -191171452978.48364        1.6665215521790164     
   6309.5734448019621        3.0199517204020214        68931.181969037774        9337852.2533688452       -217428709827.42944        1.6665675798863631     
   6309.5734448019621        3.6307805477010193        58234.038253604565        6465229.9231463810       -183686877328.81015        1.6666378120159444     
   6309.5734448019621        4.3651583224016663        49940.383838684153        5334107.6623353269       -157526290607.11032        1.6666636548387905     
   6309.5734448019621        5.2480746024977334        53117.905679532647        5839229.0497724572       -167549099305.14346        1.6666653259036104     
   6309.5734448019621        6.3095734448019414        56396.551715571353        6087119.6885104636       -177890887953.70062        1.6666651390818061     
   6309.5734448019621        7.5857757502918473        79156.397851447779        8599632.8086094093       -249681933024.04745        1.6666648105706519     
   6309.5734448019621        9.1201083935591090        313629.39288545394        34533872.261990450       -989276675075.04114        1.6666601250651210     
   6309.5734448019621        10.964781961431862        2817115.0558597404        310022977.93836069       -8885984987027.3184        1.6665572961850494     
   6309.5734448019621        13.182567385564088        53001784.854621127        5502484219.3378649       -167182764201521.41        1.6655774231248723     
   6309.5734448019621        15.848931924611158        395091766.83414525        43638015796.421173       -1246232559406868.5        1.6644988791057531     
   6309.5734448019621        19.054607179632502        154475994.18564188        66349677599.771309       -487261777938960.56        1.6665393191687905     
   6309.5734448019621        22.908676527677770        9604237.1747479066        1026309900.9163595       -30294517541076.168        1.6666666666666667     
   6309.5734448019621        27.542287033381719        7326844.7568977876        784082811.95095694       -23110970491178.852        1.6666666666666667     
   6309.5734448019621        33.113112148259177        3003218.1190728778        330163678.78795803       -9473011180507.3125        1.6666666666666670     
   6309.5734448019621        39.810717055349812        2895540.4588500205        319862121.41244292       -9133364803146.2930        1.6666666666666670     
   6309.5734448019621        47.863009232263948        3065754.5690460452        338679197.27458239       -9670268910847.1270        1.6666666666666670     
   6309.5734448019621        57.543993733715844        3253154.6200185595        359381809.23854411       -10261382405509.004        1.6666666666666667     
   6309.5734448019621        69.183097091893842        3455383.9152533519        381722715.96403819       -10899271588141.486        1.6666666666666665     
   6309.5734448019621        83.176377110267339        3673933.1840864914        405866674.38052475       -11588638646665.168        1.6666666666666670     
   6309.5734448019621        100.00000000000031        3910466.6480246489        431997552.49727547       -12334733012836.039        1.6666666666666670     
   7943.2823472428536        1.2022644346174132E-002  -107.76944630762321       -7393.4015989096624        427968274.38934427        1.6660729727260870     
   7943.2823472428536        1.4454397707459279E-002  -105.81198140393086       -7207.6316354157852        420197702.85440302        1.6660248634848438     
   7943.2823472428536        1.7378008287493762E-002  -93.906221727466260       -6219.3611140418925        372922860.39712089        1.6659742061034157     
   7943.2823472428536        2.0892961308540410E-002  -61.158871343089729       -3695.2384838812127        242884614.79693305        1.6659211891688070     
   7943.2823472428536        2.5118864315095822E-002   6.0936578862158965        1225.6128158866493       -24178159.051026057        1.6658661044273617     
   7943.2823472428536        3.0199517204020192E-002   120.39076892124322        9323.1117036221312       -478062485.78164434        1.6658093734057773     
   7943.2823472428536        3.6307805477010173E-002   290.21690763300035        21248.057832263246       -1152461961.3804288        1.6657515794562905     
   7943.2823472428536        4.3651583224016653E-002   521.51654361899978        37838.865179698034       -2070982606.4080584        1.6656935054902340     
   7943.2823472428536        5.2480746024977334E-002   823.54768792500124        60693.829886482104       -3270388424.0433965        1.6656361768241499     
   7943.2823472428536        6.3095734448019428E-002   1214.7367402317129        92589.029282526739       -4823852564.2603493        1.6655809068980296     
   7943.2823472428536        7.5857757502918510E-002   1723.9172641948148        137389.61996584124       -6845877110.8343859        1.6655293406805498     
   7943.2823472428536        9.1201083935591148E-002   2385.9978138880820        199457.82415533616       -9475089329.4486790        1.6654834858768062     
   7943.2823472428536       0.10964781961431870        3234.8020188936771        282874.73422556790       -12845808265.154770        1.6654457154025202     
   7943.2823472428536       0.13182567385564095        4296.7740493812526        390810.17924271000       -17063047949.541323        1.6654187167055323     
   7943.2823472428536       0.15848931924611162        5587.2514730021448        525179.04881128203       -22187716205.850346        1.6654053570797736     
   7943.2823472428536       0.19054607179632502        7110.9730468542803        686793.68036343798       -28238631193.077682        1.6654084348540836     
   7943.2823472428536       0.22908676527677765        8865.3725920986544        875841.62739646668       -35205601920.824341        1.6654303028873765     
   7943.2823472428536       0.27542287033381702        10844.697398427135        1092385.5383903598       -43065783230.219002        1.6654723910322040     
   7943.2823472428536       0.33113112148259155        13043.540079412152        1336776.2158011028       -51797701277.321663        1.6655347162502685     
   7943.2823472428536       0.39810717055349781        15462.391729860843        1610481.0432231766       -61403305956.359009        1.6656155302887274     
   7943.2823472428536       0.47863009232263909        18117.224718213907        1917787.6082199311       -71946025462.127594        1.6657112716195046     
   7943.2823472428536       0.57543993733715781        21062.250786832636        2270150.3303350653       -83641141832.822891        1.6658169207512346     
   7943.2823472428536       0.69183097091893764        24432.377301299472        2694413.8138620299       -97024390790.319458        1.6659267125546051     
   7943.2823472428536       0.83176377110267230        28450.976681293811        3234169.7663860382       -112982816207.19246        1.6660350078202837     
   7943.2823472428536        1.0000000000000016        33132.317784494859        3891348.6496265293       -131573083656.38800        1.6661370629174599     
   7943.2823472428536        1.2022644346174147        39147.992424402459        4798203.9223369211       -155462174344.40509        1.6662294995397986     
   7943.2823472428536        1.4454397707459299        46647.509990944112        5981002.0259553697       -185243816093.95267        1.6663104170937135     
   7943.2823472428536        1.7378008287493782        56090.937166348420        7528343.1929927897       -222744996881.33881        1.6663792208615631     
   7943.2823472428536        2.0892961308540432        68123.083967246290        9561679.1271731947       -270526348346.51855        1.6664363696332412     
   7943.2823472428536        2.5118864315095846        83182.648502831842        12106989.845514964       -330330005905.74207        1.6664848318106986     
   7943.2823472428536        3.0199517204020214        93592.080108739538        12862728.516853251       -371667368127.20117        1.6665471813657213     
   7943.2823472428536        3.6307805477010193        73525.475820265419        8100080.3729653852       -291980080256.62659        1.6666365397158378     
   7943.2823472428536        4.3651583224016663        62067.274417982604        6676660.6844765339       -246477909282.27292        1.6666638518882282     
   7943.2823472428536        5.2480746024977334        66701.494992471373        7390884.8965979191       -264881046173.98407        1.6666650664997555     
   7943.2823472428536        6.3095734448019414        70384.865594756644        7622229.2834878694       -279508229829.75659        1.6666648477056809     
   7943.2823472428536        7.5857757502918473        99013.956629983091        10783832.522500684       -393198347451.87726        1.6666644476348633     
   7943.2823472428536        9.1201083935591090        394185.44344840641        43439050.829456165       -1565365597921.2402        1.6666584417168016     
   7943.2823472428536        10.964781961431862        3540391.5620135763        389264824.51777989       -14059390151301.025        1.6665287164805032     
   7943.2823472428536        13.182567385564088        65318919.994768322        6689399058.0580187       -259390576807581.97        1.6653208986683643     
   7943.2823472428536        15.848931924611158        499251017.31087637        53447645017.884056       -1982596050140133.8        1.6638885771352276     
   7943.2823472428536        19.054607179632502        363292502.02304047        126319709693.78676       -1442686138418407.0        1.6662159392004661     
   7943.2823472428536        22.908676527677770        11932249.621498168        1581871963.8548422       -47384647446315.602        1.6666666666666661     
   7943.2823472428536        27.542287033381719        9121712.1571933590        973933715.59977245       -36223608401052.984        1.6666666666666665     
   7943.2823472428536        33.113112148259177        3774878.9192398856        414405818.87424219       -14990577277706.848        1.6666666666666667     
   7943.2823472428536        39.810717055349812        3645274.9529612232        402680773.88970816       -14475901429189.775        1.6666666666666667     
   7943.2823472428536        47.863009232263948        3859620.3381427326        426376646.30660546       -15327097213625.711        1.6666666666666667     
   7943.2823472428536        57.543993733715844        4095549.3881095164        452440122.55104053       -16264004780649.109        1.6666666666666667     
   7943.2823472428536        69.183097091893842        4350147.9597269557        480566112.72097129       -17275051653376.686        1.6666666666666667     
   7943.2823472428536        83.176377110267339        4625293.1201352663        510962066.98956752       -18367691930676.590        1.6666666666666667     
   7943.2823472428536        100.00000000000031        4923080.1324914200        543859468.98004210       -19550246198259.824        1.6666666666666667     
   10000.000000000040        1.2022644346174132E-002  -116.17716701210267       -8347.0982213039442        580828156.81387329        1.6659197326183790     
   10000.000000000040        1.4454397707459279E-002  -114.60611566209303       -8228.3574615021662        572976733.73314798        1.6658592477698366     
   10000.000000000040        1.7378008287493762E-002  -102.31621656174306       -7288.5246812749483        511538392.53225505        1.6657955661442796     
   10000.000000000040        2.0892961308540410E-002  -67.517263236664945       -4767.8792964745708        337567649.92434090        1.6657289258328356     
   10000.000000000040        2.5118864315095822E-002   4.5599891036757141        232.72215102779148       -22775512.231912117        1.6656596945093647     
   10000.000000000040        3.0199517204020192E-002   127.49005833381204        8557.1775649424271       -637358252.66120768        1.6655884027919188     
   10000.000000000040        3.6307805477010173E-002   310.83114573710736        21001.723066169165       -1553967415.1831553        1.6655157843885895     
   10000.000000000040        4.3651583224016653E-002   562.57667314028254        38738.413134508948       -2812565637.0890803        1.6654428233571386     
   10000.000000000040        5.2480746024977334E-002   896.43970563335768        63998.574217520691       -4481710355.8035994        1.6653708077570213     
   10000.000000000040        6.3095734448019428E-002   1338.5787656696195        100525.07649556466       -6692180393.7555151        1.6653013868902267     
   10000.000000000040        7.5857757502918510E-002   1928.3374872138825        153395.51254750043       -9640674329.6529350        1.6652366256439823     
   10000.000000000040        9.1201083935591148E-002   2712.1996234354056        228250.49536162324       -13559588404.562159        1.6651790435692766     
   10000.000000000040       0.10964781961431870        3734.6024222969027        330334.56436097692       -18671087508.207607        1.6651316180053113     
   10000.000000000040       0.13182567385564095        5030.1481482702829        463731.71490883041       -25148166317.117130        1.6650977206876418     
   10000.000000000040       0.15848931924611162        6619.1055995318229        630967.72420106689       -33092158904.702648        1.6650809491995855     
   10000.000000000040       0.19054607179632502        8508.4749759196166        833256.66054084734       -42538062607.535217        1.6650848154947264     
   10000.000000000040       0.22908676527677765        10696.622216373033        1071177.2191188452       -53477707488.161644        1.6651122743418518     
   10000.000000000040       0.27542287033381702        13178.775730789461        1345338.7584203794       -65887237551.701271        1.6651651248059476     
   10000.000000000040       0.33113112148259155        15951.539981870977        1656906.4451510105       -79749676353.535629        1.6652433955136992     
   10000.000000000040       0.39810717055349781        19020.740556251174        2008798.6118167783       -95094148497.846741        1.6653449013293993     
   10000.000000000040       0.47863009232263909        22415.915841568898        2408299.7932249876       -112068330678.63503        1.6654651806131033     
   10000.000000000040       0.57543993733715781        26225.924672688932        2873886.5153219346       -131116471971.48604        1.6655979381940718     
   10000.000000000040       0.69183097091893764        30665.981030253453        3448223.4857914648       -153314533940.39926        1.6657359372105112     
   10000.000000000040       0.83176377110267230        36090.028876062715        4200353.9345167316       -180432060151.83347        1.6658720927291899     
   10000.000000000040        1.0000000000000016        42519.919021484158        5133382.2960222363       -212578296779.01590        1.6660004395680810     
   10000.000000000040        1.2022644346174147        51016.236167262461        6456334.4766306570       -255055629593.98932        1.6661167248960955     
   10000.000000000040        1.4454397707459299        61811.668226318565        8210517.6321715889       -309027389609.18347        1.6662185522050035     
   10000.000000000040        1.7378008287493782        75627.408591918502        10535433.691094026       -378099180390.71564        1.6663051679590783     
   10000.000000000040        2.0892961308540432        93468.309385073706        13620720.335136540       -467294760208.83392        1.6663771697382450     
   10000.000000000040        2.5118864315095846        115838.66637229831        17451009.754316922       -579135362202.87854        1.6664389143766756     
   10000.000000000040        3.0199517204020214        127902.73324433612        17734570.951619044       -639449737059.51184        1.6665237306061929     
   10000.000000000040        3.6307805477010193        92585.196690038763        10106817.380426686       -462879743421.62140        1.6666357149314230     
   10000.000000000040        4.3651583224016663        77314.253089031117        8395376.3477695994       -386532607035.67242        1.6666639894392341     
   10000.000000000040        5.2480746024977334        83992.746252667348        9387317.2104759142       -419921725788.03918        1.6666647486701727     
   10000.000000000040        6.3095734448019414        87950.484153060766        9553804.4403305277       -439708435549.18622        1.6666644929089480     
   10000.000000000040        7.5857757502918473        123967.26913812419        13532537.036063870       -619774296010.13953        1.6666640033968982     
   10000.000000000040        9.1201083935591090        495579.26250534423        54654225.372665070       -2477647960461.8086        1.6666563243586026     
   10000.000000000040        10.964781961431862        4448007.0861285198        488497016.85277355       -22237805724198.629        1.6664930754440426     
   10000.000000000040        13.182567385564088        80125064.228545681        8079613033.2009220       -400585166614926.44        1.6650163144559789     
   10000.000000000040        15.848931924611158        624083835.23555100        64280920194.444748       -3120106829740907.5        1.6631628976377792     
   10000.000000000040        19.054607179632502        807842540.53781664        270288881890.37732       -4038809159125244.5        1.6654304663474964     
   10000.000000000040        22.908676527677770        14855543.722906340        12198647386.983391       -74270290667007.281        1.6666666666643686     
   10000.000000000040        27.542287033381719        11345835.272462007        1209467992.7852254       -56723505522324.203        1.6666666666666663     
   10000.000000000040        33.113112148259177        4742457.0940780668        519848514.06517839       -23709914457288.578        1.6666666666666665     
   10000.000000000040        39.810717055349812        4589119.6045055492        506941290.17679858       -22943303430353.602        1.6666666666666663     
   10000.000000000040        47.863009232263948        4859038.0658000540        536781185.94076002       -24292760777599.270        1.6666666666666665     
   10000.000000000040        57.543993733715844        5156061.5711698411        569593598.00486410       -25777729796028.742        1.6666666666666667     
   10000.000000000040        69.183097091893842        5476589.1559535395        605002576.74745381       -27380207458926.004        1.6666666666666667     
   10000.000000000040        83.176377110267339        5822984.3227347489        643269327.47395015       -29112010097865.305        1.6666666666666665     
   10000.000000000040        100.00000000000031        6197884.9840539703        684685278.32416058       -30986325956452.922        1.6666666666666667     
