   7.6259075416338792E-002   79.853054916414877      -0.35006341457572154       0.35071154054766845       0.69854682529103573      -0.30120689263910527     
   7.6259075413611793E-002   105.26682773411443      -0.36161335133747241       0.36245760101045882       0.72115314976361500      -0.23549535102534849     
   7.6259075409491742E-002   138.76870499945557      -0.37351453682419899       0.37461843563665387       0.74429995369594781      -0.18398436709103244     
   7.6259075404882623E-002   182.93278045522197      -0.38570671973141790       0.38715662635266485       0.76781048911159011      -0.14357823906064485     
   7.6259075400499768E-002   241.15237052409637      -0.39809887658318399       0.40001400683679461       0.79142569353488801      -0.11185917429512914     
   7.6259075400979537E-002   317.90073746424150      -0.41055521184111932       0.41311344440060965       0.81477746974038512       -8.6934222262362970E-002
   7.6259075406174895E-002   419.07478938283828      -0.42257617518681639       0.43239178062155531       0.84278280185048315       -6.6068664401900443E-002
   7.6259075406648863E-002   552.44816506646725      -0.38020632831200291        1.2674437429759595        1.5770969176603340        8.3634724799076174E-002
   7.6259075409949237E-002   728.26851633351089        2.4444965948907535        33.012519646116409        27.654785392103108        4.2225632912536870     
   7.6259075407554916E-002   960.04487910498483        82.677689627480007        693.67176084450546        527.75117841539986        73.642836646733457     
   7.6259075408297336E-002   1265.5856312090382        1091.5839361200665        6678.2816441626492        4494.3751741435335        587.74921212443144     
   7.6259075408299751E-002   1668.3667865615321        715.25310721388337        3132.8552385764433        1701.5843197265960        235.33602456292874     
   7.6259075407814389E-002   2199.3357587544410        336.41686056271010        1033.2320415941936        357.35002918876546        68.784599774415526     
   7.6259075407675153E-002   2899.2891843208172        170.25252713652057        328.62632480299851       -15.916395433728695        21.356135348878169     
   7.6259075407650076E-002   3822.0075042533708        92.010012102141644        132.63801928529244       -57.791860105553695        7.9346919056892604     
   7.6259075407658777E-002   5038.3871472957371        76.742245046560399        142.25821473108459       -41.753059585430194        5.8453277908891543     
   7.6259075407659110E-002   6641.8878083786303        78.440352726723248       -80.219361957823807       -289.06236911936054        2.1583008250959890     
   7.6259075407657959E-002   8755.7133601306468        48.279411047757890       -92.785864639216697       -220.67373716327603       0.62443873573752473     
   7.6259075407658167E-002   11542.278137860618        30.265574624229480       -58.180758576500054       -135.96616073253776       0.28252751562680378     
   7.6259075407658222E-002   15215.685933527076        22.366924195379173       -37.221223296366446       -92.239752591346559       0.17610062878383043     
   7.6259075407658486E-002   20058.180513630079        19.373198372173274       -27.473838572226690       -72.927881979337442       0.12622234923042799     
   7.6259075407658486E-002   26441.831625273673        18.748266163562295       -15.590748140675371       -57.864252100630864       0.11988374923785411     
   7.6259075407658486E-002   34857.122719790939        19.353630978685562       -14.856354553331524       -57.252329135595232        9.4115648569868857E-002
   7.6259075407658611E-002   45950.636912052127        20.730412636006946       -12.692833293288315       -57.233116154235006        8.0502939626288683E-002
   7.6259075407658569E-002   60574.736750271477        22.565068422433477       -15.653424483817037       -63.417142422783229        6.3337498712463539E-002
   7.6259075407658555E-002   79853.054907325815        24.910700029741676       -16.127906094948344       -68.318113603393229        5.3674322270079469E-002
   7.6259075407658528E-002   105266.82772589702        27.750597533495817       -16.697627237537056       -74.419157944016007        4.6001660432387952E-002
   7.6259075407658472E-002   138768.70499612010        31.098497429388068       -17.465678472347541       -81.808149294545842        3.9619557299578417E-002
   7.6259075407658458E-002   182932.78046188146        34.989144786809703       -21.269684158619178       -93.362164561735284        3.3026145894298184E-002
   7.6259075407658444E-002   241152.37054673512        39.490450448214595       -27.211957766989308       -108.31308530770059        2.7185685029498256E-002
   7.6259075407658458E-002   317900.73749208532        44.704628569317428       -21.129517622143798       -112.71969756677930        2.5618546424294262E-002
   7.6259075407658444E-002   419074.78939099301        50.702996039179844       -42.126861110277872       -145.80332248274948        1.8702658007944000E-002
   7.6259075407658472E-002   552448.16507378395        57.584426805654111       -31.835229358419113       -149.38067346362780        1.8297471377113045E-002
   7.6259075407658458E-002   728268.51631163806        65.478482040691446       -44.912396675296364       -178.37100463893609        1.4851359906687038E-002
   7.6259075407658472E-002   960044.87910629401        74.570661659268296       -37.514544354953756       -189.34140842191550        1.3901475059751891E-002
   7.6259075407658458E-002   1265585.6311984435        85.002556084562869       -43.224666335076151       -216.13300233130224        1.1984069221180629E-002
   7.6259075407658458E-002   1668366.7865475123        96.949951136941877       -45.984503617322339       -243.02411024095869        1.0513018397930281E-002
   7.6259075407658486E-002   2199335.7587499581        110.62849376743956       -47.244674961198463       -271.89387099547196        9.2753774423156594E-003
   7.6259075407658514E-002   2899289.1843202030        126.30928472569617       -63.295179275306630       -319.59548196650002        7.7828040124745951E-003
   7.6259075407658500E-002   3822007.5042538163        144.24873041812569       -62.022528966033562       -354.49825780067852        6.9430301153861947E-003
   7.6259075407658583E-002   5038387.1472957563        164.72114207328769       -138.03079373424109       -471.70116135969869        4.9927885547826241E-003
   7.6259075407658597E-002   6641887.8083786257        188.07760236497757       -24.737867130776436       -405.29958012093732        5.8455499728070192E-003
   7.6259075407658597E-002   8755713.3601307720        210.99449107827274       -108.15738466755744       -530.90583746492598        4.2412029269448285E-003
   7.6259075407658597E-002   11542278.137860755        241.43746547707190       -123.58625551113600       -607.22065710745255        3.6819891427769861E-003
   7.6259075407658597E-002   15215685.933527244        276.32453386115776       -141.26229489661478       -694.67083325594047        3.1970778081453228E-003
   7.6259075407658583E-002   20058180.513630226        316.30316022282415       -161.53551662547449       -794.90130770578730        2.7763601913084017E-003
   7.6259075407658583E-002   26441831.625273865        362.11529970736893       -184.75884252621648       -909.74891258070534        2.4113320972132405E-003
   7.6259075407658597E-002   34857122.719791204        414.61124151601126       -211.40400500724110       -1041.3859586790895        2.0944455217331410E-003
   7.6259075407658597E-002   45950636.912052400        474.76548098619253       -241.85673527751578       -1192.1471678820758        1.8195090791290021E-003
   7.6259075407658597E-002   60574736.750271872        543.69491830440393       -276.93696877011297       -1365.0862760143775        1.5805472626057881E-003
   9.6004487921059478E-002   79.853054916001255      -0.41180310123033570       0.41245920302427941       0.82200839490243360      -0.44660386568688981     
   9.6004487918170164E-002   105.26682773416542      -0.42534229823624037       0.42619507408351731       0.84859415940204785      -0.34925265863300231     
   9.6004487916321060E-002   138.76870500434728      -0.43937849857979688       0.44049083524113591       0.87601373281978134      -0.27300545093270578     
   9.6004487912602091E-002   182.93278046564063      -0.45386649600463536       0.45532309060425019       0.90412156205963845      -0.21324561588583690     
   9.6004487909084626E-002   241.15237054285524      -0.46873294674313104       0.47064924968561705       0.93269566751987609      -0.16637248950246800     
   9.6004487904047059E-002   317.90073747028953      -0.48386415745540895       0.48640034736279497       0.96140556489923845      -0.12957512065294705     
   9.6004487899763818E-002   419.07478934356351      -0.49908551244414079       0.50251660497628714       0.98980585996615900      -0.10064473041171315     
   9.6004487907158417E-002   552.44816505381084      -0.51295590780182165       0.54165426073185230        1.0376305872155795       -7.3327579623247707E-002
   9.6004487913281991E-002   728.26851633176034      -0.35823226950722997        2.9946725109251968        3.1611870905465937       0.32760546459963957     
   9.6004487918111309E-002   960.04487918111306        7.0507727943782310        80.723257524263602        66.046801531490701        10.110936719317047     
   9.6004487914591721E-002   1265.5856312506771        244.39671424803606        1943.3328670296087        1453.7721946968256        199.69969711470256     
   9.6004487914662776E-002   1668.3667866176045        1800.9977735912787        10436.027197379406        6833.0938214549196        892.54912451447296     
   9.6004487915633485E-002   2199.3357588645949        993.22223683618199        4104.3016776015556        2116.8421551397732        301.34309447408390     
   9.6004487915819614E-002   2899.2891844769433        476.76425167311965        1363.4258456200489        402.84365548632553        89.835717519167559     
   9.6004487915761688E-002   3822.0075044581354        241.38932796060664        424.57169899688569       -65.534733672558957        27.914143006134537     
   9.6004487915803544E-002   5038.3871475672913        135.82108860866117        204.92357972372781       -82.334139273508072        11.466168538766146     
   9.6004487915804237E-002   6641.8878087366265        137.91265452272384        213.52177137337665       -136.06489516948383        9.6710939304016676     
   9.6004487915804251E-002   8755.7133606027110        134.58469723656199       -188.07403400394693       -555.43309444440376        3.0734375825366289     
   9.6004487915803391E-002   11542.278138482787        79.520033450537312       -202.90158638961736       -417.70696610865400       0.59716593903592163     
   9.6004487915803377E-002   15215.685934347237        50.107830885657535       -87.556566562647618       -218.53645975751292       0.51462365391723064     
   9.6004487915803391E-002   20058.180514711199        37.456407075327938       -54.597505416378020       -147.88991241867686       0.32368004510842707     
   9.6004487915803571E-002   26441.831626698910        32.671533222684062       -43.754139500499114       -121.12779526292648       0.21501746057771051     
   9.6004487915803724E-002   34857.122721669824        31.530740402754208       -32.745989424624177       -104.34654691598254       0.17583691429722090     
   9.6004487915803766E-002   45950.636914528935        32.376319360695618       -27.110228199097545       -98.435662172982504       0.14640509046046196     
   9.6004487915803821E-002   60574.736753536614        34.442720937660546       -30.299426176658287       -104.59075242679378       0.11355119065952440     
   9.6004487915803738E-002   79853.054911630024        37.323536336912227       -22.101393684967782       -101.33650355739972       0.10485769459364880     
   9.6004487915803655E-002   105266.82773157101        41.068832858687287       -33.247549611835254       -119.48693904590077        7.8597283777552651E-002
   9.6004487915803682E-002   138768.70500360004        45.645212812244218       -25.153034416781576       -120.27710409826079        7.3973272880469579E-002
   9.6004487915803627E-002   182932.78047174192        51.060783758293049       -32.979226273275572       -138.80095089698764        5.9950542714635374E-002
   9.6004487915803585E-002   241152.37055973368        57.378005195066116       -32.811487748975644       -151.22617932799474        5.2614082125886023E-002
   9.6004487915803571E-002   317900.73750922061        64.690381126625610       -40.663956267536037       -173.72722092229176        4.3768313781743909E-002
   9.6004487915803599E-002   419074.78941358189        73.186830506104258       -27.244518235912402       -177.44114399273050        4.1788662585589456E-002
   9.6004487915803571E-002   552448.16510356148        82.943317471753645       -59.680687360877187       -229.56592014768529        3.0867501089416972E-002
   9.6004487915803571E-002   728268.51635089272        94.151818878299764       -55.593099505711386       -248.11795056560595        2.8143575419610448E-002
   9.6004487915803585E-002   960044.87915804179        107.01253512143188       -57.122006982584523       -275.63189843376580        2.4843321542933214E-002
   9.6004487915803557E-002   1265585.6312666598        121.83613528913352        3.2890765015532679       -245.24728968513489        2.6622324457570325E-002
   9.6004487915803571E-002   1668366.7866374396        138.84426762833834       -61.620301940546341       -344.61938585523853        1.9240576094832627E-002
   9.6004487915803585E-002   2199335.7588685052        158.30869892001635       -31.541121020370923       -353.94521405375235        1.8321037592414085E-002
   9.6004487915803655E-002   2899289.1844764790        180.57671171421549       -242.10249236906472       -609.54165908559321        9.0179316264295123E-003
   9.6004487915803682E-002   3822007.5044598305        206.13759139105866       -116.43376872957276       -535.60048684153412        1.1820121855363196E-002
   9.6004487915803655E-002   5038387.1475673281        235.32069011431645       -133.43675212611373       -611.54723649695143        1.0219084703578570E-002
   9.6004487915803682E-002   6641887.8087366289        268.58250820779483       -131.53228248647150       -676.64044242435602        9.1401946668854851E-003
   9.6004487915803585E-002   8755713.3606027029        306.49100749792211        398.63254309134373       -222.62191863011975        1.3920979641228334E-002
   9.6004487915803585E-002   11542278.138482882        342.24314581738145       -175.51088852590462       -860.95329704949575        6.5671048431463824E-003
   9.6004487915803571E-002   15215685.934347361        391.60041218311625       -200.52389603570489       -984.68083728865759        5.7011918834234633E-003
   9.6004487915803599E-002   20058180.514711361        448.16256396391896       -229.18950037317526       -1126.4707452007915        4.9502876892694586E-003
   9.6004487915803599E-002   26441831.626699083        512.97932232545065       -262.04722435824374       -1288.9619859144227        4.2988749146937203E-003
   9.6004487915803585E-002   34857122.721669987        587.25361820503815       -299.69822260560221       -1475.1615758999569        3.7336493506783326E-003
   9.6004487915803585E-002   45950636.914529130        672.36403776478869       -342.89012994437581       -1688.5743223701249        3.2429864280615643E-003
   9.6004487915803599E-002   60574736.753536828        769.89055802823134       -392.37031010194426       -1933.1075430691790        2.8170946069120493E-003
  0.12086248949593136        79.853054919848759      -0.48469109012622746       0.48535553749421928       0.96776188255103346      -0.66242538714421095     
  0.12086248950460739        105.26682774996202      -0.50041882587258224       0.50128028152426996       0.99872536618129670      -0.51796381090936505     
  0.12086248950782104        138.76870503153378      -0.51680036588310174       0.51792151506812745        1.0308383633570277      -0.40493352817219236     
  0.12086248950554697        182.93278050512384      -0.53380706585670024       0.53527153495673141        1.0639893558829330      -0.31643230413113349     
  0.12086248950186322        241.15237059638963      -0.55138496806742632       0.55330563105236774        1.0979968356118350      -0.24708391890246223     
  0.12086248949751074        317.90073754609438      -0.56944372735977278       0.57197488963140275        1.1325794406193384      -0.19269744978245243     
  0.12086248949192414        419.07478944281991      -0.58784004867553308       0.59119712663682789        1.1673129185544235      -0.15000247534579075     
  0.12086248947833411        552.44816507998632      -0.60634294682803891       0.61106164288462517        1.2017640581464288      -0.11639022087865879     
  0.12086248946415962        728.26851623440473      -0.62014398511781066       0.71356269281292173        1.3082424348892303       -7.4170228970996024E-002
  0.12086248946352772        960.04487899946071      -0.12687530736632308        7.7236309380534713        7.3067903775999818        1.0040566846626398     
  0.12086248946796939        1265.5856311041193        18.983471966022883        200.36182143094271        161.68615455823596        24.303302489692449     
  0.12086248947198985        1668.3667864786669        721.70497522007770        5448.0753901422604        4003.6244275751801        542.04029338190537     
  0.12086248947326431        2199.3357586823927        2766.8585150035906        15176.759399807961        9641.8553223235904        1262.4464162614670     
  0.12086248947341638        2899.2891842347808        1379.1915049615059        5375.5786497132158        2615.6119270382355        386.12668461170779     
  0.12086248947372456        3822.0075041509549        676.46724043062113        1780.2710145233614        412.23023093484721        116.99696571445821     
  0.12086248947377104        5038.3871471620905        342.35792478263556        564.26394041129436       -134.43437314760797        36.977382424202830     
  0.12086248947379553        6641.8878082037654        207.39906490933532        441.64172182867304       -13.546687231645762        19.336770166462319     
  0.12086248947379870        8755.7133599004901        259.07959623107297        225.00748425782075       -464.93086316640193        15.335787402029258     
  0.12086248947379852        11542.278137557167        230.88384237861794       -488.12927553348834       -1131.7846652848816        3.4303240517896088     
  0.12086248947379902        15215.685933127097        132.78687494491109       -304.03980209319820       -669.12661144639981        1.2746794357561824     
  0.12086248947379848        20058.180513102645        84.298856632316514       -160.65236755761288       -384.20907275329142       0.76389381593096839     
  0.12086248947379843        26441.831624578372        63.746395433293522       -84.758195385840054       -245.40098795931425       0.57113911195928124     
  0.12086248947379924        34857.122718874591        55.595610645551538       -80.189155908184887       -213.21433658911434       0.33382414215442402     
  0.12086248947380175        45950.636910845016        53.247169059845746       -62.965632086451159       -184.97155641948382       0.26602185430734743     
  0.12086248947380171        60574.736748680210        54.478114827034737       -75.740041544610023       -196.85177302270000       0.17714485944065961     
  0.12086248947380070        79853.054905227458        57.318885956804479       -41.947067301832604       -166.33725267486670       0.19433424084729237     
  0.12086248947380074        105266.82772313092        61.824487165869591       -42.979018036865369       -174.89098515505034       0.15925287918036365     
  0.12086248947380072        138768.70499247377        67.794971849715495       -43.273348115220429       -186.23749633626886       0.13449581614175293     
  0.12086248947380276        182932.78045707781        75.166495803524356       -45.946448623137137       -203.17173123174624       0.11369097148990595     
  0.12086248947380275        241152.37054040266        83.923987424965532       -48.901862650020178       -223.40326188562517        9.7018706832320084E-002
  0.12086248947380274        317900.73748373741        94.175315268209886       -54.284512051670205       -249.23034692486698        8.2509726499612579E-002
  0.12086248947380281        419074.78937998862        106.08771249836484       -59.373752717334440       -278.23917728051646        7.0825956804148035E-002
  0.12086248947380282        552448.16505927721        119.91792560483202       -69.502592998107360       -316.31000351455179        6.0091191949852518E-002
  0.12086248947379828        728268.51629248715        135.83176067583415       -40.079024755271661       -319.09304758613598        5.7964516493477433E-002
  0.12086248947379628        960044.87908103224        154.09324543423466       -78.754120685574492       -394.73943022252303        4.5629755185426238E-002
  0.12086248947379630        1265585.6311651410        175.06338208159735        57.991008657430172       -300.47904442954166        5.3361913229232200E-002
  0.12086248947379633        1668366.7865036116        199.30376555175604        48.398434048140473       -359.37206189029519        4.4785432008526110E-002
  0.12086248947379630        2199335.7586920843        227.04742819699015       -190.13739409606910       -654.28523689086774        2.5204391852498457E-002
  0.12086248947379634        2899289.1842439105        258.80455957232834        25.993061373869409       -502.63829160857449        3.1895643524813007E-002
  0.12086248947379633        3822007.5041532437        295.10309144589615       -13.363800398297258       -615.59464210591807        2.6213350015540961E-002
  0.12086248947379637        5038387.1471631713        336.79380510620763        302.00084264661280       -384.84054488655238        3.0294217838894022E-002
  0.12086248947379637        6641887.8082038444        384.30049763656854       -77.586190622076344       -860.56784755074636        1.8527246500880456E-002
  0.12086248947379638        8755713.3599003684        438.35824758846036        11.834730900242050       -880.16000805800104        1.7402203167305570E-002
  0.12086248947379637        11542278.137557019        499.91475271811754       -1744.0578693167006       -2759.7940157728708       -3.3636268609303459E-003
  0.12086248947379637        15215685.933126841        555.03921540779481       -284.71330350499011       -1395.9954141795642        1.0167879840418111E-002
  0.12086248947379637        20058180.513102397        635.06218180307383       -325.28203417936629       -1596.6100776239100        8.8271097123714583E-003
  0.12086248947379638        26441831.624578055        726.76591081047559       -371.74611330501682       -1826.4816147842560        7.6645603422469174E-003
  0.12086248947379637        34857122.718873940        831.85229878865266       -425.04272648615188       -2089.9510039137217        6.6558922101214342E-003
  0.12086248947379637        45950636.910843208        952.27165944249953       -486.14183181099594       -2391.8888305351034        5.7806232637215979E-003
  0.12086248947379635        60574736.748677835        1090.2591178015225       -556.09076305857582       -2737.8126785261229        5.0211311187116948E-003
  0.15215685934489839        79.853054912378013      -0.57108882272675843       0.57176265593769060        1.1405292198154775      -0.98344531872260266     
  0.15215685935454865        105.26682773923348      -0.58922955985981351       0.59009989592056034        1.1763185704270356      -0.76865638379730683     
  0.15215685936550483        138.76870502369320      -0.60819115644222377       0.60932097071504554        1.2135942549180752      -0.60078848730146084     
  0.15215685937614373        182.93278051102070      -0.62796254547041819       0.62943500218046455        1.2522806316347805      -0.46949587611582699     
  0.15215685937769630        241.15237061397386      -0.64851035465266815       0.65043660375457946        1.2922387970973337      -0.36673053897170471     
  0.15215685937358400        317.90073757213128      -0.66976882614930378       0.67229922534355946        1.3332391141090203      -0.28622725552711742     
  0.15215685936900500        419.07478948390241      -0.69162501748150074       0.69496578629848604        1.3749212787880691      -0.22310460456224390     
  0.15215685936260534        552.44816517302638      -0.71389632419357296       0.71833783109055449        1.4167370758776117      -0.17355462302365207     
  0.15215685934294321        728.26851634835612      -0.73625225048198739       0.74325728000471125        1.4587735009897682      -0.13436849913179347     
  0.15215685932318462        960.04487903002916      -0.74201050892808063        1.0535322871430024        1.7513670647897539       -5.1120031150764411E-002
  0.15215685930805609        1265.5856309720730       0.73185502217204101        20.510605999096843        18.229519895885609        2.8030920177335359     
  0.15215685930178607        1668.3667861803483        49.847162371726668        489.96014372506363        389.38153495636953        57.565681610455016     
  0.15215685930103842        2199.3357582551339        1934.7236653025429        13865.956812078679        9995.1260517618684        1336.4651494463133     
  0.15215685930269549        2899.2891836994709        4059.8689879462427        21067.430758857605        12946.191486579188        1705.9616293268600     
  0.15215685930207082        3822.0075034198421        1919.8777634768130        7069.6696133454379        3226.2711570095153        496.90702434916284     
  0.15215685930212972        5038.3871461983090        959.39250406812346        2301.0045940892992        351.93206494617391        151.94480680779668     
  0.15215685930207742        6641.8878069296252        486.17132474089266        767.73423577721633       -232.97134599602663        49.555309527380800     
  0.15215685930209485        8755.7133582216211        335.65335665221880        919.51735866378488        140.89924622522494        34.106765896250167     
  0.15215685930209460        11542.278135343982        497.57662229665112        398.72973357989514       -978.28010971947151        28.309385324592384     
  0.15215685930209402        15215.685930209433        399.24438502689264       -977.75556322839770       -2110.6871540239240        4.5089431460161311     
  0.15215685930209366        20058.180509256457        226.00450634850731       -559.69787000119288       -1190.2718437101878        1.8149683298362125     
  0.15215685930209366        26441.831619508117        144.88377895196001       -229.99635698765121       -618.87280940492496        1.5434953675539020     
  0.15215685930209324        34857.122712190365        109.96714226939518       -195.63964381674703       -475.90239738641452       0.73762504773592696     
  0.15215685930209336        45950.636902032573        95.223857482935870       -168.35502530875209       -398.80736153755163       0.45120812765362317     
  0.15215685930209347        60574.736737063206        90.310468063111657       -78.548765335028904       -287.74985528608687       0.50701477363703462     
  0.15215685930209363        79853.054889914012        91.635296078824808       -77.764667748693881       -283.50011437414889       0.38262829950406119     
  0.15215685930209377        105266.82770294395        95.620976713854660       -88.883905375546902       -298.07797466078466       0.28448452688596348     
  0.15215685930209374        138768.70496586213        102.61052801387513       -60.735380293547479       -281.18146479412178       0.26554191054509785     
  0.15215685930209388        182932.78042199390        112.14088229960161       -76.069268424877890       -313.98765021276296       0.20981179908281350     
  0.15215685930209386        241152.37049415309        124.00517464394875       -73.847111454234934       -334.62684690107289       0.18115291419712168     
  0.15215685930209380        317900.73742276855        138.15752289763446       -76.466480201864485       -365.11784475209924       0.15505975632554730     
  0.15215685930209380        419074.78929961572        154.80793324149727       -97.828074489134337       -419.71536481634689       0.12687887043929255     
  0.15215685930209394        552448.16495332553        174.25049963672825       -96.568252640514785       -457.62218694126130       0.11175102624292593     
  0.15215685930209397        728268.51615284325        196.79042438846093       -137.66228291994713       -544.36772694368403        8.9561704615633536E-002
  0.15215685930209394        960044.87889696134        222.74188137404974       -151.50001772142033       -610.87071972520368        7.7443547968233883E-002
  0.15215685930209391        1265585.6309224893        252.56751066188667       -9.7112864373133618       -529.67554577889268        8.5998780051547430E-002
  0.15215685930209388        1668366.7861837335        286.87362598785552       -159.24831012479609       -749.01160540628780        6.0511614679595510E-002
  0.15215685930209391        2199335.7582704038        326.47217269644892       -494.40452651758454       -1164.9880784700258        3.0535618772060374E-002
  0.15215685930209380        2899289.1836880241        371.84557596676922       -321.24830418907618       -1084.4107804399328        3.9046869665751452E-002
  0.15215685930209377        3822007.5034204423        423.72299642079656       -267.84266865904533       -1136.7175741847545        3.7635394092579044E-002
  0.15215685930209377        5038387.1461971495        483.04502775039168       -264.40525387130322       -1254.0174087658777        3.3757691067884052E-002
  0.15215685930209377        6641887.8069303790        551.04537858865240       -867.52086559584359       -1995.5307167109754        1.6229835373410040E-002
  0.15215685930209377        8755713.3582216129        628.45725158815560       -736.15153151011589       -2021.1988606726313        1.8419416279362104E-002
  0.15215685930209374        11542278.135343987        716.36830357209271        733.63848686188123       -728.95138578860553        3.6633652631749759E-002
  0.15215685930209377        15215685.930209503        786.81452895783127       -1472062817534.5486       -1472062819109.6929       -14720628.153165128     
  0.15215685930209377        20058180.509256594        900.02642581860198       -461.74700399461091       -2263.3151987621882        1.5742170305726510E-002
  0.15215685930209377        26441831.619508296        1029.7675755046298       -527.50169506025691       -2588.5521892412089        1.3666581966447813E-002
  0.15215685930209372        34857122.712190680        1178.4459182577120       -602.87458797076602       -2961.2817675996203        1.1866550812635514E-002
  0.15215685930209372        45950636.902032971        1348.8207169092116       -689.29118869549939       -3388.4479655936034        1.0304933601353556E-002
  0.15215685930209372        60574736.737063684        1544.0540231987084       -788.36114963435682       -3877.9845390998075        8.9498255460049858E-003
  0.19155413676458821        79.853054894246227      -0.67389690808601244       0.67458290403493026        1.3461112505315906       -1.4620377995179348     
  0.19155413677276162        105.26682771314640      -0.69470770970115503       0.69558788408779182        1.3872387963374624       -1.1419867645623325     
  0.19155413678190258        138.76870498593362      -0.71651680477872637       0.71765497092124375        1.4302113150389069      -0.89214998137336343     
  0.19155413679262642        182.93278045869425      -0.73933126333797949       0.74081079636920466        1.4749900266042770      -0.69698045900585748     
  0.19155413680445899        241.15237055742986      -0.76313895979308377       0.76507012535602659        1.5214796922943084      -0.54439959981038988     
  0.19155413681811265        317.90073752884302      -0.78789943804607598       0.79042988570949702        1.5695034976883910      -0.42501675181798126     
  0.19155413682433270        419.07478945305701      -0.81353058041751602       0.81686050875108462        1.6187665376550184      -0.33152550207082293     
  0.19155413681727196        552.44816513523654      -0.83988882620715344       0.84429387522667265        1.6688025352497113      -0.25823604067136147     
  0.19155413681237676        728.26851637403718      -0.86673853797750278       0.87261280400024244        1.7188996953232913      -0.20071044230429522     
  0.19155413680680139        960.04487916060873      -0.89350754152555933       0.90599226889687412        1.7719495647474817      -0.15450160125409870     
  0.19155413679459224        1265.5856311893788      -0.86288535745793149        1.8875493179102563        2.6562862428497298        4.9368342987504213E-002
  0.19155413678246325        1668.3667864299230        3.3610849747322979        54.363793019969208        46.645417676487384        7.4329118989836189     
  0.19155413677660982        2199.3357585277377        132.28635396257388        1224.1936365105448        958.48937839856831        139.17166160538102     
  0.19155413677743366        2899.2891840397278        4476.5665271323114        30443.170756752039        21488.236251995288        2844.7067691464549     
  0.19155413677725416        3822.0075038804976        5792.8981627905196        28419.960202622893        16832.256677068253        2242.3963700303420     
  0.19155413677703281        5038.3871467977988        2685.3890057055155        9397.3356437247312        4014.0679019777522        645.33633439395885     
  0.19155413677720787        6641.8878077282588        1358.6927883326912        2910.3637402198970        134.58943912514451        195.85987133894477     
  0.19155413677722380        8755.7133592741502        693.76312175621183        965.95627748816787       -483.51838961155272        65.124032135022176     
  0.19155413677722760        11542.278136731737        590.16644107876436        1953.9588132116364        488.42821660911295        64.321227229000726     
  0.19155413677723118        15215.685932039189        959.37618219652825       -1189.0095948769929       -3918.5902203664627        28.332380823314864     
  0.19155413677723310        20058.180511668794        691.67129612460951       -2080.9393846591784       -4070.4858854516542        3.9964123329129233     
  0.19155413677723376        26441.831622688289        391.16035075319274       -974.08358485811573       -2077.2755825285803        3.0387208055878014     
  0.19155413677723335        34857.122716382662        253.90263798051831       -391.70042835181277       -1080.1964516005692        2.6805735002437192     
  0.19155413677723312        45950.636907559012        191.51553697889901       -390.00495823409574       -883.67746499882583        1.0424728158014371     
  0.19155413677723301        60574.736744348411        163.94245013687762       -323.03029340180808       -724.74143122643488       0.65116152083588752     
  0.19155413677723299        79853.054899517680        153.85324050548087       -149.76966631884497       -510.64772694507974       0.79637649138830446     
  0.19155413677723296        105266.82771560390        154.68211561156053       -146.47022591646905       -497.77894193078646       0.59580351544215104     
  0.19155413677723304        138768.70498255131        160.05866566709363       -97.704041193374138       -451.37010878707787       0.52965766433303640     
  0.19155413677723290        182932.78044399424        170.85237812331115       -103.53335970191358       -473.83167730357474       0.42280942377522046     
  0.19155413677723282        241152.37052315508        185.98582027961999       -113.40237541482081       -511.07736473523761       0.34467436086211767     
  0.19155413677723304        317900.73746100115        205.08315133038298       -115.66296630490430       -549.99008188163918       0.29167435773385719     
  0.19155413677723304        419074.78935001598        228.06133625974843       -241.80179554265357       -721.41651111070769       0.19291295866545455     
  0.19155413677723301        552448.16501976550        255.06778947375463       -147.57894314559854       -681.11159946887290       0.20536108870707459     
  0.19155413677723299        728268.51624042809        286.85634818373967       -141.07257190891713       -738.90303679675742       0.18122155124991349     
  0.19155413677723307        960044.87901242124        323.69937885488378       -67.083888796528811       -739.82323482457832       0.17316494985823913     
  0.19155413677723310        1265585.6310746951        366.10480736659696       -202.10236825605591       -961.21496999654073       0.12922000843679135     
  0.19155413677723301        1668366.7863843797        414.92701322822654       -110.38320371088673       -969.12927345438470       0.12455383653252119     
  0.19155413677723301        2199335.7585349046        471.11639940444610       -201.27583182629854       -1174.8886173439641       0.10055149577266205     
  0.19155413677723304        2899289.1840367061        536.07708056382864       -1090.4833872472511       -2197.4033167068496        2.9821353027122882E-002
  0.19155413677723304        3822007.5038800952        610.27000137423443       -596.01909336482652       -1854.9187848009703        5.8043178596882815E-002
  0.19155413677723304        5038387.1468030913        695.10984906478325       -482.59751899469063       -1915.0763149275090        5.7564199696297585E-002
  0.19155413677723304        6641887.8077291641        792.27335420814927       -1168.6320725006835       -2799.8111451054565        3.1890608796070294E-002
  0.19155413677723304        8755713.3592746165        903.46462919923545        1108.3744005028470       -750.01116153991836        8.0956090238810396E-002
  0.19155413677723301        11542278.136732120        1029.5549129310600       -976.86920126422604       -3091.6029414592394        3.2763188093629617E-002
  0.19155413677723293        15215685.932039408        1172.5521594734194       -530.02097917680669       -2934.0025526696409        3.5587800118507693E-002
  0.19155413677723288        20058180.511668872        1275.7433974590497       -655.69460244293907       -3209.0891013373257        2.8077897351893123E-002
  0.19155413677723285        26441831.622688293        1459.2947473193547       -748.68284087667621       -3669.1800394707989        2.4371743631271918E-002
  0.19155413677723288        34857122.716382749        1669.6437231986949       -855.34446992673634       -4196.5396201625354        2.1158310084924428E-002
  0.19155413677723285        45950636.907559186        1910.6942502325330       -977.46813237147069       -4800.7643367966830        1.8372073765951437E-002
  0.19155413677723288        60574736.744348660        2186.9198941723739       -1117.6034342165631       -5493.3509263963688        1.5954363557263131E-002
  0.24115237053037791        79.853054901909417      -0.79667669286612841       0.79738130073961366        1.5916316830835524       -2.1772885804822435     
  0.24115237053756133        105.26682772189250      -0.82045457387600274       0.82134776047486402        1.6386877601368455       -1.6992720270821211     
  0.24115237054602306        138.76870499571038      -0.84541970236844699       0.84656666749114606        1.6879721200687170       -1.3265880454329970     
  0.24115237055562772        182.93278046862727      -0.87159752076376396       0.87308259545312050        1.7394833232768279       -1.0358134636988163     
  0.24115237056493763        241.15237056493768      -0.89899737743484320       0.90093085159345021        1.7931700725224293      -0.80877386481165336     
  0.24115237057640951        317.90073753120379      -0.92760431395859688       0.93013227387434172        1.8489084211674118      -0.63135758361063410     
  0.24115237059176886        419.07478946925255      -0.95736707643798358       0.96068552462240631        1.9064685915857011      -0.49259957896924322     
  0.24115237061030384        552.44816521941095      -0.98818045874257332       0.99255583637707190        1.9654664242071311      -0.38397314776138713     
  0.24115237061315170        728.26851651221227       -1.0198588125488577        1.0256597251367789        2.0252924197549742      -0.29884133295367649     
  0.24115237060445513        960.04487933608016       -1.0520937349902320        1.0598679763661289        2.0850263631732036      -0.23202451962228240     
  0.24115237061524514        1265.5856315579872       -1.0835324271985949        1.1131321320793948        2.1597152220188116      -0.17555918935930961     
  0.24115237059774822        1668.3667869004337      -0.92254610566669559        4.2014224889002350        4.8818313649432188       0.38457985644111975     
  0.24115237058097555        2199.3357590622290        10.801894875931824        141.94181368678400        119.12318508833246        19.021396170823568     
  0.24115237057064912        2899.2891846077036        371.17270730704223        3253.1840891884572        2509.3262511766870        357.67852426717786     
  0.24115237057145605        3822.0075046456059        9474.7403478274209        61119.480817140968        42167.701329458061        5540.7018840158671     
  0.24115237056926311        5038.3871477664125        8133.4858406115382        37700.134593040399        21430.673338993976        2901.2830937605809     
  0.24115237056900299        6641.8878089919071        3783.7136384898704        12647.107045607332        5033.3964204355607        847.74363176975487     
  0.24115237056895664        8755.7133609375524        1919.7287014953515        3695.9427770602460       -253.98843967869584        253.51744652397818     
  0.24115237056899527        11542.278138926145        1003.5055631467807        1803.0069014409673       -349.28150533025280        99.494935565409222     
  0.24115237056899769        15215.685934931855        1137.8289251403990        3575.9213016150611        556.47568445459547        118.18995599490421     
  0.24115237056899894        20058.180515481967        1835.8980057688145       -3086.1058384294083       -8409.0994015657361        43.117725242914204     
  0.24115237056896136        26441.831627710821        1197.7843771600251       -3794.3743590489689       -7271.7229151026095        5.1346403509060927     
  0.24115237056896932        34857.122723004883        683.87298665683852       -2872.9956114522211       -4815.6138636199421       -2.9334932851878008     
  0.24115237056896952        45950.636916288888        449.65671110921096       -1049.8373312197646       -2280.2038007691381        2.7172234520565928     
  0.24115237056896924        60574.736755856575        335.78014934791639       -559.10837991386552       -1434.7597712920337        2.2783954325896265     
  0.24115237056896938        79853.054914688473        284.04225551024984       -430.43670908693764       -1135.8561934481274        1.4935610332349210     
  0.24115237056896946        105266.82773560296        263.49020034821689       -351.77393644309336       -978.41964946738949        1.1021358561513006     
  0.24115237056896954        138768.70500891516        262.25210752106676       -259.45183940228395       -862.84877197092283       0.95763152261094742     
  0.24115237056896960        182932.78047874878        269.18112794002150       -197.18012657437410       -799.04455714649384       0.81582650661816736     
  0.24115237056896963        241152.37056897060        285.67217745129614       -212.47547523361806       -838.28643128606541       0.64182171104479391     
  0.24115237056896979        317900.73752139759        309.58905310118553       -228.54242036574473       -896.88693395900361       0.52214299931149188     
  0.24115237056896976        419074.78942963411        340.37363963353243       -246.81690358075244       -974.05416535552365       0.43407725956805687     
  0.24115237056896865        552448.16512472008        377.52298034462615       -345.79267260992486       -1146.1394020047492       0.33129028362476193     
  0.24115237056896854        728268.51637878479        421.58494827771705       -207.42305125388310       -1096.0144174083011       0.33826855954266632     
  0.24115237056896849        960044.87919481017        473.51739004525922       -323.89101314618028       -1317.9058395507327       0.26445370779140653     
  0.24115237056896852        1265585.6313151310        533.85996113029830       -68.584682499207361       -1185.8710744162950       0.28209683109223566     
  0.24115237056896860        1668366.7867013367        603.42123695149837       -314.54170034017011       -1574.2867005894816       0.20720528906813124     
  0.24115237056896857        2199335.7589527373        683.32568833373921       -381.54940616408589       -1805.0697226696475       0.17491204489195533     
  0.24115237056896877        2899289.1845875192        775.85698326326974       -926.44183055310202       -2540.4816888954306       0.10945726312839994     
  0.24115237056896877        3822007.5046062088        882.39758110477760       -555.25386285816535       -2389.0755056605858       0.12577457438632647     
  0.24115237056896874        5038387.1477602934        1004.2811513426625        23.026848054987340       -2061.9746102461650       0.13984538492807272     
  0.24115237056896893        6641887.8089910094        1143.4892567426646        2024.4341106561710       -346.95440651348144       0.19325253885230703     
  0.24115237056896896        8755713.3609380517        1302.6617797300871        2254.7667390697497       -443.69053979199657       0.16550996485630246     
  0.24115237056896902        11542278.138924960        1484.6819475821446        102.20761927034346       -2969.8496507252953        9.1474095413429601E-002
  0.24115237056896902        15215685.934930138        1690.5163492105132       -415.16577252448315       -3907.0470023791459        7.0498384872086456E-002
  0.24115237056896902        20058180.515479606        1923.1317907248076       -825.10548098763593       -4788.2616326760963        5.6494807566225616E-002
  0.24115237056897337        26441831.627712302        2068.3125230543387       -1063.0366480942232       -5202.0633511264678        4.3467190557452122E-002
  0.24115237056897337        34857122.723005675        2365.9054347489682       -1213.7814032791073       -5947.9939296890134        3.7730587637413840E-002
  0.24115237056897340        45950636.916289911        2706.9433317268708       -1386.7057630947738       -6802.9940833969467        3.2756336027990343E-002
  0.24115237056897340        60574736.755857989        3097.7555495998836       -1584.9397800407498       -7782.8525363014087        2.8442248362157797E-002
  0.30359284743021347        79.853054916406890      -0.94380296173963518       0.94453956850942222        1.8858439663886011       -3.2489175533340955     
  0.30359284743809728        105.26682774060183      -0.97089201947261694       0.97180635671595750        1.9395098594255984       -2.5332220549259543     
  0.30359284744542531        138.76870501885443      -0.99937094579603292        1.0005299361519586        1.9958168643802556       -1.9759418102470951     
  0.30359284744379156        182.93278049086672       -1.0292836647497261        1.0307733334974727        2.0548014548335858       -1.5416962255811753     
  0.30359284745138332        241.15237059097547       -1.0606609758071504        1.0625926309558309        2.1164562676888727       -1.2030681886428372     
  0.30359284746173870        317.90073756124872       -1.0935132563115815        1.0960326266252625        2.1807096874294878      -0.93879690609447763     
  0.30359284747506937        419.07478950056952       -1.1278197357160937        1.1311201659246704        2.2473958734659263      -0.73238387520291570     
  0.30359284749277243        552.44816525044791       -1.1635127104418774        1.1678541778057456        2.3162108558390413      -0.57101670317261533     
  0.30359284751356030        728.26851659439319       -1.2004540972888926        1.2061910574812142        2.3866479225812212      -0.44473751780767651     
  0.30359284753739740        960.04487955441675       -1.2383998288855920        1.2460257085062048        2.4579032990275125      -0.34579873395615868     
  0.30359284754501048        1265.5856318209208       -1.2769388372983079        1.2872792440550147        2.5288361197859395      -0.26813298167197941     
  0.30359284752397747        1668.3667872525118       -1.3118381062730564        1.4019112490649031        2.6626627927234958      -0.19206437611469848     
  0.30359284752920052        2199.3357597171653      -0.72260865886811754        10.888184049428553        10.916306086731701        1.3997128351270725     
  0.30359284751694227        2899.2891854781624        30.982291340610114        363.73295495408615        300.28396921628809        47.368569879628112     
  0.30359284752109550        3822.0075058325906        1140.2817666740102        9499.2469270689653        7216.5665030537275        1009.8787476433997     
  0.30359284751768728        5038.3871493204169        17319.757437143533        105899.95910696816        71257.507805540634        9321.3905455773202     
  0.30359284751582510        6641.8878110069090        11321.809271889848        49550.116368633135        26902.832504965118        3722.9707125913101     
  0.30359284751347210        8755.7133635276623        5376.7260445201127        16908.075117768080        6007.0497924800338        1116.1355977576677     
  0.30359284751369175        11542.278142347079        2704.7969683543733        4542.6047192050310       -1076.8704292919192        324.92687134418577     
  0.30359284751366167        15215.685939439862        1497.4281208245411        3146.6474027025479       -207.74987506632851        153.47460967615214     
  0.30359284751366172        20058.180521424580        2368.3111148408834        7526.9203247195846        909.08360390240159        240.78242713269489     
  0.30359284751366311        26441.831635548948        3460.2296686825721       -5205.1171627306740       -15359.280367399280        85.897953042398086     
  0.30359284751366244        34857.122733336320        2099.4883449254235       -5596.9033324374177       -11727.713659669636        18.056541393118685     
  0.30359284751366267        45950.636929908374        1218.1814557646080       -3326.7246533612524       -6806.8614895853752        6.9609498483042405     
  0.30359284751366250        60574.736773810597        796.68644016850146       -1990.0197869391232       -4187.4163181247714        4.0258736616580046     
  0.30359284751366256        79853.054938356450        592.35800266829131       -1357.7768540485386       -2920.8209040370416        2.4894644920070124     
  0.30359284751366294        105266.82776680353        494.86975965321136       -577.09749886730276       -1823.3477024088018        3.0286409705886794     
  0.30359284751366283        138768.70505004542        453.93609105986400       -489.73360098041758       -1585.4519652609551        2.0998032421401809     
  0.30359284751366306        182932.78053296907        447.14777428082363       -304.76772395649266       -1348.4680603970255        1.8101249615653316     
  0.30359284751366311        241152.37064044693        455.18721838814486       -436.10746808434334       -1467.7537877340328        1.2041059002297048     
  0.30359284751366328        317900.73761562165        479.85690685192560       -402.88842403775152       -1467.1680329627593       0.99700780980800752     
  0.30359284751366317        419074.78955384553        517.85179605300402       -366.86022752320667       -1497.7616768706871       0.85378576308171072     
  0.30359284751366311        552448.16528846510        567.37558007248390       -333.17196957453257       -1558.3976607241609       0.74048954808743706     
  0.30359284751366317        728268.51659464324        627.56006347397829       -479.29868572132239       -1822.9193851958257       0.57073730305065695     
  0.30359284751366333        960044.87947936775        699.18612313709241       -746.81087115689456       -2234.0645240729345       0.41227411701410616     
  0.30359284751366333        1265585.6316902507        784.69297669531807       -240.03035147118078       -1902.1273804132247       0.49293113311133990     
  0.30359284751366306        1668366.7871958388        883.99147962546226       -1423.9322990705600       -3290.2763353553000       0.21033169986990730     
  0.30359284751366289        2199335.7596046170        998.06869480547971       -613.01327685903811       -2714.2075384812615       0.31669393625007924     
  0.30359284751366294        2899289.1854468621        1129.0894117212445       -1252.8646976769394       -3623.9907286969255       0.21263827296322055     
  0.30359284751366294        3822007.5057390397        1281.8792865750002       -573.62411006916216       -3261.9329986168382       0.25028561631561153     
  0.30359284751366300        5038387.1492536571        1457.4985007059977       -690.19320816343316       -3743.4753987419454       0.21340140438126753     
  0.30359284751366294        6641887.8109596400        1658.0249002215967       -584.78234458599991       -4054.0382464007798       0.19314176897429172     
  0.30359284751366300        8755713.3635332119        1886.7452050755846       -343.65436752732580       -4286.2828140619085       0.17771810180222489     
  0.30359284751366294        11542278.142346045        2148.9481120013779       -988.60510349594711       -5473.9071400312505       0.13771512073690823     
  0.30359284751366289        15215685.939439999        2447.2794849287629       -486.50554659043837       -5587.1804073521071       0.13159462276197237     
  0.30359284751366289        20058180.521424763        2783.5483264965515       -4798.6560119231508       -10587.630847096711        4.9113196548588228E-002
  0.30359284751366283        26441831.635549061        3162.1532762228385        2904.2900353712535       -3653.1525417272392       0.13806172635135239     
  0.30359284751366300        34857122.733336560        3353.0506192454081       -1723.1117704972817       -8432.2365164986622        6.7290567099817580E-002
  0.30359284751366250        45950636.929908581        3835.5392484019044       -1967.7119974452185       -9641.8140014470919        5.8409779538868792E-002
  0.30359284751366228        60574736.773810863        4388.4620206455766       -2247.8811974342580       -11027.828746557348        5.0711256973291506E-002
  0.38220075057997793        79.853054939625807       -1.1206558239178548        1.1214498001214606        2.2395174322331588       -4.8586018826443498     
  0.38220075058530800        105.26682776994471       -1.1514541191168468        1.1524074928378161        2.3005774473046929       -3.7843553678335513     
  0.38220075059247327        138.76870505678789       -1.1838615994908814        1.1850425794480468        2.3647271170899127       -2.9489670642435795     
  0.38220075060186159        182.93278054635076       -1.2179409351403636        1.2194376797185196        2.4320424808965644       -2.2988556774913547     
  0.38220075060994119        241.15237066318517       -1.2537443520901601        1.2556701461873596        2.5025605924246221       -1.7925540045356938     
  0.38220075061197056        317.90073764728425       -1.2913072769651257        1.2938087770710929        2.5762617148106077       -1.3979476834359716     
  0.38220075062269215        419.07478960734096       -1.3306388321178044        1.3339082880710824        2.6530425596864897       -1.0901481831114830     
  0.38220075063434389        552.44816537582756       -1.3717077592287634        1.3760007174686693        2.7326767558743796      -0.84985308665779791     
  0.38220075065096787        728.26851674148554       -1.4144215522153747        1.4200824972533082        2.8147566326915077      -0.66208099859150260     
  0.38220075066962145        960.04487971979859       -1.4585952017572887        1.4660955510269569        2.8986071706135945      -0.51519441691757850     
  0.38220075069561826        1265.5856320932833       -1.5039030647824980        1.5139046099695936        2.9831608783592967      -0.40014228357226350     
  0.38220075072616838        1668.3667878604967       -1.5497786141433381        1.5638299616608573        3.0672816257579241      -0.30972908323813797     
  0.38220075073768167        2199.3357605470596       -1.5810865585690284        1.8898172063432370        3.3942668084538519      -0.18390171833320310     
  0.38220075073552418        2899.2891866728755       0.34617339173262929        30.173008849544637        27.756673746858212        4.3126393742525471     
  0.38220075071692533        3822.0075071692531        84.388134501774090        848.46191932885483        677.86247969328747        108.78602961912789     
  0.38220075070996323        5038.3871510472663        3679.2853268110002        29166.924131984877        21805.364394843960        2999.0423308731661     
  0.38220075070724957        6641.8878132769205        28561.297884842617        165425.67215941547        108299.34399631276        14149.674138404411     
  0.38220075070715331        8755.7133665857782        15699.035547614945        64875.971089713203        33470.017822663198        4762.8730014023886     
  0.38220075070534831        11542.278146315599        7687.0789463334386        22131.079865269872        6368.2562472584395        1461.6323794325069     
  0.38220075070524828        15215.685944668916        3798.4346200397586        5491.6060391672154       -2511.1095592385172        416.00548167510959     
  0.38220075070527926        20058.180528319437        2383.9044281826223        6180.1796185420408        483.61499629148648        261.81225738639318     
  0.38220075070528475        26441.831644638401        5169.2900018794980        11760.155575392899       -3175.9313954897980        440.86908384289080     
  0.38220075070528681        34857.122745318811        6426.6441409403724       -11872.002016244780       -30864.118996889294        129.50810367745817     
  0.38220075070528614        45950.636945704260        3720.9035089386621       -12338.937234489800       -23242.777140773182        10.724968009789322     
  0.38220075070528614        60574.736794633660        2166.8261751214518       -4978.2042136799337       -11196.427830584331        17.910549801125036     
  0.38220075070528914        79853.054965807212        1415.8033246854106       -2875.3715711179930       -6810.1316106796985        10.126078005514778     
  0.38220075070528942        105266.82780299061        1049.8277784520712       -2151.5674175745053       -4953.7813195268145        5.2443390137583643     
  0.38220075070528825        138768.70509774893        868.93339056631407       -1399.6496339799019       -3619.7752045289035        4.0942617389346347     
  0.38220075070528819        182932.78059585442        789.79550016518783       -974.99275243265356       -2912.7785702997080        3.2917189312358581     
  0.38220075070528814        241152.37072334587        767.45969196871044       -1097.1111546829131       -2916.5982568761196        2.0977215553691191     
  0.38220075070528831        317900.73772490368        774.48151202389749       -489.93076813310751       -2271.8588419476882        2.2886884123859108     
  0.38220075070528969        419074.78969790891        810.86404822818668       -1090.9025342317300       -2914.9113740757684        1.2561073714102142     
  0.38220075070528986        552448.16547837795        870.72889242479664       -463.56907948404239       -2390.3929247152846        1.4929107152937624     
  0.38220075070528986        728268.51684499707        950.25307575021179       -824.25030830920605       -2901.7000630145026        1.0567614067760038     
  0.38220075070528986        960044.87980939797        1048.4146833795967       -661.49712252283871       -2932.6531389875990       0.97557664186974180     
  0.38220075070528986        1265585.6321253150        1165.4335078251584       -982.82277819415799       -3489.5194603840114       0.74298304998638698     
  0.38220075070528986        1668366.7877693670        1306.7295521757155        63.298845760251879       -2734.8524997430291       0.89629913234499359     
  0.38220075070528964        2199335.7603606740        1469.6575526203305       -1754.7693597338573       -4889.8584057059097       0.44548456465525793     
  0.38220075070528953        2899289.1864435384        1657.8181973212177       -1234.8985667696766       -4760.3549880062101       0.47802936336107038     
  0.38220075070528953        3822007.5070529189        1874.1014443113868       -1030.9705826200129       -5005.6260321338668       0.44545864772462418     
  0.38220075070528964        5038387.1509856870        2126.9591774206551        3125.2384686037863       -1379.0630441876251       0.70888322065191556     
  0.38220075070528964        6641887.8132429020        2417.6133884458927       -575.05884775170489       -5688.8380659321683       0.37340539179460014     
  0.38220075070528964        8755713.3665431365        2748.6002368721643        1776.1161096893688       -4029.6796207917282       0.42778484206981116     
  0.38220075070528964        11542278.146313898        3125.1028825383910       -10989.519288314639       -17579.808115805248       -6.2131497871712182E-002
  0.38220075070528992        15215685.944670666        3558.8372622918164       -2463.9458689136695       -9959.9263501980786       0.19858715562593637     
  0.38220075070529003        20058180.528320126        4048.6464874356911       -2852.9386018721725       -11364.979661711113       0.17015626231925801     
  0.38220075070529003        26441831.644638930        4598.2076239216394       -1948.3064403624785       -11589.379636303041       0.16492443576690546     
  0.38220075070529003        34857122.745319322        5214.5753729290691        32401.898566302621        21507.312244692162       0.52099736508129513     
  0.38220075070528992        45950636.945704997        5435.5353881199926       -2792.9688679982596       -13667.846013611732       0.10416767286017004     
  0.38220075070528992        60574736.794634625        6217.7953437165779       -3189.3999050695274       -15628.796962099090        9.0423086842814027E-002
  0.48116223747483411        79.853054966659727       -1.3338616729831816        1.3347572819778721        2.6659224923246354       -7.2827106511537947     
  0.48116223748058590        105.26682780537270       -1.3688279813772692        1.3698556617908946        2.7352759739051922       -5.6661655747262385     
  0.48116223748729930        138.76870510282569       -1.4056430929703572        1.4068698893493627        2.8082093631692056       -4.4106999147058046     
  0.48116223749422388        182.93278060517949       -1.4443892650126231        1.4459048270295256        2.8848426210096294       -3.4349553741597640     
  0.48116223750057602        241.15237073882230       -1.4851404733641449        1.4870605738856639        2.9652594834341639       -2.6760509002536663     
  0.48116223750821702        317.90073775035376       -1.5279570899110653        1.5304304938747608        3.0494927247316568       -2.0853521742793988     
  0.48116223751970971        419.07478974146682       -1.5728776101297199        1.5760970580910130        3.1375008746071931       -1.6252171121990577     
  0.48116223751657883        552.44816553220323       -1.6199061972192703        1.6241247462510562        3.2291330192189749       -1.2664905891675657     
  0.48116223752902521        728.26851693479080       -1.6689941120302831        1.6745489026048304        3.3240765160827985      -0.98657436336687776     
  0.48116223754652931        960.04487996269415       -1.7200119981994297        1.7273589422205773        3.4217796464933072      -0.76793881568955846     
  0.48116223756295989        1265.5856323706155       -1.7727079955371663        1.7824741464723648        3.5213369612768868      -0.59697384997640368     
  0.48116223757885168        1668.3667881478380       -1.8266421241910011        1.8397185157348503        3.6213240041042170      -0.46309697399186028     
  0.48116223759661880        2199.3357609408085       -1.8809659859874690        1.9015186212727146        3.7220424710319984      -0.35739572760708183     
  0.48116223757949372        2899.2891871051152       -1.8800774241160394        2.9646471648557897        4.7085558681739244       -8.2976427935097685E-002
  0.48116223755946186        3822.0075077659271        4.0731293809433522        84.722857892150671        74.479306016387994        12.350498178372428     
  0.48116223753342913        5038.3871516530171        224.63974266636228        2291.1356711054550        1839.5898355949500        279.43650963783523     
  0.48116223752939097        6641.8878140668721        11292.933398318131        85138.888223286165        62548.914588580417        8472.8253046534810     
  0.48116223753117071        8755.7133676617268        43854.976831493070        240462.34990989359        152747.64994107030        20004.208273737582     
  0.48116223752848530        11542.278147724068        21754.229259309483        85030.147307974315        41492.507089276842        6100.6163399477500     
  0.48116223752738252        15215.685946494747        11004.095708855739        27807.930317684055        4917.6328667987564        1885.0537044376224     
  0.48116223752728182        20058.180530720532        5324.7090751784608        7647.8449626149859       -3812.6655710464393        560.98663281502184     
  0.48116223752728010        26441.831647803185        4243.5426173992155        19251.932212749638        8287.5456754340703        608.83455357311925     
  0.48116223752728959        34857.122749491311        11412.867167090648        12313.121039141082       -21279.990594920087        748.85013486160676     
  0.48116223752752985        45950.636951227709        11806.456278894868       -30516.987912518132       -65535.083831040640        137.25391915883574     
  0.48116223752752940        60574.736801914922        6622.1764477430261       -18399.841020325759       -37851.888417024464        46.840544657162980     
  0.48116223752753007        79853.054975405263        3853.8566211473385       -9273.6759002019808       -20377.911996969102        28.137866020980923     
  0.48116223752753173        105266.82781564361        2527.1289371379553       -4434.3746326121527       -11509.101093965590        20.664955702506955     
  0.48116223752753184        138768.70511442929        1869.1937211533946       -4067.1825000187864       -9112.0445229635570        8.2727219074267921     
  0.48116223752754056        182932.78061784670        1534.1048950507211       -2882.0654604148576       -6857.8350496034764        5.9562612826764845     
  0.48116223752754039        241152.37075233733        1395.1367837676869       -3575.0530208333521       -7061.1317771438980        1.9705376427898909     
  0.48116223752753956        317900.73776312120        1326.6282131446210       -1314.6309251460727       -4512.0679144387095        4.4154454048281782     
  0.48116223752753956        419074.78974828793        1327.6671536045008       -1234.1345150032482       -4339.6732935267764        3.3472014034551645     
  0.48116223752753989        552448.16554479057        1380.3005636079233       -1087.0115362649262       -4241.7383864918338        2.7520187174430770     
  0.48116223752754012        728268.51693254628        1474.3624704757178       -1066.7621666421935       -4379.2061427644403        2.2578251377238581     
  0.48116223752754006        960044.87992481003        1601.8736747398475       -1037.5196692841837       -4589.9145895428228        1.9005695575329680     
  0.48116223752754012        1265585.6322774580        1761.5955608154770       -1130.5038051954411       -4998.6690605047452        1.5761846899610836     
  0.48116223752754023        1668366.7879699310        1954.8731053668582       -1169.3433891410784       -5430.0449085156661        1.3430625579780664     
  0.48116223752754034        2199335.7606250709        2187.3700094173792       -1485.1382673563767       -6228.5988140990148        1.0965586003266083     
  0.48116223752754006        2899289.1867920798        2457.4911043277962        741.86123845109432       -4565.7511323765648        1.3313140914716279     
  0.48116223752754006        3822007.5075123860        2768.0976874165676       -1273.5993318808539       -7230.7117716027660       0.86957202647679677     
  0.48116223752754006        5038387.1515913773        3126.1764348639031        7841.5349390933461        1133.9112536535845        1.6294464987506920     
  0.48116223752754012        6641887.8140413566        3549.0876890043901        7794.9483431481522        189.78409579415984        1.3224033944407556     
  0.48116223752753978        8755713.3675956987        4030.8457834976093       -6614.8176265080328       -15239.654627024933       0.28865934755825967     
  0.48116223752753978        11542278.147701444        4579.9562400970917        7757.0991790366406       -2027.1141141603639       0.88489687741772216     
  0.48116223752753978        15215685.946499798        5202.6105770770919        6116.9256569834524       -4975.8450508388414       0.67668508347796741     
  0.48116223752753984        20058180.530731387        5921.4357803967268        26982.128291836292        14374.155041188418        1.0641087052713067     
  0.48116223752753995        26441831.647817597        6727.6077990969588        4140.6376607380626       -10150.781220516070       0.43406652086234920     
  0.48116223752753784        34857122.749509476        7626.7732847480211        11054.349292163330       -5092.0341637489355       0.46038667787321169     
  0.48116223752753817        45950636.951228738        8632.0679060711882       -98276.405086272527       -116473.02697107855      -0.76556095335192631     
  0.48116223752753817        60574736.801916331        8811.0638591607931       -4526.7255522047026       -22153.645205734512       0.16125283036141744     
  0.60574736802494078        79.853054976168622       -1.5915954543168087        1.5926635163709004        3.1814386326166773       -10.942682205523321     
  0.60574736803102880        105.26682781770751       -1.6312563068574883        1.6324218217164168        3.2601143861151805       -8.5037950896438339     
  0.60574736803650808        138.76870511840519       -1.6730294203646354        1.6743514424731107        3.3429047251252513       -6.6121699137793879     
  0.60574736804403073        182.93278062535646       -1.7170187250913467        1.7185849410433884        3.4299831485257277       -5.1439439027262894     
  0.60574736805411544        241.15237076625186       -1.7633211614619777        1.7652487924573756        3.5214862912196780       -4.0035117445087245     
  0.60574736805934715        317.90073778421026       -1.8120225612056438        1.8144629499498091        3.6175028475574695       -3.1170281368926651     
  0.60574736806801766        419.07478978208712       -1.8631907221268014        1.8663384208098937        3.7180543949203835       -2.4274143376060873     
  0.60574736807552720        552.44816559619483       -1.9168645677093474        1.9209719406759660        3.8230648370868217       -1.8905194999087895     
  0.60574736808720964        728.26851701435510       -1.9730377302943898        1.9784368275948585        3.9323140124186180       -1.4721676823720777     
  0.60574736809050056        960.04488003787083       -2.0316339220930444        2.0387684311586316        4.0453683238485505       -1.1458844075822887     
  0.60574736810160867        1265.5856324497088       -2.0924699174948320        2.1019424420587400        4.1614778766985090      -0.89114448731875417     
  0.60574736811955721        1668.3667882464351       -2.1551990007634809        2.1678445050921362        4.2794236492960369      -0.69201942367718516     
  0.60574736812499164        2199.3357610093049       -2.2192203615780781        2.2362492977643540        4.3973029167074955      -0.53612435453426843     
  0.60574736815744501        2899.2891874539314       -2.2829843935569158        2.3194536821331466        4.5237560831874379      -0.41084050313233145     
  0.60574736816509200        3822.0075084331243       -2.1452595064094337        5.8952929036146777        7.7334905827972618       0.32962739952894238     
  0.60574736811789565        5038.3871524125880        15.534692379961401        235.17748737866555        201.55622843731354        33.815029365926080     
  0.60574736814249774        6641.8878153936785        600.03644256860957        5784.9108647722187        4581.9466494911194        682.00042149221179     
  0.60574736813443630        8755.7133692618881        30603.777202037167        219199.04225830949        157986.01993844760        21130.057892984863     
  0.60574736813349761        11542.278149880025        64304.898103460953        333581.50418908778        204965.57092238666        27014.440238110172     
  0.60574736813557772        15215.685949423974        30216.738627505867        112771.28373913743        52197.065144726541        7883.5981642414426     
  0.60574736813544416        20058.180534581781        15703.396032901355        33521.556426324794        293.22493255078916        2398.3524601516551     
  0.60574736813526919        26441.831652885758        7505.4221768470634        11882.173384543759       -4828.6842692901882        791.98576712813326     
  0.60574736813525376        34857.122756189870        8679.8474124900331        47277.551308515496        23236.541923769655        1352.0362581057293     
  0.60574736813526098        45950.636960035736        24749.945102676807        23358.108717428891       -50145.725581688523        1514.6135196192206     
  0.60574736813526053        60574.736813526179        21626.979952371490       -60897.870244231832       -125164.16676073910        191.22819670151438     
  0.60574736813525809        79853.054990711447        11847.053968805601       -34036.634945740108       -68907.851326192191        72.028005353982280     
  0.60574736813525776        105266.82783582067        6904.0653646109458       -13139.783813683543       -33111.684068997347        68.541632495213463     
  0.60574736813526053        138768.70514102845        4537.0424194269299       -10865.480210382135       -23656.455130717561        23.107887936978830     
  0.60574736813526087        182932.78065290800        3345.4725479444237       -9004.2146631111736       -18129.701730533172        8.7182438318835374     
  0.60574736813526142        241152.37079855739        2728.0231981476013       -3176.0658135247154       -10345.819013811944        15.238474788254756     
  0.60574736813526076        317900.73782405129        2460.1025182651888       -2943.3972284922966       -9191.4597627609783        9.8966322647502771     
  0.60574736813526064        419074.78982860938        2310.0591961528153       -3437.4031475110341       -9100.6444795695643        5.8083498940762777     
  0.60574736813526009        552448.16565067403        2291.9899596127411       -1425.5877858369208       -6880.6230623914726        6.3847509429548381     
  0.60574736813526131        728268.51707212883        2367.9885390798236       -2124.7119190985022       -7631.5223779811831        4.3641651389969347     
  0.60574736813526198        960044.88010881701        2515.0510071964759       -1678.4363457813929       -7424.6531620869955        3.8221807375081176     
  0.60574736813526220        1265585.6325200268        2718.8895612165506       -1494.1278110238848       -7620.6970289642968        3.2506122129347732     
  0.60574736813526209        1668366.7882896983        2979.7147049524442       -2442.1960854384934       -9086.3209991299773        2.3870604433071687     
  0.60574736813526209        2199335.7610466057        3301.1591206212875       -1905.1253927229918       -9209.9012933160739        2.2125564426878181     
  0.60574736813526209        2899289.1873477725        3685.4019716731482       -3973.8403841217732       -12083.171307965797        1.4791945800732287     
  0.60574736813526220        3822007.5082449326        4132.7231647923109       -4246.2311235396301       -13298.305088989007        1.2855697906235082     
  0.60574736813526209        5038387.1525570657        4649.9481379490244        5388.7825587942352       -4757.1963855709582        2.3152704445483163     
  0.60574736813526209        6641887.8153143814        5249.7361809334852       -3256.5510491373816       -14676.988430867530        1.1281605968738824     
  0.60574736813526198        8755713.3692738768        5954.0201273386620       -23497.602449502330       -36429.022401612769      -0.40083454434145083     
  0.60574736813526220        11542278.149913719        6759.7018152432693       -11532.989122625931       -26191.371267342522       0.44848089598384511     
  0.60574736813526220        15215685.949416144        7674.3933141714224       -6971.5068532846308       -23582.787472429587       0.62885986951243500     
  0.60574736813526220        20058180.534575876        8713.4805317909832       -5387.4184071703239       -24208.944614090997       0.61690658912865359     
  0.60574736813526220        26441831.652885612        9904.4637943178568       -41873.391039517097       -63228.123903500455      -0.28786051897200010     
  0.60574736813526209        34857122.756190561        11235.951063509490       -31786.390490688013       -55943.774941206299        2.4319977810320914E-002
  0.60574736813526209        45950636.960036099        12710.532612805302        63012.896089256043        35797.796142085514        1.3242105324297384     
  0.60574736813526153        60574736.813526653        12488.153817924336       -92880884934903.828       -92880884959886.172       -928808848.99715447     
  0.76259075487495842        79.853054990925486       -1.9039591506322457        1.9053017142789228        3.8063125028985922       -16.482750495050254     
  0.76259075487998451        105.26682783679665       -1.9489172170120572        1.9503251759910309        3.8954910499598965       -12.793616599801169     
  0.76259075488642247        138.76870514348587       -1.9962770710883364        1.9977864933575715        3.9893574797154985       -9.9361051262858719     
  0.76259075489413930        182.93278065799853       -2.0461686684029070        2.0478556863564954        4.0881571493423827       -7.7211456853277518     
  0.76259075490255723        241.15237080792974       -2.0987149141424060        2.1006931837696152        4.1920932414999346       -6.0029891601635548     
  0.76259075491087902        317.90073783987589       -2.1540289435432327        2.1564505766467987        4.3013194471244409       -4.6692116384538789     
  0.76259075492074901        419.07478985489416       -2.2122087877490415        2.2152702894110261        4.4159257946710202       -3.6330335272492804     
  0.76259075492859840        552.44816569101079       -2.2733283049196471        2.2772825574445807        4.5359136347999360       -2.8274210651305589     
  0.76259075493780426        728.26851713409292       -2.3374228984717962        2.3425985163778678        4.6611554219222757       -2.2005553010588903     
  0.76259075494998363        960.04488020583324       -2.4044677616906180        2.4112985365092183        4.7913336227388461       -1.7123486347150223     
  0.76259075496547590        1265.5856326736291       -2.4743450354115146        2.4834129643390437        4.9258482762294653       -1.3317652754242275     
  0.76259075495819983        1668.3667884762667       -2.5467940007749119        2.5588947646025253        5.0636803479467769       -1.0347563119394458     
  0.76259075496835149        2199.3357613218282       -2.6213338783546791        2.6375827485904657        5.2031878876613629      -0.80266597971846343     
  0.76259075497137585        2899.2891877220845       -2.6971358626337487        2.7192191152293956        5.3418506567690205      -0.62097864975573613     
  0.76259075508388818        3822.0075093022674       -2.7702961900372487        2.8593123116801591        5.5266561630817108      -0.46581167693166109     
  0.76259075517985342        5038.3871545849388       -2.1345051730148303        14.718120656292683        16.004377691195341        1.7277143122577121     
  0.76259075521533437        6641.8878182966637        48.719536876395615        639.40203047592229        538.85602974523874        89.496253281274235     
  0.76259075528199605        8755.7133739706678        1673.8252753878287        15317.898048870200        11966.374122806061        1745.1487458540971     
  0.76259075528183107        11542.278156102795        70968.129450865075        482458.06029200531        340514.67882078793        45085.650517252172     
  0.76259075528192766        15215.685957576861        91652.911716098941        449527.58375029679        266213.16355990712        35471.217574247145     
  0.76259075528204590        20058.180545336912        42291.536657650075        154612.11148261675        69353.247896845365        10431.319065897500     
  0.76259075528193421        26441.831667067545        22273.999848831587        36365.790663952721       -11753.607386628337        2952.1548831838763     
  0.76259075528189713        34857.122774884301        10886.349053732414        13484.480816155232       -12084.136411681418        1041.4404671314196     
  0.76259075528188736        45950.636984678662        19977.464033708329        110461.31677114849        52624.400726170701        3036.8883771009505     
  0.76259075528188924        60574.736846012071        52021.263080082201       -76233.191653301736       -231322.74985587460        1469.2378283968019     
  0.76259075528188580        79853.055033536162        39119.635109675495       -129674.47031789797       -246049.84840086385        145.02787991986759     
  0.76259075528188602        105266.82789227473        21216.126444428093       -59409.650295540341       -121974.74013531362        135.13942761528432     
  0.76259075528188625        138768.70521544878        12485.259722403141       -22509.429145449249       -58767.990787143826        125.96093976880783     
  0.76259075528188647        182932.78075101305        8194.7253227753572       -22205.476943506914       -45463.156811511042        29.688044913842525     
  0.76259075528188602        241152.37092788474        6018.8519970133011       -17747.834124578014       -34330.885542926262        10.557983415069231     
  0.76259075528188247        317900.73799453682        4883.1036741210119       -6553.5697829664532       -19561.903736342567        24.346187040955112     
  0.76259075528188258        419074.79005335312        4365.7965969558200       -6048.9557729522794       -17314.293774655685        15.563472172659008     
  0.76259075528188158        552448.16594694380        4054.3368866563851       -2636.0377185774923       -12748.720377144318        14.641591687040904     
  0.76259075528188169        728268.51746268722        3991.2895250892661       -2622.0813186491105       -12296.018852498873        10.637937572300279     
  0.76259075528188169        960044.88062367204        4094.5851146805439       -2810.0569602128380       -12508.225585579597        8.0199257600385589     
  0.76259075528188169        1265585.6331987374        4324.3775286262962       -2456.7893982130199       -12517.215419079414        6.6333995301289264     
  0.76259075528188192        1668366.7891844136        4656.9599800693586       -9849.0887981659835       -20532.483195998451        2.0637660870086996     
  0.76259075528188180        2199335.7622260703        5080.4965965511028       -3256.0634478589632       -14780.539150431719        4.2634119564699695     
  0.76259075528188180        2899289.1889026100        5618.3616525918760       -2103.7523209203514       -14749.430671561098        3.9466484472808712     
  0.76259075528188180        3822007.5102946064        6260.0586669591839        3414.4108618582532       -10591.816233880287        4.4695516632860040     
  0.76259075528188169        5038387.1552590616        7005.9577603057924       -4130.6837042582683       -19727.289676712604        2.5801192133112689     
  0.76259075528188158        6641887.8188763056        7873.7141306445610        2773.1549562983400       -14684.464726697328        3.0436668267737419     
  0.76259075528188158        8755713.3739694003        8881.8032621751772       -1681.0528872635059       -21311.829450227662        2.1806913963338070     
  0.76259075528188136        11542278.156103617        10071.328037924412       -56317.188240123120       -78540.642735704940       -1.7213153158439214     
  0.76259075528188136        15215685.957576014        11417.007837877183       -23433.709187189514       -48575.284327241214       0.54265862886801808     
  0.76259075528188169        20058180.545332696        12945.863427533186       -14344.495260693318       -42789.817666067058       0.92946372880068462     
  0.76259075528188169        26441831.667065855        14692.424065572925       -55413.676196158915       -87628.054331104198      -0.33023862167832396     
  0.76259075528188180        34857122.774883784        16682.602736874385        90798.173554582070        54299.068070056222        3.0769692837077409     
  0.76259075528188180        45950636.984678566        18877.905345643423       -37856.215259122837       -79008.884416223140       0.30559420317284480     
  0.76259075528188180        60574736.846011795        21297.968906602826       -6318.5606006146190       -52516.628773177465       0.71703287320466524     
  0.96004488062449544        79.853055033604463       -2.2834541350078323        2.2851981768585401        4.5655960745429089       -24.890161947913334     
  0.96004488062526305        105.26682789244887       -2.3344001136821864        2.3362059434725646        4.6666490737243862       -19.295266134109312     
  0.96004488062933901        138.76870521626742       -2.3880623229693723        2.3899152886790560        4.7729804777369074       -14.967418766508441     
  0.96004488063294213        182.93278075277874       -2.4446047003954137        2.4465482055431145        4.8849375033213027       -11.617286699621003     
  0.96004488063914473        241.15237093177041       -2.5041823146037987        2.5063128146277198        5.0028158621218131       -9.0220827610780798     
  0.96004488064641058        317.90073800206653       -2.5669399789624832        2.5694028897440915        5.1268537036254322       -7.0101859641212956     
  0.96004488065428895        419.07479006671809       -2.6330088259660687        2.6359993505668982        5.2572228958501173       -5.4493060663688295     
  0.96004488065856231        552.44816596702185       -2.7024993669239912        2.7062701062138363        5.3940109211582374       -4.2373964534896382     
  0.96004488066959759        728.26851749752598       -2.7754895692719770        2.7803662637227990        5.5371882662520333       -3.2956811515635369     
  0.96004488067661675        960.04488067661737       -2.8520059710059193        2.8584131295875581        5.6865554998949195       -2.5633025396995226     
  0.96004488068219829        1265.5856332758908       -2.9319946735269062        2.9404954119469773        5.8416627422870784       -1.9932088335104969     
  0.96004488068675242        1668.3667892940348       -3.0152773211909527        3.0266320431356135        6.0016866166878149       -1.5489936781284008     
  0.96004488069020100        2199.3357623784791       -3.1014832965678587        3.1167428005307181        6.1652485499233318       -1.2024601234813941     
  0.96004488071734384        2899.2891891854933       -3.1899425211076156        3.2106073766429257        6.3301426741940272      -0.93174025710166808     
  0.96004488075899252        3822.0075108333244       -3.2794955363634242        3.3081041497465766        6.4931722661508493      -0.71975878508363611     
  0.96004488071734251        5038.3871557506473       -3.3571075001028294        3.6439350212207997        6.8620724400631836      -0.50251570167360571     
  0.96004488074546745        6641.8878197189179       -1.0277966818015061        41.851072109158096        40.278720924359241        6.1072644322141851     
  0.96004488078855532        8755.7133754731512        141.25576499234546        1698.9333818574896        1412.6326725856752        230.29638557137022     
  0.96004488079454586        11542.278158157971        5120.2366012298144        44624.580205677063        34378.582040415517        4911.9432272961303     
  0.96004488079430128        15215.685960280298        150210.93299524934        968776.69133940805        668345.73201976274        87827.086795248048     
  0.96004488079289707        20058.180548868284        128436.08886906237        595251.15587944677        338362.73992676800        45809.756385798551     
  0.96004488079347994        26441.831671742733        60185.144914199947        219793.11858278373        96643.976612238155        14228.091009908443     
  0.96004488079369676        34857.122781056969        31334.870580747935        39444.603297381756       -30053.671625348717        3688.6577927315848     
  0.96004488079371009        45950.636992817039        17042.988754633127        53042.033649309466        9931.6423688798423        2282.6820392300247     
  0.96004488079367423        60574.736856738135        48928.353403523899        211479.77655553212        66835.205387444541        6210.1699256041402     
  0.96004488079367523        79853.055047676302        105503.27822418034       -194556.54498201871       -509604.65147034597        2370.9385081401824     
  0.96004488079367389        105266.82791091489        69701.337004561865       -236510.07090640999       -444026.46332301380        198.31702204448266     
  0.96004488079367212        138768.70524002102        37880.413837280379       -177983.36472762207       -289874.20813810732       -265.91612963905777     
  0.96004488079367234        182932.78078340556        22680.839400741996       -62671.750583949077       -128779.49152374925        105.36020922320071     
  0.96004488079367278        241152.37097058658        14879.381269181906       -31376.485095157579       -73870.551936638731        88.037021300221397     
  0.96004488079367289        317900.73805083038        10905.435952437780       -22881.572995096834       -53215.722804450590        47.069299994133587     
  0.96004488079368078        419074.79012756591        8799.9375799507725       -17494.087712164954       -41240.445840457702        29.511623268239639     
  0.96004488079368056        552448.16604477575        7798.8764057406952       -11189.323772166008       -31622.897415408832        26.372739961418752     
  0.96004488079373329        728268.51759169495        7181.5400267681152       -6716.3833820387990       -24944.206660648626        22.446406516392098     
  0.96004488079373229        960044.88079373620        7016.0035865971931       -7063.2472890000672       -24389.891535146329        15.696110034907383     
  0.96004488079373163        1265585.6334229247        7144.6433119398353       -7372.8131905514674       -24622.317267949016        11.716300949287474     
  0.96004488079373507        1668366.7894799560        7506.0936109279410       -7722.3435827824014       -25525.877262507420        9.1842605209100956     
  0.96004488079373518        2199335.7626156709        8038.6844345220670       -13049.146084477292       -31842.827092819487        5.2669444086895023     
  0.96004488079373518        2899289.1894162041        8742.7222992499901       -3268.3116067315905       -23477.684056956678        7.8931963728642653     
  0.96004488079373518        3822007.5109716551        9639.4338036621157       -9414.4214221267957       -31515.556425444862        5.1007794984507155     
  0.96004488079373473        5038387.1561515843        10717.999341958930        8072.0792139062432       -16349.379148057153        7.8085646391856649     
  0.96004488079373462        6641887.8200528789        11978.089283430021       -5867.5046535200090       -33019.633846036144        4.4492921158296124     
  0.96004488079373462        8755713.3755204342        13431.889853688359       -8284.6381425598356       -38594.632248413676        3.5841186372944533     
  0.96004488079373451        11542278.158148281        15156.235587139154       -40588.241073830708       -74691.237041159722       0.46201937398973980     
  0.96004488079373429        15215685.960271407        17161.371672590409       -14785.888473396510       -53321.935188168354        2.3591587569272292     
  0.96004488079373473        20058180.548885912        19443.321281643621        24433.508838535701       -19134.145270252171        3.9948055536120748     
  0.96004488079373484        26441831.671749912        22026.218162405923        153847.66394918659        104611.28955877942        8.0099044854696011     
  0.96004488079373484        34857122.781058565        24961.100331470730        171975.50469225488        116318.93670737134        6.8169180475793034     
  0.96004488079373496        45950636.992818512        28297.588743802517        40280.670462428337       -22652.047827282309        2.6275040782984642     
  0.96004488079373496        60574736.856742345        31945.149249525457        12363.583395393965       -58378.811503005658        1.7209841985145711     
   1.2086248968649069        79.853055045750096       -2.7455684603291801        2.7478361204397692        5.4902997659658110       -37.681508002886829     
   1.2086248968649376        105.26682790837847       -2.8033001467583492        2.8057052285144115        5.6048585378006202       -29.174176446556871     
   1.2086248968645130        138.76870523662885       -2.8640801472602937        2.8665151090921337        5.7252611022116948       -22.602217888501553     
   1.2086248968691991        182.93278077964300       -2.9281189996883197        2.9305547858100258        5.8519959563627006       -17.521901864647738     
   1.2086248968766302        241.15237096710905       -2.9956152732221457        2.9981011458296329        5.9854944550045008       -13.591809763416911     
   1.2086248968788567        317.90073804683158       -3.0667543125106911        3.0694094247120276        6.1261159124478493       -10.549239710946257     
   1.2086248968821109        419.07479012341935       -3.1417067694116860        3.1447137073361304        6.2741417547581797       -8.1919682486061927     
   1.2086248968967359        552.44816604599453       -3.2206243000388035        3.2242295183751573        6.4297653498736747       -6.3642250887995919     
   1.2086248969095386        728.26851760097543       -3.3036305361147620        3.3081539713440677        6.5930690385268935       -4.9459333499725942     
   1.2086248969138933        960.04488080943042       -3.3908053850317654        3.3966610487055520        6.7639818040340192       -3.8444596748371862     
   1.2086248969159428        1265.5856334457601       -3.4821599928912859        3.4898901893883552        6.9422100363657524       -2.9882866858932609     
   1.2086248969249671        1668.3667895225094       -3.5775978639803045        3.5879267479466903        7.1271304874659833       -2.3221549445101997     
   1.2086248969252422        2199.3357626722677       -3.6768552473012965        3.6907723796933998        7.3176289427448546       -1.8033299718920039     
   1.2086248969205255        2899.2891894794971       -3.7794072435454780        3.7983052834405520        7.5118564270092909       -1.3987271417385576     
   1.2086248969965210        3822.0075112954096       -3.8843147307876116        3.9102439864509937        7.7068653292672868       -1.0826882384804470     
   1.2086248970527278        5038.3871568126860       -3.9899055005956385        4.0275739224620191        7.8993693860455583      -0.83487216648973217     
   1.2086248970328930        6641.8878208153801       -4.0467117581146459        5.0925871048480245        8.9316208582550161      -0.44443492120894157     
   1.2086248970286413        8755.7133764948048        3.7880818931701472        124.21302739152084        112.22419291211598        19.172766726949554     
   1.2086248970497016        11542.278159633872        392.68150634535306        4419.1982811017124        3629.1942903442641        579.03004981079152     
   1.2086248970624338        15215.685962390087        17087.692544048379        142030.69767742863        107847.21095509584        15106.393460443693     
   1.2086248970605549        20058.180551647671        274535.54399946675        1678374.9317331617        1129292.1774375129        147736.68171875476     
   1.2086248970586593        26441.831675349153        178181.22543844150        780117.50554447970        423701.24536830152        58605.381617957297     
   1.2086248970574125        34857.122785767322        87652.699451652457        302523.86943809065        118085.41725934950        19339.637202736038     
   1.2086248970574405        45950.636999026923        43804.762462663544        32763.125921749910       -67910.345060074731        4419.9529292702791     
   1.2086248970574576        60574.736864927479        30671.451351261097        123118.34971999486        39268.665403430772        4588.6521861714846     
   1.2086248970574427        79853.055058470884        120983.30914745913        461429.58864344738        100945.09178440107        13772.752002488094     
   1.2086248970574380        105266.82792514467        206186.02530619659       -325853.66998989496       -942079.90864600148        5054.7289718087513     
   1.2086248970574371        138768.70525877966        124274.94769424759       -348297.65966381121       -718559.28423090186        979.00483973447604     
   1.2086248970574376        182932.78080813432        68505.573122043046       -204596.20079220092       -407286.29612611042        317.64727214833010     
   1.2086248970574380        241152.37100318543        41057.619728509897       -119779.70506644191       -239827.52697170127        152.13986041389711     
   1.2086248970574403        317900.73809380457        27156.061819256272       -79346.752989194007       -157351.02897684209        71.040807522280659     
   1.2086248970574403        419074.79018421349        19855.498504212435       -29480.807289481854       -85197.800773638548        118.24622750461788     
   1.2086248970574405        552448.16611945198        15962.565283754140       -23282.450314060254       -66881.140157416172        70.653329438803937     
   1.2086248970574411        728268.51769009768        14038.744720479612       -10835.780077421896       -48161.340776422017        61.600140079165215     
   1.2086248970574411        960044.88092345744        12836.971504005744       -18242.332078170261       -51389.280032648676        31.111388338956083     
   1.2086248970574422        1265585.6335939327        12438.650489032709       -15145.193151009025       -46441.416197738101        24.571829814726712     
   1.2086248970574422        1668366.7897053822        12598.223787044477       -11731.216144034597       -42755.508859923095        21.049452607785202     
   1.2086248970574422        2199335.7629128406        13159.960807493711       -8303.6407326652661       -40153.385749268338        18.572101435716149     
   1.2086248970574429        2899289.1898079510        14020.557362707776       -16035.579938197110       -49481.969701816131        11.828698482803739     
   1.2086248970574429        3822007.5114880782        15173.747105218121       -31211.958507781193       -66988.756768350635        5.2080628189092417     
   1.2086248970574429        5038387.1568323653        16709.879022410198        2713.2545073332840       -36377.443359316472        13.179611351989045     
   1.2086248970574429        6641887.8209503237        18550.598743734903       -69752.165110986185       -112880.79341453582       -2.1861861921980683     
   1.2086248970574436        8755713.3767035026        20674.955674144963       -16026.031705426885       -63825.849981582243        6.6370042119088186     
   1.2086248970574445        11542278.159707878        23124.287227267560       -53461.747156122146       -106658.07504357299        1.8846055764229579     
   1.2086248970574445        15215685.962327342        26094.053308479102       -7237.0563935562932       -67105.023060155334        5.8187952312865896     
   1.2086248970574445        20058180.551596157        29526.359156067720       -10729.504891511770       -78328.695202726289        4.8336668230996214     
   1.2086248970574445        26441831.675322711        33409.453817562120        351.94590388397773       -75954.879656906065        4.7123684218150270     
   1.2086248970574445        34857122.785768420        37787.159352046299        20647.953446062806       -65419.520302625271        4.7377371320082489     
   1.2086248970574449        45950636.999027334        42805.889409441792       -14216.927022468597       -111474.47965163557        3.0763409868468621     
   1.2086248970574451        60574736.864927158        48418.114428036548        24149.540671191346       -85512.988136347733        3.4360280139175305     
   1.5215685962127383        79.853055057421940       -3.3095041561480469        3.3123477013383922        6.6188065282588493       -57.191918619090515     
   1.5215685962022205        105.26682792303463       -3.3749572666031020        3.3781703244388726        6.7488658337511298       -44.222822823411640     
   1.5215685961860381        138.76870525452233       -3.4437930640926231        3.4471297442568116        6.8852529745917384       -34.216857244864975     
   1.5215685961905356        182.93278080306266       -3.5162847617336186        3.5195811716964149        7.0286275380257450       -26.492482873441535     
   1.5215685961919507        241.15237099672376       -3.5926926906123602        3.5958941224440482        7.1796155320560935       -20.525315550911913     
   1.5215685961975149        317.90073808644831       -3.6732588455684452        3.6764156486958965        7.3387589561801789       -15.912179131927919     
   1.5215685962052274        419.07479017664014       -3.7582060367454582        3.7614599612437871        7.5065004137577134       -12.343087816132373     
   1.5215685962090590        552.44816611085946       -3.8477364779153769        3.8513105596172359        7.6831783751245437       -9.5795976714035369     
   1.5215685962181409        728.26851768311656       -3.9420264579814503        3.9462244775308077        7.8690158723891193       -7.4381717444610800     
   1.5215685962231331        960.04488091740427       -4.0412146565391769        4.0464330275435190        8.0640918171580829       -5.7774285719319431     
   1.5215685962021710        1265.5856335685162       -4.1453815002003616        4.1521360881982661        8.2682865597744097       -4.4883734041156318     
   1.5215685961933409        1668.3667896621942       -4.2545159081436159        4.2634878809248349        8.4811917663719374       -3.4869116300346570     
   1.5215685961793641        2199.3357628357048       -4.3684627190148957        4.3805730525809894        8.7019695349320649       -2.7081041837978863     
   1.5215685962357886        2899.2891898137782       -4.4868406847622735        4.5033734806156094        8.9291398891324700       -2.1017550788240800     
   1.5215685962703780        3822.0075115826444       -4.6089084411023808        4.6317309803941811        9.1602554319097820       -1.6290107980711921     
   1.5215685962727232        5038.3871569647908       -4.7333362465765072        4.7653356855573907        9.3914066020489670       -1.2597263510732715     
   1.5215685963469314        6641.8878214488241       -4.8575096212550264        4.9112417587071855        9.6233092281723493      -0.96852193293284339     
   1.5215685964153389        8755.7133777542913       -4.7893863687403773        8.6801922127528410        13.081301067241499       -1.8791592240931743E-002
   1.5215685965355652        11542.278162005085        20.294872219862722        367.96371501520525        322.00685184596671        56.687143793697295     
   1.5215685965920882        15215.685965920899        1065.6575411699357        8058.2416055806916        5921.1848698676704        1106.5673892765237     
   1.5215685965800487        20058.180556174670        57400.609833626542        454660.30690400314        339847.49380675924        46757.375774310975     
   1.5215685965779620        26441.831681322103        452491.01594514778        2620506.0775008909        1715508.9720035754        224150.91841476510     
   1.5215685965755368        34857.122793621602        245690.23260494863        1018897.4368861832        527243.18179144803        74701.612486987578     
   1.5215685965747279        45950.637009355392        129852.19991486499        385633.22728367010        101630.16977194432        25614.203670703704     
   1.5215685965748247        60574.736878546057        61392.273888227508        16711.297075810748       -131455.47465043401        5343.5616052880032     
   1.5215685965748693        79853.055076427001        65871.849733773197        301434.77567051112        111315.55230981096        10290.496901600414     
   1.5215685965748709        105266.82794881595        293356.87090996298        732519.66648386861       -144052.14498149575        26340.944775763033     
   1.5215685965748680        138768.70528998430        390868.25200155145       -742887.11995602236       -1911732.5192404396        7785.1999023090821     
   1.5215685965748673        182932.78084926994        222350.83224377956       -770654.43792825693       -1433570.5991243459        449.45166233389682     
   1.5215685965748678        241152.37105741267        123245.89518893714       -305525.37226414506       -670700.55914351251        943.44771327764056     
   1.5215685965748704        317900.73816528998        74424.767520867594       -172065.70281830308       -390294.49930576590        481.72368729595149     
   1.5215685965748706        419074.79027844960        49697.619645543069       -125522.01821224482       -269020.68022964703        198.10085770686209     
   1.5215685965748706        552448.16624367947        36422.186810320367       -77095.664520115155       -180143.49852476153        145.85831629172247     
   1.5215685965748722        728268.51785386156        29306.309701281294       -49191.921288008605       -130180.09360791695        112.19926975541421     
   1.5215685965748722        960044.88113934023        25473.665960417318       -55641.120277855094       -124318.44920469086        51.087784148207682     
   1.5215685965748729        1265585.6338785212        23146.893208153731       -15905.255379817363       -76673.130508388975        75.089359138908307     
   1.5215685965748729        1668366.7900805427        22273.782177231617       -52202.606075479256       -109288.21028237243        20.009844240139628     
   1.5215685965748729        2199335.7634073989        22423.411327168447       -10772.505133450859       -67090.123279920459        43.462398764655092     
   1.5215685965748729        2899289.1904599043        23285.850527230519       -31420.165871788886       -88931.241298960231        23.155270619617532     
   1.5215685965748706        3822007.5123475143        24717.964481152572       -18739.412896460737       -78949.597637001832        24.159847473369119     
   1.5215685965748715        5038387.1579653258        26643.600612633185       -36253.873911663977       -100410.16487568713        14.702176934241209     
   1.5215685965748786        6641887.8224438876        29301.720315719394        32912.449432247377       -37119.271575305524        28.829759782113186     
   1.5215685965748784        8755713.3786723968        32407.529986685768       -78178.313339095766       -155120.86166763946        4.1951964710337712     
   1.5215685965748784        11542278.162303377        36053.307898402250       -41224.798017473979       -126345.15028288649        9.5139450965778316     
   1.5215685965748784        15215685.965748878        40267.000428330277       -23596.804923415264       -118193.98421196462        10.262318417776509     
   1.5215685965748784        20058180.556106616        45405.169639002685        244102.76743578599        137719.33111826002        29.294002884841767     
   1.5215685965748784        26441831.681268655        51342.637016945861        16893.284195067819       -103142.44849547505        10.202717833660527     
   1.5215685965748784        34857122.793606706        58007.852045256404        172426.70795065464        37164.971654033121        15.423685469458135     
   1.5215685965748784        45950637.009360179        65462.714997699455       -624790.01245057920       -776948.22086958995       -13.943042301796490     
   1.5215685965748782        60574736.878548495        74142.851220894023       -77411.096191648423       -249341.27866528489        3.8419588948602037     
   1.9155413719957100        79.853055075577217       -3.9990769140373246        4.0023835036368025        7.9986233772653623       -87.023927325301500     
   1.9155413719857228        105.26682794714678       -4.0733699298214479        4.0775141123395695        8.1466612492741426       -67.204620261433405     
   1.9155413719742611        138.76870528695383       -4.1513617847670679        4.1559522545511802        8.3013989449682768       -51.930741642932730     
   1.9155413719558190        182.93278084351385       -4.2334000950615875        4.2380651510214999        8.4636342825030511       -40.155034444090177     
   1.9155413719363348        241.15237104737164       -4.3198312449043845        4.3243206692874967        8.6342400127743648       -31.070895797018057     
   1.9155413719365111        317.90073815208194       -4.4109801704736560        4.4151946080500739        8.8140281290874025       -24.058145380874475     
   1.9155413719368488        419.07479026111184       -4.5071446850526300        4.5111247545398134        9.0036895918958351       -18.640325710221060     
   1.9155413719452707        552.44816622325254       -4.6085955421830143        4.6125001752262111        9.2037801128905752       -14.451398936427960     
   1.9155413719521590        728.26851782955157       -4.7155754062240796        4.7196659853007326        9.4147183760762569       -11.210025610308884     
   1.9155413719583203        960.04488111038131       -4.8282924532469558        4.8329301522380792        9.6367745765724599       -8.6998155369501848     
   1.9155413719585901        1265.5856338405231       -4.9469054283838654        4.9525654157482188        9.8700356228649948       -6.7542019463936880     
   1.9155413719496659        1668.3667900226785       -5.0714965915114201        5.0788028379389498        10.114336156215721       -5.2448637291960294     
   1.9155413719670893        2199.3357633511228       -5.2020274226096888        5.2118157802736924        10.369143245462851       -4.0728591283542288     
   1.9155413719891761        2899.2891904191470       -5.3382664372466513        5.3516922898991099        10.633370752138482       -3.1618267203167236     
   1.9155413719831824        3822.0075122818316       -5.4796730755936887        5.4984086150930560        10.905102939172924       -2.4527605819536724     
   1.9155413720161272        5038.3871579653878       -5.6251964553139127        5.6518178007416626        11.181157203676364       -1.8999785835699237     
   1.9155413720784893        6641.8878226601691       -5.7729128552042699        5.8117127011960523        11.456390790262798       -1.4679932368385438     
   1.9155413721198087        8755.7133791463766       -5.9178702861362513        6.0149969936124510        11.756520848133196       -1.1200776729276181     
   1.9155413722452090        11542.278163683814       -5.3348117588334922        19.498222527581916        23.866074030213095        1.6918972263241341     
   1.9155413723324897        15215.685968261952        72.032022484535801        1068.7875052287150        918.19497548549214        160.84674008498686     
   1.9155413723712993        20058.180559825883        2872.7033184962793        28903.177413192261        23150.505916853806        3533.7475279555229     
   1.9155413723775350        26441.831686257679        178358.11704553667        1344224.3990395532        987492.20599851734        133782.81321843184     
   1.9155413723751826        34857.122800140714        694045.68249554967        3805178.3699371326        2417066.4645263706        316562.56730996049     
   1.9155413723735870        45950.637017935405        337666.06151237222        1339169.8949562437        662278.10434849584        95541.213816395350     
   1.9155413723731924        60574.736889840373        192993.04265301890        420218.23722050182       -21142.180228126817        32073.105409335818     
   1.9155413723730756        79853.055091308619        88853.503560859725        61865.292021843299       -166734.96652290755        8598.1321130689830     
   1.9155413723730743        105266.82796843353        163079.29059623997        1120971.0520563524        638788.59037766641        31338.369188075550     
   1.9155413723730832        138768.70531584622        684620.37641358352        775525.71773989243       -1272807.3447225946        45846.766615933098     
   1.9155413723730850        182932.78088336281        725397.79773534869       -1914167.9769081301       -4084298.7233662279        8199.6061229977804     
   1.9155413723730847        241152.37110235580        398068.15767656988       -1148215.6138863442       -2335747.7012421107        2612.3009100177687     
   1.9155413723730719        317900.73822453385        221384.75867276359       -571265.60238451022       -1228057.9511745204        1487.6865500081090     
   1.9155413723730730        419074.79035654844        135343.44325026148       -264665.33871724078       -662551.90159706364        1061.3871724768580     
   1.9155413723730785        552448.16634663544        91181.937534174212       -240083.64153262548       -504597.21651980490        317.05929367274121     
   1.9155413723730788        728268.51798958320        67023.689345305320       -163717.69848704909       -354744.95587493730        202.20810845369371     
   1.9155413723730785        960044.88131825626        54816.464884499415       -205647.22418019196       -358899.21993479936       -23.110663457443195     
   1.9155413723730801        1265585.6341143786        46566.898415288058       -60991.574916823323       -188177.57054709777        153.08036900335418     
   1.9155413723741426        1668366.7903923891        42143.294643940302       -53604.851515704475       -166014.14906144663        104.10986006307675     
   1.9155413723741426        2199335.7638184922        40327.936413268464       -41695.952838175443       -146936.20408544573        82.093101265593248     
   1.9155413723741437        2899289.1910018320        40382.098397700014       -37424.261024861655       -140854.30393913327        64.045344721656605     
   1.9155413723741432        3822007.5130619197        41690.936283646151       -32160.336957602587       -137257.11049783672        52.636557918095384     
   1.9155413723741421        5038387.1589070894        44048.799451383660       -34118.264914236686       -143698.98660967688        41.629934914652004     
   1.9155413723741421        6641887.8236853424        47394.633487692321       -32095.243637872132       -148745.02003733168        34.980369809673853     
   1.9155413723741421        8755713.3803089540        51918.810897351323       -46896.740697707159       -173715.78145593696        26.308384974745501     
   1.9155413723741426        11542278.164460782        57329.595536859488        99489.606772609157       -39659.599198759868        47.008313693438311     
   1.9155413723741428        15215685.968592910        63588.843845159499       -20945.579435183892       -174398.06491298618        22.921685953526687     
   1.9155413723741428        20058180.559855781        70887.114440888850        561900.53209581657        391683.93028935953        75.200894487419916     
   1.9155413723741432        26441831.686211023        80033.318826691800        567815.23815743043        376043.03893180436        59.555649519366412     
   1.9155413723741430        34857122.800122008        90321.888214509585       -331223.35690472455       -547115.93457876891       -2.4584770151820958     
   1.9155413723741408        45950637.017948970        101914.09862564869        587233.86399425252        344298.22193092946        37.930294952729199     
   1.9155413723741408        60574736.889870733        114770.80563548533        497108.60414806730        224468.82232341176        27.183117610358003     
   2.4115237110135963        79.853055090979211       -4.8438361047505936        4.8472480754177036        9.6886080224595581       -132.74347588940060     
   2.4115237110055214        105.26682796764690       -4.9283225702622220        4.9332872856039689        9.8576547503140830       -102.38847957951373     
   2.4115237109949743        138.76870531420170       -5.0167947438491858        5.0228918755032721        10.033743185213332       -79.015507415508992     
   2.4115237109803092        182.93278088008228       -5.1096619227279563        5.1162828607116069        10.217623120982278       -61.016359766057555     
   2.4115237109591248        241.15237109591266       -5.2073772053372798        5.2139628240987079        10.410388741090031       -47.149963716554751     
   2.4115237109361995        317.90073821302008       -5.3103847934013100        5.3165504209451599        10.613205478555164       -36.460930027229715     
   2.4115237109061329        419.07479033614504       -5.4190951755792529        5.4246664708048709        10.827143896679582       -28.215163402125370     
   2.4115237109058105        552.44816631966273       -5.5338798978233488        5.5388664503451324        11.053098819715032       -21.849193538835678     
   2.4115237109079009        728.26851795465734       -5.6550734354717047        5.6596358806843039        11.291784753791847       -16.930491181678452     
   2.4115237109128111        960.04488127416982       -5.7829732323135188        5.7873982018362415        11.543739306126888       -13.126886767383615     
   2.4115237109099521        1265.5856340547596       -5.9178324433087131        5.9225255997838726        11.809313878671269       -10.183099549259689     
   2.4115237108874177        1668.3667902972800       -6.0598411821921845        6.0653434881309218        12.088633710546040       -7.9027771705892755     
   2.4115237108647416        2199.3357636724327       -6.2090912294354581        6.2161235346680206        12.381511548360251       -6.1347615707576360     
   2.4115237109260867        2899.2891908830388       -6.3655164610397774        6.3750730919310614        12.687306932593224       -4.7625728337815323     
   2.4115237109261631        3822.0075129054403       -6.5287910351474112        6.5423035493058430        13.004676610844990       -3.6963599433383139     
   2.4115237108926943        5038.3871586308860       -6.6981560951853600        6.7178474187218624        13.331226253475041       -2.8666898102993974     
   2.4115237109304029        6641.8878234250906       -6.8720935571003148        6.9017333853599503        13.662908023723382       -2.2197524117253145     
   2.4115237109902004        8755.7133801829859       -7.0477014240824305        7.0942637521309813        13.993015025461055       -1.7136228028246763     
   2.4115237109372742        11542.278164041398       -7.2121953489331538        7.4701569780021311        14.469289670873339       -1.2748044496033049     
   2.4115237111101639        15215.685969130906       -4.6879630953859124        54.600373765083141        56.305853697585313        7.6649833960007880     
   2.4115237111996795        20058.180561309549        226.30164219924609        3025.9737908246925        2565.4265593203472        441.31981613269733     
   2.4115237111186190        26441.831687238642        7922.9257680215887        75730.984452446544        59875.511416476445        8943.2263441897558     
   2.4115237111129737        34857.122801395060        484786.19416378933        3471740.7377915476        2502147.0174661903        334674.63101549586     
   2.4115237111126513        45950.637019621092        1015523.5519929986        5267632.3502710536        3236550.3017060859        426597.08160653303     
   2.4115237111108652        60574.736892030152        465123.06362068234        1836321.7657092512        897550.13718195958        125580.21954184986     
   2.4115237111097323        79853.055094162657        285117.75690522610        361531.46284133923       -323279.22534366423        38319.642772625564     
   2.4115237111095649        105266.82797218866        141401.26113509221        233220.98248131966       -156488.55716403775        16694.023039243672     
   2.4115237111094885        138768.70532079143        429815.64581948140        2899842.5085953949        1619005.3781264948        78087.276282961320     
   2.4115237111094925        182932.78088988198        1523089.8096328473        1484385.6722553314       -3075983.8166339528        94270.163607319206     
   2.4115237111094920        241152.37111094969        1335206.3441557419       -3823558.1616274356       -7819403.0452773683        11423.569698531282     
   2.4115237111094880        317900.73823586444        715631.56244017801       -2127007.1872116365       -4263141.5605884744        4017.1312934625785     
   2.4115237111094876        419074.79037148482        400427.04075508291       -806681.72199601121       -1996086.7500046752        3881.1338851131454     
   2.4115237111094867        552448.16636632348        247305.01977338412       -661146.24616252480       -1389919.5757573294        1084.0327843577290     
   2.4115237111094863        728268.51801553695        167833.06098031491       -541424.38238023280       -1030343.0983591217        233.94585036802800     
   2.4115237111094898        960044.88135247142        123989.99122132093       -171122.06233685030       -526873.01422331354        693.55880514430112     
   2.4115237111094898        1265585.6341594821        101513.58853291403       -153537.75808813819       -439990.45911462186        396.81750197657573     
   2.4115237111094894        1668366.7904509213        85682.764630462567       -181417.62798519339       -418243.14510744199        172.65747343093429     
   2.4115237111094854        2199335.7638956490        77266.743411396645       -50744.059810137172       -259880.80394748400        237.44096343494934     
   2.4115237111094858        2899289.1911035432        73736.071762535779       -90602.313294191888       -286354.13489372865        133.91229098645678     
   2.4115237111094858        3822007.5131960022        73481.576918016159       -57593.364711096772       -249383.68768483461        119.97839248720176     
   2.4115237111094867        5038387.1590838488        75421.195287202077       -40423.846406987541       -234369.33368708441        101.09639256575809     
   2.4115237111094867        6641887.8239183575        79361.538870097022       -93907.141103522968       -295474.96428888489        61.216109392951708     
   2.4115237111094858        8755713.3806161247        85295.294597342203       -52768.041514103876       -267324.09240632149        62.652477908090447     
   2.4115237111094858        11542278.164865710        93089.293496816797       -174988.29005517927       -407408.15906570863        27.010961433921331     
   2.4115237111094854        15215685.969126703        102451.45882901161       -182654.23138249791       -436833.37721835676        23.892225362285899     
   2.4115237111094863        20058180.560559466        113457.98244770766        436190.02897492761        156246.47696488647        96.663336931715037     
   2.4115237111094863        26441831.687138651        126501.93402699035       -96775.702407717064       -407531.91459004232        28.462569486058378     
   2.4115237111094858        34857122.801344857        142502.84845316090       -1359542.1225452586       -1708762.0928768499       -62.246153385123861     
   2.4115237111094876        45950637.019561097        160733.71718454041       -588156.73212586064       -981132.23219066206       -3.6923984554842519     
   2.4115237111094876        60574736.891995929        181066.31188452788       -281458.06335647975       -722892.05256617453        11.971260365491485     
   3.0359284810825828        79.853055094750800       -5.8804775645247629        5.8834205171220813        11.761875477362704       -202.95821574716857     
   3.0359284810779426        105.26682797281042       -5.9767837146417477        5.9820784691050628        11.955429979207560       -156.37848068046799     
   3.0359284810686176        138.76870532118923       -6.0773616242016084        6.0848923198888487        12.156631089797582       -120.53207907326963     
   3.0359284810615379        182.93278088997948       -6.1826136384028052        6.1916727252645822        12.365776289638003       -92.951162459215354     
   3.0359284810512728        241.15237111026292       -6.2930888367138014        6.3027383771919725        12.583937847755950       -71.728289265382628     
   3.0359284810332867        317.90073823307614       -6.4093854631867622        6.4187832582102669        12.812632492409596       -55.391367587367952     
   3.0359284810152283        419.07479036531629       -6.5320805584204429        6.5406416803306593        13.053443705755065       -42.807702658393424     
   3.0359284809844063        552.44816635258314       -6.6617002368145117        6.6691221435511316        13.307793996732435       -33.107722501096099     
   3.0359284809552953        728.26851799044039       -6.7987161440914265        6.8049386788475656        13.576866686821923       -25.624518395839189     
   3.0359284809568075        960.04488131986432       -6.9435507085669776        6.9487030582040932        13.861605273533261       -19.846632140045880     
   3.0359284809496025        1265.5856341134936       -7.0965795746798825        7.1009403440634982        14.162729936915021       -15.381628360362432     
   3.0359284809283800        1668.3667903786341       -7.2581242265552399        7.2621062235337135        14.480735296341837       -11.928168895232041     
   3.0359284809779781        2199.3357638362895       -7.4284290529683661        7.4325970234489098        14.815848613076270       -9.2546618891841916     
   3.0359284810045590        2899.2891910506760       -7.6076155166730794        7.6127410087029386        15.167922073066627       -7.1829574304226158     
   3.0359284809917715        3822.0075131102094       -7.7955994640253730        7.8028243077447916        15.536283811037126       -5.5758341359431496     
   3.0359284810233436        5038.3871590231456       -7.9919413283156659        8.0030388589408332        15.919373922412735       -4.3274932782481832     
   3.0359284810176388        6641.8878238258512       -8.1955635530079274        8.2136646188918814        16.314344966771412       -3.3561004006568047     
   3.0359284810252323        8755.7133805160793       -8.4041668983315514        8.4353716914351473        16.716174040815318       -2.5980668298770122     
   3.0359284810711840        11542.278164908525       -8.6130500081953301        8.6702358806807975        17.116287909818190       -2.0034948174064149     
   3.0359284810456901        15215.685969055372       -8.7786029384815762        9.6963461301195331        18.204145584470858       -1.3592969044170522     
   3.0359284812085336        20058.180561541314       0.62059499563030029        168.94755504001404        158.36924368652504        27.119964188856635     
   3.0359284811256728        26441.831687711288        670.30071683193330        8342.3022283859555        6992.0235539285241        1175.6512787405438     
   3.0359284811007980        34857.122801814134        23472.485047852118        213788.36029832982        166829.73577340311        24380.747953652331     
   3.0359284810990701        45950.637020153517        1124837.3165541750        7646258.8888587235        5396556.2523232410        714554.72626146884     
   3.0359284810982912        60574.736892761342        1441510.5835390354        7070256.7300404366        4187137.5348594226        557893.06656515738     
   3.0359284810978742        79853.055095153104        653757.23327837233        2816040.6863108901        1466333.5348831397        178543.41336188943     
   3.0359284810976872        105266.82797349515        419463.34914655139        12762.844670681225       -1051055.2736019408        40342.805537778804     
   3.0359284810976352        138768.70532251574        266394.86831200309        262249.63784457801       -509597.49038145505        26908.615991557930     
   3.0359284810976197        182932.78089215382        1140957.2478106150        6917618.1567769647        3507875.4432885731        185155.78672303524     
   3.0359284810976179        241152.37111394445        3234741.7476408482       -4784363.4151782114       -14474247.943268156        91332.664539278179     
   3.0359284810976170        317900.73823981272        2421530.9058190850       -8151397.9913416058       -15400236.586915690        8180.2781200583122     
   3.0359284810976161        419074.79037668963        1287196.4384091536       -3715335.1361458180       -7559575.1929903794        7713.9299505741947     
   3.0359284810976135        552448.16637318442        730933.24543691450       -1384145.5508440740       -3557790.3990735868        7263.8706523401852     
   3.0359284810976139        728268.51802458172        454110.82236300746       -1361678.3026887961       -2702806.9573949222        1296.5065143993488     
   3.0359284810976126        960044.88136439316        309876.81587065168       -1076729.0165575063       -1982825.7248015897        178.49901526102076     
   3.0359284810976130        1265585.6341751979        230303.40112091691       -366261.36331110488       -1030983.5671825747        1122.7080842633800     
   3.0359284810976130        1668366.7904716388        188635.86144971018       -329724.19041360705       -866415.44498050516        630.63670164108294     
   3.0359284810976130        2199335.7639229642        158671.22909019969       -109058.71046614076       -552396.62299385993        624.53923417388376     
   3.0359284810976135        2899289.1911395518        142900.26394744430       -102127.56495315218       -494196.64051268366        415.72565195014107     
   3.0359284810976130        3822007.5132434694        135921.45765300572       -107098.26132730687       -473703.58059208334        287.49003261366909     
   3.0359284810976148        5038387.1591464244        134965.01200212064       -76949.021585849638       -435500.50363945193        231.26442731908304     
   3.0359284810976197        6641887.8240008578        138242.43767324390       -534392.71709004266       -896836.62963655242       -30.545425549111343     
   3.0359284810976206        8755713.3807248883        144671.94126465952       -108131.41610394571       -483056.27086117252        130.79092278424892     
   3.0359284810976206        11542278.165009089        155344.95987024030       -23669.062315698073       -422809.07729916723        130.02543553387144     
   3.0359284810976197        15215685.969315711        169160.48581278263        337971.46094729449       -93667.739435446885        179.43960886394069     
   3.0359284810976250        20058180.560808651        185639.81226209071       -122654.94380341411       -593472.81823246228        74.282544038815516     
   3.0359284810976250        26441831.687467147        205322.34342232847        330646.97317968763       -187454.53931799368        115.58775478800482     
   3.0359284810976250        34857122.801777869        228716.21726439596        69903.135904447292       -504890.80568550434        71.496463059444480     
   3.0359284810976250        45950637.020131879        257662.17250579511       -3354122.0049320310       -4000286.8966104016       -165.79050305877053     
   3.0359284810976246        60574736.892748348        289703.49435899954       -1252608.0664263181       -1977163.2564456761       -15.264081809544045     
   3.8220075132595119        79.853055095481736       -7.1546493112595506        7.1565438172396041        14.309594686568438       -310.99076928429207     
   3.8220075132744276        105.26682797434565       -7.2646656744108151        7.2694133165638322        14.531355459557020       -239.39935959735035     
   3.8220075132888995        138.76870532416473       -7.3793379493733147        7.3876491756818234        14.762105029769510       -184.32054849720512     
   3.8220075133022231        182.93278089496630       -7.4989185583998577        7.5104514099373043        15.001199308173934       -141.96178852444339     
   3.8220075132951967        241.15237111720882       -7.6239618309869810        7.6375548859279059        15.249104066585645       -109.39599705639101     
   3.8220075132400551        317.90073823952963       -7.7552155940881873        7.7694343452748935        15.507379636314653       -84.358582261973368     
   3.8220075131843765        419.07479037021136       -7.8934802317219779        7.9070613275760264        15.778154146867180       -65.101700869552758     
   3.8220075131226627        552.44816635572442       -8.0395158744462432        8.0515652174832262        16.063597544227186       -50.281250435746905     
   3.8220075130449058        728.26851798674841       -8.1940079261273269        8.2040143978129461        16.365632500290666       -38.866251595828693     
   3.8220075129575140        960.04488129256720       -8.3575673983616490        8.3653343323388771        16.685851632638201       -30.066766422938660     
   3.8220075128154982        1265.5856340334869       -8.5307422051670549        8.5363046855523450        17.025535045369647       -23.277579344638980     
   3.8220075128481366        1668.3667902990742       -8.7140244276068568        8.7175851459721301        17.385688570937710       -18.034765221785339     
   3.8220075128728719        2199.3357637097124       -8.9078444958546470        8.9097436317985252        17.767057534224513       -13.982419772447418     
   3.8220075128710569        2899.2891908570537       -9.1125439184922232        9.1132782868648032        18.170091565001840       -10.847245069674621     
   3.8220075128879931        3822.0075128880003       -9.3283160160637184        9.3286115849664117        18.594816680177058       -8.4191734771336559     
   3.8220075129275783        5038.3871587300027       -9.5550807998179170        9.5561968946778215        19.040687717194885       -6.5364292945068909     
   3.8220075129324784        6641.8878234604117       -9.7922529003350824        9.7964887774723000        19.506088751307711       -5.0742932999995478     
   3.8220075129385718        8755.7133800263964       -10.038218456899124        10.050532031273734        19.987868105714533       -3.9360454622106582     
   3.8220075129730451        11542.278164192398       -10.289176977133017        10.320857512499011        20.479906260799510       -3.0460901149204416     
   3.8220075130357021        15215.685968488546       -10.536692992072659        10.615733897766070        20.972460270293851       -2.3439162790458377     
   3.8220075131361924        20058.180560245579       -10.610566317866017        14.226764736376866        24.415579576552279       -1.0749796360021013     
   3.8220075131771245        26441.831687008042        22.107029772285667        533.36904593141446        477.78763061916254        87.590545335460106     
   3.8220075131340030        34857.122800779413        1912.9270859419207        22426.841939272690        18589.162893931876        3051.1441115990278     
   3.8220075130906794        45950.637018294787        76833.645550483867        668354.26968668250        514666.60769122362        73597.100403163378     
   3.8220075130879847        60574.736890283857        2380667.6941138851        15353185.007340472        10591813.375449065        1391900.4404425295     
   3.8220075130901474        79853.055091943272        2004822.7014454983        9296371.5875600539        5286261.8165095579        715306.18535920116     
   3.8220075130889848        105266.82796923826        972562.85951789934        4728019.1948184352        2608122.6704160557        276911.08796100406     
   3.8220075130886602        138768.70531689463        624660.30949390901       -416720.58241047180       -2096327.6804911057        47760.146199445968     
   3.8220075130885869        182932.78088474119        593008.66282194539        2758554.3182771616        1003700.1408098169        103337.84924201478     
   3.8220075130885811        241152.37110417252        2972622.2878399384        13339661.727399925        4442867.6821490042        386652.10264271148     
   3.8220075130885762        317900.73822693044        6587116.2797730993       -12230849.508138170       -31969094.899527751        147768.54339583556     
   3.8220075130885758        419074.79035970755        4322508.4034086298       -14873596.980261920       -27815733.681824215        11020.823850646280     
   3.8220075130885758        552448.16635079822        2307053.5831605354       -11176546.378927909       -18069738.220658101       -18030.454234807723     
   3.8220075130885776        728268.51799507125        1339313.9205864344       -3896125.6837258525       -7883176.3473401107        5593.9563621677225     
   3.8220075130885776        960044.88132549089        837186.44617746293       -1916215.0753968824       -4393566.1413687589        4665.5959090008510     
   3.8220075130885776        1265585.6341239146        575198.87716641789       -1374256.7596619055       -3061871.7895120080        2217.6854301574026     
   3.8220075130885767        1668366.7904040343        429533.01531001914       -1027606.2737224373       -2273923.9569025608        1224.1416879443639     
   3.8220075130885776        2199335.7638338441        351742.66984119144       -622200.84731103526       -1630240.6497537929        1121.6948420989829     
   3.8220075130885807        2899289.1910220706        296078.23542923015       -331357.48333275761       -1166797.5618479145        954.17953295488064     
   3.8220075130885949        3822007.5130886147        266518.96688411769       -343445.36773049389       -1083795.6422302243        595.77144542078668     
   3.8220075130885949        5038387.1589422822        252757.51134787092       -351816.94227528758       -1043543.8542831597        401.63512084494158     
   3.8220075130885962        6641887.8237317391        250507.49797326865       -361136.09154704935       -1037707.9374729320        290.09010779682870     
   3.8220075130885962        8755713.3803701159        255403.36202412378       -682682.95166471996       -1364312.1803078798        83.838574373449063     
   3.8220075130885967        11542278.164541408        266921.42830160190       -48908.057114260999       -754053.93715880683        284.35016284552216     
   3.8220075130885975        15215685.968699198        285779.57693176105       -417642.12606849161       -1166709.1094177566        137.84114502236494     
   3.8220075130885975        20058180.559995897        310584.00225764426        707516.88684077864       -101455.68418683292        334.05592174432104     
   3.8220075130885975        26441831.686395723        340500.10627019260       -146982.94452945344       -1029068.8045410383        143.82110469727286     
   3.8220075130885975        34857122.800365493        375365.45565664233       -270795.06083779386       -1238402.1958128549        107.86698650729616     
   3.8220075130886020        45950637.018270016        418962.05911030585       -2276099.0276344717       -3352623.8873796402       -73.110689395051054     
   3.8220075130886020        60574736.890293948        470716.26027581078       -610328.10039356281       -1817036.8869558563        60.371839135397380     
   4.8116223823081574        79.853055092121465       -8.7232604455007365        8.7238503082243675        17.445769815955181       -477.48809009412366     
   4.8116223823207633        105.26682796978096       -8.8490788608677011        8.8522911960040069        17.699364270710404       -367.28976472198951     
   4.8116223823392490        138.76870531815499       -8.9801936747683246        8.9879692274993861        17.964371712107603       -282.53410961707687     
   4.8116223823274442        182.93278088595738       -9.1165369942866867        9.1297067310093283        18.239094475840712       -217.36039541642819     
   4.8116223823477240        241.15237110679246       -9.2584576839433499        9.2762730038076437        18.522585980236173       -167.27439875613572     
   4.8116223823734678        317.90073823208553       -9.4067361212298106        9.4273266549551362        18.815615722836785       -128.80113454627093     
   4.8116223823606239        419.07479036538462       -9.5624054335143960        9.5835908169848185        19.120484359904466       -99.249118722081207     
   4.8116223823548339        552.44816635761708       -9.7265505843392788        9.7464392745168826        19.440207048008560       -76.540914316551266     
   4.8116223823336455        728.26851800085285       -9.9001874667669458        9.9174145496954651        19.777789357748961       -59.079981552025068     
   4.8116223823038800        960.04488132717324       -10.084224679140615        10.097942360867791        20.135865432048277       -45.642873556318733     
   4.8116223822579469        1265.5856341140507       -10.279471445545688        10.289235725111745        20.516618089537246       -35.293174269063954     
   4.8116223821845816        1668.3667903655924       -10.486659387237651        10.492301119007905        20.921828740759050       -27.314220091815294     
   4.8116223821908148        2199.3357637860158       -10.706458871982511        10.707980364786231        21.352952905748701       -21.157240326289045     
   4.8116223822273669        2899.2891909810428       -10.939477908849518        10.936997850668153        21.811167018127072       -16.401662741716681     
   4.8116223821900581        3822.0075130048776       -11.186230132729223        11.180008152590799        22.297355472148965       -12.724812471677463     
   4.8116223822038355        5038.3871588463217       -11.447054609001524        11.437637863683257        22.811997219871053       -9.8788244921421153     
   4.8116223822171271        6641.8878236235823       -11.721911823308041        11.710628443205614        23.354908274112248       -7.6728788411777673     
   4.8116223823121862        8755.7133804005152       -12.009966756061090        12.000271885585907        23.924852980558754       -5.9595621431567043     
   4.8116223824049120        11542.278164803913       -12.308514319348168        12.309709679260285        24.518706396447733       -4.6239802984246090     
   4.8116223824023541        15215.685969037146       -12.610454230418593        12.646401185250975        25.128887457394526       -3.5752404327094460     
   4.8116223823649031        20058.180560285273       -12.898721946465354        13.042610159444150        25.752750943661049       -2.7358241819870512     
   4.8116223822136215        26441.831685945835       -12.489156939191135        26.774169191476069        38.297430950491183       0.69416745525491086     
   4.8116223822194453        34857.122799814606        96.391526536111328        1660.2474328879086        1453.6223271169831        268.39955354201999     
   4.8116223824081894        45950.637019346272        5317.8455756869389        59009.366997430574        48359.117407187412        7749.1966667077932     
   4.8116223824063598        60574.736891689696        266287.30118555319        2211980.8816152643        1679375.9675266047        235296.24649541648     
   4.8116223824087552        79853.055093791059        4348671.4100551847        26584629.249174662        17887237.440578975        2340096.4406655133     
   4.8116223824095812        105266.82797172417        2744183.0252726730        12045302.053124558        6554246.7314739488        904064.37948125415     
   4.8116223824119961        138768.70532025318        1567085.7517815197        7058082.5252311509        3348363.5624069897        415941.95541023376     
   4.8116223824119650        182932.78088917094        982871.91568581224       -1464250.4921704640       -4253562.3344502915        54000.687754896695     
   4.8116223824118762        241152.37111000795        1451018.1273472628        7296036.8681029473        2974630.2080604266        252871.08722308258     
   4.8116223824118656        317900.73823462275        7511194.2336079711        29164495.309288129        6664845.7696818290        864536.26837715798     
   4.8116223824118665        419074.79036984814        12898833.602684425       -20487016.018257219       -59146301.443234086        316183.80547270138     
   4.8116223824118647        552448.16636416584        7719689.5327484086       -21896888.556969345       -45015047.035419419        59473.282640419420     
   4.8116223824118638        728268.51801269280        4188434.6730571827       -12823062.185944285       -25343281.522737112        18112.959566356811     
   4.8116223824118647        960044.88134872087        2442486.8074259819       -7463834.3903197590       -14741480.607799968        7975.2670984444303     
   4.8116223824118638        1265585.6341545377        1549347.1715871363       -4904104.3706160663       -9496960.9196165614        3111.5040712667869     
   4.8116223824118638        1668366.7904444032        1070494.7516667803       -1748133.4315426005       -4898321.4897602880        6300.7104928834651     
   4.8116223824118629        2199335.7638870599        804102.11233585654       -1346170.1051635842       -3690214.5758059039        3473.6845084231550     
   4.8116223824118629        2899289.1910922211        659015.05772799498       -548538.31823609024       -2449370.7322310712        3049.6786247480300     
   4.8116223824118629        3822007.5131810759        556102.02802644670       -1001906.0091994699       -2584913.2505329750        1249.5460724676207     
   4.8116223824118700        5038387.1590641774        499987.01980421320       -790622.80703292019       -2194891.8987569958        940.96629869518324     
   4.8116223824118727        6641887.8238924295        474589.59123183758       -557135.46213035134       -1873315.2637021090        806.56005388371284     
   4.8116223824118727        8755713.3805819489        469411.94872153067       -320235.18481758423       -1607255.8003991649        724.61953573953440     
   4.8116223824118736        11542278.164820656        477166.97307483101       -784503.68954105652       -2079175.8840707419        362.27187388259620     
   4.8116223824118745        15215685.969067318        496579.09269999992       -1715085.5131498519       -3050098.0745804585       -1.7347940951445935     
   4.8116223824118745        20058180.560481176        532341.66062345461        456347.71002553613       -965436.17430093465        547.06635500890604     
   4.8116223824118745        26441831.687035449        578358.16172369279       -4080508.1517864051       -5616818.0988742160       -383.27020387801667     
   4.8116223824118727        34857122.801208794        631987.59538038669       -650034.95291660260       -2320260.2076548636        206.99613981678479     
   4.8116223824118727        45950637.019381694        694328.54042710620       -2965533.1143985251       -4791852.2510166345       -64.060450856975052     
   4.8116223824118727        60574736.891759425        775985.85767824703        4418.7432579732267       -2031407.8332238328        208.92417173486797     
   6.0574736891678542        79.853055093736657       -10.657387293691503        10.656946988563183        21.313003399159371       -734.51227083959077     
   6.0574736891789378        105.26682797182700       -10.801232823252130        10.802322301431342        21.602051776584069       -564.60855188735945     
   6.0574736891646817        138.76870531999248       -10.951400803054739        10.957000394354498        21.905802579239193       -434.01514580533427     
   6.0574736891533254        182.93278088848552       -11.107443161468369        11.120308692695994        22.222256711372911       -333.60129912975191     
   6.0574736891444561        241.15237110875572       -11.269220293045599        11.290242239970510        22.548678405532605       -256.42919637626704     
   6.0574736891290826        317.90073823216591       -11.437239588086893        11.464968039961311        22.883757651600419       -197.16991425940026     
   6.0574736891176952        419.07479036582146       -11.612620468198084        11.644087185004421        23.228797265119162       -151.69376916315261     
   6.0574736890955467        552.44816635683787       -11.796808961225638        11.828716432283363        23.587222423394081       -116.79815820723918     
   6.0574736891062422        728.26851800431848       -11.991294533834660        12.020815263318610        23.963341164850156       -90.011061009137848     
   6.0574736891063301        960.04488133769485       -12.197454587033532        12.222509081259625        24.361357816336707       -69.434073449326192     
   6.0574736890967982        1265.5856341380111       -12.416514959056672        12.435719973319392        24.784927398863182       -53.613964456333392     
   6.0574736889329515        1668.3667903774895       -12.649571527540811        12.662056990108482        25.237092012274978       -41.439754433845422     
   6.0574736888540608        2199.3357637702065       -12.897629682866921        12.902837801778475        25.720385376207012       -32.062211737697531     
   6.0574736887230456        2899.2891908754696       -13.161636870251062        13.159156061707161        26.236971221397130       -24.831825660333422     
   6.0574736885948131        3822.0075128144317       -13.442491221965211        13.431964048333697        26.788752621282775       -19.251359227551450     
   6.0574736886336806        5038.3871586131663       -13.741001932443492        13.722172857278577        27.377407053997452       -14.939653318229409     
   6.0574736886180265        6641.8878232807110       -14.057769631865311        14.030796074154134        28.004311272427515       -11.604064486413421     
   6.0574736885838449        8755.7133797261376       -14.392805784750637        14.359373774292918        28.670232645562173       -9.0191096107397968     
   6.0574736886520064        11542.278163822353       -14.744675855072670        14.711303577077159        29.374984948451235       -7.0099067606271905     
   6.0574736887002256        15215.685967872410       -15.108063316819337        15.095344813087593        30.116111807754287       -5.4385037345838407     
   6.0574736887353025        20058.180559022123       -15.467914800791453        15.531412626356895        30.883040772832945       -4.1932980484558211     
   6.0574736886809317        26441.831684874698       -15.785396865706861        16.154183297871111        31.732786904995919       -3.1582499320343898     
   6.0574736888836922        34857.122799527147       -13.352800432409325        68.128748250930272        78.416460159959712        7.8945365271433392     
   6.0574736889127410        45950.637017385197        335.77054429341661        5034.9607037770456        4346.5575497048976        790.45690934817469     
   6.0574736888358931        60574.736888359061        14553.338946614806        27785.397842372993       -1339.5185669002731        6880.2249259467335     
   6.0574736888228200        79853.055089188361        905846.54820451967        7173570.7609277377        5361833.8497417215        737762.18714798964     
   6.0574736888245608        105266.82796566884        7155427.4592097877        41437801.988529295        27126869.470546279        3544505.4029866448     
   6.0574736888274110        138768.70531226633        3699768.5631162059        15586175.219986850        8170252.3235159796        1135997.8576827534     
   6.0574736888296696        182932.78087871164        2662989.9059656505        8612002.7699490413        1753774.8976593278        579695.45641779131     
   6.0574736888297513        241152.37109622761        1708346.4229943864       -2861077.5002838392       -7878384.8614060571        85557.364296915737     
   6.0574736888297176        317900.73821645568        3732273.0654952205        18773034.928535134        7626138.0139561631        621820.68056583568     
   6.0574736888296954        419074.79034589761        18342550.293172438        46323975.566676766       -8649036.9775379263        1656707.5953531060     
   6.0574736888296909        552448.16633259284        24483965.805453125       -46755509.282686166       -120147465.15009582        486989.08885689219     
   6.0574736888296759        728268.51797106967        13833424.437409634       -48497507.990583062       -89931864.998548493        24820.209841565345     
   6.0574736888296945        960044.88129385363        7560190.6955550443       -19138740.719326749       -41746642.383777507        56555.643261475576     
   6.0574736888296989        1265585.6340822096        4456965.2264684681       -10705629.780843643       -23996199.898376845        27891.820498984373     
   6.0574736888297025        1668366.7903490574        2870863.7823629580       -7755054.4537882432       -16278624.075399626        10385.862774505953     
   6.0574736888297025        2199335.7637613700        2003733.5757551575       -4683971.4648300465       -10596252.339156870        7413.7914730494786     
   6.0574736888297016        2899289.1909265285        1521110.9253577644       -2905777.1002830137       -7358905.1026341608        5560.7445579613814     
   6.0574736888297016        3822007.5129626505        1240879.9524640108       -3292788.7716604299       -6892340.0672891987        1931.5398753892355     
   6.0574736888297016        5038387.1587762302        1050171.8337190060       -763034.33525402786       -3775735.4696842711        3636.2982876413453     
   6.0574736888297016        6641887.8235128373        944861.83834801521       -3027544.7450089380       -5707469.4636953166        321.34985930547805     
   6.0574736888296963        8755713.3800815400        896809.41729100887       -384192.13519179379       -2900673.4428762365        1936.5353266253514     
   6.0574736888296972        11542278.164160991        885370.20865490194       -1653533.4020103198       -4113605.8884388623        769.95051469021416     
   6.0574736888296972        15215685.968197707        900266.35905330803       -815209.25002615154       -3294655.7582493410        930.74845170667163     
   6.0574736888296972        20058180.559334800        935266.23624235298       -1876558.2493031970       -4431988.1300433166        416.94219821213824     
   6.0574736888296981        26441831.685524236        1003814.5646502206        2537632.6431564726       -190176.43956022966        1379.1004873565694     
   6.0574736888296981        34857122.799216650        1086073.6720593595       -4414318.5549983047       -7350762.8922452424       -114.71740026521991     
   6.0574736888296981        45950637.016755536        1185727.7477634707       -2016910.5117745288       -5208581.4746167082        272.72578787107869     
   6.0574736888296874        60574736.888297372        1302093.0511662713       -829201.36831060052       -4319818.2523931544        364.45396728228530     
   7.6259075580920239        79.853055088752825       -13.045868436719758        13.045094879699397        26.089419544746505       -1131.9643224527031     
   7.6259075580508116        105.26682796449553       -13.210110237024743        13.209298379063132        26.418030028465896       -869.50741399873050     
   7.6259075580315905        138.76870531030454       -13.382072821055516        13.384307145424634        26.764718788347764       -667.99382652155782     
   7.6259075580503524        182.93278087650737       -13.561111805591086        13.571010477507777        27.128575359441392       -513.11577869110272     
   7.6259075580747453        241.15237109408989       -13.746442434063397        13.767858925113249        27.505985939947784       -394.06201123272638     
   7.6259075580948732        317.90073821447851       -13.937841837818651        13.971580413655744        27.892698899638820       -302.61955584774017     
   7.6259075581231048        419.07479034484413       -14.136079496902365        14.179513501531865        28.287004711876456       -232.46550216302128     
   7.6259075581605602        552.44816633391781       -14.342786585105134        14.391258418529604        28.691123667607094       -178.68641960166633     
   7.6259075582011073        728.26851797669042       -14.560010842335087        14.608553081244922        29.110190065214354       -137.46651678348408     
   7.6259075582418223        960.04488130638583       -14.789821512596067        14.834213614322479        29.550403697760693       -105.86050541522155     
   7.6259075582158564        1265.5856340944197       -15.034112115084312        15.071193988446604        30.017699502487901       -81.608427108871581     
   7.6259075582481026        1668.3667903722067       -15.294564611282903        15.322112653381936        30.517207943447524       -62.982343706979847     
   7.6259075582417584        2199.3357637900567       -15.572694527264323        15.589130780670772        31.053230924634185       -48.663028493079246     
   7.6259075582653519        2899.2891909733144       -15.869919649041110        15.873999576971990        31.629435938832753       -37.643451952998511     
   7.6259075582763804        3822.0075130298533       -16.187620060840299        16.178170214163856        32.249099650236396       -29.154443140117550     
   7.6259075581328846        5038.3871587700123       -16.527162787691708        16.502943935094940        32.915327582695824       -22.607846728911873     
   7.6259075579270021        6641.8878233253226       -16.889842090374366        16.849675840840511        33.631170120989154       -17.553185330886031     
   7.6259075578830586        8755.7133797838997       -17.276665222931985        17.220268159156280        34.399731661074611       -13.644532461862624     
   7.6259075579424467        11542.278163858507       -17.687543108111594        17.618190091280457        35.223635053802695       -10.614721460263301     
   7.6259075579423508        15215.685967798760       -18.119312593753506        18.052369189444732        36.105044472821824       -8.2545459077219672     
   7.6259075579162499        20058.180558740230       -18.559844082386213        18.546156572180927        37.042964296051402       -6.3948908142274092     
   7.6259075579408329        26441.831684825662       -18.974022906027596        19.150026767589519        38.018075401753990       -4.8935965704027096     
   7.6259075581306677        34857.122799163459       -19.263699161954619        20.455128170759298        39.426742084950462       -3.5106090042708629     
   7.6259075580803222        45950.637016382039       -9.6518719235077661        210.59238569214642        209.85127956551887        33.459578616145961     
   7.6259075581339921        60574.736888231411        1073.4300207510539        14826.721762950570        12659.306082620309        2249.6381909637648     
   7.6259075580766558        79853.055088592067        39947.080742609935        399450.80799234542        319532.93319807714        48896.857437320898     
   7.6259075580786417        105266.82796487991        2823989.1387001779        21281719.586847723        15633679.915988555        2118079.5822267360     
   7.6259075580761699        138768.70531111603        10931607.708834738        59932176.368219808        38068771.463119358        4985947.7682904815     
   7.6259075580761317        182932.78087712612        4921604.1623706818        20781000.156075574        10840503.451809533        1447985.3361187605     
   7.6259075580764222        241152.37109414343        4604319.1638052166        6401283.4484230895       -6300113.2986383159        712978.47709997464     
   7.6259075580767792        317900.73821372486        3297605.7150630071        204473.33038733387       -9600757.6467631515        297726.79011830199     
   7.6259075580767570        419074.79034229799        9923637.4257424176        70742767.588675305        41052179.139263786        1958796.9500663797     
   7.6259075580766353        552448.16632783914        42934670.176214449        49106583.404003806       -79609457.113767147        2884939.0341223143     
   7.6259075580766345        728268.51796480478        45482392.055453211       -120586772.96375485       -256937408.95451328        510859.22864870459     
   7.6259075580766345        960044.88128559210        24800479.012143426       -72242324.880702704       -146537558.83449620        159376.93905429594     
   7.6259075580763582        1265585.6340712721        13619931.495435394       -35821341.265577570       -76564004.245161921        89288.674879767088     
   7.6259075580763582        1668366.7903346380        8154152.0815726416       -16456176.037359189       -40789109.452290639        63111.956452754523     
   7.6259075580763618        2199335.7637423621        5325772.0443729721       -14882775.594304502       -30716487.578798596        16746.836870870196     
   7.6259075580763618        2899289.1909014722        3753696.0400702301       -10039210.107267980       -21140661.732958630        9998.9600948136467     
   7.6259075580763600        3822007.5129296198        2928968.8906524354       -12656335.349124441       -21265322.395778511       -3801.0935880480847     
   7.6259075580763565        5038387.1587326834        2346218.1891292385       -3496968.3467946053       -10336825.479936713        7664.8074087258710     
   7.6259075580763565        6641887.8234554324        1995959.3249094994       -2994321.8719580350       -8759535.7174325529        4868.2082451182196     
   7.6259075580763493        8755713.3800058644        1800013.0649642798       -2201299.2418406880       -7351367.0467854058        3726.1336606914751     
   7.6259075580763529        11542278.164061235        1710226.9576491930       -1884321.8141737815       -6733766.2007008269        2796.1950098382476     
   7.6259075580763520        15215685.968066201        1686041.5232646533       -1498005.1052382395       -6239078.0427351827        2253.2752062807422     
   7.6259075580763547        20058180.559161451        1712460.3578418253       -1559589.4701277162       -6338875.8611420812        1709.1152446332383     
   7.6259075580763565        26441831.685295716        1783318.5644327870       -1361042.6944951166       -6305856.9821852632        1417.5701919362443     
   7.6259075580763618        34857122.798915423        1907981.3358734376       -2213745.7609062777       -7478610.2028849367        979.68014740873002     
   7.6259075580763591        45950637.016358428        2065012.8282923182        7115674.2698411122        1441560.8724512546        2379.2345721869228     
   7.6259075580763591        60574736.887773983        2248540.5136622139       -376577.28157817409       -6530358.2367643807        939.58867873499935     
   9.6004488128048635        79.853055088167423       -15.999739287733558        15.999360886869667        31.997251192488072       -1747.6594733192708     
   9.6004488127926351        105.26682796415862       -16.187016339463508        16.185295436629968        32.370665981571733       -1341.3936900535132     
   9.6004488127756016        138.76870530996396       -16.383611072830220        16.382483361861965        32.764816380307629       -1029.8914348097037     
   9.6004488127672793        182.93278087544974       -16.589073693952411        16.593765576252700        33.180979763381728       -790.71691178912397     
   9.6004488127858831        241.15237109239158       -16.802179868107224        16.819748731863843        33.616747473687255       -606.89598204323033     
   9.6004488127985024        317.90073821181846       -17.021645048064112        17.057398216810665        34.065941717616198       -465.63329578999645     
   9.6004488128212309        419.07479034077835       -17.247165470036624        17.301520884540686        34.522126912746742       -357.20696991175782     
   9.6004488128425223        552.44816632706977       -17.479944361514029        17.548337883856696        34.983229175279803       -274.10881217008745     
   9.6004488128646983        728.26851796547294       -17.722388949610920        17.797575806279379        35.453019720849056       -210.48501457327620     
   9.6004488128983976        960.04488128984246       -17.977428911565998        18.052009123794093        35.939291470227573       -161.78181119833832     
   9.6004488129251104        1265.5856340804423       -18.247970407372637        18.315532259457644        36.450842598476839       -124.48685038616955     
   9.6004488129434371        1668.3667903499111       -18.536649919987159        18.592465464239805        36.996298230326737       -95.904513937842353     
   9.6004488129822452        2199.3357637713848       -18.845811064817177        18.886353381348634        37.582874516636494       -73.978566185750040     
   9.6004488129691392        2899.2891909357722       -19.177588821054396        19.200135839865343        38.216730172591951       -57.141082293984347     
   9.6004488129996961        3822.0075129870006       -19.534025449780799        19.536177384165562        38.903245108043890       -44.197077761508822     
   9.6004488130033572        5038.3871588102502       -19.917174744702159        19.896450669247475        39.647435693897791       -34.235193478671597     
   9.6004488129279864        6641.8878235055390       -20.329145957091601        20.282838175022810        40.454382181151033       -26.559373870598098     
   9.6004488127800141        8755.7133799369713       -20.771982470538962        20.697463669837866        41.329372015518288       -20.636931467208218     
   9.6004488127635828        11542.278163950654       -21.247178179891332        21.144529066747928        42.278851326883995       -16.057814607272935     
   9.6004488126029255        15215.685967665799       -21.753802162820168        21.632145013672954        43.308620076259245       -12.503908170377667     
   9.6004488125535445        20058.180558530428       -22.283551252330842        22.183726463816598        44.425497543927676       -9.7205782421501805     
   9.6004488126054870        26441.831684606921       -22.806001552390914        22.859984380725443        45.630042959392547       -7.4922507726110492     
   9.6004488125948910        34857.122797968921       -23.234780200640849        23.784672695306437        46.875017057423243       -5.6270217154954789     
   9.6004488129974099        45950.637017037268       -23.297243550095676        27.578195825049796        50.239923404764284       -3.4076359466447173     
   9.6004488130151291        60574.736888780651        14.107152517848286        701.03404904073375        648.33020904944885        120.93195016729699     
   9.6004488130227408        79853.055089979767        3268.4173514442050        42390.064272301723        35828.136929913257        6206.1836362481226     
   9.6004488130265475        105266.82796672358        114160.81364836865        1087008.9063209421        858654.39840777474        128471.08534261532     
   9.6004488130313668        138768.70531366105        7682046.5426255744        55012025.004780546        39647847.966928251        5303181.1568336980     
   9.6004488130307521        182932.78088047029        15862111.795607092        82279370.757106960        50554340.915834963        6663349.7966010161     
   9.6004488130276133        241152.37109846386        6591831.9642611556        32549030.901278887        18828854.901615594        2054523.7630091498     
   9.6004488130279437        317900.73821941635        8086155.1754201315       -1665791.1878339732       -25065888.371754237        835988.62030823366     
   9.6004488130279366        419074.79034980165        6863110.8216217551        12030400.249493243       -8439778.6107245218        858918.36629583943     
   9.6004488130279437        552448.16633774026        26704160.205149423        183194251.05613387        103211058.58603598        4910552.8747273860     
   9.6004488130279260        728268.51797785575        95679129.785174653        93938972.075542733       -192956789.78011829        5936078.8667847570     
   9.6004488130279242        960044.88130279630        83783178.640965775       -240946133.69603461       -492140189.19795668        710772.52246054821     
   9.6004488130279224        1265585.6340939973        44644058.948968418       -133875006.81134248       -267636074.19862515        245074.97771164752     
   9.6004488130279206        1668366.7903645954        24703281.067323651       -50539201.501889005       -124460251.30844018        237831.06222755014     
   9.6004488130279206        2199335.7637818530        14982137.468248393       -41324255.800116502       -86061815.774599552        62453.937565556727     
   9.6004488130279206        2899289.1909535313        9899820.1200001370       -33734119.617584407       -63201925.084048629        9737.8011870086484     
   9.6004488130279189        3822007.5129982461        7056092.9610290490       -10328876.390467716       -31239531.080103941        39504.632982806448     
   9.6004488130279189        5038387.1588231549        5549621.5308447881       -9173358.0127829872       -25534976.050529845        21422.664472794204     
   9.6004488130278993        6641887.8235746818        4449905.7423999151       -10880318.866869483       -23908956.611806180        7816.4778018609468     
   9.6004488130278993        8755713.3801630735        3803574.9919160260       -2576152.3641654397       -13627115.231996417        12355.730505374533     
   9.6004488130278993        11542278.164268473        3448848.7169986642       -5023624.2788858796       -14966143.714565866        6204.2980776662198     
   9.6004488130279011        15215685.968339399        3281695.2379742200       -2864019.4260396501       -12254393.316183794        5647.0475548507939     
   9.6004488130279011        20058180.559521582        3230979.2084826613       -1692885.8803077827       -10873046.091841932        4728.5686425435124     
   9.6004488130279011        26441831.685770459        3281223.1735916818       -4967039.6371753011       -14231386.923835512        2444.2285850496864     
   9.6004488130279011        34857122.799541242        3428217.1232507857       -2256397.5237102709       -11885445.123680795        2732.4634034134465     
   9.6004488130279011        45950637.017183430        3659268.9139352641       -9836315.4677889943       -20071061.196708400        652.37412796159015     
   9.6004488130279011        60574736.888861552        3951040.7382096662       -10169111.113574175       -21178892.651840121        599.98492069518932     
   12.086248975282007        79.853055089573488       -19.657747578885889        19.658059172093626        39.313725791692413       -2703.1054975125953     
   12.086248975240631        105.26682796578592       -19.871174604369898        19.869823800285246        39.738852189014494       -2072.9647617592273     
   12.086248975197707        138.76870531186250       -20.095470750101033        20.092289007590228        40.186215748653986       -1590.4619627502377     
   12.086248975200077        182.93278087814696       -20.330792408281663        20.329747669068439        40.659582521236892       -1220.5096236616080     
   12.086248975208786        241.15237109565371       -20.576035080478665        20.585728890967417        41.159535840730712       -936.42325582660828     
   12.086248975211101        317.90073821576181       -20.829051686790805        20.860169935503571        41.681092066203590       -718.07169492084643     
   12.086248975247225        419.07479034623697       -21.087828124758506        21.147554815151732        42.214032848388129       -550.32278072960105     
   12.086248975293998        552.44816633517848       -21.352015966749871        21.439808452122310        42.748829415727620       -421.66988841819864     
   12.086248975286171        728.26851797400855       -21.623534937348488        21.731682566009084        43.283235153673132       -323.18873086012377     
   12.086248975267139        960.04488129621291       -21.905972988129776        22.023283423643012        43.823606840102940       -247.89402587035121     
   12.086248975248580        1265.5856340833755       -22.203558550142876        22.318855787433190        44.381628541418522       -190.34341703976216     
   12.086248975295142        1668.3667903570204       -22.520412985786415        22.624329431868922        44.970369594831588       -146.33726735950864     
   12.086248975325121        2199.3357637773220       -22.860249364209963        22.945554658953743        45.601933613388290       -112.66004266102397     
   12.086248975310554        2899.2891909440627       -23.226377389698289        23.287544851215685        46.286730279436824       -86.860474910533426     
   12.086248975219030        3822.0075129568213       -23.621851098010026        23.654349946458275        47.033664864418576       -67.073297225202538     
   12.086248975317179        5038.3871588094598       -24.049659313898893        24.049216447439164        47.850705761914632       -51.879504892209717     
   12.086248975381571        6641.8878235920256       -24.512896117003368        24.474910187201054        48.745584224497080       -40.198704912377984     
   12.086248975408875        8755.7133802057178       -25.014807134701933        24.934370434192424        49.726601192644466       -31.206595055555290     
   12.086248975289243        11542.278164210436       -25.558494707956431        25.430951238087246        50.802367583173137       -24.273012195295408     
   12.086248974863349        15215.685967726715       -26.145586794729613        25.975424862535011        51.986278121161874       -18.908325176835703     
   12.086248974655875        20058.180558369586       -26.771770363294962        26.586865737042739        53.288656293816402       -14.730601882773046     
   12.086248974760951        26441.831684481705       -27.413791193171885        27.326653718925357        54.725032318809326       -11.418923015334324     
   12.086248974838444        34857.122798065815       -27.992068516621746        28.350054193574103        56.293351612183670       -8.6794763708564577     
   12.086248974839654        45950.637015243017       -28.290227126945656        29.953130698613315        57.860725837795556       -6.2322952633639028     
   12.086248974877499        60574.736886493250       -27.480998215977966        43.529418828124662        69.176326782556700       -1.4475430181448634     
   12.086248974955028        79853.055087413319        108.88016351767983        2338.2324305301563        2090.5307810063400        404.45073927178896     
   12.086248975008187        105266.82796376159        9607.1551319195059        117819.98293457660        98574.955954027682        16638.304603613768     
   12.086248975203114        138768.70531192480        354626.45495727513        3224447.9623581702        2515146.4416979454        367856.76377035317     
   12.086248975198258        182932.78087811961        17827329.529156387        121181579.57681563        85526805.266344905        11324655.508017762     
   12.086248975197806        241152.37109543491        22150851.179137684        108683320.97950816        64377198.477565192        8574894.9826291166     
   12.086248975197204        317900.73821539659        9705007.7481110282        69074451.544156715        47004034.529611856        3757529.8468673727     
   12.086248975196757        419074.79034448747        14685534.251160327       -26054621.776387844       -69613593.898454681        813571.20159296296     
   12.086248975196924        552448.16633074195        15271845.116542682        15387523.414217420       -30237881.537417822        1577716.8098981597     
   12.086248975196932        728268.51796863205        71367449.904074639        436886088.42823148        222991825.96788076        11660296.917120667     
   12.086248975196929        960044.88129063696        203419789.25201198       -301421823.98791194       -911453184.74373353        5744291.6276484495     
   12.086248975196911        1265585.6340779667        152042869.69641194       -513829473.98568034       -969707679.14964914        500740.15048763156     
   12.086248975196911        1668366.7903434630        80395837.943875924       -233890910.77740121       -474802739.80250549        473799.13470447483     
   12.086248975196925        2199335.7637539981        45212693.004343584       -86756147.403917819       -222089924.47917217        447456.31839018356     
   12.086248975196924        2899289.1909168102        27649573.830017973       -85286423.213036463       -167898369.42498016        72644.093145645893     
   12.086248975196922        3822007.5129498388        18438941.656219434       -67248849.862975255       -122191972.60400270        3518.2547850804986     
   12.086248975196920        5038387.1587593406        13292793.303390982       -22355482.376734957       -61818092.801704273        64274.016371150923     
   12.086248975196948        6641887.8234905871        10520670.364287736       -19975692.533893414       -51073938.425546601        34213.103452951706     
   12.086248975196952        8755713.3800522201        8466582.1710857190       -5968236.3507267628       -30849389.074464913        34655.768625088480     
   12.086248975196941        11542278.164122326        7284595.9515332943       -5435016.7042107536       -26707513.342418894        22176.316192921648     
   12.086248975196945        15215685.968146741        6630360.8273803480       -5639450.4160999432       -24877488.233226672        14672.034120108070     
   12.086248975196945        20058180.559267618        6325062.1303519709       -3612598.2532855622       -21852571.195809178        11620.775759453098     
   12.086248975197009        26441831.685435802        6251214.9545772206       -32333042.691271216       -50257333.882983357       -4477.3796591042783     
   12.086248975197012        34857122.799100086        6335253.3533725487       -5275010.7138259504       -23343524.382476166        6060.1538305528729     
   12.086248975197012        45950637.016601868        6639966.1894049421        240527.20185970981       -18618441.559948705        6316.8909192630508     
   12.086248975197016        60574736.888094924        7088931.2601956511        23271954.328333821        3207896.9134934461        9695.2809869135162     
   15.215685968110654        79.853055088822501       -24.193298128484688        24.194085197992298        48.385209340919914       -4188.1602864549732     
   15.215685968109915        105.26682796515118       -24.436659818658057        24.436471381312337        48.870528851204966       -3209.0912963124983     
   15.215685968107339        138.76870531149510       -24.692229756946098        24.689052795024217        49.378985285187639       -2460.1647765505818     
   15.215685968103987        182.93278087758648       -24.960986742275360        24.955792213227667        49.915694221003776       -1886.7968085770622     
   15.215685968105815        241.15237109477005       -25.242587490638279        25.242765417471730        50.485003037309440       -1447.1291010567832     
   15.215685968100589        317.90073821442684       -25.534823725203083        25.554294470454643        51.086043099855686       -1109.4269140262222     
   15.215685968097869        419.07479034314963       -25.834093095418915        25.888923628262333        51.709449534854414       -849.82931475833061     
   15.215685968025198        552.44816632633206       -26.137337351115086        26.237034503859476        52.338688826616064       -650.46111118662157     
   15.215685967984523        728.26851796087146       -26.444271491081825        26.586282122328164        52.959948847818609       -497.70498338050891     
   15.215685967957043        960.04488127867307       -26.757994446927878        26.929551210753687        53.571311581644288       -380.94029374994994     
   15.215685967996672        1265.5856340654932       -27.083894359377300        27.267799696726616        54.183394976964166       -291.81568195711969     
   15.215685968089733        1668.3667903372234       -27.428119288435632        27.607663148956526        54.813887528381855       -223.81297226194087     
   15.215685968168787        2199.3357637571958       -27.796563334221062        27.957817023057590        55.481897041521748       -171.90411816647702     
   15.215685968313910        2899.2891909486780       -28.194507459736531        28.326591326890185        56.204876186064752       -132.24472426321668     
   15.215685968442061        3822.0075130240389       -28.626678341724041        28.721027569005841        56.997827359713469       -101.90964892513500     
   15.215685968467831        5038.3871588656875       -29.097496975045019        29.146774612685192        57.873727557737602       -78.677704974222678     
   15.215685968402832        6641.8878236023902       -29.611383405847434        29.608371566543909        58.844457362141796       -60.862706592538530     
   15.215685968248673        8755.7133801108903       -30.173014221523303        30.109863623195448        59.921986043135746       -47.183156865935565     
   15.215685968294522        11542.278164234458       -30.787281316042098        30.656295008865229        61.119867542912949       -36.661813911642071     
   15.215685968341704        15215.685968341731       -31.458571775809791        31.254213959801625        62.452440627459225       -28.551723705482406     
   15.215685968279205        20058.180559442266       -32.186632194406840        31.928999953544817        63.944085998747916       -22.262138341337231     
   15.215685967978548        26441.831685143410       -32.956200140261899        32.730120713580114        65.614050566235832       -17.323683195359571     
   15.215685967897519        34857.122798528995       -33.701802620558638        33.816626500014053        67.491977116425829       -13.306447216402660     
   15.215685968003006        45950.637016167573       -34.213105592659751        35.580206847897443        69.552313657158166       -9.7685903824685454     
   15.215685968096940        60574.736887896339       -33.951630355195064        38.716375461305987        71.420701158032273       -6.2674317353323339     
   15.215685967778214        79853.055087078013       -30.195008614624523        91.108263805576868        115.55827263687564        7.3736492296032976     
   15.215685967984664        105266.82796428485        444.23608653798948        7620.7803056972898        6695.6740712794735        1287.2490244141693     
   15.215685968034304        138768.70531082927        27449.120892592822        319155.99262653972        264219.92475311976        43477.683095478460     
   15.215685968015375        182932.78087652140        1197858.6567486916        10414247.965480089        8018456.6511324998        1146916.8546456376     
   15.215685968012002        241152.37109328344        37718516.434443898        243247746.67451215        167810539.93660754        22052597.885430310     
   15.215685968013831        317900.73821261449        29878001.894197647        138890847.90621772        79107769.420446396        10677711.527055647     
   15.215685968012810        419074.79034080741        18159244.613381878        158653159.84758812        111309616.96269996        7981535.5928471833     
   15.215685968012529        552448.16632587276        27485197.991975367       -50825165.563776568       -132942554.36605416        1412192.7795811421     
   15.215685968012446        728268.51796220872        36194930.129194088        174213854.38491282        65935064.850545637        6451603.8014628030     
   15.215685968012441        960044.88128216937        186562831.84707433        842345461.06745481        282991865.27869207        24362165.838026799     
   15.215685968012448        1265585.6340668064        414526033.02190650       -770989281.82190919       -2014200310.1349359        9295240.9337527417     
   15.215685968012446        1668366.7903287513        271530969.86969054       -937674374.20577419       -1751864000.2349682        671663.43592104129     
   15.215685968012455        2199335.7637346024        144242452.19192475       -704338654.16202497       -1136621831.1871257       -1157534.2654751148     
   15.215685968012458        2899289.1908912431        83044143.309420004       -244899875.63585919       -493541811.16597688        336220.86474340013     
   15.215685968012457        3822007.5129161351        51205315.614435576       -119891761.56479153       -272964640.54338813        280262.64920975210     
   15.215685968012458        5038387.1587149100        34496739.710751392       -85601958.799473345       -188489306.53368193        127986.73526186365     
   15.215685968012455        6641887.8234320013        25102695.220316254       -63623237.690347895       -138260305.55248857        67113.874419500062     
   15.215685968012455        8755713.3799749836        19962623.526063062       -37923401.839169107       -97062486.364580631        62168.502113197566     
   15.215685968012455        11542278.164020522        16185549.702568268       -19435815.323665489       -67154822.551878631        52872.943137197595     
   15.215685968012453        15215685.968012530        14017539.549594691       -20043223.630924921       -61156577.097011283        31330.774450271030     
   15.215685968012453        20058180.559090693        12802506.308092196       -20394548.393807068       -57746486.867315277        19986.027624810729     
   15.215685968012453        26441831.685202431        12263429.453540418       -20780717.814813577       -56382215.032898515        13713.298524381091     
   15.215685968012453        34857122.798792429        12117340.983462304       -40838324.924831733       -75848928.193404108        1349.0029744514213     
   15.215685968012444        45950637.016196273        12322593.017442377       -586006.60979417711       -36037432.682569489        14552.715598216466     
   15.215685968012444        60574736.887560233        12914631.763965821       -23549490.325007990       -60576490.637183227        5779.5124442627830     
   19.155413723006205        79.853055088287931       -29.823286825538720        29.824245451617369        59.645352170897908       -6499.6682047044424     
   19.155413723005079        105.26682796444540       -30.101074526975459        30.101873323187625        60.200119282104048       -4976.3543443943072     
   19.155413722998038        138.76870531053717       -30.392324952706929        30.390894454124787        60.780089361649068       -3811.7507008835387     
   19.155413722987564        182.93278087626393       -30.698569511533567        30.692294521457768        61.388749148151561       -2921.2498961213723     
   19.155413722988115        241.15237109300460       -31.020716587478727        31.013106602205312        62.033767544614754       -2239.5000802096715     
   19.155413722929794        317.90073821124082       -31.357465115825288        31.361491720266901        62.719527412565938       -1716.6045773676713     
   19.155413722924941        419.07479033891843       -31.704775083587943        31.742786165674950        63.442493699509107       -1314.8146605901372     
   19.155413722904715        552.44816632280947       -32.056766974060878        32.152746861783356        64.185852747433927       -1005.8827199540162     
   19.155413722887904        728.26851795753544       -32.408925810775756        32.575058695051169        64.923320136255398       -768.72681851220227     
   19.155413722865127        960.04488127486763       -32.761278976812989        32.991141994996056        65.635314568745969       -587.23202600149909     
   19.155413722842134        1265.5856340556611       -33.118856758555523        33.391624256684537        66.321334994847206       -448.73853468466376     
   19.155413722737691        1668.3667903049623       -33.489794913656894        33.779158069350842        66.998947125594498       -343.23864894448928     
   19.155413722842422        2199.3357637152653       -33.883086487968498        34.164104145848995        67.694957878315392       -262.90751904844603     
   19.155413722889559        2899.2891908728852       -34.307220705832492        34.559213320886883        68.437401279453212       -201.71263165383414     
   19.155413722970067        3822.0075129079974       -34.769770110080209        34.976430219450634        69.251568738508183       -155.04955007631057     
   19.155413722877242        5038.3871586797659       -35.277545331031398        35.425736029631466        70.159207622771447       -119.42270916681569     
   19.155413722796226        6641.8878233575797       -35.837000924264267        35.915106071107132        71.179339288959639       -92.184374637589698     
   19.155413722874691        8755.7133799127423       -36.454707798995571        36.451022158464077        72.329761220708406       -71.329481395521867     
   19.155413722887481        11542.278163946174       -37.137690081789962        37.039768535474366        73.629090854638264       -55.336851631943816     
   19.155413722923377        15215.685967943029       -37.892982776234319        37.690882544256112        75.099451056338779       -43.045572423006028     
   19.155413722865696        20058.180558938668       -38.725528556855309        38.422820876085510        76.768119528305988       -33.562310910991663     
   19.155413722784328        26441.831684889705       -39.627218957996234        39.284831339496044        78.667786202008827       -26.171386664065100     
   19.155413722719629        34857.122798262433       -40.549386180320802        40.418889798116275        80.843917330904830       -20.256916620970173     
   19.155413722618320        45950.637015254593       -41.310878174095308        42.231212608644825        83.343091849305424       -15.188546803993237     
   19.155413722444354        60574.736885768703       -41.358406214858185        45.695946200261432        86.038452968617804       -10.220011144805479     
   19.155413722448369        79853.055085962696       -39.389982656358725        52.436027519859771        87.962009606888643       -4.6138222973037877     
   19.155413721895751        105266.82795834943       -25.799406038552860        255.83287482318210        263.33340590767551        40.619058288042993     
   19.155413721648433        138768.70530076043        1560.7130029435655        24083.893942315168        20917.610770002924        3937.0710710715744     
   19.155413721603065        182932.78086304243        76712.421685301611        846589.40380230953        693117.36751594942        111283.56059295672     
   19.155413721590403        241152.37107540882        4200668.5113421697        34888420.632886089        26486970.826350838        3711326.0562305255     
   19.155413721591362        317900.73818902869        68751211.203488991        420289186.24525708        282786384.14058310        36995855.943896249     
   19.155413721593579        419074.79030979180        38701925.383944951        171919074.91636303        94348344.841725856        12848904.372964023     
   19.155413721594684        552448.16628502833        41941766.203992091        272974435.83930165        152779134.65755734        14706087.043048922     
   19.155413721594318        728268.51790835534        52412355.503286131       -108952656.75679125       -265738164.99279541        2259881.8695404055     
   19.155413721594275        960044.88121117512        90045843.977645159        461287176.06046128        191642102.07643723        15889036.227054976     
   19.155413721594293        1265585.6339732183        472319428.40999436        1841231593.5288088        424812289.33446169        54496369.425366618     
   19.155413721594304        1668366.7902053792        812101377.80043042       -1291477849.9780869       -3727191014.9241195        19906271.733456533     
   19.155413721594339        2199335.7635719688        485144912.79161274       -1380336490.8992305       -2835121710.7200356        3716026.2580257561     
   19.155413721594339        2899289.1906768498        262140559.15927657       -807707694.89062095       -1593413690.0655932        1112223.7261315170     
   19.155413721594339        3822007.5126335104        151755241.68780863       -469441757.83117861       -923916844.07880914        477426.52523660334     
   19.155413721594339        5038387.1583423382        95148189.082455575       -307797694.15537953       -592366501.00733709        174566.63758749259     
   19.155413721594346        6641887.8229408581        64645907.884365186       -108516563.15269536       -301481670.04731035        379139.11724827992     
   19.155413721594343        8755713.3793275319        47508563.079201952       -82982057.573908001       -224424731.70090789        203558.74240138216     
   19.155413721594311        11542278.163166996        37978534.527057849       -32459947.927716270       -145186523.30065334        179142.99056594289     
   19.155413721594311        15215685.966887364        31055872.952229574       -60844359.256788760       -152658945.08436403        67523.949204794291     
   19.155413721594275        20058180.557607397        27024213.366588257       -47261812.733098328       -126816700.06163910        49705.116192001362     
   19.155413721594197        26441831.683246959        24859648.543908142       -32243216.429795157       -105115854.57008615        42618.600372772082     
   19.155413721594162        34857122.796214551        23889164.262761619       -16968771.753673021       -86713995.285912544        38628.530970490210     
   19.155413721594162        45950637.012797989        23640785.517167579       -45888356.184811413       -114640986.28651915        16767.535658655535     
   19.155413721594162        60574736.883080423        24020079.080844395       -104176460.68257141       -173783339.05786794       -5347.4451886949173     
   24.115237107530618        79.853055082352029       -36.819251249428298        36.820244139710880        73.637337208976149       -10102.279979758667     
   24.115237107553998        105.26682795672859       -37.136596628050256        37.137807480251055        74.271530953825845       -7729.2207040744233     
   24.115237107570966        138.76870530051312       -37.468913903497281        37.469414365967445        74.934695831942420       -5915.6900374220177     
   24.115237107589618        182.93278086329116       -37.817668671212139        37.813609060630746        75.627753789021440       -4529.8976339422834     
   24.115237107564933        241.15237107564934       -38.184925293363385        38.173846353251392        76.357462853699431       -3470.5516783681010     
   24.115237107535865        317.90073818894683       -38.571128439024108        38.561237915449652        77.134191592437361       -2659.4279625570207     
   24.115237107494664        419.07479030891943       -38.973293759591805        38.986668747941039        77.961661551419240       -2037.0645152059583     
   24.115237107448309        552.44816628278454       -39.384348731658058        39.456721141292398        78.831491791229311       -1558.5524171519869     
   24.115237107415577        728.26851790442288       -39.794888698885160        39.961737330210852        79.714273705316401       -1190.5204512150010     
   24.115237107390744        960.04488120500446       -40.198433995255833        40.474635055061221        80.568879582779672       -908.15429410998479     
   24.115237107353778        1265.5856339631428       -40.595835633100315        40.967882197503080        81.368256632150548       -692.37933866242247     
   24.115237107291708        1668.3667901878018       -40.995269728006640        41.429585423671462        82.115455797112105       -528.07295797616291     
   24.115237107288795        2199.3357635485277       -41.409066419074463        41.865554116489477        82.839273359334271       -403.20898272385631     
   24.115237107320340        2899.2891906497402       -41.850442398964255        42.291938313907899        83.580343214975329       -308.36825097952453     
   24.115237107353444        3822.0075126030179       -42.331694701653859        42.727552197675266        84.379902821755664       -236.29570409520821     
   24.115237107296487        5038.3871582902411       -42.863752413421224        43.189631605196716        85.274743535113529       -181.46560986563705     
   24.115237107404621        6641.8878229019592       -43.456494293528806        43.692443871164805        86.296534277726849       -139.69436905534528     
   24.115237107522699        8755.7133793191224       -44.119393651351579        44.247387084544791        87.473268965203900       -107.82241621067959     
   24.115237107572032        11542.278163179537       -44.862217867594069        44.863972145865446        88.831704789244014       -83.463731724271099     
   24.115237107615506        15215.685966931325       -45.695318215573060        45.552816222465182        90.401033717446651       -64.810303695571264     
   24.115237107601274        20058.180557653541       -46.627849026343270        46.333335775087271        92.217162808755290       -50.477703730679735     
   24.115237107694643        26441.831683410270       -47.661769913935238        47.249921933430585        94.327165386671794       -39.387215968112187     
   24.115237107711049        34857.122796453608       -48.762871946951762        48.426090306640688        96.785901017415483       -30.632563240034600     
   24.115237107341279        45950.637012408544       -49.787671169917147        50.230775676539821        99.676751969583776       -23.345825010395608     
   24.115237107154865        60574.736882098754       -50.244371572477547        53.706543385036696        103.06274227829010       -16.475232187511050     
   24.115237106917242        79853.055080321166       -48.694824192914169        61.234403675248437        106.45714235174525       -8.6221904943098728     
   24.115237106738739        105266.82795317013       -42.173204471659929        76.682626428270737        107.82268475148683        1.4237528702766014     
   24.115237106866267        138768.70529645833        5.0649909456105231        849.37760835928987        785.10503709730074        158.63376110961889     
   24.115237106924216        182932.78085824396        5122.3125488002224        73683.042251289269        63383.445746546029        11622.250426145833     
   24.115237106767470        241152.37106767524        211952.47955693043       -4371633.0880412962       -4795598.5981759364       -377445.66005463741     
   24.115237106783880        317900.73817903432        14335990.830713948        113523410.84408610        84851260.088597700        11675384.987018159     
   24.115237106784086        419074.79029657179        112378585.19180210        650780664.56572616        426022053.86068124        55666892.142693579     
   24.115237106784356        552448.16626757535        47569556.290675811        216533479.00833467        120364021.72423604        15342860.535166768     
   24.115237106785813        728268.51788540569        99702698.749654174        350728922.96017075        54648765.948798001        23823436.677810468     
   24.115237106785564        960044.88118091377        101711453.55020408       -186798173.79600042       -491209465.00698620        4810458.1366718430     
   24.115237106785514        1265585.6339333225        233129521.19628879        1186094811.2254260        487498706.69115162        39137847.997049622     
   24.115237106785493        1668366.7901527835        1154753102.4632215        2924574721.8950191       -538817148.05796957        104450926.55134624     
   24.115237106785500        2199335.7635026313        1541999625.6107483       -2948200247.2405562       -7573247681.9715672        30659886.144241750     
   24.115237106785507        2899289.1905854461        869713606.32472706       -3057954461.3706875       -5666049142.9554453        1509891.4697952345     
   24.115237106785507        3822007.5125130164        473580205.42634892       -1205365554.3069668       -2624952989.5317097        3521257.3585547544     
   24.115237106785493        5038387.1581834927        277418234.10875827       -673076021.17270184       -1504056213.8051193        1720140.6036287823     
   24.115237106785493        6641887.8227314577        176931132.68246788       -486687558.10721761       -1016068622.9392362        621772.45865165372     
   24.115237106785493        8755713.3790514898        121751260.67377779       -292668268.58032739       -656352843.54500818        439394.37137795484     
   24.115237106785489        11542278.162803115        90766653.673508853       -180193046.98951423       -450744948.02987373        326771.68123367731     
   24.115237106785489        15215685.966407677        72476556.757878587       -204296340.68803442       -419773756.70026153        101381.70719634177     
   24.115237106785440        20058180.556975041        59747940.705234542       -44321609.669355668       -221379789.11384583        211965.37604635750     
   24.115237106785440        26441831.682413463        52307389.288034193       -186795262.69299474       -341264789.48192835        5350.2119209056109     
   24.115237106785443        34857122.795115858        48364277.790269442       -19546783.521035779       -161881311.45519838        109410.05370869493     
   24.115237106785440        45950637.011349633        46598774.080984779       -99106840.396293372       -235794735.02853620        37623.148980032129     
   24.115237106785440        60574736.881171115        46342631.750046931       -45606355.007756777       -181124615.77043834        49313.941909485766     
   30.359284805194445        79.853055079938670       -45.521314579246059        45.522311348994727        91.041495046677824       -15724.136092366471     
   30.359284805206119        105.26682795348560       -45.884031068405157        45.885333523569294        91.766512339385145       -12022.749387589751     
   30.359284805222522        138.76870529621536       -46.263634558396717        46.265091416432341        92.524949691814811       -9195.4299512026410     
   30.359284805195653        182.93278085732223       -46.661286990580280        46.660725884863766        93.317456998339367       -7035.6277207155699     
   30.359284805154960        241.15237106770439       -47.079231937856107        47.070200018793685        94.145919242812425       -5386.0632964806273     
   30.359284805120772        317.90073817849856       -47.520009504190938        47.502078082239727        95.022636869229729       -4125.1966323247816     
   30.359284805146228        419.07479029621322       -47.982926329160584        47.972207950990466        95.960041898797584       -3159.5169349157604     
   30.359284805109048        552.44816626641989       -48.462123204770599        48.495776603244970        96.960504020502697       -2418.1127393065735     
   30.359284805070221        728.26851788290719       -48.945514489656510        49.080440257112535        98.006632997866433       -1847.5835757779125     
   30.359284805019801        960.04488117603546       -49.418316240917981        49.706371889756497        99.047963814606504       -1408.6287915568537     
   30.359284804944469        1265.5856339237539       -49.871520004360960        50.329459930842930        100.02115896657040       -1072.1100129657768     
   30.359284804948377        1668.3667901403860       -50.307782881047544        50.909563062937394        100.89002199966140       -815.43556129046169     
   30.359284804913912        2199.3357634837907       -50.740374783583626        51.432370020715616        101.66511200430131       -620.49006700455777     
   30.359284804895360        2899.2891905588363       -51.188024407499370        51.909328904419837        102.39323074832086       -472.77258798759368     
   30.359284804814241        3822.0075124677251       -51.670223149543482        52.365564035792531        103.13594005689566       -360.90852822549027     
   30.359284804682833        5038.3871581019812       -52.204861227625777        52.828924617304445        103.95399913931102       -276.14857416743308     
   30.359284804738699        6641.8878226362231       -52.807787923202063        53.324416418736121        104.90107834780821       -211.84672085702778     
   30.359284804889011        8755.7133789692962       -53.493395990359076        53.872589297318207        106.02342995794021       -162.98767444244851     
   30.359284804958985        11542.278162721364       -54.275617058864519        54.489948221715494        107.36236982292155       -125.79694527396792     
   30.359284804972585        15215.685966306723       -55.168875299636419        55.191039874419801        108.95833436002910       -97.432513290468691     
   30.359284804980835        20058.180556847445       -56.187813005131353        55.995633838000579        110.85762104460433       -75.740022565603638     
   30.359284805204013        26441.831682439632       -57.341619996969222        56.944578032318617        113.11709851773614       -59.057093259550655     
   30.359284805042471        34857.122794964867       -58.617067995625597        58.153381514980069        115.82422074530365       -46.043165265160887     
   30.359284804999703        45950.637011085848       -59.903010114910892        59.931721778641339        119.06610958062493       -35.480586332365320     
   30.359284804914360        60574.736880653072       -60.796394090659760        63.238459641108960        122.99752647931892       -25.989707562079332     
   30.359284804406727        79853.055077867029       -59.985840876524207        70.725988960210344        127.65381945740717       -15.582321509920465     
   30.359284804298035        105266.82795033723       -53.796794132608525        88.077690424311641        131.38246572900448       -1.4612633563699688     
   30.359284804273891        138768.70529187963       -36.236152526220536        125.29169994837500        132.25490616001548        18.099052375377184     
   30.359284803136447        182932.78084491470        84.430053500776282        2919.4792218547468        2684.1231628252590        534.01503189175151     
   30.359284803286080        241152.37105285982        16087.293220363992        218339.94221212686        186097.92047861096        33200.760739343728     
   30.359284803033717        317900.73815664503        592674.08197576914        5909830.3719259305        4724400.3974791700        723847.25014539156     
   30.359284803022614        419074.79026690003        44728738.439353175        337070677.50460207        247612950.84949774        33547380.419891395     
   30.359284803021918        552448.16622844152        168977166.51545620        926401459.27140737        588439548.35934782        77070799.321807966     
   30.359284803023492        728268.51783381100        56167324.152695768        322303618.89921933        203834928.13295695        20264608.087082446     
   30.359284803025027        960044.88111295714        221857216.62082362        226140369.73122716       -437947736.50672042        33248251.223219208     
   30.359284803025112        1265585.6338437444        203698607.52031863        13616149.895654052       -596315119.77010477        18507263.440364223     
   30.359284803025105        1668366.7900346976        622341744.41921806        4466134710.1655436        2600384619.2677565        123443707.09820198     
   30.359284803025091        2199335.7633469617        2704835592.8405070        3101194627.8986745       -5011916079.6263351        181903910.66168654     
   30.359284803025144        2899289.1903802380        2865181029.8746262       -7605501292.0286789       -16199512503.426035        32129875.147405326     
   30.359284803025144        3822007.5122424997        1559783995.7807233       -4554917283.6286736       -9232584255.6575184        9969561.2688313834     
   30.359284803025151        5038387.1578268874        853822805.04853761       -2256624764.9787898       -4816234966.0826130        5561105.3119447995     
   30.359284803025151        6641887.8222613595        508369988.38100654       -1034448661.3186255       -2557504025.7219586        3920909.3298229594     
   30.359284803025144        8755713.3784317765        329245975.76491362       -934818768.05782795       -1920278923.1614780        1004971.8644325286     
   30.359284803025144        11542278.161986178        229297208.32603568       -628811034.66135168       -1314170787.8271377        587124.40834836452     
   30.359284803025137        15215685.965330742        176396623.15110362       -793489576.39882135       -1319857805.9559026       -276989.69336555596     
   30.359284803025137        20058180.555555403        138641129.92694405       -215062002.47289124       -627832861.17362046        451996.94457125309     
   30.359284803025144        26441831.680542022        115413664.52884124       -182767479.55214304       -525477680.30567646        280195.28178444324     
   30.359284803025144        34857122.792648807        101760110.64729653       -132071499.59167019       -433388248.12153453        212054.68317046505     
   30.359284803025169        45950637.008097470        94617814.379229963       -111319525.28923160       -390713867.45592690        156691.29396619546     
   30.359284803025165        60574736.876883924        91399665.446246490       -86085803.955069318       -355258067.52705503        125241.40070349368     
   38.220075122506735        79.853055074403940       -56.355663776730111        56.356659767247550        112.71022103780477       -24507.313944118439     
   38.220075122505463        105.26682794614541       -56.770386972310888        56.771700626768471        113.53927059787600       -18727.165066746398     
   38.220075122462397        138.76870528630778       -57.204278812731260        57.205976897621298        114.40648866232075       -14314.247439257440     
   38.220075122482150        182.93278084451794       -57.658395931302195        57.659959980082988        115.31341991466151       -10944.481819606624     
   38.220075122492901        241.15237105121611       -58.134432322513149        58.131144827979227        116.26009210475384       -8371.4807749655429     
   38.220075122503708        317.90073815721058       -58.635824745294393        58.618243985909707        117.25143510888034       -6407.2197520283526     
   38.220075122432277        419.07479026701566       -59.165212080535944        59.138290968282305        118.30758057171968       -4905.6500660318516     
   38.220075122452272        552.44816622889550       -59.719713516733741        59.712496960105106        119.44178263246405       -3755.1549443334357     
   38.220075122470192        728.26851783471341       -60.288548885075329        60.363492686087767        120.65417296833922       -2871.0346590382892     
   38.220075122345868        960.04488111097521       -60.851396868378956        61.098557274837681        121.91043784393352       -2189.8997459235275     
   38.220075122364243        1265.5856338417364       -61.385407457575639        61.879415363850889        123.12546568092857       -1665.6677456910443     
   38.220075122355382        1668.3667900316646       -61.878538363401958        62.635472312541722        124.20334217239969       -1264.2136841674758     
   38.220075122274025        2199.3357633382830       -62.337059628135435        63.309230237914370        125.09764187184069       -958.74612666621113     
   38.220075122255942        2899.2891903674199       -62.782438602841083        63.884882230329850        125.83350559804680       -727.48498882817182     
   38.220075122281550        3822.0075122281614       -63.243149739021987        64.386242393508383        126.48896081165742       -552.84744889487411     
   38.220075122024468        5038.3871577740947       -63.748002191418003        64.844555938114510        127.14940959166452       -421.12394771572440     
   38.220075121916992        6641.8878221730847       -64.323099743124430        65.308894665884111        127.91219010330140       -321.65295730509860     
   38.220075121749957        8755.7133782771434       -64.991498688704311        65.813113638866568        128.85312103506092       -246.44751204784274     
   38.220075121888762        11542.278161824246       -65.774214766472070        66.387020521314227        130.03987578895649       -189.48488082611397     
   38.220075121719141        15215.685965049746       -66.691700585028187        67.054895760525085        131.53354250975502       -146.25072299335486     
   38.220075121993901        20058.180555329171       -67.764912721738369        67.840223224049822        133.39555284572310       -113.35517834112289     
   38.220075122296926        26441.831680453415       -69.012809719081261        68.784239945472564        135.70132705000265       -88.216411343726207     
   38.220075122302333        34857.122792536939       -70.436346986692243        69.970129113125395        138.53271679411739       -68.818952605017884     
   38.220075122438871        45950.637008114099       -71.969875299023116        71.720507306477785        142.07873237803346       -53.381214512562487     
   38.220075122568232        60574.736877110859       -73.289433435272613        74.800434823319534        146.45596703266398       -40.126822664453755     
   38.220075122595084        79853.055074588774       -73.298675055992092        81.694588218655895        151.95890504112788       -26.538952170063926     
   38.220075122392643        105266.82794583499       -68.557707240221760        99.075346514518060        158.38784344062682       -8.4869315755035277     
   38.220075122210012        138768.70528539177       -49.905384262628445        140.03056025982573        160.53083020366239        19.692238433898630     
   38.220075121690947        182932.78084073140       -8.1962933123013730        235.13495393009566        170.82041276071672        59.623542542724955     
   38.220075121627126        241152.37104575391        495.27252339241812        10241.437263332733        9169.2200185115707        1856.0603425563404     
   38.220075121856603        317900.73815182882        48789.848917741474        627474.75432716811        529812.19581426878        91973.573773196753     
   38.220075121797223        419074.79026005312        1742997.6453289217        16572423.923447663        13086309.983061083        1959270.9697971418     
   38.220075121803887        552448.16621952411        121727313.67343028        871695789.60268211        628240774.35804641        84032017.400785267     
   38.220075121803035        728268.51782200171        237043614.46467978        1229750276.9686837        755617701.56356835        99587505.203880280     
   38.220075121806104        960044.88109741802        77253740.880718976        814992650.33129334        626639127.35210252        42334253.424948767     
   38.220075121806509        1265585.6338232695        457745826.27000749       -223791290.01720622       -1595319818.3870196        44699943.197201528     
   38.220075121806744        1668366.7900077172        427384177.53659135        762762044.52241206       -517515592.82765943        53914045.342642501     
   38.220075121806879        2199335.7633114038        1678807107.4098001        11562900912.653019        6528531308.0660057        309607329.55927521     
   38.220075121806850        2899289.1903333557        6030250139.6035690        5931611660.5776424       -12156891696.741270        374351387.45455426     
   38.220075121806843        3822007.5121806962        5279011848.8459349       -15197838072.466476       -31032407074.232731        44687965.387594879     
   38.220075121806843        5038387.1577454135        2808761924.9433928       -8441692974.8138428       -16865264549.281761        15330120.197402969     
   38.220075121806850        6641887.8221539557        1549748391.3535504       -3183101333.0244598       -7829352037.1588211        14894274.553477645     
   38.220075121806850        8755713.3782901950        935437974.49968302       -2601166170.2750068       -5404167724.1821966        3846306.9964791387     
   38.220075121806808        11542278.161799522        613688086.01905584       -2121687317.4420609       -3959077812.5008607        534751.77809332963     
   38.220075121806808        15215685.965084685        433034064.06141043       -644270967.71832454       -1939287815.0527370        2425082.3381502391     
   38.220075121806808        20058180.555231038        336582582.34916246       -570633233.24683404       -1575826152.6754317        1294358.1210481746     
   38.220075121806808        26441831.680114418        265596710.26876888       -677508514.51072693       -1469207607.2391853        444389.84677637054     
   38.220075121806801        34857122.792085119        222988366.04900858       -152612716.36863530       -815873698.20744729        737961.12114169507     
   38.220075121806907        45950637.007354476        198515290.28510341       -305969297.47785091       -895109502.63791943        355871.11632576195     
   38.220075121806907        60574736.875904463        185573909.50266442       -168488823.10243469       -718001581.15917265        325816.24414509890     
   48.116223811621836        79.853055073102951       -69.856520261806921        69.857513533912936        139.71196197721679       -38244.595058984916     
   48.116223811632295        105.26682794445678       -70.330858228636004        70.332171623250616        140.66025110297787       -29208.054273225429     
   48.116223811651402        138.76870528429316       -70.826990798137288        70.828721215420003        141.65199027715528       -22312.441052367347     
   48.116223811634782        182.93278084170444       -71.346050972536872        71.348234919381369        142.68931488173692       -17049.350637117117     
   48.116223811606041        241.15237104729528       -71.889386862889111        71.890568882829911        143.77356883377584       -13031.701671652445     
   48.116223811501676        317.90073815126260       -72.459657321610621        72.450365025299277        144.90389517595770       -9965.6043767520387     
   48.116223811514729        419.07479026007161       -73.061925393387313        73.030841026148877        146.09260978265257       -7625.6397412770921     
   48.116223811539307        552.44816621973450       -73.698041909999901        73.660467504774573        147.36866019476906       -5836.3609912625598     
   48.116223811499005        728.26851782168535       -74.361305703048146        74.367870929766298        148.74527198466521       -4464.5902065390846     
   48.116223811465197        960.04488109624936       -75.032431252220860        75.188109400015705        150.21814847817387       -3408.9850989672523     
   48.116223811422799        1265.5856338206006       -75.677720180830590        76.123794541165495        151.72155647275929       -2594.5509715707062     
   48.116223811386668        1668.3667900029357       -76.262473261405717        77.104231613796955        153.11438616637628       -1967.5632483789150     
   48.116223811293104        2199.3357633008159       -76.771431146116882        78.018340734753380        154.25398829375098       -1488.1680692491084     
   48.116223811083614        2899.2891903067775       -77.217696080317737        78.785410928831041        155.08441511206769       -1124.5222607759424     
   48.116223810942721        3822.0075121344676       -77.635843422843976        79.390702589065413        155.65767627198858       -850.31497043747595     
   48.116223810851274        5038.3871576748961       -78.069153873321909        79.872051930909024        156.09442696175080       -644.18410683714615     
   48.116223810787162        6641.8878220521447       -78.560249072796154        80.289826861611544        156.53533173921102       -489.34702613745031     
   48.116223810740031        8755.7133781474022       -79.147273899671589        80.705422759411093        157.11241551881341       -372.95610165778299     
   48.116223810731526        11542.278161609256       -79.863815423262977        81.172118164950973        157.94023928016335       -285.32553661768253     
   48.116223810855779        15215.685964873150       -80.740552831626118        81.733451051710446        159.11786425568425       -219.20975072849890     
   48.116223810761475        20058.180554912866       -81.807311679995635        82.425917368907932        160.73575359127784       -169.20254720678054     
   48.116223810827435        26441.831679731222       -83.093537534237313        83.290541332376705        162.88830889711664       -131.24993783591796     
   48.116223810948732        34857.122791667840       -84.618621766948991        84.421038575973611        165.70277310719530       -102.22005152774837     
   48.116223811205593        45950.637007049547       -86.350854674752227        85.968477613443042        169.26207083495956       -79.649511883571506     
   48.116223811257996        60574.736875568451       -88.063766342847671        88.884132150182168        174.06096933591056       -60.824181000251251     
   48.116223811224998        79853.055072444622       -88.868732772322304        95.005829109533636        180.15872878615568       -42.923108187400693     
   48.116223811329021        105266.82794379360       -85.851808651919583        110.73715819212489        188.13383759164265       -20.769589907792614     
   48.116223810952668        138768.70528227842       -70.130264194841118        152.62777630074578        196.78083637982661        14.694397525831103     
   48.116223810284389        182932.78083657083       -19.735281665545894        249.02790207543100        190.55899836400832        74.283689010051205     
   48.116223810030682        241152.37103940031        68.415760928303172        515.57602661557883        279.31328639965056        159.35464417754747     
   48.116223809807245        317900.73814006825        1993.8290318194240        34878.790287075841        30790.851434469263        6143.0921037186281     
   48.116223809312174        419074.79024088883        143562.40466966151        1752236.2649721443        1465009.2996977761        247631.38024417750     
   48.116223809209487        552448.16619298561        5539439.7674098359        50342397.618513942        39263339.328548148        5743875.2109224740     
   48.116223809303094        728268.51778844965        282513927.40574431        1920386785.4270761        1355358148.9907649        179464151.08268514     
   48.116223809304081        960044.88105313049        309423898.66966176        1520903958.4078441        901784218.63057184        119927746.67886855     
   48.116223809304927        1265585.6337648958        193436532.70816565        2920896003.4830804        2366169977.4642653        137566525.28549093     
   48.116223809305048        1668366.7899307599        897923588.21579862       -1687914242.7123380       -4378950478.9839373        47734802.985769555     
   48.116223809305076        2199335.7632099479        954602420.72886372        977007777.17783308       -1883781797.4558415        99127125.505383670     
   48.116223809305069        2899289.1901996122        4493146245.2719812        27572274919.448280        14096137491.854828        735365005.71724641     
   48.116223809305048        3822007.5120043871        12824144072.788313       -19011260290.956703       -57480075607.420731        362148265.77381396     
   48.116223809305041        5038387.1575129917        9581421476.9847565       -32412677255.597050       -61152969986.226410        31350298.630559206     
   48.116223809305019        6641887.8218475608        5059604950.1737204       -14749083661.994465       -29923526415.661469        29689844.692267001     
   48.116223809305012        8755713.3778862860        2838346505.7093964       -5464768414.3221159       -13974982203.194836        28060312.672549881     
   48.116223809305033        11542278.161267085        1728654345.9007504       -5371208836.5422325       -10551831505.308363        4438276.3214051295     
   48.116223809305026        15215685.964382794        1145758068.7705214       -4232187814.5078592       -7663536369.4258604        99187.342620102689     
   48.116223809305026        20058180.554305770        819070518.93727911       -1398563508.7620378       -3849182693.9798493        3951336.4624530952     
   48.116223809304991        26441831.678894654        641893738.16474628       -1247228819.1151295       -3165556999.7141910        2070270.5564086072     
   48.116223809304991        34857122.790477164        509699063.50741285       -362080544.79195094       -1882955723.7970061        2111322.2006997601     
   48.116223809304998        45950637.005234644        432158520.94682705       -326916755.45227551       -1614176609.5209827        1334956.0911448461     
   48.116223809305012        60574736.873110011        387488953.66850120       -338085045.83557314       -1490198982.0627429        870773.49903729220     
   60.574736873161349        79.853055069326146       -86.693762748756427        86.694751457362500        173.38647618955338       -59752.349606904827     
   60.574736873155928        105.26682793944566       -87.236447533626134        87.237757812518396        174.47146677997867       -45609.987588617019     
   60.574736873158145        138.76870527763722       -87.803927268449684        87.805659041740313        175.60591499630249       -34823.237894512407     
   60.574736873242493        182.93278083324810       -88.397476650893694        88.399753430595084        176.79231141480227       -26594.154404300432     
   60.574736873267852        241.15237103639271       -89.018460575062448        89.021185640743454        178.03309601654601       -20314.974626399431     
   60.574736873252078        317.90073813749689       -89.668706699706547        89.668184472210442        179.32878554916792       -15523.413475958472     
   60.574736873245087        419.07479024176280       -90.352605826272779        90.331478857839130        180.67819350075854       -11868.802848361558     
   60.574736873244504        552.44816619531139       -91.077034388813686        91.026140180559764        182.10818981637541       -9079.9317846812901     
   60.574736873248092        728.26851779014260       -91.841511440528464        91.793344657440940        183.65484048973155       -6946.5130534710115     
   60.574736873173890        960.04488105416635       -92.632786035217407        92.675293868307605        185.33238511237153       -5309.3594207288015     
   60.574736873180221        1265.5856337663718       -93.416829939580495        93.725911072538139        187.12609572563008       -4047.1186350294820     
   60.574736873088263        1668.3667899301681       -94.138534578551798        94.933338363814158        188.91321788679051       -3071.5420720721909     
   60.574736873073959        2199.3357632086472       -94.746210077988081        96.171477438017774        190.46381386578821       -2320.4579195567940     
   60.574736872914094        2899.2891901902467       -95.222055430527959        97.268451074946469        191.56997837300398       -1747.4446107413085     
   60.574736872919630        3822.0075119923922       -95.591601533713657        98.113683569650249        192.17103214602105       -1314.5168370535516     
   60.574736872906414        5038.3871574960813       -95.910242335353900        98.699152413652456        192.36668729758696       -989.69668135850645     
   60.574736872770224        6641.8878218103355       -96.243669170750053        99.090398773696307        192.34841448350369       -746.84081757873048     
   60.574736872614594        8755.7133778147163       -96.654912722813080        99.380584228485503        192.32797481267158       -565.42158753790579     
   60.574736872447033        11542.278161140805       -97.199709826030997        99.660953951191132        192.49958104827169       -429.78523274810357     
   60.574736872095585        15215.685964128041       -97.926964743708879        100.00959655982072        193.03043665714506       -328.19184022060489     
   60.574736872064676        20058.180553959697       -98.881318932507568        100.49060710949341        194.06546945711642       -251.90867917699708     
   60.574736872044546        26441.831678429666       -100.10564506171185        101.16062048012137        195.73892122678308       -194.45082144618743     
   60.574736872046003        34857.122789865018       -101.63850371088124        102.09866319654529        198.19902677453427       -150.94304681204065     
   60.574736872188396        45950.637004535689       -103.48345618492819        103.52849142805647        201.66900154663938       -117.49293158007876     
   60.574736872337652        60574.736872337824       -105.51367536176302        105.83569276828935        206.27366111053794       -90.938041787536591     
   60.574736872555548        79853.055068527829       -107.03156542131021        111.35070450829984        212.94250827775181       -66.746726349182978     
   60.574736872592815        105266.82793846744       -105.69836065950301        124.87275419638627        221.79439788496086       -39.642439502019442     
   60.574736872963278        138768.70527719124       -93.908933810945129        162.59224378936923        233.81223511601246        1.7335418017739030     
   60.574736873133006        182932.78083291795       -49.097268905547146        264.83376963225550        244.20349489927537        77.644157539109727     
   60.574736872445200        241152.37103311825        77.889783397655393        485.98630237723171        209.17110938728825        204.81828342719410     
   60.574736871968554        317900.73813076160        244.19749026522368        1332.5944969055067        721.81887766911393        406.19767640477306     
   60.574736871038247        419074.79022649606        7160.9799206587713        114761.88432815729        100316.88652297201        19520.359830765461     
   60.574736870318574        552448.16616862768        411473.51321852993        4768923.1549909897        3945849.2364090481        650020.67899786134     
   60.574736870359942        728268.51775542053        18895449.961659379        164254746.87438723        126463570.17528528        18089875.074229483     
   60.574736870390971        960044.88101006101        596978107.12008548        3849920248.5524044        2655961358.1143236        349030483.62407172     
   60.574736870394467        1265585.6337081701        366517764.49243456        1727433042.9841752        992697944.50299621        132175931.14418954     
   60.574736870395242        1668366.7898559982        705138930.76420701        8602358089.1573887        6496455232.5690241        407408603.26921147     
   60.574736870395064        2199335.7631113846        1717266646.9932995       -3206386018.6114516       -8353769768.0964718        87802108.374201566     
   60.574736870395256        2899289.1900696903        2269285344.1979742        11001987053.919640        4198987032.9387989        406422867.11901724     
   60.574736870395284        3822007.5118331197        11755490759.430738        53159053060.333633        17897892495.910988        1536610636.3918777     
   60.574736870395313        5038387.1572872205        26137476081.356964       -48634616287.566589       -127041222771.02614        586040830.78434587     
   60.574736870395284        6641887.8215499381        17113386696.605824       -59150771467.307770       -110484536401.84761        42003158.819253981     
   60.574736870395277        8755713.3774939422        9080091969.4903545       -44427209385.362801       -71660441788.164337       -73350888.266002208     
   60.574736870395299        11542278.160749875        5216551558.2904835       -15437384790.622990       -31079262012.684158        20948769.414753340     
   60.574736870395299        15215685.963700978        3205173404.4539337       -7548572097.1062050       -17155481634.421583        17459553.556012437     
   60.574736870395306        20058180.553406961        2148108024.1491513       -5383533505.4796276       -11818299058.954060        7886114.6011996213     
   60.574736870395292        26441831.677709807        1552164178.3613889       -3995081397.9025774       -8640935394.1794376        4074087.1225067480     
   60.574736870395292        34857122.788915232        1224173279.0947740       -2371622238.3938770       -6032271013.4945889        3786135.5186479967     
   60.574736870395121        45950637.003175490        981657880.86758208       -1202970186.5461152       -4134664497.4496670        3219824.7703786106     
   60.574736870395064        60574736.870395437        840064311.32318890       -1238833094.9456472       -3744136066.5471358        1877602.2406582127     
   76.259075558934768        79.853055065731127       -107.70765146126783        107.70863373954002        215.41428151037195       -93458.092612871609     
   76.259075558964241        105.26682793475661       -108.32870813284148        108.33001285889563        216.65602477441195       -71303.326776911184     
   76.259075558993842        138.76870527150464       -108.97798531372730        108.97971360371533        217.95408099333810       -54412.611665758086     
   76.259075558965108        182.93278082484011       -109.65692643336465        109.65920954673847        219.31127893815369       -41532.653175604093     
   76.259075559026158        241.15237102540090       -110.36705544241119        110.37004297432117        220.73059481126563       -31709.085689752595     
   76.259075559095209        317.90073812337755       -111.11003883155597        111.11320923589621        222.21464483290163       -24215.242715454344     
   76.259075559076095        419.07479022309320       -111.88857974921201        111.88322231718503        223.76188156169133       -18499.199506217101     
   76.259075559133251        552.44816617111951       -112.71001503113575        112.66772134397976        225.37401134976244       -14141.981798821162     
   76.259075559024765        728.26851775717216       -113.58251180653181        113.50433478526665        227.10135412020571       -10816.295528696417     
   76.259075559099273        960.04488101281675       -114.50094302442592        114.44673573783447        228.98284038064327       -8270.8731084881929     
   76.259075559143753        1265.5856337124683       -115.44058936109856        115.56427454233462        231.03769155376622       -6314.6974811277896     
   76.259075559040753        1668.3667898593894       -116.34204325669971        116.93629553020968        233.22627093056732       -4802.5921364968790     
   76.259075558893187        2199.3357631116055       -117.11649750904034        118.51661063287793        235.32503479587209       -3631.5303855008456     
   76.259075558984563        2899.2891900734467       -117.68861318877768        120.08673013815778        236.96582140534287       -2730.2362247069473     
   76.259075559024026        3822.0075118400478       -118.04060986872929        121.38522722496364        237.85274612117837       -2044.7492609126457     
   76.259075559009972        5038.3871572954231       -118.21997943135599        122.26524264359973        237.93340030377539       -1529.5029889901364     
   76.259075558905053        6641.8878215516143       -118.31493620832855        122.73669317724178        237.38993793771022       -1145.3360010162712     
   76.259075558867821        8755.7133774918766       -118.42491584407628        122.91066797622398        236.52375826298447       -860.03730211741095     
   76.259075558782840        11542.278160734284       -118.64295218990715        122.93037485419266        235.65225634891263       -648.36525838632053     
   76.259075558652981        15215.685963654509       -119.05034418485096        122.93128239407552        235.06019890109042       -491.17229675427757     
   76.259075558510375        20058.180553308186       -119.71811098218173        123.02802930231850        234.99099798020580       -374.18998546572823     
   76.259075558409663        26441.831677544680       -120.71073297743932        123.31596813901611        235.65636713682616       -286.87351561081687     
   76.259075558206774        34857.122788604800       -122.08813780190744        123.88730121906809        237.25641467038992       -221.42423737647076     
   76.259075558548005        45950.637002971991       -123.89281712630284        124.91035688508951        240.03281511602015       -171.90856718426227     
   76.259075558450618        60574.736870049855       -126.06112083285782        126.92590257538932        244.38759581253197       -133.27411636896863     
   76.259075558145895        79853.055064905377       -128.17544634805463        131.35704233421421        250.89778413966133       -100.69026386105560     
   76.259075558375002        105266.82793394361       -128.34396323147936        142.65445883067298        260.22106230384873       -67.019751438375550     
   76.259075558880582        138768.70527129897       -120.45203052266528        174.45791970463745        273.76251632244322       -19.906774642724450     
   76.259075559115701        182932.78082520192       -85.014253467598337        266.77676006899549        292.56315060744885        66.003948060003708     
   76.259075559570789        241152.37102712385        34.221353055456042        515.60398693398031        300.13840698027366        235.78004437567145     
   76.259075559538445        317900.73812522605        332.78573729102078        997.01275737931610        181.84828871219980        496.67221148088458     
   76.259075558632375        419074.79022065568        633.38899491940970        4006.7702583527707        2589.6800127966317        1078.6745636214180     
   76.259075558171773        552448.16616415535        24241.468464762314        364633.90739544848        316000.21725321584        59779.607939542293     
   76.259075558475459        728268.51775192772        1155670.3501699956        12722634.161700100        10411133.187550971        1673163.0820860451     
   76.259075558469760        960044.88100489310        66441828.197426639        551802765.45939863        418918664.31299263        58699791.774198800     
   76.259075558470158        1265585.6337012907        1079052159.9351368        6596306623.5008183        4438189003.5484180        580643269.43617475     
   76.259075558471764        1668366.7898469425        374087209.65655828        1804810116.2837737        1046117274.0691767        131104851.41241665     
   76.259075558469746        2199335.7630993957        2297701081.2237091        16211598224.818748        9325089522.2503223        858746725.49052143     
   76.259075558469846        2899289.1900538807        3285616778.8074760       -6860289460.2270107       -16710016260.095140        141376811.34086734     
   76.259075558469846        3822007.5118122771        5658238039.3980322        29121055665.883179        12154154410.421638        1001537429.9888984     
   76.259075558469931        5038387.1572597474        29775869324.939232        116190963204.02740        26871901931.979012        3437661032.1234431     
   76.259075558469931        6641887.8215137245        51212204908.207535       -81468244276.547424       -235095488472.06061        1255309754.5147579     
   76.259075558469931        8755713.3774462026        30579880111.550915       -87073289960.456894       -178802630984.76385        233886825.64325768     
   76.259075558469917        11542278.160686938        16506130683.752314       -50941113114.016861       -100448158033.63019        69691007.674347848     
   76.259075558469917        15215685.963618012        9537746493.4874115       -29596050992.752689       -58196755436.410156        29714878.318758205     
   76.259075558469917        20058180.553297583        5962061249.2791767       -19394850874.577812       -37267150384.632080        10669475.447431490     
   76.259075558469917        26441831.677565627        4032921257.6109319       -6818636755.4414825       -18901981120.045483        23630212.861482780     
   76.259075558469902        34857122.788725160        2946411929.4616351       -5204788336.2440300       -14026854939.335342        12596122.960550148     
   76.259075558469902        45950637.002925053        2339154059.8774867       -2013966423.0981908       -9012262270.9378014        11092656.617001720     
   76.259075558469902        60574736.870065354        1895559881.4216332       -3801398894.5236793       -9466629896.1731472        4081070.0207816791     
   96.004488100436177        79.853055065200195       -133.95248092076343        133.95345487875920        267.90397076221393       -146326.74452966108     
   96.004488100450118        105.26682793403131       -134.66342332863601        134.66472003913222        269.32549110615810       -111588.46143475159     
   96.004488100402909        138.76870527042641       -135.40649572903044        135.40821729306313        270.81114918191878       -85114.741886436692     
   96.004488100455447        182.93278082358776       -136.18333565110905        136.18561505036342        272.36416521243456       -64935.696176611076     
   96.004488100507402        241.15237102368741       -136.99566963447290        136.99867894154340        273.98793096620977       -49551.726372459692     
   96.004488100525094        317.90073812088946       -137.84532314287691        137.84921842423697        275.68595411147032       -37821.109685844014     
   96.004488100560849        419.07479022007442       -138.73438949404948        138.73745012071430        277.46061570069725       -28874.949972657520     
   96.004488100614083        552.44816616703235       -139.66727069922192        139.65038433459475        279.30630672200607       -22054.638445893615     
   96.004488100694971        728.26851775343380       -140.65586288722983        140.57891511825017        281.23687635025431       -16858.095581418649     
   96.004488100862574        960.04488100862682       -141.70782368659857        141.59418825152790        283.33275196455963       -12890.027850266473     
   96.004488100836255        1265.5856337058597       -142.81000289988751        142.76469777896946        285.63225396582732       -9850.7195709178377     
   96.004488100722639        1668.3667898509561       -143.91708209166276        144.21094988759086        288.16555454846622       -7509.8546751425592     
   96.004488100634788        2199.3357631027325       -144.92655251714567        146.04153188968380        290.83724854500292       -5694.3253425463581     
   96.004488100724714        2899.2891900609907       -145.69752927903423        148.13835161143010        293.25015390693295       -4285.1948794992677     
   96.004488100689940        3822.0075118202658       -146.12301493926358        150.13223378470607        294.82540689885104       -3201.7018080107327     
   96.004488100653163        5038.3871572683429       -146.19158176221262        151.63275148286888        295.15399712515568       -2381.1638651492704     
   96.004488100483442        6641.8878215133127       -145.98862546235506        152.45301736789699        294.22047768821778       -1768.4739902968549     
   96.004488100673967        8755.7133774630365       -145.65366623687260        152.64185688589748        292.34616701383874       -1315.2265565415566     
   96.004488100509221        11542.278160689320       -145.33658970233375        152.38422730920067        290.00137806052999       -981.43304098278782     
   96.004488100485091        15215.685963617325       -145.17421574530388        151.89916067201213        287.65903435508289       -735.88136213681832     
   96.004488100301643        20058.180553258349       -145.28469258542736        151.38728389072136        285.73457969697495       -555.05866650859878     
   96.004488100150127        26441.831677472168       -145.77060669250537        151.01711803783869        284.58093515314971       -421.57860012093198     
   96.004488100183679        34857.122788614135       -146.72382350978759        150.93277895803158        284.50680335504444       -322.68328635300713     
   96.004488099978090        45950.637002680283       -148.22360078602642        151.29492295662823        285.81345649909241       -248.95019747197807     
   96.004488099490899        60574.736869435277       -150.29255452742595        152.49297529617607        288.91825248413102       -192.97416630330076     
   96.004488099684892        79853.055064575645       -152.65543290701197        155.80757887606157        294.53411159773566       -147.75555221389666     
   96.004488099812150        105266.82793333220       -154.10512727815632        164.86344932621751        303.85480380042856       -105.36658835219728     
   96.004488099835811        138768.70526960719       -149.69330181519226        190.72880925032968        318.03715278413165       -51.637956528848626     
   96.004488100124547        182932.78082295787       -123.75037120326077        267.73594496693005        340.06497171116314        41.074517822362701     
   96.004488100274813        241152.37102310391       -27.135822278509160        494.42655162302930        370.20164275485502        230.96750266851549     
   96.004488100916745        317900.73812218726        276.92155216655652        1091.9073689569686        356.07466988760592        615.29170032892614     
   96.004488101822034        419074.79022558068        916.74498483575962        2049.0693524865073        30.942668876883545        1099.5082633508157     
   96.004488100772917        552448.16616794746        1575.6799842401979        13343.388955896537        10007.995748726933        3119.2965730783135     
   96.004488100274003        728268.51775024179        78678.726549948653        1119787.5857257610        962245.84525485476        176858.91633617954     
   96.004488100126494        960044.88100126793        3222036.6607783255       -551326342.51526666       -557770624.42795837       -54224889.325228438     
   96.004488100147597        1265585.6336967838        226803812.18408841        1795964922.4737287        1342356528.3601129        184708508.68657714     
   96.004488100148052        1668366.7898409744        1718054226.2849834        9948553479.3840904        6512367502.4956837        851007235.87742555     
   96.004488100152386        2199335.7630916853        330288981.14182693        2653496249.7804422        1927921588.1490710        159025234.03196636     
   96.004488100153097        2899289.1900437344        6109945656.6593504        21710808311.700935        3391166251.1147165        1472419778.3860340     
   96.004488100153054        3822007.5117988992        6383402003.4765434       -11762770791.193909       -30901496949.176075        301689635.76423991     
   96.004488100153097        5038387.1572421091        14672031663.138952        74862905086.968185        30859378749.809631        2467904460.1757441     
   96.004488100153097        6641887.8214904722        72819003301.340836        184555664106.94812       -33887588336.288986        6589135563.9795361     
   96.004488100153083        8755713.3774155490        97248637746.122147       -185989122617.30499       -477719946536.59650        1933445042.0500958     
   96.004488100153083        11542278.160646530        54825783699.438026       -192911627108.03720       -357372390461.55933        94377478.431627512     
   96.004488100153083        15215685.963564744        29826398282.474113       -76018408676.559860       -165479320507.14612        221428533.39877719     
   96.004488100153083        20058180.553227365        17443682377.888500       -42430082194.288742       -94740923834.773148        107903958.02617715     
   96.004488100153083        26441831.677473065        11096863128.727831       -30666294339.410431       -63934493639.181786        38699600.571153909     
   96.004488100153083        34857122.788603142        7607836751.0970716       -18420588200.558834       -41219222270.434113        27273935.499708932     
   96.004488100153097        45950637.002764210        5644389940.2820883       -11319458286.332884       -28224917480.009457        20236061.092111833     
   96.004488100153338        60574736.869853474        4480715314.9081268       -12835272791.845776       -26246471875.092003        6071948.2707208432     
   120.86248971555500        79.853055064952542       -166.75146008143412        166.75242380185043        333.50194656761272       -229321.42540583567     
   120.86248971557684        105.26682793370856       -167.56552098232669        167.56680718118756        335.12972645765831       -174806.28550479407     
   120.86248971554750        138.76870527003547       -168.41616891001681        168.41788049406267        336.83054092921333       -133276.22229968518     
   120.86248971555725        182.93278082298710       -169.30526666665889        169.30753795068449        338.60809320211399       -101633.00472761843     
   120.86248971559493        241.15237102284027       -170.23477515080634        170.23778098186577        340.46623057749832       -77518.703254977023     
   120.86248971563460        317.90073811981836       -171.20676168581068        171.21072639621394        342.40900930376250       -59138.612445258361     
   120.86248971561604        419.07479021844205       -172.22342175579101        172.22842606440602        344.44050858995928       -45126.590750231553     
   120.86248971571945        552.44816616504681       -173.28753161204253        173.28871099323862        346.56177482990347       -34443.763359685545     
   120.86248971572887        728.26851775025943       -174.40681940444270        174.36545935712834        348.76101650311762       -26304.591036698588     
   120.86248971578765        960.04488100323306       -175.59929835259825        175.46980767464996        351.08336419780733       -20104.493131785821     
   120.86248971588056        1265.5856337000691       -176.86860127405089        176.71196349695828        353.63777787228094       -15367.278251490003     
   120.86248971589882        1668.3667898455492       -178.18813686542779        178.18912857417158        356.46615405285559       -11734.795244310575     
   120.86248971583329        2199.3357630964247       -179.47521562281344        180.10960022888867        359.61323914625871       -8928.1927969902845     
   120.86248971589369        2899.2891900514096       -180.55535130617162        182.60657638163440        362.86740208109813       -6742.3435438203387     
   120.86248971603361        3822.0075118134437       -181.20879758409291        185.42214700971152        365.53933507639823       -5042.0910861486354     
   120.86248971591772        5038.3871572564494       -181.28846943015964        187.94653284790010        366.73632465740366       -3737.2403005255023     
   120.86248971598796        6641.8878215132354       -180.80272073257152        189.60845639032956        365.91416324757620       -2754.8331576937449     
   120.86248971603517        8755.7133774489794       -179.90104907128119        190.18502203320543        363.15126592819934       -2027.4642178187532     
   120.86248971599601        11542.278160686858       -178.80237953233691        189.80152033025968        358.99904426062994       -1494.6429435183595     
   120.86248971593822        15215.685963610627       -177.73130718003679        188.76105861113879        354.18414633329746       -1106.3177325875497     
   120.86248971581286        20058.180553267044       -176.88791269370296        187.39643867879249        349.40569839872762       -823.67787024815016     
   120.86248971567976        26441.831677496244       -176.44287855086935        186.00358494625780        345.26551762330837       -617.74574045437544     
   120.86248971554849        34857.122788595829       -176.54307084225971        184.83071043297591        342.27255542510051       -467.28803286236115     
   120.86248971553694        45950.637002750162       -177.31620973279777        184.10116052865081        340.87616714428020       -356.83301444221900     
   120.86248971558607        60574.736869859415       -178.85503495156541        184.12175172851499        341.54173549144161       -274.88410716216026     
   120.86248971537468        79853.055064833752       -181.08518794952994        185.83623142266811        345.03846961744830       -211.75248091863665     
   120.86248971472352        105266.82793296580       -183.14259851394482        192.13305859754922        352.50092562432417       -156.97921523379799     
   120.86248971539189        138768.70526985737       -181.74580088297677        212.57431207469509        366.90293089010220       -95.281455563976465     
   120.86248971502150        182932.78082217686       -164.29716103564755        274.08821089524741        389.95502234948481        2.9810473597947009     
   120.86248971525477        241152.37102216235       -91.331164313899421        462.09612466643580        428.13348586893056        201.28889167215004     
   120.86248971632450        317900.73812163400        159.10850007501367        1015.1517093413323        476.08567048126122        632.66070190220944     
   120.86248971637875        419074.79022108781        907.27691089288589        2416.5097629546867        376.74636059012153        1493.1091916702626     
   120.86248971637733        552448.16616805515        2100.3156537609916        4061.8281001550208       -365.79321405844939        2228.2737314905135     
   120.86248971733214        728268.51775992184        2147.9057808395369        44075.718875290106        39555.598622979778        8352.8174413116849     
   120.86248971668674        960044.88101037685        246478.35777853636        3328441.3927526902        2835260.2281088261        506470.05408341892     
   120.86248971631440        1265585.6337046148        9150502.4916147944        91145305.061919421        72844022.523605436        11166227.449270481     
   120.86248971632310        1668366.7898514094        707635464.26533377        5332594859.5273600        3917322226.9951768        530736989.06993359     
   120.86248971632357        2199335.7631053510        2421978032.6826620        13278273801.156437        8433856444.4322138        1104687209.1394570     
   120.86248971632189        2899289.1900616870        499274544.91275984        8547918641.9515018        7162354585.6772985        429631667.01912904     
   120.86248971632273        3822007.5118225943        13921182462.798262        14226223409.232935       -27520761992.237137        2089620293.0454292     
   120.86248971632277        5038387.1572733456        12797505020.592106        896743711.44859695       -37477283909.095215        1164914000.5019321     
   120.86248971632280        6641887.8215316487        39206854684.728683        281834828202.17419        164234483392.75220        7786424129.3531780     
   120.86248971632283        8755713.3774698358        170597618226.63849        195716203784.23163       -316054517327.31927        11475403201.452072     
   120.86248971632145        11542278.160717962        180708315109.01025       -479826965110.18756       -1021927615818.5625        2025622156.0034719     
   120.86248971632145        15215685.963658910        98336094842.403152       -287344078072.38995       -582325647099.06982        627666102.45613861     
   120.86248971632138        20058180.553351488        53784771695.608025       -142327075471.69284       -303651931144.31995        349730744.49282008     
   120.86248971632138        26441831.677636687        31978893755.493145       -65207987138.496216       -161112096948.56967        246422641.63794035     
   120.86248971632136        34857122.788818829        20666388380.154037       -58916126378.851219       -120879183134.23286        62590161.935528859     
   120.86248971632122        45950637.003048494        14348042286.186247       -39602021188.956825       -82606013514.460022        36351234.472294942     
   120.86248971632125        60574736.870228089        10996550388.876074       -49985386121.238136       -82930309541.933304       -18065872.619212657     
   152.15685963661119        79.853055065470926       -207.76570911346380        207.76666064039279        415.53046552836224       -359708.33107257227     
   152.15685963661292        105.26682793437411       -208.69811531497388        208.69938846748232        417.39493530409834       -274089.91843092151     
   152.15685963663455        138.76870527096628       -209.67217883956735        209.67387714013751        419.34260904309474       -208887.56740572749     
   152.15685963654582        182.93278082409265       -210.69002794644280        210.69228680488155        421.37768513650894       -159225.31194825564     
   152.15685963655864        241.15237102424280       -211.75389633792008        211.75689240019130        423.50455886837432       -121393.28539863923     
   152.15685963648920        317.90073812141793       -212.86613472995234        212.87009779735183        425.72787582211299       -92568.541392449333     
   152.15685963657023        419.07479022083811       -214.02922241425156        214.03444059553388        428.05244743548076       -70602.723860730854     
   152.15685963667843        552.44816616812568       -215.24582275617732        215.25203392907221        430.48292840179579       -53860.900783856552     
   152.15685963669674        728.26851775434920       -216.51995924958754        216.51454899421029        433.01634075566722       -41101.363971575658     
   152.15685963672865        960.04488100835863       -217.86564036177364        217.77731707673399        435.63547318695566       -31387.039442297100     
   152.15685963678246        1265.5856337063008       -219.30739432050495        219.10292937340324        438.44710860620739       -23985.801148532104     
   152.15685963687793        1668.3667898545589       -220.83948708549673        220.63662350902632        441.57505629753126       -18327.056195543035     
   152.15685963683822        2199.3357631089202       -222.41196557904559        222.54286600161734        445.08455846003005       -13980.185879837907     
   152.15685963696424        2899.2891900688337       -223.87478437034679        225.16830181293966        449.02719291061271       -10606.851262278109     
   152.15685963712201        3822.0075118359514       -224.93542844585812        228.64641089496399        452.96288255861873       -7966.4304947242035     
   152.15685963709961        5038.3871572902099       -225.25749897626312        232.46092086924838        455.72222434131692       -5908.7318189679891     
   152.15685963709075        6641.8878215534951       -224.64749572693128        235.62603004950196        455.95731937897699       -4334.7594906176992     
   152.15685963717374        8755.7133775034054       -223.15976819723303        237.32578542487775        452.98220897746927       -3159.0430006848987     
   152.15685963727736        11542.278160770207       -221.05017591386505        237.32289855461389        447.07501643770445       -2297.8858721802812     
   152.15685963715151        15215.685963715194       -218.65904050561934        235.93020843111654        439.20592000104307       -1674.2942550048913     
   152.15685963725784        20058.180553439714       -216.32019882842232        233.49872416208507        430.34642969729913       -1226.4792027360002     
   152.15685963742487        26441.831677782011       -214.32390537361627        230.66796120707181        421.65742682936116       -904.55128907413018     
   152.15685963741984        34857.122789009241       -212.91460867203972        227.82590187011408        413.95673129474835       -673.15588044738308     
   152.15685963738645        45950.637003289448       -212.29960803527823        225.33967142070821        407.97348345547414       -506.31561660263981     
   152.15685963719284        60574.736870468638       -212.64873561075402        223.56911985763566        404.36194364779692       -385.20228944105878     
   152.15685963742450        79853.055065898108       -214.03636850784929        223.15044048217624        403.86686400980352       -295.51540970933394     
   152.15685963763659        105266.82793508275       -216.07103638053968        226.44377022161902        408.02735439855326       -223.49094394135173     
   152.15685963732139        138768.70527159321       -216.37113430631916        239.39379159351523        417.98697104515497       -152.68557216844556     
   152.15685963668091        182932.78082425575       -206.29236988685929        288.20870887094355        442.62834265640402       -48.568872757117688     
   152.15685963647144        241152.37102410544       -154.50085645353923        436.45113431362688        482.81429255658452        151.31853820711720     
   152.15685963691712        317900.73812231293        36.821093896005429        893.97548048148508        552.74605513824702        593.90573945292454     
   152.15685963721012        419074.79022260179        665.22779876019433        2226.9842452143821        623.54032655870139        1579.0757950511047     
   152.15685963792779        552448.16617266322        2433.2718512986166        5393.5852956151330        248.82321472319836        3443.1990344345422     
   152.15685963931838        728268.51776689885        4223.7101568779699        7685.0215082760596       -1039.3761347928912        4144.3085978196841     
   152.15685964090559        960044.88103471545        8705.5288838812212        156767.09926528009        139084.32840180182        28772.082971391006     
   152.15685964137776        1265585.6337445250        747930.31971240474        9591903.9505765811        8095771.5784957549        1406559.4659004724     
   152.15685964144100        1668366.7899045944        27308484.979461551        259536645.85262305        204919252.21933690        30686591.972668104     
   152.15685964144370        2199335.7631754917        1927553077.0030363        13803309037.796854        9948197573.7779408        1330656679.5921431     
   152.15685964144168        2899289.1901541529        2949025414.8134675        15313309166.598413        9412417815.4776936        1239805966.2143457     
   152.15685964144001        3822007.5119444192        2170356448.6376948        41683371283.952309        35207138652.623520        1980112174.7446756     
   152.15685964143984        5038387.1574339336        28800815038.732231       -14068239984.733555       -100443827813.09534        2815055625.3926549     
   152.15685964143975        6641887.8217433412        26877554967.996674        48187501477.514999       -32415405410.526062        3397415251.1845264     
   152.15685964143975        8755713.3777488992        105828618704.50267        729635184611.31470        412181861275.72095        19531292552.796745     
   152.15685964143972        11542278.161085967        380376887720.23761        374330255950.36774       -766764764040.40234        23616966298.176620     
   152.15685964143995        15215685.964144057        332966583448.79059       -958841978705.73438       -1957702648353.6516        2817104382.8112421     
   152.15685964143989        20058180.553991042        177092647049.48807       -532551624311.50305       -1063786547857.2786        965155380.45811510     
   152.15685964143995        26441831.678479794        97641021567.139404       -200749645820.36356       -493625247415.50610        937991918.25451517     
   152.15685964144004        34857122.789930291        58865634260.355225       -164023897522.34412       -340568297271.44922        241191127.24423230     
   152.15685964144004        45950637.004513733        38547514008.068802       -133761731389.29117       -249346041228.98499        32477737.570637584     
   152.15685964144024        60574736.872159712        27129569675.286568       -40532797891.076523       -121856749107.66202        151942568.36756971     
   191.55413718139238        79.853055067998952       -259.08100751896535        259.08194483657951        518.16108861302268       -564694.44980042207     
   191.55413718139499        105.26682793770694       -260.14931146405365        260.15056898278283        520.29738361848786       -430129.27045645850     
   191.55413718136131        138.76870527531565       -261.26502355441932        261.26670521139602        522.52833136951222       -327684.08158145775     
   191.55413718131911        182.93278082989264       -262.43058632051338        262.43282836878501        524.85886036375609       -249681.07501702046     
   191.55413718130632        241.15237103185225       -263.64855625423320        263.65153681618125        527.29396868734352       -190279.80632839556     
   191.55413718130296        317.90073813158864       -264.92161510354811        264.92556641120922        529.83894471426390       -145037.25017646307     
   191.55413718122225        419.07479023384604       -266.25258522856024        266.25780908010228        532.49934972765345       -110573.03618815241     
   191.55413718118885        552.44816618478410       -267.64444688210745        267.65129840986498        535.28092262235418       -84314.980345544653     
   191.55413718127741        728.26851777655838       -269.10049138327361        269.10757502584954        538.18845758331031       -64306.230961698086     
   191.55413718130239        960.04488103756000       -270.62725548021274        270.60404520215911        541.20958892555245       -49063.720695541124     
   191.55413718140716        1265.5856337450402       -272.24977175775069        272.07954387058055        544.33313236785943       -37467.538241341405     
   191.55413718148199        1668.3667899052327       -273.99658400965853        273.68976566171500        547.76210295865530       -28627.455513166431     
   191.55413718166656        2199.3357631784138       -275.84541758519595        275.60650422735529        551.61473644473631       -21863.433560981019     
   191.55413718159895        2899.2891901570197       -277.70354049469330        278.13958856289491        556.02008254626526       -16652.911774129079     
   191.55413718161262        3822.0075119485136       -279.30146882157436        281.83825769622581        561.00112152099530       -12585.636737826695     
   191.55413718219103        5038.3871574545510       -280.15684080976564        286.77093017322829        565.68917485044130       -9383.7168420402213     
   191.55413718226157        6641.8878217729698       -279.76554068918415        291.96216129251962        568.14365005204138       -6885.5587529364157     
   191.55413718239572        8755.7133777940890       -277.88899708560689        295.85194763405121        566.37843525199924       -4984.6641875068062     
   191.55413718247419        11542.278161150271       -274.67595323789544        297.30964820248664        559.59987554155964       -3579.5419169254405     
   191.55413718248022        15215.685964229278       -270.55538569713588        296.14072426991459        548.47311790699473       -2564.2949661014363     
   191.55413718258976        20058.180554114864       -266.05037553071708        292.86259090136861        534.51305407256223       -1840.8101568136149     
   191.55413718246888        26441.831678626320       -261.65184787593324        288.25204887210072        519.39003630820230       -1328.7361377687280     
   191.55413718185659        34857.122790011999       -257.77634305257823        283.05605592106940        504.58047580603977       -967.20318021086268     
   191.55413718186176        45950.637004622673       -254.76975471621319        277.90681780568804        491.31012825568587       -711.86986684157046     
   191.55413718168140        60574.736872246191       -252.91820346454554        273.35229817298176        480.61597090593671       -530.91496991097324     
   191.55413718123845        79853.055067935144       -252.42835305739581        270.00560741800854        473.45586114646403       -401.28144209412039     
   191.55413718062334        105266.82793728332       -253.25208738908310        269.29143277935702        471.09931299387881       -304.48611932169587     
   191.55413718044778        138768.70527465444       -254.08943653208817        277.10919162357760        476.79102343620031       -218.67411895170818     
   191.55413718025176        182932.78082887403       -248.88921527019923        303.86920253711514        488.78522150359987       -118.36599126967006     
   191.55413717973627        241152.37102987655       -215.21118180491050        423.67901259275220        536.25779630334819        84.338866001649322     
   191.55413717945092        317900.73812851607       -76.832063888965962        780.77556132842778        610.95790135422465        517.14283146556807     
   191.55413717996873        419074.79023110494        404.99713236094897        1883.8249467048427        744.03919074285807        1519.5696104454794     
   191.55413718048612        552448.16618275899        1942.5009699050793        5045.8153611532525        824.12337732531205        3753.1621292573445     
   191.55413718075451        728268.51777457213        5889.2312980422303        11781.176539332160       -339.44008585121446        7544.5204129416034     
   191.55413718019693        960044.88103202172        7717.9107031948361        14478.643329400598       -1291.4043045721000        7287.8074176739128     
   191.55413718189749        1265585.6337482824        32155.708769013250        537085.83841485612        472448.36842996295        95047.489033057514     
   191.55413718091415        1668366.7899002898        2204605.8429524475        26857493.903753296        22447956.429516356        3796794.7718316866     
   191.55413718084446        2199335.7631689785        87412029.351597428        794291693.75137925        619467079.20088303        90628495.860655993     
   191.55413718084847        2899289.1901456639        4475004953.9269915        30419021682.405918        21468986764.195477        2842742344.0080562     
   191.55413718084890        3822007.5119332792        2869608253.9385614        14311689453.917950        8555340369.3603067        1123242783.1631541     
   191.55413718084938        5038387.1574192662        10628567881.456610        179245157374.76086        147397242319.52130        8318977839.7609730     
   191.55413718084935        6641887.8217240106        56526047305.990234       -106411302329.98975       -275945977219.45227        3003935684.1263819     
   191.55413718084935        8755713.3777234163        60088781176.097023        61742187931.299767       -118476282999.43777        6247837341.6194191     
   191.55413718084938        11542278.161052376        283342377354.02063        1739798053249.7622        889823252776.65173        46392846342.601006     
   191.55413718084938        15215685.964099754        808977901562.60840       -1199415682938.0129       -3626292027419.3867        22845381532.628742     
   191.55413718084935        20058180.553932644        604359167822.11584       -2044978444567.2583       -3857992963271.2646        1974197770.4011860     
   191.55413718084935        26441831.678402800        319032902425.67834       -930470486927.98303       -1887499870299.4033        1870055087.2995701     
   191.55413718084935        34857122.789828770        178859540519.13950       -344658093318.88586       -881160212003.95068        1767755209.5299292     
   191.55413718084944        45950637.004379921        108818382350.83850       -338741781754.21387       -665112265298.45178        277733778.45742750     
   191.55413718084952        60574736.871983267        72012462391.386780       -266859721419.03085       -482803180520.07257        4311810.4510604143     
   241.15237103132040        79.853055067786883       -323.31688934704744        323.31781034371841        646.63287976993411       -887171.08966775227     
   241.15237103136155        105.26682793744389       -324.54134779535161        324.54258701322590        649.08145191443305       -675534.73254181130     
   241.15237103136371        138.76870527499457       -325.81973653614830        325.82139811457756        651.63784946035867       -514462.07737213798     
   241.15237103130102        182.93278082946208       -327.15484803894526        327.15706880631075        654.30742078589844       -391856.39855899324     
   241.15237103132128        241.15237103132102       -328.54962110140298        328.55258032027825        657.09619082732638       -298518.68216248672     
   241.15237103123394        317.90073813077873       -330.00713071806206        330.01106259035589        660.01008429544004       -227451.99626264093     
   241.15237103114717        419.07479023280422       -331.53060176075036        331.53581142953976        663.05554254163371       -173334.36178878925     
   241.15237103115558        552.44816618352627       -333.12342974884331        333.13031290598070        666.23914059802451       -132117.10870113631     
   241.15237103104710        728.26851777423599       -334.78921019004190        334.79815464354289        669.56781529482839       -100720.09269591027     
   241.15237103099614        960.04488103417054       -336.53216853645154        336.53845212279271        673.04508360339150       -76801.110100576538     
   241.15237103095373        1265.5856337396572       -338.36412366200705        338.29886635511775        676.63961827900471       -58590.780628465451     
   241.15237103116550        1668.3667898989495       -340.32749876257782        340.02643232907297        680.38277284310630       -44744.455825269317     
   241.15237103123431        2199.3357631686399       -342.44763345342392        342.00586253782404        684.59383808146731       -34179.902787582665     
   241.15237103122666        2899.2891901450666       -344.67577102312140        344.44467952975896        689.37807259988267       -26087.841053395885     
   241.15237103129166        3822.0075119335133       -346.83856183746684        347.93109299834373        694.98860704823005       -19827.912366577617     
   241.15237103136212        5038.3871574210352       -348.45896823290116        353.29019939916736        701.32715263899991       -14904.659421775099     
   241.15237103137281        6641.8878217266356       -348.75556404308543        360.38029574582458        706.75044176643667       -11004.695286595830     
   241.15237103167252        8755.7133777377585       -346.99173250924326        367.43613145686146        708.10949245591041       -7962.4363668167271     
   241.15237103144750        11542.278161060513       -342.90390644782087        372.04400073863576        702.56203627938498       -5665.6603475627398     
   241.15237103134692        15215.685964104136       -336.82072910884818        372.69965984702816        689.32772197506813       -3991.0145728649895     
   241.15237103145097        20058.180553947077       -329.44711049916344        369.37501021084609        669.77680119807337       -2801.5586198658439     
   241.15237103138830        26441.831678414943       -321.57590462851221        363.01519202191253        646.33699238032273       -1969.8783958905510     
   241.15237103130491        34857.122789832720       -313.91903923356779        354.83188989655383        621.47863677789701       -1393.1262247442546     
   241.15237103136315        45950.637004396194       -307.06591654483151        345.92194540569864        597.29701284580869       -994.76550903302473     
   241.15237103126904        60574.736871981040       -301.49794730897702        337.19956542819057        575.50808899290723       -719.89933670472442     
   241.15237103110789        79853.055067716894       -297.59582877913130        329.49743696466658        557.57663571452713       -529.50617201978287     
   241.15237103092849        105266.82793725534       -295.56161153942446        323.93740311751839        544.92724852642107       -394.99199705293125     
   241.15237103049711        138768.70527449646       -294.93037109095468        323.88942335076496        539.91670671164491       -290.78259923999320     
   241.15237103072474        182932.78082902567       -291.97268709746777        343.83108315362659        549.48837503287496       -177.97282703855703     
   241.15237103041576        241152.37103041646       -272.30862803694032        410.07274884864160        571.12111271185779       -8.5678632322702981     
   241.15237103033587        317900.73812959605       -177.93071360154747        693.38640002901366        659.50766158583963        414.36437973276963     
   241.15237103017253        419074.79023111187        172.43480387132192        1547.2829522285081        805.56871492742323        1377.4048863712503     
   241.15237102900588        552448.16617860331        1352.8664774697386        4173.5512744024327        1062.9464564683690        3646.1212234762743     
   241.15237102933852        728268.51776907814        5028.5894118336046        11528.615295048290        1057.8993289973087        8632.9619509865279     
   241.15237102965034        960044.88102881517        13081.811207373461        24465.876291423163       -2114.4460096875755        15498.127727043702     
   241.15237102996102        1265585.6337344504        13521.244962864263        30152.218667147863        2712.3491684615710        13072.588898873513     
   241.15237103069049        1668366.7898956665        112547.92802032658        1772883.2192103392        1547401.8938297110        302141.47634408856     
   241.15237103141990        2199335.7631703368        6335153.6996214958        73317561.489097834        60646871.293475151        9996106.9133364223     
   241.15237103149803        2899289.1901483336        298671604.72681767        2596153809.1228104        1998809853.2663932        285926825.66162837     
   241.15237103149721        3822007.5119367749        9415477952.6238689        60721016492.865997        41889923840.506126        5504972128.5466318     
   241.15237103149704        5038387.1574238585        1943868826.4232070        10960730083.772175        6965788329.2900019        791390319.79159117     
   241.15237103149431        6641887.8217299897        43952077211.121094        541719617088.01355        409924527052.06616        25612378773.899872     
   241.15237103149423        8755713.3777312934        108143735781.23160       -202165967810.53604       -526526959014.91870        5527709282.9021721     
   241.15237103149400        11542278.161062751        142952797306.72568        694334547180.70972        265553157174.80453        25633305600.620567     
   241.15237103149383        15215685.964113418        741470345481.00488        3354278298316.3765        1129951458295.3413        96945045383.565338     
   241.15237103149380        20058180.553950656        1648888190281.5320       -3068454142256.0254       -8015026467106.8018        36969556859.804390     
   241.15237103149380        26441831.678426549        1079479527459.9734       -3731963339768.2441       -6970300512595.6055        2644261608.8115997     
   241.15237103149400        34857122.789860107        572582272858.31165       -2802952421930.9102       -4520587583076.9131       -4633127534.5933113     
   241.15237103149428        45950637.004421264        328774672877.65222       -973799236907.54456       -1959999959030.8535        1317572030.1542211     
   241.15237103149445        60574736.872037783        201825923225.18488       -476027664432.17151       -1081368958891.3191        1098075533.1038949     
   303.59284800608378        79.853055067875999       -403.76394306570307        403.76484547593680        807.52700500989636       -1394785.2360237401     
   303.59284800617024        105.26682793757342       -405.16786677487625        405.16908489942091        810.33452250870528       -1061729.1701137549     
   303.59284800612153        138.76870527514177       -406.63320820711033        406.63484616175595        813.26477088364595       -808314.19596638624     
   303.59284800625068        182.93278082978151       -408.16306457867461        408.16525948339421        816.32394294372489       -615473.36806904187     
   303.59284800620304        241.15237103168408       -409.76079291112194        409.76372480949863        819.51861517944178       -468709.24618212209     
   303.59284800614074        317.90073813130726       -411.42993367686239        411.43383828715224        822.85580244138168       -356997.95831966231     
   303.59284800607878        419.07479023356615       -413.17419176496583        413.17937682050473        826.34287127237121       -271956.05893078179     
   303.59284800604576        552.44816618445134       -414.99745325011929        415.00431937132237        829.98736178365778       -207207.38859997265     
   303.59284800603757        728.26851777576348       -416.90381423860691        416.91287810300554        833.79740340307092       -157902.19885915780     
   303.59284800589847        960.04488103594713       -418.89763877296582        418.90915488357552        837.78100101846326       -120351.31093580695     
   303.59284800592462        1265.5856337423309       -420.98475318269175        420.98490731242629        841.93680661462395       -91751.905809465097     
   303.59284800592189        1668.3667899009940       -423.18796941579416        423.03328635410389        846.20195847448986       -69995.639283280907     
   303.59284800600267        2199.3357631712925       -425.57334895372071        425.07788576532977        850.72843691587457       -53455.451810887054     
   303.59284800601813        2899.2891901488028       -428.15018698381482        427.53752616685415        855.93209968316023       -40823.457218575524     
   303.59284800610226        3822.0075119384674       -430.82665512147230        430.72335002913576        861.94359594650587       -31131.240661958822     
   303.59284800637533        5038.3871574306258       -433.27755174993496        435.70721298781018        869.21112435522127       -23587.865052810706     
   303.59284800653853        6641.8878217425563       -434.67284229349571        443.65611851279476        877.31206247385285       -17599.981706600578     
   303.59284800661715        8755.7133777501294       -433.77088154198384        453.92619344908769        883.24914439051759       -12827.063830363290     
   303.59284800699839        11542.278161102086       -429.52846210607663        463.43376995253743        882.03036772173232       -9112.3103288452112     
   303.59284800722571        15215.685964176677       -421.71618087615985        468.53711895961419        869.73569244972066       -6339.2783097402498     
   303.59284800759519        20058.180554058465       -410.98771203554429        467.35014453589150        845.88690172051042       -4352.7605772320703     
   303.59284800764908        26441.831678573355       -398.47726989005815        460.25205071198218        813.07551382375254       -2971.5140266222079     
   303.59284800803653        34857.122790098081       -385.36588868360673        448.89237244517733        775.09751095497336       -2028.2162346371119     
   303.59284800827231        45950.637004770600       -372.66768904909043        435.12118661212901        735.52659482887123       -1390.7675858345965     
   303.59284800831477        60574.736872506706       -361.20183807656946        420.52030480592600        697.27468061432205       -963.01323066058058     
   303.59284800846797        79853.055068503527       -351.62324758705512        406.40405061766347        662.70798423614690       -677.12631353684094     
   303.59284800864373        105266.82793843158       -344.40656263451876        394.07849070143681        633.88709445589791       -485.16113584464472     
   303.59284800865777        138768.70527630168       -339.61003790198646        385.76313140406944        613.00478051009441       -350.74957405106005     
   303.59284800877344        182932.78083130246       -335.57430614408332        389.68217645204845        604.85491903146522       -234.67000249259945     
   303.59284800872615        241152.37103368924       -322.36377274322530        440.21652474698942        623.85127169469013       -61.689484576115319     
   303.59284800834871        317900.73813362053       -264.29877544496514        632.36130158383128        693.54390089115464        298.40720519664734     
   303.59284800820876        419074.79023650783       -22.338161577230981        1269.6144760856112        839.28193125370444        1186.8331191770822     
   303.59284800862173        552448.16618914064        835.65512428347279        3289.8861368822072        1134.6828297701188        3343.3000483060505     
   303.59284800747139        728268.51777920511        3666.3323056837571        9455.1778843246939        1628.5379121584756        8434.5048373058671     
   303.59284800500336        960044.88103311928        12236.674083591099        26145.458177914741        1167.8068782608443        19314.364909698910     
   303.59284800479639        1265585.6337376307        26440.003642978179        46952.183843512103       -6426.0824180379022        29240.063032855149     
   303.59284800358978        1668366.7898881817        24521.551509780769        76437.506837129768        26931.337094118451        26556.975003598393     
   303.59284800564012        2199335.7631686707        377977.88383481721        5645408.5531010814        4889008.2783146240        926330.05202617124     
   303.59284800574119        2899289.1901461636        17871089.985873248        196511936.16386527        160769336.45485425        25849367.494460553     
   303.59284800574602        3822007.5119339884        1048934726.5489286        8711042953.2461319        6613171899.2195635        926683019.83692193     
   303.59284800574653        5038387.1574201956        16512163710.913368        100933579409.42499        67908451051.411888        8885031184.6834240     
   303.59284800574710        6641887.8217252465        1261098202.9919560        16596989797.465849        13411164334.441141        948585799.58503020     
   303.59284800574824        8755713.3777250797        144658583707.08896        1023023560895.7140        589147387898.75415        54157215970.917671     
   303.59284800574846        11542278.161054578        206972141312.40414       -432624216927.96313       -1053427390074.1088        8901425463.1788387     
   303.59284800574858        15215685.964102661        356641542001.87262        1837665083611.3083        767864292451.52637        63176991244.299713     
   303.59284800574858        20058180.553936481        1878326503186.5330        7331425250984.5098        1696581282378.5833        216888629031.81036     
   303.59284800574858        26441831.678407859        3230828920063.8188       -5140005269698.5771       -14832343554812.945        79193738398.874146     
   303.59284800574858        34857122.789835438        1928973387099.4663       -5493635026649.5381       -11280391892535.986        14748091598.069256     
   303.59284800574852        45950637.004388683        1040930287262.7527       -3213821435737.3027       -6336432459783.5977        4389508315.1723900     
   303.59284800574852        60574736.871994786        601198839539.06519       -1867008551063.2732       -3670406309803.6797        1868403248.7741928     
   382.20075119343232        79.853055067794372       -504.55673043611819        504.55761174923919        1009.1125486904998       -2194271.7935843314     
   382.20075119355619        105.26682793746990       -506.16670282498228        506.16789686465364        1012.3322386204936       -1669833.6730504285     
   382.20075119362139        138.76870527505127       -507.84691541112710        507.84852602686829        1015.6922646525470       -1270900.0060164265     
   382.20075119361405        182.93278082958091       -509.60061316683243        509.60277746774386        1019.1990970722834       -967402.14982999105     
   382.20075119365777        241.15237103148502       -511.43149251328344        511.43439094131833        1022.8601339425477       -736482.90624485875     
   382.20075119363457        317.90073813109080       -513.34359174677581        513.34746104983185        1026.6831819730455       -560764.71501789649     
   382.20075119358671        419.07479023331382       -515.34118267207941        515.34633255431413        1030.6769794819522       -427035.50960930786     
   382.20075119361428        552.44816618421873       -517.42873864656940        517.43557306535115        1034.8502365765908       -325248.43414790020     
   382.20075119381403        728.26851777585694       -519.61095482780445        519.61999911031000        1039.2120019454969       -247763.27538604423     
   382.20075119371370        960.04488103625806       -521.89278971838792        521.90471133158007        1043.7721105130454       -188769.59498805529     
   382.20075119360689        1265.5856337422781       -524.27959949613512        524.29393721176484        1048.5395599095973       -143848.23453155914     
   382.20075119363094        1668.3667899010447       -526.78036723207947        526.75988750990098        1053.4992573776954       -109647.10225343917     
   382.20075119359814        2199.3357631705858       -529.43968194412435        529.11289122660367        1058.5506583629046       -83655.141286448415     
   382.20075119338833        2899.2891901461317       -532.34916804497584        531.57914176821726        1064.0918967854886       -63885.664827093809     
   382.20075119323923        3822.0075119323965       -535.48435640822936        534.67017040747612        1070.5625213125418       -48773.725895609292     
   382.20075119324696        5038.3871574181921       -538.67743949349619        538.98224979992733        1078.2400654783771       -37145.738063991717     
   382.20075119351947        6641.8878217273295       -541.32231758549983        546.37007104067254        1087.8285746610422       -28020.060513607721     
   382.20075119369449        8755.7133777318013       -542.00186805509657        558.36006646960709        1098.1745548048236       -20696.464592311037     
   382.20075119360234        11542.278161060645       -538.78534239532905        573.25517207132282        1103.9858285788705       -14826.833766013624     
   382.20075119353078        15215.685964107808       -530.25443436989087        585.83565251708512        1097.5464746119494       -10282.909789298537     
   382.20075119348081        20058.180553940641       -516.34716054603905        590.76895539642726        1073.7126303233235       -6943.3273909614063     
   382.20075119399320        26441.831678448794       -498.27861614892936        585.90863762061406        1032.8928047351887       -4603.8588060823095     
   382.20075119435131        34857.122789922061       -477.83166692961794        572.47597416323947        979.69902296421662       -3019.3406291894835     
   382.20075119429532        45950.637004496137       -456.72757437829802        553.23658756527880        919.90143712204963       -1968.3723026456669     
   382.20075119402867        60574.736872094159       -436.37868844246469        530.94232472908789        858.52827676606853       -1281.3978488952180     
   382.20075119425502        79853.055067966678       -417.89824662777346        507.82507669832899        799.52633692466407       -838.17269492564583     
   382.20075119446835        105266.82793772168       -402.14862581842976        485.77310807789524        746.10994741364550       -555.23013314436275     
   382.20075119451849        138768.70527537767       -389.64682958604141        466.93855080681988        701.18535390706143       -373.33539444459132     
   382.20075119414889        182932.78082983775       -379.92064280307477        456.04165848829490        668.33902120417997       -243.98148274760615     
   382.20075119316840        241152.37103117732       -368.13714845296380        473.39641310918864        658.08295909911885       -99.136448261636616     
   382.20075119301777        317900.73813057906       -329.08389406384708        596.88941227558826        697.77258575717701        211.76794491567324     
   382.20075119232888        419074.79023193626       -176.22051985721407        1053.8529362956065        841.57857250641098        976.31625241805364     
   382.20075119208656        552448.16618201241        418.35282968910332        2547.3174888073322        1136.6979657686111        2938.4758906844231     
   382.20075119166751        728268.51777176920        2470.3091940972658        7270.3517660644793        1744.9243486392957        7746.7805011796709     
   382.20075119000938        960044.88102695625        9136.4005807884932        21529.837555739166        2659.9450266832864        19034.237898080064     
   382.20075118947949        1265585.6337286148        28483.476622686245        58121.881747067891        547.30641844447018        41952.844349229650     
   382.20075118717085        1668366.7898728494        48168.891752103991        81802.838767359062       -15113.032233939732        49948.166147587501     
   382.20075118861115        2199335.7631418933        49783.509270312985        232149.18682322497        132058.47074376573        64798.644957633674     
   382.20075118609617        2899289.1900908207        1224283.2863529786        17367767.985061374        14918710.807299467        2744256.9276442272     
   382.20075118642967        3822007.5118643087        50212262.242038719       -51274900118.159767       -51375324910.535789       -5113343952.5846510     
   382.20075118643530        5038387.1573284073        3571792342.9862742        28282178643.463478        21138585626.937580        2908805774.8173981     
   382.20075118643592        6641887.8216042453        23835071303.585880        137992925146.76596        90317936559.852295        11805045921.181528     
   382.20075118644115        8755713.3775656540        4277215639.7622633        100405790109.44156        87750391225.080750        5071526828.2794371     
   382.20075118644019        11542278.160844376        385030411902.16156        1370192345220.4602        215263359708.41071        92869549178.707550     
   382.20075118644019        15215685.963825556        402223405743.29712       -741809273820.59741       -1948297167489.6919        19006300020.281460     
   382.20075118644013        20058180.553571180        925148768979.97986        4723932515831.7373        1948685236745.7915        155690038898.40445     
   382.20075118644007        26441831.677926298        4593918650502.9951        11645110440888.211       -2136427167208.1943        415726174667.91663     
   382.20075118643939        34857122.789200552        6135261469468.4219       -11734649022046.393       -30140195115492.094        121975295040.47583     
   382.20075118643939        45950637.003551744        3458489428805.3188       -12171389714138.881       -22546595652265.371        5940708544.2354279     
   382.20075118643950        60574736.870891519        1881054688052.4346       -4795881990065.4473       -10438755804820.211        13959342221.778282     
   481.16223807548931        79.853055066343458       -630.89139047705430        630.89224779284871        1261.7819502137352       -3454105.3915838799     
   481.16223807554826        105.26682793553603       -632.73751530709001        632.73868195523755        1265.4738053601593       -2627869.8794852165     
   481.16223807554275        138.76870527247667       -634.66437886893414        634.66595816470362        1269.3272349242766       -1999510.1222997457     
   481.16223807557162        182.93278082620137       -636.67535231735280        636.67748103295162        1273.3486235717412       -1521585.5068522093     
   481.16223807562437        241.15237102702878       -638.77426128295633        638.77711984909683        1277.5457688446008       -1158041.8355487550     
   481.16223807562568        317.90073812523650       -640.96551351642768        640.96933918878085        1281.9272441807598       -881473.88585934706     
   481.16223807568412        419.07479022569970       -643.25397023865014        643.25907402344023        1286.5026803942410       -671049.38256162091     
   481.16223807577416        552.44816617424488       -645.64479534407360        645.65158367307163        1291.2824390186204       -510930.75738696795     
   481.16223807568895        728.26851776219939       -648.14340397391709        648.15240635225302        1296.2770701773900       -389076.23520571471     
   481.16223807567815        960.04488101848438       -650.75548786830211        650.76739183589928        1301.4978419253716       -296329.69989495998     
   481.16223807562443        1265.5856337190601       -653.48707685147087        653.50271985370921        1306.9561265105085       -225728.28378070088     
   481.16223807564910        1668.3667898704177       -656.34488994352569        656.36127281445545        1312.6616694961226       -171978.25215418765     
   481.16223807565319        2199.3357631304193       -659.34474980870345        659.26793108107756        1318.5646817037191       -131074.86489160298     
   481.16223807563068        2899.2891900946374       -662.57106109685651        661.94418538351283        1324.5574651373072       -100021.85115788065     
   481.16223807552052        3822.0075118651298       -666.13211384817544        664.98533876274325        1331.4278975362352       -76377.810702433970     
   481.16223807537983        5038.3871573279430       -669.94855322106218        668.93194383227615        1339.5412501590145       -58287.623407606457     
   481.16223807539541        6641.8878216038374       -673.70831742155690        675.02280858790721        1349.5538207590921       -44304.952237998892     
   481.16223807555730        8755.7133775679431       -676.29854206270522        686.31255728223118        1362.4353697854651       -33210.151341549346     
   481.16223807546970        11542.278160845322       -675.34858774701661        704.56652083151266        1375.5382649317053       -24196.813311516613     
   481.16223807524023        15215.685963819546       -667.92969698029162        726.04660880223923        1379.7931444020141       -16946.360067306658     
   481.16223807549903        20058.180553574050       -652.22028910352503        742.18213789966057        1363.6121105830252       -11386.840406176729     
   481.16223807610737        26441.831677963510       -628.58920686921601        745.45413198695769        1320.7165670656582       -7384.9036986954361     
   481.16223807627659        34857.122789261935       -599.18045039944400        733.84973615163335        1253.4739318713355       -4658.4132775886437     
   481.16223807698555        45950.637003700365       -566.72169698582047        710.16564719687517        1169.6803938258849       -2869.9786906633199     
   481.16223807729637        60574.736871126523       -533.65361935456156        678.85749540182803        1077.8188100540888       -1726.0815425328331     
   481.16223807665295        79853.055066537010       -501.88882280336986        643.88721480943946        984.72302871133490       -1010.4455823094578     
   481.16223807669888        105266.82793578831       -472.89872695341307        608.32628407095217        895.59090982225257       -574.04405638268383     
   481.16223807657758        138768.70527277581       -447.76331904491474        574.91664962644165        814.73755224561910       -314.67416767164707     
   481.16223807673384        182932.78082664413       -426.85664585198714        547.44774864805447        746.32573521534823       -158.11503238140352     
   481.16223807659935        241152.37102751856       -408.18284356325836        536.60315981932263        696.82124514976726       -34.233213660790454     
   481.16223807658787        317900.73812587361       -378.81857708731695        592.28690043294000        690.14439940444458        188.51845067259592     
   481.16223807595946        419074.79022594128       -277.23904329034463        879.92692722516540        768.59102803752103        808.12801825335146     
   481.16223807479952        552448.16617312806        103.47564893463571        1960.1416987734740        1078.9148445663307        2494.7177382460100     
   481.16223807338423        728268.51775871369        1524.8066680397076        5422.4704855526425        1687.7791909358755        6832.0325155478658     
   481.16223807384608        960044.88101483218        6342.8340228118532        16329.772616130060        2946.1921177556442        17457.968137453907     
   481.16223807433437        1265585.6337156708        21786.489342184072        48806.331520376727        4521.4395663656505        42136.800544282611     
   481.16223807481072        1668366.7898675154        63371.215039438073        124822.84499091803       -2636.6761826309667        87676.495181832244     
   481.16223807479298        2199335.7631264925        80132.965731425080        131006.88338167763       -29900.425213886760        78178.306268350119     
   481.16223807300707        2899289.1900788355        36934.496737996647        684811.57890280883        610379.19982595753        131003.96466746577     
   481.16223807407044        3822007.5118536195        3835596.6143189236        51705034.461893328        44033343.598549210        7869706.0077426638     
   481.16223807413706        5038387.1573149394        143827875.35827848        1432160987.1513453        1144506120.6566360        175466522.93310431     
   481.16223807378935        6641887.8215816813        11130242321.778320        83872490842.657379        61611962033.400772        8347922886.3240871     
   481.16223807378952        8755713.3775357939        26257260793.692791        144061990087.83563        91518412438.447510        11983411439.512468     
   481.16223807379129        11542278.160805082        24646568620.914711        515485703552.62115        441773625699.78290        25308499527.494919     
   481.16223807379140        15215685.963773761        877586080868.16370        898154026120.36780       -1734340356516.5718        131793611219.24484     
   481.16223807379140        20058180.553502906        806594758835.32617        57178001619.357910       -2362312882108.1729        73456416722.309326     
   481.16223807379140        26441831.677836291        2472829988532.2314        17783221798763.719        10365052471566.969        491252933082.95386     
   481.16223807379140        34857122.789081968        10762936251477.650        12349556684758.217       -19938899352179.844        724017949865.15063     
   481.16223807379140        45950637.003395423        11400776406759.588       -30274277865190.297       -64476221749775.656        127782194221.30322     
   481.16223807379140        60574736.870685421        6203325992753.1562       -18129364279962.484       -36738918355096.422        39581330925.868027     
   605.74736870684160        79.853055066060335       -789.29903013505736        789.29985993408388        1578.5971061627570       -5440300.3928442802     
   605.74736870681704        105.26682793514564       -791.41562012384168        791.41675557600854        1582.8299980717752       -4137951.7518615117     
   605.74736870693573        138.76870527199080       -793.62507798536296        793.62662156290367        1587.2487424721826       -3147716.6426871531     
   605.74736870703055        182.93278082557856       -795.93130821417674        795.93339599318040        1591.8606880675216       -2394721.0866068001     
   605.74736870715219        241.15237102622973       -798.33828202903806        798.34109398541977        1596.6738290156939       -1822069.9654150780     
   605.74736870720460        317.90073812420979       -800.85050195606300        800.85427529026958        1601.6971588540182       -1386525.5089444134     
   605.74736870728123        419.07479022434842       -803.47321902462102        803.47826532183535        1606.9413462779728       -1055226.5729290729     
   605.74736870725360        552.44816617233494       -806.21228989028407        806.21901712167880        1612.4175739236548       -803194.68027344090     
   605.74736870743754        728.26851776003161       -809.07397077846770        809.08291138482332        1618.1385889490002       -611442.92394419108     
   605.74736870747267        960.04488101570405       -812.06483792211691        812.07668448830498        1624.1169257597685       -465536.11074334354     
   605.74736870755271        1265.5856337157034       -815.19181994466624        815.20746951180945        1630.3662544288147       -354499.66775892518     
   605.74736870758818        1668.3667898660049       -818.46229417584630        818.48271175728394        1636.9007277815113       -269988.98871965846     
   605.74736870736967        2199.3357631237891       -821.88506312190464        821.89937494506103        1643.7264613286277       -205662.41101498523     
   605.74736870729043        2899.2891900856548       -825.49127662338913        825.27792754022107        1650.7207101106860       -156744.85413927678     
   605.74736870730999        3822.0075118542873       -829.43065439855548        828.32628156868975        1657.8922015262233       -119638.10868249623     
   605.74736870744300        5038.3871573162278       -833.80192439810514        832.14611688949856        1666.5002990781913       -91344.154538237024     
   605.74736870731738        6641.8878215868017       -838.44478617861398        837.31191319349966        1676.8004771907949       -69669.407070915797     
   605.74736870718004        8755.7133775405546       -842.76601925046873        846.30909896125604        1690.1871686064019       -52802.082710231050     
   605.74736870696620        11542.278160807244       -844.76276219538011        863.94014851708209        1707.7697875693584       -39231.666426761549     
   605.74736870720039        15215.685963782489       -840.55554490307452        891.77598350901667        1724.0361109902960       -28066.103285534860     
   605.74736870763070        20058.180553528655       -825.83020378692697        922.34614142370594        1723.8941107550040       -19079.675357009852     
   605.74736870785932        26441.831677880222       -798.44264459052158        942.01671109950507        1690.5176061420329       -12291.183398384575     
   605.74736870790150        34857.122789142311       -759.66828770124562        940.71056666519917        1617.1103028865571       -7534.2142001859283     
   605.74736870825177        45950.637003501535       -713.11971022263697        917.44734488995925        1509.7997093823601       -4401.6093008442876     
   605.74736870903916        60574.736870904017       -662.83753788971262        875.46034551307514        1378.8486099187342       -2447.6638727575810     
   605.74736871008770        79853.055066488712       -612.16522433726686        828.49532475226158        1243.1005353602507       -1216.6745786422534     
   605.74736871050129        105266.82793578645       -563.60586934153378        775.15653324603591        1104.5818806911038       -505.07611342708537     
   605.74736871045377        138768.70527279744       -519.03811968315495        721.85539840461274        972.22377154935157       -107.70035042360348     
   605.74736871051425        182932.78082663150       -479.69994319937052        672.69704932347827        851.79980506088236        100.20207381685850     
   605.74736871097559        241152.37102775296       -445.30942119924981        634.87539835979635        749.48724903653465        214.58345103427092     
   605.74736871105722        317900.73812623305       -409.88732130484561        633.32577684170701        678.04489236343693        348.32910214267719     
   605.74736871116670        419074.79022703815       -340.44051082334920        789.80138947995806        693.16285941281865        776.44503792344142     
   605.74736871112827        552448.16617587081       -92.216031763688292        1422.9583826445191        824.01481057238698        2055.8477764431873     
   605.74736871130187        728268.51776468020        826.38287464956943        3966.4924215888632        1521.2573671509110        5834.5478660431554     
   605.74736871168670        960044.88102238602        4157.2303283606097        11907.968240775830        2789.1015123898933        15364.318126129845     
   605.74736870729191        1265585.6337151623        15300.581164333067        36797.952926401362        5378.4771088722446        38600.071109426914     
   605.74736870722040        1668366.7898649967        50515.548762125210        109567.32767437359        7704.2957876224536        91727.305568758486     
   605.74736870537106        2199335.7631165385        132853.76798949880        253597.87360015087       -12924.935797279177        173136.45916410908     
   605.74736870570018        2899289.1900780499        127532.69888310594        204167.08309383894       -51563.312926388026        117849.26977444973     
   605.74736870632557        3822007.5118480832        140484.40539517344        2445050.8289603647        2163530.8593843253        450320.52258649556     
   605.74736870669824        5038387.1573100425        11649225.759437069        149228170.42503756        125929314.55407538        21886893.476813551     
   605.74736871278333        6641887.8216467453        431221657.95356089        4097817758.5056038        3235375801.5086832        484522919.16221535     
   605.74736871278924        8755713.3776216414        30399043033.220791        217690336316.00900        156891988842.86429        20986732357.728100     
   605.74736871278799        11542278.160918185        18789947253.694347        99255942283.196533        61496893821.282364        7995686216.1515799     
   605.74736871278560        15215685.963922799        135110209522.88815        2628074307928.7529        2223111821661.6616        124653006557.12425     
   605.74736871278617        20058180.553699389        1815942215333.4678       -886772250985.81775       -6334170566415.5215        177536642641.11478     
   605.74736871278617        26441831.678095315        1694453265644.3271        3041385601253.0039       -2041502704411.0742        214293675072.84824     
   605.74736871278640        34857122.789423436        6675797578568.3105        46037905688218.305        26011027270249.492        1232284066913.1785     
   605.74736871278640        45950637.003845565        23998476090197.930        23619762447390.188       -48375102786985.031        1490082129017.2026     
   605.74736871278628        60574736.871278815        21006923727633.035       -60497626561712.594       -123517778905462.78        177707343530.78619     
   762.59075560004635        79.853055066851255       -987.98934827430094        987.99014604450997        1975.9778056305995       -8573021.8280723859     
   762.59075560014401        105.26682793620601       -990.41598464521064        990.41708430978474        1980.8310407744493       -6519270.7243578229     
   762.59075560016743        138.76870527336573       -992.94903592618039        992.95053873344295        1985.8967748425630       -4958014.6519726403     
   762.59075560024860        182.93278082738192       -995.59343068853991        995.59547160615330        1991.1849078776995       -3771048.3041983880     
   762.59075560026986        241.15237102856528       -998.35384751249433        998.35660557173162        1996.7051002757648       -2868558.0460118013     
   762.59075560025951        317.90073812725683       -1001.2349671125858        1001.2386788456452        2002.4667417578185       -2182297.9122261181     
   762.59075560039616        419.07479022838726       -1004.2420800324865        1004.2470568158718        2008.4791336011854       -1660406.8484142795     
   762.59075560049791        552.44816617775814       -1007.3814359864238        1007.3880863078418        2014.7563512867423       -1263478.6426812769     
   762.59075560052167        728.26851776698220       -1010.6600980728530        1010.6689559711078        2021.3110937091276       -961559.15675254387     
   762.59075560061240        960.04488102492530       -1014.0856661196127        1014.0974273108843        2028.1591372754995       -731882.96078901319     
   762.59075560071528        1265.5856337278631       -1017.6661578822182        1017.6817253587982        2035.3155769334367       -557143.44968121813     
   762.59075560090014        1668.3667898823412       -1021.4100512904433        1021.4305889782378        2042.7970948866466       -424184.50104418839     
   762.59075560103145        2199.3357631464964       -1025.3264506309188        1025.3527726113480        2050.6214623419610       -323004.23697708378     
   762.59075560090378        2899.2891901154831       -1029.4278500966998        1029.4263794985188        2058.7802361251752       -246007.40198680651     
   762.59075560062286        3822.0075118920759       -1033.7791978204139        1033.2665206959418        2067.0156922992119       -187514.54067576415     
   762.59075560037115        5038.3871573632750       -1038.6230945470554        1036.8125921031337        2075.7469758942170       -143153.85760470992     
   762.59075560029282        6641.8878216495186       -1044.0028658860995        1041.6698278768420        2086.6153881256841       -109280.40923896711     
   762.59075560028930        8755.7133776251721       -1049.6349220658715        1048.6804694657094        2099.9304657094999       -83276.515988349187     
   762.59075560005658        11542.278160919346       -1054.3845994294197        1062.5185734826150        2118.3157384702022       -62844.206868657704     
   762.59075559943437        15215.685963911970       -1054.7283550363452        1090.3834113640635        2142.5974858130794       -46129.714532772392     
   762.59075559955397        20058.180553688246       -1044.4685422610676        1132.5908049368443        2162.0412697565716       -32211.854982377361     
   762.59075559961127        26441.831678082606       -1017.4739817884139        1175.1730725675327        2152.2730603561304       -21056.733359367252     
   762.59075560036524        34857.122789441135       -971.58775805956316        1197.1943144822635        2089.8504403782545       -12808.898175772152     
   762.59075560043016        45950.637003872813       -909.78654001044981        1186.1066056773245        1969.0612658760706       -7220.6807634119477     
   762.59075560062001        60574.736871329813       -837.88751527466400        1143.7012709167739        1802.5911886422068       -3686.9836095805636     
   762.59075560095005        79853.055066946356       -761.64553615807506        1079.8947526168058        1609.6536511010268       -1557.6014853241641     
   762.59075560107317        105266.82793633487       -685.44780780755877        1004.7631073533146        1406.3029679389151       -329.85235494547896     
   762.59075560154110        138768.70527361645       -612.43816631762911        925.50860826249664        1203.5364683623998        332.18892224393517     
   762.59075560181634        182932.78082775892       -544.91011446689538        847.55233833110140        1009.6064994698352        647.79992283380682     
   762.59075560186739        241152.37102907163       -484.02495464772164        777.40475220125188        832.33545516524987        769.91529326243199     
   762.59075560230451        317900.73812811082       -427.55332506342626        729.73250314325833        681.47821349834464        830.05389471603553     
   762.59075560230565        419074.79022943834       -359.58174411851223        764.02474330252198        584.59592066725622        1032.6363397876498     
   762.59075560168299        552448.16617861879       -198.27206368160526        1171.6001124889492        669.44831117444994        1973.3890972313959     
   762.59075560178314        728268.51776818978        384.17825503592110        2472.8242316612996        801.10246204985913        4582.1982492897469     
   762.59075560140855        960044.88102593110        2556.9873987528813        8453.7365923618217        2427.7508857828575        13095.349089993619     
   762.59075560062524        1265585.6337277177        10244.043343461202        26487.442516063809        5075.8300561027572        33855.749089322097     
   762.59075560071551        1668366.7898819423        35689.191478496286        82642.896149735054        10328.690679868188        84121.794660716492     
   762.59075559924099        2199335.7631413392        114597.14769177344        242643.87207061861        12506.560748226111        196374.13783680700     
   762.59075559818268        2899289.1901051449        256235.13757460008        474221.71167475497       -39112.129750235094        314812.57718408154     
   762.59075559826022        3822007.5118802437        208390.33861480118        341559.26389609941       -75830.906847829756        185399.67333432572     
   762.59075559887253        5038387.1573533844        508826.49548613100        8392950.8525186088        7374871.5172366295        1487350.3906287618     
   762.59075559222549        6641887.8215792654        34384090.009593189        418526242.88318360        349757994.65470618        59175230.020293280     
   762.59075559233452        8755713.3775338549        1380957447.3237684        12547655371.843639        9785749800.2250366        1431713660.3350031     
   762.59075559214887        11542278.160799669        70782615531.602844        481168645734.37384        339601929939.41290        44969328176.810219     
   762.59075559214898        15215685.963766623        7615823124.9452877        55685436166.433037        39372880752.303787        3915434668.1852145     
   762.59075559215046        20058180.553493533        668830688840.23792        11310798937332.564        9304904455185.7188        524746057260.95728     
   762.59075559215069        26441831.677823950        3564502891022.9160       -6712687781847.8438       -17405504773630.512        189409742167.68402     
   762.59075559215080        34857122.789065704        3789083971494.2520        3897210364552.5244       -7469284477893.9463        394106241611.00739     
   762.59075559215091        45950637.003373981        17875222860574.047        109775502190237.83        56150654669193.203        2927102888274.2139     
   762.59075559215114        60574736.870657176        51040346130297.992       -75676211125948.438       -228796363273717.00        1441373022995.7207     
   960.04488101432355        79.853055066028546       -1237.2831535255596        1237.2839131391613        2474.5655556576735       -13516089.885474788     
   960.04488101432526        105.26682793510818       -1240.0656596009042        1240.0667176331840        2480.1303624372354       -10276053.648551699     
   960.04488101437482        138.76870527192139       -1242.9696585239979        1242.9711144822188        2485.9376633550737       -7813429.1133671971     
   960.04488101453489        182.93278082548895       -1246.0012092693917        1246.0031965106998        2492.0003981324389       -5941541.0225049304     
   960.04488101457753        241.15237102607387       -1249.1662823117074        1249.1689783621237        2498.3298066761881       -4518560.7001862116     
   960.04488101464926        317.90073812400055       -1252.4704988707679        1252.4741389127585        2504.9378742149202       -3436739.1172129842     
   960.04488101467780        419.07479022403203       -1255.9193825661896        1255.9242769013510        2511.8339832987808       -2614203.2463846887     
   960.04488101464415        552.44816617192373       -1259.5191413879365        1259.5256978935433        2519.0321872977047       -1988752.3998762155     
   960.04488101473032        728.26851775933369       -1263.2772071071802        1263.2859599373387        2526.5456298860458       -1513115.6215578967     
   960.04488101477443        960.04488101477239       -1267.2021084359083        1267.2137544714540        2534.3921917587750       -1151373.3602988177     
   960.04488101483275        1265.5856337143850       -1271.3031074214207        1271.3185522249978        2542.5903527197593       -876224.51971282787     
   960.04488101522588        1668.3667898648525       -1275.5900264348179        1275.6104416673550        2551.1586697686571       -666917.37065966136     
   960.04488101541335        2199.3357631234931       -1280.0733055429573        1280.1001848430678        2560.1167338432751       -507677.99901812238     
   960.04488101562458        2899.2891900862815       -1284.7643323812363        1284.7972624198112        2569.4857374084741       -386516.79690309538     
   960.04488101573304        3822.0075118554209       -1289.6831872348148        1289.6267995314079        2579.2181931853434       -294344.42924685014     
   960.04488101574952        5038.3871573167035       -1294.9655467241887        1293.8594699361863        2588.8566688084347       -224419.02719357042     
   960.04488101569382        6641.8878215884215       -1300.9616705257829        1298.1540045021263        2599.7406208345083       -171350.62176927793     
   960.04488101559332        8755.7133775437560       -1307.5996086965959        1304.3919357962520        2613.5532020043975       -130781.24874971533     
   960.04488101558809        11542.278160815478       -1314.3838941232000        1314.3512981991835        2631.1886564648776       -99523.758105545916     
   960.04488101537174        15215.685963784030       -1319.1674242851554        1336.2993197654682        2657.1085989108533       -74641.195686542429     
   960.04488101521201        20058.180553513106       -1315.9012055223664        1380.4513129010393        2690.8405159988188       -53898.396831729289     
   960.04488101485470        26441.831677839898       -1294.9459818845751        1443.6536034257579        2712.5347558425055       -36461.188539748262     
   960.04488101417371        34857.122789061992       -1247.9747585515008        1501.1475121568708        2684.0518208827989       -22629.817792915663     
   960.04488101426523        45950.637003373471       -1173.5434195613693        1522.0969496135203        2574.4201251544673       -12694.761440512397     
   960.04488101447828        60574.736870669927       -1077.5558478534160        1492.6358718354222        2382.2493914233128       -6232.4589663454481     
   960.04488101471077        79853.055066061250       -968.93875961546439        1420.3121252424980        2130.7324451540153       -2333.9502285894559     
   960.04488101492450        105266.82793517450       -855.50029229722361        1321.5789569205238        1847.6681117299358       -108.86718879826549     
   960.04488101512459        138768.70527203055       -742.69401951025179        1210.3432455856969        1553.2447571521479        1079.8212855614643     
   960.04488101552658        182932.78082567887       -634.28144609070250        1095.4901315663178        1260.2019642937862        1635.0272816042616     
   960.04488101683751        241152.37102664277       -532.88719283311980        984.16628333521635        978.64732413793195        1816.5380738680162     
   960.04488101871323        317900.73812534782       -438.94365883073044        887.58272474557964        719.56996702646074        1815.8940617839612     
   960.04488101840059        419074.79022565903       -345.15963722282135        837.39728384215255        499.77662162710908        1830.4193086743767     
   960.04488101966786        552448.16617481690       -211.44510836801345        976.99485045386155        382.70828351294864        2268.7534135025771     
   960.04488101942161        728268.51776289544        160.87534601339809        1985.1944051269679        650.41268166580699        4427.8680929796137     
   960.04488102114408        960044.88102114585        1482.9811308807680        5103.0331797100680        1122.5136787061379        10202.801881230918     
   960.04488102161054        1265585.6337233244        6556.2470232884816        18495.721052823796        4363.0117836214113        28744.979875698860     
   960.04488102182358        1668366.7898763234        24079.802105821705        59074.770949417223        9887.7827846647124        73568.264811254150     
   960.04488102194762        2199335.7631384688        81541.358891794560        184417.15031875210        20302.978169335125        181187.45662061760     
   960.04488102176094        2899289.1901048208        254308.70597764238        527340.72871578671        17706.923550051055        412163.86703089369     
   960.04488102181813        3822007.5118796555        445620.52314798161        798489.07270422019       -93543.717873281799        516100.08981054591     
   960.04488102201867        5038387.1573496163        374419.17018696194        679693.32086816989       -69548.085249560128        330576.42024448741     
   960.04488102004086        6641887.8216185076        1769737.4810332574        27739443.847167201        24199891.165139839        4730244.6233212966     
   960.04488101956338        8755713.3775799796        99021899.335948870        1145176406.2498260        947133741.71582794        156154339.05731255     
   960.04488101960624        11542278.160863804        4702308965.6893806        40870122472.700867        31465533262.101513        4501403212.3722210     
   960.04488101960567        15215685.963851148        148369923904.05640        956950032961.15918        660201636128.42493        86762629668.302567     
   960.04488101960749        20058180.553604957        8191352006.2370157        170904011554.64474        147757266907.74872        9578679638.1001606     
   960.04488101960408        26441831.677970737        2770304565448.6968        34182203673922.539        25872262357399.855        1615809747947.1858     
   960.04488101960430        34857122.789259203        6820095616523.2285       -12753532644011.105       -33212704502496.422        348580617449.28430     
   960.04488101960430        45950637.003629066        9016073706108.0625        43812023478507.234        16765017868331.199        1617189916512.9939     
   960.04488101960453        60574736.870993443        46779637862629.406        211643311057000.75        71305724016233.781        6116683455981.4297     
   1208.6248971784717        79.853055066466794       -1550.1568775867054        1550.1575902184975        3100.3127977507593       -21318554.750807572     
   1208.6248971784462        105.26682793568349       -1553.3481504911626        1553.3491590218857        3106.6957090556907       -16205067.420186950     
   1208.6248971784473        138.76870527267278       -1556.6779446674968        1556.6793460759986        3113.3551543296589       -12319144.270716934     
   1208.6248971784798        182.93278082645389       -1560.1533107532284        1560.1552361188851        3120.3047965275409       -9365876.7537553851     
   1208.6248971785337        241.15237102734594       -1563.7815862515399        1563.7842109178628        3127.5601834789218       -7121254.8630523439     
   1208.6248971784664        317.90073812563600       -1567.5700174738458        1567.5735744918561        3135.1367852649955       -5415103.6426026048     
   1208.6248971784257        419.07479022616144       -1571.5253788761518        1571.5301765012887        3143.0459882474461       -4118130.3700674823     
   1208.6248971784619        552.44816617476670       -1575.6542019667797        1575.6606462087470        3151.3019072459383       -3132118.5064380271     
   1208.6248971785453        728.26851776306626       -1579.9637643983090        1579.9723878682896        3159.9189784014852       -2382443.4044095161     
   1208.6248971783755        960.04488101951415       -1584.4628975462590        1584.4743960753001        3168.9143623717387       -1812404.4311851449     
   1208.6248971784007        1265.5856337205853       -1589.1619166669107        1589.1771954014239        3178.3085644711164       -1378916.6022925987     
   1208.6248971785376        1668.3667898725319       -1594.0721542129863        1594.0923850476627        3188.1227109732667       -1049236.3033568084     
   1208.6248971788475        2199.3357631337508       -1599.2057141666617        1599.2324062595189        3198.3828532274733       -798480.18140953570     
   1208.6248971789528        2899.2891900994182       -1604.5755552707817        1604.6105777134783        3209.1116101478051       -607732.36211357650     
   1208.6248971789801        3822.0075118723935       -1610.1962552352099        1610.2343648520721        3220.3320987961415       -462619.27237222256     
   1208.6248971789046        5038.3871573386768       -1616.1051453414993        1615.8922597124333        3231.8917883259992       -352279.18840948644     
   1208.6248971791249        6641.8878216189823       -1622.5745222941282        1620.4079851199808        3243.1676522814878       -268704.33256685972     
   1208.6248971788539        8755.7133775829989       -1630.0395787846051        1625.8496514347282        3257.0475829403531       -205170.75283835243     
   1208.6248971783800        11542.278160862745       -1638.2511384825993        1633.9805182847106        3274.7663142338079       -156558.61258188228     
   1208.6248971786270        15215.685963852877       -1646.3085545439660        1648.8394976205127        3298.8157429826820       -118884.90005872329     
   1208.6248971783575        20058.180553602731       -1650.2354092473354        1684.3036127011981        3336.1945728302680       -88387.941835026257     
   1208.6248971783398        26441.831677967504       -1639.9133008136355        1753.8670003172040        3382.9977838935829       -62452.363549871319     
   1208.6248971782991        34857.122789253764       -1600.7980228203744        1846.7240571294385        3404.1139421614666       -40538.781267022074     
   1208.6248971767811        45950.637003564174       -1522.2403146743395        1921.0542213111078        3341.8941619450770       -23467.019618239254     
   1208.6248971770528        60574.736870921501       -1404.9048371810977        1933.7309747437284        3158.2562832572344       -11648.408627850147     
   1208.6248971765756        79853.055066342014       -1259.3494274550067        1872.7301116956576        2861.7752192736530       -4317.9868174617168     
   1208.6248971763728        105266.82793550355       -1098.5527112053464        1755.9359967485871        2491.1193240597386       -121.93165156040686     
   1208.6248971763109        138768.70527242828       -932.48013727376019        1608.6737703940305        2083.9351918948587        2128.2958902486139     
   1208.6248971765706        182932.78082616595       -767.45934244814691        1448.7119474170067        1663.5198751373377        3211.4562689460217     
   1208.6248971769976        241152.37102704070       -607.74113065839128        1286.1962577470813        1243.5370887090253        3594.5957954615646     
   1208.6248971780242        317900.73812552134       -455.99961097339411        1130.9915261239744        836.55161839593006        3583.3849706913788     
   1208.6248971787072        419074.79022626107       -310.30543189615577        1004.2271825978985        458.97585911289008        3430.1192688669853     
   1208.6248971803032        552448.16617561085       -150.95068116994850        977.00907472159179        142.78057055918902        3465.5376691038773     
   1208.6248971796401        728268.51776372921        120.18513067317120        1395.6543435378592        39.027326211997448        4561.3748931888049     
   1208.6248971802356        960044.88102099556        976.42978622732585        3788.5318400474735        730.96996703583341        9496.2371429852701     
   1208.6248971813257        1265585.6337236529        4051.4732660834275        12407.616627949985        3205.4734137093542        23703.261292936964     
   1208.6248971801042        1668366.7898747004        15629.543649703797        40889.766943170500        8534.4472635048896        62242.151233285374     
   1208.6248971791622        2199335.7631343305        55174.672310850052        131453.09035114048        20013.647698324196        158204.14763986500     
   1208.6248971801995        2899289.1901024175        183659.46911225200        408370.54009787540        39980.496866432717        386337.03833443520     
   1208.6248971790378        3822007.5118725868        548077.92496542307        1113695.7965618689        16546.235311944503        840745.53538720787     
   1208.6248971812884        5038387.1573486263        704567.42361480359        1219563.5602501570       -190062.25371297018        768813.85661562672     
   1208.6248971824743        6641887.8216374042        757798.28350129246        1656668.5578964371        141157.84957680630        689938.37554901524     
   1208.6248971794739        8755713.3775875084        5932698.0255284309        88418817.909590587        76554124.822872937        14512261.614198241     
   1208.6248971767977        11542278.160847655        280436776.08812267        3081639591.3322692        2520771939.4294457        405416263.94726515     
   1208.6248971768002        15215685.963829903        16384308579.782721        136045002196.03546        103276422252.92899        14473655043.276909     
   1208.6248971767957        20058180.553576831        248111263628.91138        1516904245495.4192        1020631335324.6228        133536330523.67189     
   1208.6248971767895        26441831.677933611        43266134506.719009        908072708385.77515        779668356540.15906        48817463867.765388     
   1208.6248971767909        34857122.789210305        9122645714107.7676        64551683205135.219        37185333627957.547        3416743894223.6558     
   1208.6248971767911        45950637.003564611        13053712269620.232       -27293072706155.227       -66452408504966.391        561342233654.99146     
   1208.6248971767914        60574736.870908462        22496708414466.098        115952802138301.17        48464648206132.516        3985948855921.9912     
   1521.5685963829487        79.853055066354457       -1942.9278287155867        1942.9284808746656        3885.8535160765514       -33638659.377177544     
   1521.5685963829526        105.26682793553790       -1946.5887485974320        1946.5896964117421        3893.1760043920167       -25565613.966724046     
   1521.5685963830574        138.76870527249025       -1950.4076493249902        1950.4089858857897        3900.8136292782656       -19431538.617803019     
   1521.5685963830999        182.93278082621347       -1954.3924835629659        1954.3943366849412        3908.7829451761850       -14770434.285196416     
   1521.5685963832468        241.15237102704157       -1958.5517622829532        1958.5543042426941        3917.1005034351747       -11228351.390360499     
   1521.5685963834339        317.90073812529158       -1962.8943800303198        1962.8978408085575        3925.7858223364738       -8536453.2955240719     
   1521.5685963834071        419.07479022571408       -1967.4291483419693        1967.4338330267231        3934.8540710296265       -6490509.5272668498     
   1521.5685963834119        552.44816617416211       -1972.1642608785148        1972.1705721863268        3944.3215367196713       -4935389.3784659309     
   1521.5685963834637        728.26851776224396       -1977.1074635921182        1977.1159307114872        3954.2060867256059       -3753247.6571931769     
   1521.5685963834567        960.04488101856043       -1982.2672867276947        1982.2786019187254        3964.5226968693050       -2854547.0115415789     
   1521.5685963835340        1265.5856337193659       -1987.6542215472414        1987.6692861217186        3975.2937757698737       -2171268.4002976185     
   1521.5685963836427        1668.3667898708545       -1993.2807712768335        1993.3007526572694        3986.5400886800194       -1651723.9011543524     
   1521.5685963838619        2199.3357631312924       -1999.1608686938362        1999.1872701314055        3998.2930383112753       -1256643.9808316715     
   1521.5685963839517        2899.2891900960963       -2005.3095370905035        2005.3442804538342        4010.5806315840550       -956180.94115758396     
   1521.5685963839385        3822.0075118678947       -2011.7430218125101        2011.7882957897914        4023.4330879479994       -727651.34359266108     
   1521.5685963844071        5038.3871573346123       -2018.4807989071767        2018.5153097184857        4036.8683897510500       -553823.99090862146     
   1521.5685963843621        6641.8878216122184       -2025.6010054586845        2024.9896516915501        4050.4927939521231       -421754.72653559875     
   1521.5685963842559        8755.7133775754337       -2033.6136561680969        2029.7305698104299        4063.8527382777984       -321863.18618667772     
   1521.5685963842800        11542.278160857481       -2042.9519307422142        2036.8464522441488        4081.8404962240384       -245753.39252941904     
   1521.5685963854498        15215.685963854530       -2053.1328779865530        2047.7247204625328        4104.9105372158210       -187461.05083281614     
   1521.5685963855456        20058.180553610640       -2062.4540195529949        2070.8887213022231        4138.7570817021824       -141889.96586909675     
   1521.5685963854610        26441.831677976847       -2063.7462744847894        2128.5753728824020        4193.5623478729594       -104238.73248317743     
   1521.5685963857356        34857.122789273548       -2040.5450004519064        2236.8018463642115        4257.9189431834557       -71596.136024284802     
   1521.5685963857782        45950.637003649259       -1971.6561417090672        2369.8134931322825        4272.1646809255235       -44052.327347915772     
   1521.5685963850110        60574.736870989494       -1844.5756700828408        2460.2655102213607        4152.4943085419027       -23157.204352803587     
   1521.5685963850513        79853.055066465284       -1664.4279073949322        2451.7927080151030        3856.8581815672223       -9323.5586677703886     
   1521.5685963847670        105266.82793566409       -1448.5891200543701        2340.6075187338834        3412.4926003578339       -1184.0898364490877     
   1521.5685963846695        138768.70527263815       -1214.7735839640955        2161.1397397152609        2878.7794745324973        3226.9741135992062     
   1521.5685963855854        182932.78082651336       -974.71918557526601        1949.3771730966953        2302.6955647954892        5436.6194851520613     
   1521.5685963874741        241152.37102771291       -735.12703451576135        1725.7585740351824        1707.9215418499143        6352.7223769395614     
   1521.5685963872609        317900.73812609282       -500.47889871147413        1500.8888019967089        1107.8972457020802        6497.3574589725176     
   1521.5685963879325        419074.79022696259       -272.76296018403815        1289.9376644730598        519.24459928547708        6235.6581166326469     
   1521.5685963890558        552448.16617621412       -43.767785895340303        1135.9002362659478       -31.499915995424026        5929.4612326765418     
   1521.5685963914839        728268.51776608615        235.82086284706097        1202.5650217343580       -477.71316634779407        6195.0198375151749     
   1521.5685963936264        960044.88102498127        802.23453251852482        2323.2795813029265       -456.05837973703967        8956.0430830817568     
   1521.5685963936646        1265585.6337277975        2762.1569793023104        7788.1718792362644        1113.6553268335342        19975.553804425930     
   1521.5685963939659        1668366.7898821800        9831.8835841466680        27242.215785741475        6448.6971220875785        51043.019047064125     
   1521.5685963947178        2199335.7631469923        35994.654006284407        90586.688307409000        17491.296592264924        133521.64368240238     
   1521.5685963933593        2899289.1901140320        124486.78674648353        291224.66386074916        41183.728840430267        337401.10605971247     
   1521.5685963941983        3822007.5118936780        409085.71795813320        896732.81365993689        77568.171580982977        816172.08693521889     
   1521.5685963898495        5038387.1573526487        1127469.7587818939        2243138.6197917676       -12555.788161420962        1636870.8778568401     
   1521.5685963903866        6641887.8216385320        1065958.6391127759        1779053.6375171633       -352655.56842606305        1095477.2990009775     
   1521.5685963875999        8755713.3775946964        1656013.6954543989        4654889.2483049473        1343965.8318292068        1619505.5672841342     
   1521.5685963862361        11542278.160872342        19212382.177242864        272253827.39561743        233831383.10637069        43024962.107871503     
   1521.5685963852441        15215685.963852502        791397566.84569633       -3847568972995.3726       -3849151740064.3491       -384533942020.71259     
   1521.5685963852568        20058180.553606875        55174474012.596313        436801650323.54218        326452437636.37671        44930843221.523239     
   1521.5685963852675        26441831.677973539        311585419257.49542        1806346794066.0750        1182870411171.2874        154482243454.97110     
   1521.5685963852659        34857122.789262861        260988060033.34274        6330505130928.9658        5549775788242.5967        318694984393.87994     
   1521.5685963852691        45950637.003633976        24286134915074.082        86458587236519.781        13602783286983.715        5859134709430.4609     
   1521.5685963852691        60574736.870999895        25369966316888.020       -46799097277882.656       -122906101576499.28        1198754982586.3503     
   1915.5413717772249        79.853055066468926       -2436.1164568400736        2436.1170265585251        4872.2307361031753       -53098253.847879380     
   1915.5413717772499        105.26682793568989       -2440.3169967251415        2440.3178668951950        4880.6335216897114       -40348614.915596552     
   1915.5413717772890        138.76870527268392       -2444.6978601321966        2444.6991173029583        4889.3943149648485       -30662479.366684753     
   1915.5413717772735        182.93278082646216       -2449.2679404103560        2449.2697074841744        4898.5342689487516       -23303338.797226381     
   1915.5413717773222        241.15237102735225       -2454.0368136193702        2454.0392585345226        4908.0701949240420       -17711785.845142525     
   1915.5413717773349        317.90073812566413       -2459.0147601469357        2459.0181086044058        4918.0260923963160       -13463007.362805797     
   1915.5413717772999        419.07479022620498       -2464.2125736679263        2464.2171262413867        4928.4200201000804       -10234305.472160092     
   1915.5413717772315        552.44816617478784       -2469.6409920162046        2469.6471464678539        4939.2735983381390       -7780596.1228282368     
   1915.5413717773515        728.26851776308956       -2475.3099646897499        2475.3182446204910        4950.6112828210626       -5915722.8189930702     
   1915.5413717772562        960.04488101963182       -2481.2287165266239        2481.2398077200733        4962.4453366444050       -4498248.0367687698     
   1915.5413717772519        1265.5856337207113       -2487.4072545049476        2487.4220504712798        4974.7989168493423       -3420751.6345216921     
   1915.5413717773472        1668.3667898725917       -2493.8580470555362        2493.8777052789010        4987.6948221023868       -2601618.6019201116     
   1915.5413717773847        2199.3357631333088       -2500.5962942744945        2500.6223043645041        5001.1658410737691       -1978847.1244157208     
   1915.5413717776453        2899.2891900989780       -2507.6392288333805        2507.6734929499594        5015.2418423031659       -1505320.7351650076     
   1915.5413717776930        3822.0075118718214       -2515.0056615917979        2515.0505827696115        5029.9579559361964       -1145239.3246558420     
   1915.5413717778890        5038.3871573387523       -2522.7162182142920        2522.7738532947301        5045.3639412106004       -871402.01538733393     
   1915.5413717779518        6641.8878216180901       -2530.7990054459160        2530.7988215330538        5061.4354476575572       -663151.29181632481     
   1915.5413717780889        8755.7133775844140       -2539.4276118916300        2537.8942630376168        5077.2863798033959       -505127.57596311625     
   1915.5413717779984        11542.278160868587       -2549.4746864952931        2543.0273250923174        5093.6325383967114       -385684.83777139237     
   1915.5413717785027        15215.685963861479       -2561.2088560807333        2552.4359241315792        5117.1267136585739       -294475.87078487210     
   1915.5413717789040        20058.180553622744       -2573.8448197938451        2567.5697301566174        5147.8279934352986       -224495.08095739063     
   1915.5413717792369        26441.831677998864       -2584.1235958115308        2604.8598061886360        5196.9207613353101       -169117.03652898141     
   1915.5413717797469        34857.122789305562       -2579.4922848693091        2698.3660780602836        5278.0232417104762       -122275.97896823082     
   1915.5413717795284        45950.637003684940       -2533.9386923943139        2863.6799307468546        5364.9726849356475       -80997.139716776379     
   1915.5413717798463        60574.736871077126       -2417.8056185331179        3048.2661663940480        5360.2283560201668       -46492.976686147493     
   1915.5413717795545        79853.055066566536       -2218.2944573484206        3149.0345620968833        5147.3255653251781       -21228.453331995894     
   1915.5413717815143        105266.82793592488       -1948.5070893131438        3099.0141683321772        4687.9922754943636       -5336.6720836027707     
   1915.5413717813417        138768.70527297838       -1634.9165216128990        2913.5176735665091        4039.9528521907419        3521.3377676822420     
   1915.5413717814633        182932.78082686340       -1299.8897010599690        2650.6897221146978        3287.1672274222465        8088.8911615666684     
   1915.5413717673011        241152.37102609206       -955.75522366635312        2357.1153940489357        2481.9976167156151        10230.070243370823     
   1915.5413717679114        317900.73812410200       -608.72961074980969        2052.7536369014865        1643.5985654387914        10941.222763728772     
   1915.5413717682741        419074.79022423254       -263.09862484991049        1747.9281013831053        784.27147509871736        10789.239436754297     
   1915.5413717676665        552448.16617203213        81.662371498874208        1469.6790911468390       -71.456073825688563        10234.457643002497     
   1915.5413717688148        728268.51775984745        449.27278936081387        1310.1838719665766       -877.07279383700279        9855.2068127571547     
   1915.5413717710871        960044.88101654442        958.62660424961462        1653.7334139473555       -1482.3769908930453        10897.919224153688     
   1915.5413717712750        1265585.6337167679        2172.6434012211830        4485.2919446749656       -1023.0628176177270        17652.585245631879     
   1915.5413717725617        1668366.7898684307        6626.1986346707827        16469.730688394677        2102.9707010635475        41505.624569882799     
   1915.5413717711067        2199335.7631261093        22738.793015104009        60286.828524681143        13746.479835482354        109143.27066224659     
   1915.5413717694639        2899289.1900866055        81384.059440785000        200328.42416485507        36566.935161823058        284435.13583185663     
   1915.5413717704503        3822007.5118573830        278007.54384141008        641910.63579487591        85013.009414727450        714657.32226347062     
   1915.5413717686315        5038387.1573144179        901904.64899037534        1950459.8078061454        145963.55488859990        1707801.3410797878     
   1915.5413717693070        6641887.8215881344        2151435.1323513375        4183727.9352477086       -119200.21151674492        2954665.0047992817     
   1915.5413717688116        8755713.3775420282        1673484.5931092736        2695652.7692619134       -649725.62505083974        1620874.0186432814     
   1915.5413717634344        11542278.160780858        594371.89542378765        10758328.814520970        9572684.1519281641        2062867.2206046968     
   1915.5413717647100        15215685.963751951        60215839.512419380        811197097.97749364        690771052.05345631        123479788.42850502     
   1915.5413717648594        20058180.553475719        2272934658.7110119        22631463266.762718        18085714764.426033        2772812722.2276545     
   1915.5413717648660        26441831.677800544        170512202429.30493        1284709730971.2698        943682867820.37329        127894369945.21162     
   1915.5413717648671        34857122.789034873        269215808726.42773        1502294005129.6223        962029318387.36816        124330793096.98511     
   1915.5413717648653        45950637.003333285        1544340721283.3655        32532372892844.145        27902961298891.383        1595904998140.3657     
   1915.5413717648671        60574736.870603561        55359507524042.523        56678281118878.914       -109395993561364.91        8314778120239.4619     
   2411.5237102579458        79.853055065956852       -3055.5314012763251        3055.5318501174042        6111.0625903598284       -83843496.728949711     
   2411.5237102579854        105.26682793501521       -3060.3519598732782        3060.3527252609174        6120.7027018863027       -63702103.058155403     
   2411.5237102578817        138.76870527178573       -3065.3785157264751        3065.3796718163917        6130.7543631603758       -48402320.439655297     
   2411.5237102577162        182.93278082526706       -3070.6210318736357        3070.6226935466307        6141.2402506175331       -36779707.027066469     
   2411.5237102576361        241.15237102576262       -3076.0902014676640        3076.0925302759142        6152.1765352274888       -27949923.592033278     
   2411.5237102576639        317.90073812357019       -3081.7975621340547        3081.8007778030810        6163.5911062253908       -21241509.913145114     
   2411.5237102576843        419.07479022345581       -3087.7555419702380        3087.7599388421590        6175.5064234252277       -16144468.452968651     
   2411.5237102583383        552.44816617133313       -3093.9772557048436        3093.9832245808352        6187.9501810691836       -12271496.968020864     
   2411.5237102583442        728.26851775849161       -3100.4758189178424        3100.4838752596793        6200.9419557341698       -9328405.5204846766     
   2411.5237102584792        960.04488101367212       -3107.2633676401674        3107.2741873513105        6214.5130529018261       -7091788.4420175077     
   2411.5237102584792        1265.5856337128575       -3114.3509494640193        3114.3654136007049        6228.6883031807201       -5391929.6012628758     
   2411.5237102584010        1668.3667898621018       -3121.7503329892907        3121.7695826362515        6243.4788300083337       -4099890.8894855143     
   2411.5237102585088        2199.3357631195354       -3129.4763589851796        3129.5018610636880        6258.9251453357701       -3117763.7985862587     
   2411.5237102585379        2899.2891900804616       -3137.5475821006844        3137.5812056669906        6275.0606890014978       -2371147.4844327578     
   2411.5237102585261        3822.0075118472987       -3145.9854755848842        3146.0295757892582        6291.9219034031121       -1803515.7918489978     
   2411.5237102589135        5038.3871573067190       -3154.8138469406831        3154.8713355993455        6309.5621188184559       -1371926.6181714686     
   2411.5237102589599        6641.8878215757713       -3164.0593336712700        3164.1303045760669        6328.0314052626136       -1043746.3594304561     
   2411.5237102590690        8755.7133775283946       -3173.7677524880819        3173.6389060067404        6347.2110663318217       -794237.84811188735     
   2411.5237102590559        11542.278160795226       -3184.3256123571605        3180.8608623360947        6365.3550561316515       -605261.40552220319     
   2411.5237102590781        15215.685963760905       -3197.0702716776991        3186.9745646174833        6386.2921646879040       -462323.33582924854     
   2411.5237102589927        20058.180553485243       -3211.8911464785556        3199.4036575477894        6417.1020641532232       -353003.59525406058     
   2411.5237102595147        26441.831677818733       -3227.5533182590175        3221.4842817751783        6459.1177077010398       -268847.20166083967     
   2411.5237102598812        34857.122789064124       -3237.8950575161775        3282.5913929312546        6532.1271740786706       -201177.54971875990     
   2411.5237102600308        45950.637003374752       -3221.5928527798110        3432.4362135398151        6652.3541482464925       -142476.92824552709     
   2411.5237102602960        60574.736870664827       -3138.8317181911075        3679.1778178470695        6766.6518399674660       -90171.188423184445     
   2411.5237102607966        79853.055066051747       -2950.0561719872526        3925.7105852210748        6721.6244269359377       -47255.353807412786     
   2411.5237102605520        105266.82793512791       -2645.4328200182044        4022.8933971439028        6363.9144113943421       -17173.271255422991     
   2411.5237102607716        138768.70527195290       -2250.6786725584216        3902.4381123254734        5673.3689888551398        741.24639332866354     
   2411.5237102601141        182932.78082545006       -1803.0277705279095        3614.7462583895772        4752.0851395775317        10260.102383035295     
   2411.5237102598917        241152.37102598959       -1327.9267545914379        3064.6191707034873        3524.7924293174237        13185.692604043341     
   2411.5237102591323        317900.73812376556       -836.00546573614417        2855.5938133265622        2590.0868375743703        17150.176793154606     
   2411.5237102588808        419074.79022366588       -331.82809702395582        2451.2485566061205        1405.1167110956976        17665.764889129434     
   2411.5237102595106        552448.16617160453        181.26530461626754        2045.7744558403590        165.12606850087872        17180.551675217863     
   2411.5237102607020        728268.51775920729        710.80334097839693        1693.8987748827940       -1089.0982189027368        16335.999185001980     
   2411.5237102612577        960044.88101478270        1317.4647643187752        1599.3616364740549       -2270.0162901545955        16158.028018128311     
   2411.5237102619212        1265585.6337146696        2282.5941139752263        2668.0928976091586       -3026.7255967109809        19293.025001178623     
   2411.5237102625738        1668366.7898649953        4937.1911291043325        9580.3062367042749       -1330.9138232092973        35314.512546193931     
   2411.5237102636365        2199335.7631242205        14951.070012576871        34648.819348424346        3804.2256051501645        85115.197706528837     
   2411.5237102641008        2899289.1900871601        51441.489280654023        133507.73942060181        29797.757976220739        232213.90085330693     
   2411.5237102660753        3822007.5118592763        182029.90145440819        441562.39681166352        76841.370772576891        602555.75684185466     
   2411.5237102675846        5038387.1573248506        616275.94675919064        1407625.0678202896        174674.06475663278        1504904.3668516679     
   2411.5237102658930        6641887.8215948865        1964401.0188080673        4189658.8392820791        260906.68935571378        3530507.8609817168     
   2411.5237102646638        8755713.3775487300        3697912.0391726727        7012649.8138321405       -381628.47107653785        4800397.1081099194     
   2411.5237102485321        11542278.160744881        2936785.0989363133        4598989.0806675721       -1270400.1433971073        2688680.4255154282     
   2411.5237102472106        15215685.963686055        2227638.5588407344        38454299.365881868        34005898.464906067        7088253.5840699784     
   2411.5237102462011        20058180.553378884        183017542.81318933        2343344974.9309764        1977322688.8519652        343720075.76245648     
   2411.5237102459992        26441831.677670583        6811481260.7517242        64726388034.524185        51103588054.198654        7653325575.7077713     
   2411.5237102459969        34857122.788863473        467613971192.92853        3348554794283.7695        2413312020827.3730        322909002796.24438     
   2411.5237102459855        45950637.003107160        157106740248.75220        989206851732.85791        663689666452.97095        75681880664.206116     
   2411.5237102459855        60574736.870305426        8507501320023.3389        165832379534387.97        140315725708236.16        7863605903776.8945     
   3035.9284799728107        79.853055065560497       -3833.6349643632898        3833.6352187861589        7667.2701833611882       -132432177.82176158     
   3035.9284799728721        105.26682793449312       -3839.1679258270628        3839.1685398756053        7678.3349667166312       -100605021.44831146     
   3035.9284799729107        138.76870527110520       -3844.9363739180544        3844.9373946820815        7689.8723138985642       -76431373.068915769     
   3035.9284799729339        182.93278082438385       -3850.9515191847236        3850.9530468971416        7701.9048842768843       -58069848.477042377     
   3035.9284799729971        241.15237102461145       -3857.2253311870663        3857.2275172943919        7714.4492568965306       -44122197.093730986     
   3035.9284799729289        317.90073812204179       -3863.7706749497324        3863.7737305705668        7727.5377291074155       -33526869.878751718     
   3035.9284799729098        419.07479022143474       -3870.6014624779582        3870.6056733660880        7741.1991019318029       -25477677.169652533     
   3035.9284799728512        552.44816616850858       -3877.7327336285489        3877.7384810810536        7755.4621855837977       -19362389.329062250     
   3035.9284799727552        728.26851775474324       -3885.1804465884284        3885.1882348206832        7770.3533172791240       -14716052.012887629     
   3035.9284799726420        960.04488100864103       -3892.9606631179040        3892.9711540878620        7785.9137870130162       -11185605.832980070     
   3035.9284799726033        1265.5856337062094       -3901.0882616520253        3901.1023184198311        7802.1666512975507       -8502843.4962044116     
   3035.9284799728093        1668.3667898535050       -3909.5765690701473        3909.5953086169879        7819.1391657471340       -6464078.0816360060     
   3035.9284799726788        2199.3357631080098       -3918.4394911351969        3918.4643468247359        7836.8558086176745       -4914593.3082471536     
   3035.9284799728907        2899.2891900654349       -3927.6947504296368        3927.7275427622253        7855.3574809850015       -3736881.8478358579     
   3035.9284799730854        3822.0075118277537       -3937.3651261083942        3937.4081372956457        7874.6833776649792       -2841668.0863080570     
   3035.9284799731809        5038.3871572803027       -3947.4776268533965        3947.5336689623182        7894.8952242299483       -2161140.0749634118     
   3035.9284799733255        6641.8878215411378       -3958.0627799757394        3958.1351748851862        7916.0422908881956       -1643764.7049017183     
   3035.9284799735656        8755.7133774830327       -3969.1558485540568        3969.2363249672630        7938.1892719847547       -1250400.2576635315     
   3035.9284799735938        11542.278160735599       -3980.8435974804379        3980.3263065149154        7960.9598238304006       -951474.38381471171     
   3035.9284799734828        15215.685963681601       -3993.9532435762376        3986.8544785393369        7981.4853075592382       -725617.93294709502     
   3035.9284799736365        20058.180553382430       -4010.2742948783157        3995.0620542050565        8009.5225031035316       -554392.59243541153     
   3035.9284799739030        26441.831677679806       -4029.1149507524351        4011.5026610741247        8050.1675307657106       -423350.44517488690     
   3035.9284799744628        34857.122788882094       -4048.4275147406465        4045.2736603871535        8109.5058740012546       -321908.21558566979     
   3035.9284799749298        45950.637003139011       -4056.8675734266485        4145.8565295403905        8220.0052624455293       -238699.84767439670     
   3035.9284799761263        60574.736870371278       -4019.3176996836028        4381.8699296243349        8397.2648241466486       -164686.12358913003     
   3035.9284799763059        79853.055065652923       -3876.8764608057836        4740.3249210106233        8541.7294885380288       -98491.402504684782     
   3035.9284799759371        105266.82793460003       -3579.7679356144508        5054.9590291079630        8421.6423989077302       -45678.686503483739     
   3035.9284799761444        138768.70527125386       -3126.6392907745594        5123.7586569533933        7848.1542459105913       -10464.587418670475     
   3035.9284799753723        182932.78082453192       -2561.0072976667375        4896.6762599855483        6841.7248260074375        9432.3746131370899     
   3035.9284799755583        241152.37102481630       -1930.6678475219626        4479.5565771646679        5561.6309347567849        19710.908283684508     
   3035.9284799757979        317900.73812234408       -1260.1728525085880        3993.0416465229491        4131.3213657658498        24898.804625576715     
   3035.9284799734273        419074.79022150859       -554.88224848076845        3486.9271511134516        2578.0725172290358        27223.213178870439     
   3035.9284799527632        552448.16616485605        183.67029121631936        2960.8082266773217        888.60069901209704        27627.235420020334     
   3035.9284799526890        728268.51774993353        954.69596206439451        2431.5746979322203       -920.94355879958198        26814.874934012452     
   3035.9284799581751        960044.88100407086        1783.6517635918988        2018.1689257113292       -2776.5165831385129        25799.047615199546     
   3035.9284799588663        1265585.6337004886        2817.6320735163290        2178.6432123726245       -4503.2834352023783        26549.368865030912     
   3035.9284799568723        1668366.7898447539        4715.7973960268082        5059.7248570722222       -5258.3371142079995        34848.618619685258     
   3035.9284799596726        2199335.7630985966        10604.140609875496        21506.653018800345       -429.52637490161942        71838.643650211336     
   3035.9284799604243        2899289.1900535407        32806.496772263999        70893.278513387151        4735.0388719411712        171532.91701488095     
   3035.9284799617426        3822007.5118134874        115101.52793982110        294962.69613115245        64458.244379934622        492091.09938026272     
   3035.9284799649467        5038387.1572666541        404296.34136757388        969722.79170839372        161189.45825585112        1270600.6731822621     
   3035.9284799637767        6641887.8215202671        1358242.8225716378        3071329.2928534038        355466.01293070125        3152662.8693033624     
   3035.9284799613970        8755713.3774479646        4198354.0243513305        8821916.8036983162        426811.51761399396        7159522.5069035180     
   3035.9284799598595        11542278.160683410        5717501.8229980562        10545001.505966796       -885211.75582599454        7009210.4629792692     
   3035.9284799639054        15215685.963633634        5824603.4722920451        9010711.3049240746       -2629561.1030320320        5070346.7851742702     
   3035.9284799652050        20058180.553326767        8031411.1392248571        132091400.15533468        116042441.22719063        23415589.764938828     
   3035.9284799990874        26441831.677899193        540825171.38466287        6580137097.9542150        5498518352.4911356        930434802.20062912     
   3035.9284799964571        34857122.789134681        21690618360.111309        197060050597.29901        153679433828.51212        22486275660.383965     
   3035.9284799964666        45950637.003465027        1119415096109.1868        7611528423589.6660        5372607218138.2559        711580879430.92712     
   3035.9284799964712        60574736.870777272        121661656855.12619        1884256567622.7517        1572732445077.1692        114720541063.04300     
   3822.0075118572545        79.853055066184083       -4811.2615600704885        4811.2614610963237        9622.5257406964301       -209238702.49108377     
   3822.0075118572609        105.26682793531320       -4817.6130999804955        4817.6134758721510        9635.2245625943124       -158933151.69529754     
   3822.0075118572340        138.76870527218355       -4824.2339756871961        4824.2348035356199        9648.4738850371432       -120728981.25287220     
   3822.0075118572813        182.93278082580628       -4831.1368578504744        4831.1382071799308        9662.2749940708836       -91713231.492400125     
   3822.0075118572672        241.15237102648064       -4838.3352088755000        4838.3372133929879        9676.6729781633421       -69675260.487926558     
   3822.0075118572781        317.90073812451391       -4845.8434176815545        4845.8462753153044        9691.6822904550318       -52936012.827470072     
   3822.0075118573200        419.07479022470085       -4853.6769739736164        4853.6809583635122        9707.3557967661036       -40221020.119719565     
   3822.0075118573959        552.44816617283573       -4861.8526692407095        4861.8581487502779        9723.6960370001761       -30562067.490385070     
   3822.0075118573232        728.26851776045680       -4870.3887271736940        4870.3961908376850        9740.7701329700940       -23224392.899627715     
   3822.0075118574136        960.04488101623156       -4879.3046007954108        4879.3146916251744        9758.6062994607237       -17649750.932254709     
   3822.0075118574646        1265.5856337162486       -4888.6200190751169        4888.6335754275169        9777.2244607868379       -13414211.937252449     
   3822.0075118576387        1668.3667898667018       -4898.3533276150156        4898.3714330517514        9796.6862466826096       -10195950.595444350     
   3822.0075118575310        2199.3357631254394       -4908.5207517149656        4908.5447928854492        9817.0225318446628       -7750456.4468388893     
   3822.0075118576124        2899.2891900882710       -4919.1388504962870        4919.1705805344582        9838.2531111406497       -5892014.6965749832     
   3822.0075118574050        3822.0075118574050       -4930.2289126494534        4930.2705137133662        9860.4169178560151       -4479593.2184792124     
   3822.0075118573568        5038.3871573191691       -4941.8191293412374        4941.8732608433920        9883.5856593391163       -3406081.4281488769     
   3822.0075118576997        6641.8878215926516       -4953.9438711397097        4954.0136774735311        9907.8114067098049       -2590086.8686360065     
   3822.0075118578861        8755.7133775506773       -4966.6429082182249        4966.7316736786543        9933.1857167555172       -1969793.3823880751     
   3822.0075118576979        11542.278160824095       -4979.9647781644617        4980.0348799180774        9959.7592588627085       -1498239.9500113167     
   3822.0075118579084        15215.685963799660       -4994.0968411007016        4992.5257784418382        9986.4644803894807       -1140187.6807951697     
   3822.0075118576633        20058.180553535756       -5010.6937750551442        4997.4574216219999        10009.943031904619       -870354.68571308360     
   3822.0075118575633        26441.831677878912       -5031.7522862982196        5009.2912838481107        10048.486852313012       -665072.88628379267     
   3822.0075118581913        34857.122789143883       -5055.8924531081775        5031.3476967747292        10102.799506499188       -507951.49233876693     
   3822.0075118578220        45950.637003472599       -5079.4503841719043        5084.9824485332065        10189.238528522790       -385298.14054483105     
   3822.0075118583118        60574.736870794906       -5082.2036138634994        5249.5479140480702        10357.987377755535       -282308.70221989683     
   3822.0075118589584        79853.055066220186       -5008.1098656314598        5613.4049085550905        10616.353092583769       -188603.66551549378     
   3822.0075118592722        105266.82793536925       -4773.1663196118025        6118.6695817025275        10789.104753181160       -105225.55979615866     
   3822.0075118601189        138768.70527228914       -4319.1702891300556        6499.2531735797511        10540.683032711577       -41094.345593360886     
   3822.0075118603895        182932.78082595617       -3661.2221123691552        6502.8396085753911        9658.4336615528773       -535.31627291710174     
   3822.0075118605318        241152.37102668808       -2864.9631983121285        6130.6554896584530        8233.8645655020337        21470.105895592282     
   3822.0075118594268        317900.73812469456       -1984.8534001758617        5565.6445397848802        6489.2577642352207        32961.000735541333     
   3822.0075118582026        419074.79022480012       -1037.1904644095298        4954.3554162268629        4540.2262515127768        39156.742957950337     
   3822.0075118572981        552448.16617282480       -17.150676604477333        4324.2739419891213        2366.4241800060895        42105.297634428614     
   3822.0075118562199        728268.51776025048        1078.1756674556391        3651.2205694404001       -75.117000216222550        42589.311894910679     
   3822.0075118555123        960044.88101575908        2254.6518321385338        2976.6023258881742       -2750.2778281844485        41541.768185067689     
   3822.0075118538552        1265585.6337150596        3581.8200804027779        2565.7700250589110       -5518.4023804824719        40748.341535331812     
   3822.0075118538175        1668366.7898650416        5406.5377484004921        3459.4898799237881       -8011.8188334468132        44188.797130832128     
   3822.0075118553514        2199335.7631241949        9265.6746631977549        10756.434916642167       -8179.2698705324547        64693.999599294752     
   3822.0075118556028        2899289.1900867582        22446.263509457553        49016.634320260462        3999.6610443507525        148127.68255484541     
   3822.0075118551272        3822007.5118551417        70804.335831425167        163119.96499941748        21740.417692456787        362385.03954193345     
   3822.0075118556115        5038387.1573168859        255981.29251761007        649488.03690995509        138251.13939590851        1039244.7883120847     
   3822.0075118631039        6641887.8216020651        893485.39360925171        2122051.4333031392        336548.28047089896        2668826.9607237848     
   3822.0075118703012        8755713.3775791470        2978577.9977379786        6668067.9268196719        713527.54878389835        6572661.8732221285     
   3822.0075118731470        11542278.160870783        8666391.6666222438        17915713.414767630        587638.84965158999        14015744.245426269     
   3822.0075118766308        15215685.963874232        8371745.6918890160        14971855.239788162       -1760767.3442111667        9682634.1051242016     
   3822.0075118786472        20058180.553645931        12208315.542418985        19234016.324641436       -5165065.2068560254        10215536.753069587     
   3822.0075118804284        26441831.678037152        27899045.719221722        436811459.73808682        381040011.71603262        74495907.237173542     
   3822.0075118823229        34857122.789364025        1560661728.2521808        18039714335.043255        14918489733.637857        2460103665.5511432     
   3822.0075118823706        45950637.003767803        72724384510.307587        631863087297.35742        486415702550.67456        69603779211.316681     
   3822.0075118819368        60574736.871169411        2480640024791.2842        16011235977707.723        11049420385772.031        1452109400501.6416     
   4811.6223807763490        79.853055066699369       -6039.7804466752305        6039.7795808067449        12079.561478588395       -330677099.80806249     
   4811.6223807763108        105.26682793599146       -6047.0726194207273        6047.0725759583520        12094.147478494997       -251147087.93803933     
   4811.6223807762844        138.76870527307787       -6054.6729533453254        6054.6734836679025        12109.344814634342       -190753856.35152817     
   4811.6223807763263        182.93278082698455       -6062.5958282961337        6062.5969260158290        12125.200618766303       -144891159.70783743     
   4811.6223807762362        241.15237102803025       -6070.8564538490391        6070.8582171198523        12141.704919702370       -110060611.89912854     
   4811.6223807762008        317.90073812655356       -6079.4710064699420        6079.4736110276272        12158.946215222291       -83608127.371683463     
   4811.6223807762117        419.07479022738596       -6088.4567961058137        6088.4604976088121        12176.905773329681       -63516844.109454930     
   4811.6223807761353        552.44816617635570       -6097.8324915835992        6097.8376404959590        12195.663764829369       -48256678.743111528     
   4811.6223807762135        728.26851776512274       -6107.6183848930550        6107.6254498322687        12215.222538931532       -36665078.734849937     
   4811.6223807761653        960.04488102234995       -6117.8365938845400        6117.8461925670199        12235.665769757732       -27859845.930858843     
   4811.6223807763354        1265.5856337243420       -6128.5108850461766        6128.5238227841064        12257.013799205255       -21170702.363110863     
   4811.6223807764200        1668.3667898773247       -6139.6655770111984        6139.6828925295868        12279.320076813001       -16088818.601399953     
   4811.6223807764891        2199.3357631395365       -6151.3234402397247        6151.3464573815272        12302.629331278660       -12227754.367266094     
   4811.6223807764391        2899.2891901067624       -6163.5044553190955        6163.5348368007353        12326.979942996069       -9294027.8979911078     
   4811.6223807763945        3822.0075118819536       -6176.2285764654662        6176.2683710486126        12352.417537532858       -7064761.2938290266     
   4811.6223807763245        5038.3871573515198       -6189.5216236669812        6189.5732894802786        12378.990017363778       -5370670.7671191385     
   4811.6223807764518        6641.8878216348794       -6203.4188750966678        6203.4852468300669        12406.765546902603       -4083185.2808592902     
   4811.6223807765964        8755.7133776061801       -6217.9647172738460        6218.0488571108217        12435.835698588042       -3104646.4954744247     
   4811.6223807767410        11542.278160898177       -6233.2119707035545        6233.3157075473264        12466.302630257342       -2360864.4718591641     
   4811.6223807762835        15215.685963895034       -6249.2318697558258        6249.2223470003355        12498.175134503355       -1795522.1540033736     
   4811.6223807763918        20058.180553663227       -6266.4605518808658        6262.2711311832218        12528.811655264779       -1366879.0061972060     
   4811.6223807764454        26441.831678047933       -6287.9318247100346        6265.2454360191559        12557.165183185700       -1044445.9055799468     
   4811.6223807758770        34857.122789356843       -6315.2925465447061        6282.3604499639596        12610.528489709188       -798253.97326704150     
   4811.6223807759025        45950.637003758020       -6346.5037555628996        6312.8617281580800        12684.614411476246       -609758.73412807321     
   4811.6223807758633        60574.736871162924       -6374.7129380821152        6400.0668293692670        12813.923159752419       -460901.89373170183     
   4811.6223807765973        79853.055066703979       -6365.0644693249596        6665.7311704241238        13071.991072377483       -332624.70200231468     
   4811.6223807771676        105266.82793601089       -6230.9313768666852        7213.2804166699389        13442.434809392314       -213807.20164558460     
   4811.6223807779124        138768.70527312567       -5857.1466891442869        7902.6558953752483        13632.866176756452       -109606.31505749476     
   4811.6223807790711        182932.78082709006       -5182.1046250778491        8334.7290003225226        13179.415347735401       -32861.511760095003     
   4811.6223807793358        241152.37102818710       -4247.1815859335302        8227.0211655829989        11872.848064184956        13311.677689314762     
   4811.6223807816314        317900.73812691425       -3141.0535840317880        7679.9456637669246        9910.6244101319262        38021.418699148024     
   4811.6223807805936        419074.79022777017       -1914.8018082851909        6970.4007020701702        7567.3497573248187        51818.450221496416     
   4811.6223807806327        552448.16617687524       -564.71403855785888        6249.2550697459465        4906.2915000483763        60138.174064682637     
   4811.6223807824963        728268.51776607777        930.27595766496484        5491.4419314029710        1821.3316568272442        64460.280410722204     
   4811.6223807811148        960044.88102334260        2579.0874074608173        4642.4251543698847       -1764.7143150217325        65370.735993181028     
   4811.6223807806500        1265585.6337254834        4405.1594723569497        3815.6984842545853       -5769.1375302296537        64365.481107912216     
   4811.6223807799552        1668366.7898785586        6583.6782161655874        3605.7478581009882       -9919.7886840909196        64830.209714571181     
   4811.6223807783717        2199335.7631404069        9920.1280953921669        6397.0167119165653       -13406.594066185871        75064.599273691420     
   4811.6223807784463        2899289.1901079845        17990.431513547657        24294.798512356116       -11229.452934526336        123744.37773953134     
   4811.6223807786055        3822007.5118837254        47624.812681294999        111251.22782659967        16965.210632044582        307865.77547627868     
   4811.6223807817196        5038387.1573571889        156618.89930318008        417480.95034435380        105887.60754997304        818639.62839836976     
   4811.6223807837268        6641887.8216449460        567096.24748516339        1425247.7213983894        293679.69684738945        2188169.3072517836     
   4811.6223807906144        8755713.3776317183        1966984.0913827934        4628447.4436294828        698567.81329495111        5586754.2893341640     
   4811.6223807937376        11542278.160938984        6498944.1883978564        14397399.045726387        1405844.5359668136        13631972.988008210     
   4811.6223807961751        15215685.963957980        16779887.353743386        34066778.468237504        517856.40991736203        25718852.916026384     
   4811.6223807974065        20058180.553750880        12742904.348892450        22031202.942933343       -3432842.3748310916        13891961.665360779     
   4811.6223807978004        26441831.678165343        25757500.147278380        43598939.944707423       -7883020.8447496854        21132941.836090408     
   4811.6223807988326        34857122.789523214        93513404.581227079        1392993987.8745792        1206016774.6747267        228646765.34161571     
   4811.6223808005634        45950637.003993616        4433005389.3342028        48662400080.380165        39796771399.868912        6403304113.4218044     
   4811.6223807983770        60574736.871446438        245887065971.23663        2040461997545.1414        1548687661709.2869        217149523800.63431     
   6057.4736871448258        79.853055067067615       -7583.8176412350313        7583.8145204610164        15167.626996247591       -522721758.02521551     
   6057.4736871448058        105.26682793647741       -7592.1908371686932        7592.1899269295063        15184.378848919408       -396962844.63620698     
   6057.4736871447749        138.76870527371852       -7600.9166473608402        7600.9166694498945        15201.841288050327       -301473553.09306365     
   6057.4736871448240        182.93278082782899       -7610.0114998523468        7610.0122164815220        15220.027234626174       -228964559.15628654     
   6057.4736871447412        241.15237102914469       -7619.4926478007810        7619.4940734067040        15238.976931396814       -173903451.76135680     
   6057.4736871446830        317.90073812802189       -7629.3783609407465        7629.3806289500026        15258.754241821893       -132090485.44165501     
   6057.4736871447558        419.07479022932569       -7639.6880896671355        7639.6914267963539        15279.360519692313       -100336081.08642158     
   6057.4736871448677        552.44816617893161       -7650.4426802495036        7650.4474111773152        15300.884921342265       -76219969.725927979     
   6057.4736871449695        728.26851776851890       -7661.6646603182780        7661.6712258705238        15323.327353181845       -57903530.149458289     
   6057.4736871450423        960.04488102684832       -7673.3785929628084        7673.3875771862149        15346.739806362335       -43991358.110279806     
   6057.4736871449204        1265.5856337302018       -7685.6113796195486        7685.6235441492181        15371.217572011203       -33424081.308411561     
   6057.4736871448358        1668.3667898849965       -7698.3921377138731        7698.4084621092652        15396.767248110631       -25396854.427472964     
   6057.4736871448549        2199.3357631496256       -7711.7509720426215        7711.7726973877370        15423.478318137622       -19298870.494189981     
   6057.4736871449531        2899.2891901201397       -7725.7163626567017        7725.7450327890256        15451.406849737616       -14666170.013621882     
   6057.4736871446366        3822.0075118994237       -7740.3132587369173        7740.3507478073134        15480.600859772341       -11146421.834724806     
   6057.4736871446439        5038.3871573746292       -7755.5661182833564        7755.6146229234919        15511.089676196199       -8472044.1711816564     
   6057.4736871448404        6641.8878216653829       -7771.5067204820034        7771.5686768737496        15542.955339953973       -6439875.9653237406     
   6057.4736871445002        8755.7133776456376       -7788.1798899871164        7788.2577449209703        15576.265423676094       -4895582.6682692468     
   6057.4736871446139        11542.278160950060       -7805.6440053776569        7805.7397081499512        15611.182400338063       -3721983.7688257787     
   6057.4736871449395        15215.685963965692       -7823.9708887608258        7824.0805682480923        15647.813198888856       -2830023.8517367928     
   6057.4736871451641        20058.180553756665       -7843.2761644002730        7842.9729403464862        15685.986858664837       -2152208.0963340304     
   6057.4736871456307        26441.831678172854       -7864.5909700597276        7854.4722140784907        15719.864249533966       -1639523.4821316977     
   6057.4736871452733        34857.122789523579       -7892.9333698359442        7856.5316243815587        15757.553114778988       -1253899.1085419348     
   6057.4736871451232        45950.637003976444       -7928.7839360944463        7880.4534166409749        15831.124222808188       -958699.23985507188     
   6057.4736871451842        60574.736871451969       -7969.5358906838665        7924.4475873929650        15934.922217675257       -732357.42625206581     
   6057.4736871457408        79853.055067080160       -8002.3448424234493        8067.5574074554625        16132.219732069385       -550917.68468647916     
   6057.4736871466466        105266.82793651005       -7969.0958129572418        8488.7190785646380        16524.873291751490       -390274.63094430359     
   6057.4736871459800        138768.70527374698       -7740.1365240522800        9291.6666199259744        17045.504582735492       -239811.78030807368     
   6057.4736871478744        182932.78082792222       -7164.1634344003160        10200.691013002302        17229.325185459136       -110923.54955884165     
   6057.4736871490613        241152.37102931811       -6185.2943553320501        10655.609412284795        16467.607974706469       -20361.087171139472     
   6057.4736871500199        317900.73812830384       -4880.8435524269562        10391.175442043243        14601.617499271906        32100.063868256882     
   6057.4736871512860        419074.79022978002       -3355.9888454438433        9667.8068574261051        11965.433763937257        61057.480505983200     
   6057.4736871532559        552448.16617970006       -1639.1381093570267        8858.6887590091519        8844.6404764718918        79300.759430156948     
   6057.4736871525974        728268.51776944019        310.56661520497067        8074.3850531433527        5175.0762423324331        91654.755580751284     
   6057.4736871523328        960044.88102800923        2537.2289753901860        7193.8691910190573        714.97909104887276        98542.640526160452     
   6057.4736871508112        1265585.6337314392        5058.6061953067074        6138.6053337280937       -4639.3889144730892        100466.02872971923     
   6057.4736871507030        1668366.7898866208        7944.1754483115037        5206.2206623467355       -10694.302404756096        100202.12005111860     
   6057.4736871507357        2199335.7631517714        11617.439957638144        5725.7176641961632       -16917.753647116097        104433.49774704987     
   6057.4736871524510        2899289.1901237420        17932.985822852836        13201.884467506647       -21450.936873790150        130834.21772603109     
   6057.4736871479845        3822007.5119015523        35205.129191350934        56281.797478657594       -12194.167757190662        243607.18325545313     
   6057.4736871488676        5038387.1573781632        101844.24824887629        248716.37464005494        47892.450252248978        640847.72337121563     
   6057.4736871496380        6641887.8216706691        346445.69352253055        924172.56444912846        235438.56576305052        1729554.3090630041     
   6057.4736871522628        8755713.3776568901        1252748.2959329102        3117854.4933178537        618393.08647596999        4594917.5096910382     
   6057.4736871542191        11542278.160968402        4316553.0443740822        10064847.604704995        1440563.0765091013        11659991.536027066     
   6057.4736871538198        15215685.963988045        14086124.636360953        30857415.637813196        2698216.3552861121        28078416.086228155     
   6057.4736871535597        20058180.553784523        29339245.432177138        58378079.276196271       -277659.55437036976        42585412.013193235     
   6057.4736871604800        26441831.678237736        22033052.744683668        36727193.685546130       -7298007.6649045646        22625197.963896751     
   6057.4736871631558        34857122.789626569        54547967.838367857        106806264.32757354       -2229108.4064967260        45256915.580967590     
   6057.4736871728910        45950637.004187174        302909368.62387842        4291198365.0726137        3685473017.0768533        678175171.13426483     
   6057.4736871723417        60574736.871723659        12514995729.844351       -254368311721973.81       -254393340246372.62       -25433305395145.219     
