  0.12589254117941673        1145.4238945146008        27.982641813448978        272.71700383969232        302.65445161261704        1.6666666666666667     
  0.12589254117941673        1258.5816295658865        78.446357973737989        639.49995129109857        719.89911098669063        1.6666666666666667     
  0.12589254117941673        1382.9183465323026        195.34282569735012        1409.2000760485826        1606.4910607593683        1.6666666666666667     
  0.12589254117941673        1519.5384298079177        447.92443160541126        2882.6330598182158        3332.4956188025858        1.6666666666666667     
  0.12589254117941673        1669.6553671827205        959.05433576491964        5519.1249000114058        6480.0970629084750        1.6666666666666667     
  0.12589254117941673        1834.6025282917387        1931.6596662277448        9854.7346241246869        11788.273489091836        1.6666666666666667     
  0.12589254117941673        2015.8450078794640        1935.7863983409604       -3873.1058968720108       -1935.4404636921938        1.6666666666666667     
  0.12589254117941673        2214.9926390738938        1935.8197149875289       -3873.1560267587847       -1935.4572782550372        1.6666666666666667     
  0.12589254117941673        2433.8142922567858        1935.8546216949687       -3873.2085326676133       -1935.4748788408253        1.6666666666666667     
  0.12589254117941673        2674.2535865356385        1935.8911959732768       -3873.2635310775486       -1935.4933044245079        1.6666666666666667     
  0.12589254117941673        2938.4461533699364        1935.9295189347163       -3873.3211439161823       -1935.5125958271631        1.6666666666666667     
  0.12589254117941673        3228.7386056907535        1935.9696755931325       -3873.3814989730017       -1935.5327958187745        1.6666666666666667     
  0.12589254117941673        3547.7093810013553        1936.0117551169078       -3873.4447302448252       -1935.5539492389642        1.6666666666666667     
  0.12589254117941673        3898.1916435915168        1936.0558508194986       -3873.5109779463182       -1935.5761029903324        1.6666666666666667     
  0.12589254117941673        4283.2984492877567        1936.1020605683368       -3873.5851771960188       -1935.6040943266021        1.6666666666666667     
  0.12589254117941673        4706.4503962579947        1936.1504869004182       -3873.6480996751543       -1935.6185923955052        1.6666666666666667     
  0.12589254117941673        5171.4060074707941        1936.2012373436880       -3873.7345836859440       -1935.6543279764887        1.6666666666666667     
  0.12589254117941673        5682.2951146724481        1936.2544244431949       -3873.8146914949020       -1935.6812507996879        1.6666666666666667     
  0.12589254117941673        6243.6555404053188        1936.3101662807424       -3873.8986366994686       -1935.7094563801368        1.6666666666666667     
  0.12589254117941673        6860.4734038846545        1936.3685865342402       -3873.9744981609865       -1935.7268999092423        1.6666666666666667     
  0.12589254117941673        7538.2274087390351        1936.4298148437679       -3874.0787930816723       -1935.7699689510432        1.6666666666666667     
  0.12589254117941673        8282.9375059872782        1936.4939870824242       -3874.1754039332727       -1935.8024101132494        1.6666666666666667     
  0.12589254117941673        9101.2183644864454        1936.5612457604586       -3874.2766526920414       -1935.8364028657261        1.6666666666666667     
  0.12589254117941673        10000.338123786458        1936.6317400108985       -3874.3827641752659       -1935.8720228970603        1.6666666666666667     
  0.12589254117941673        10988.282951246380        1936.7056263772820       -3874.4939736897550       -1935.9093489801644        1.6666666666666667     
  0.12589254117941673        12073.827976821927        1936.7830687523608       -3874.6105275837840       -1935.9484635728802        1.6666666666666667     
  0.12589254117941673        13266.615235581701        1936.8642390910311       -3874.7326852214892       -1935.9894540982291        1.6666666666666667     
  0.12589254117941673        14577.239310253626        1936.9493175005389       -3874.8607174260906       -1936.0324112731350        1.6666666666666667     
  0.12589254117941673        16017.341434496371        1937.0384927259547       -3874.9949080918250       -1936.0774302566367        1.6666666666666667     
  0.12589254117941673        17599.712892740492        1937.1319627635460       -3875.1355557747661       -1936.1246116138307        1.6666666666666667     
  0.12589254117941673        19338.408635017982        1937.2299350909586       -3875.2829714980271       -1936.1740588992307        1.6666666666666667     
  0.12589254117941673        21248.872115930611        1937.3326270377052       -3875.4374837611022       -1936.2258832939901        1.6666666666666667     
  0.12589254117941673        23348.072466602614        1937.4402664523493       -3875.5994340203029       -1936.2801984107948        1.6666666666666667     
  0.12589254117941673        25654.655218007207        1937.5530923871895       -3875.7691825603251       -1936.3371255013408        1.6666666666666667     
  0.12589254117941673        28189.107914422781        1937.6713552092144       -3875.9471063847186       -1936.3967912008152        1.6666666666666667     
  0.12589254117941673        30973.942088031603        1937.7953173034759       -3876.1335994796200       -1936.4593271218146        1.6666666666666667     
  0.12589254117941673        34033.893210997012        1937.9252537397726       -3876.4367984083065       -1936.6325947762186        1.6666666666666667     
  0.12589254117941673        37396.140401034725        1938.0614530002267       -3876.6468844209157       -1936.7064869378080        1.6666666666666667     
  0.12589254117941673        41090.547831948541        1938.2042173911802       -3876.8670945780377       -1936.7839383722633        1.6666666666666667     
  0.12589254117941673        45149.929993388658        1938.3538635846232       -3877.0979136112228       -1936.8651171581034        1.6666666666666667     
  0.12589254117941673        49610.343155924507        1938.5107238475121       -3877.3398584795696       -1936.9502079923730        1.6666666666666667     
  0.12589254117941673        54511.405630285117        1938.6751461593515       -3877.5934634094474       -1937.0393971387675        1.6666666666666667     
  0.12589254117941673        59896.649665375713        1938.8474955794077       -3877.8592920579968       -1937.1328832142865        1.6666666666666667     
  0.12589254117941673        65813.908110701348        1939.0281544591471       -3878.1379346429931       -1937.2308740958274        1.6666666666666667     
  0.12589254117941673        72315.739277613073        1939.2175238397294       -3878.4300084701863       -1937.3335860635214        1.6666666666666667     
  0.12589254117941673        79459.893773082033        1939.4160240259739       -3878.0779035954356       -1936.7829888832193        1.6666666666666667     
  0.12589254117941673        87309.827452515252        1939.6240954814193       -3878.3670779644517       -1936.8641000631633        1.6666666666666667     
  0.12589254117941673        95935.265047766443        1939.8421999525071       -3878.6701894829980       -1936.9491157706175        1.6666666666666667     
  0.12589254117941673        105412.81947660125        1940.0708215580821       -3878.9879160751234       -1937.0382298395712        1.6666666666666667     
  0.12589254117941673        115826.67233445279        1940.3104675702657       -3880.1156705334242       -1937.9263478037699        1.6666666666666667     
  0.15848931924611134        1145.4238945146008      -0.74737738194066072        43.146912290169823        44.861952746879126        1.6666666666666667     
  0.15848931924611134        1258.5816295658863        6.7371497509432183        112.56629359591503        121.76562506463301        1.6666666666666667     
  0.15848931924611134        1382.9183465323024        27.602400759526272        289.79830101032996        319.86222523345180        1.6666666666666667     
  0.15848931924611134        1519.5384298079173        81.408255694021960        698.01076409190387        781.87884578966771        1.6666666666666667     
  0.15848931924611134        1669.6553671827198        210.12166983514641        1588.2651029648318        1800.8425381698712        1.6666666666666667     
  0.15848931924611134        1834.6025282917383        496.82356766396447        3350.6658327224532        3849.9361209231802        1.6666666666666667     
  0.15848931924611134        2015.8450078794638        1093.8402240375867        6606.0639137502476        7702.3320237228072        1.6666666666666667     
  0.15848931924611134        2214.9926390738929        2260.7725474067720        12208.648520627470        14471.812139743082        1.6666666666666667     
  0.15848931924611134        2433.8142922567854        3069.2672463766035       -6140.3630098401263       -3068.7301980381403        1.6666666666666667     
  0.15848931924611134        2674.2535865356381        3069.3189684460435       -6140.4408455583853       -3068.7563133212775        1.6666666666666667     
  0.15848931924611134        2938.4461533699350        3069.3731579339128       -6140.5223676652440       -3068.7836476524835        1.6666666666666667     
  0.15848931924611134        3228.7386056907526        3069.4299350564961       -6140.6136397611817       -3068.8181444151455        1.6666666666666667     
  0.15848931924611134        3547.7093810013548        3069.4894258136865       -6140.7033671148365       -3068.8483828841890        1.6666666666666667     
  0.15848931924611134        3898.1916435915159        3069.5517621935728       -6140.7909044972594       -3068.8735858513237        1.6666666666666667     
  0.15848931924611134        4283.2984492877549        3069.6170825109839       -6140.8890685813449       -3068.9064316785248        1.6666666666666667     
  0.15848931924611134        4706.4503962579938        3069.6855317377763       -6140.9919136293393       -3068.9408296648171        1.6666666666666667     
  0.15848931924611134        5171.4060074707922        3069.7572617938567       -6141.0922350819201       -3068.9694233254481        1.6666666666666667     
  0.15848931924611134        5682.2951146724472        3069.8324317337961       -6141.2047803944824       -3069.0068010660002        1.6666666666666667     
  0.15848931924611134        6243.6555404053170        3069.9112084093513       -6141.3227065905667       -3069.0459530763651        1.6666666666666667     
  0.15848931924611134        6860.4734038846536        3069.9937667125578       -6141.4462760365459       -3069.0869668207392        1.6666666666666667     
  0.15848931924611134        7538.2274087390324        3070.0802898604202       -6141.5936940618521       -3069.1478644272161        1.6666666666666667     
  0.15848931924611134        8282.9375059872764        3070.1709697805613       -6141.7302467135796       -3069.1937400207694        1.6666666666666667     
  0.15848931924611134        9101.2183644864417        3070.2660077333494       -6141.8733464997404       -3069.2418048502850        1.6666666666666667     
  0.15848931924611134        10000.338123786454        3070.3656146585085       -6142.0026676883144       -3069.2715222560764        1.6666666666666667     
  0.15848931924611134        10988.282951246378        3070.4700115926003       -6142.1372008183407       -3069.3016617449402        1.6666666666666667     
  0.15848931924611134        12073.827976821922        3070.5794302686836       -6142.3451817443365       -3069.4002274471782        1.6666666666666667     
  0.15848931924611134        13266.615235581698        3070.6941134500048       -6142.5178024658171       -3069.4581686037786        1.6666666666666667     
  0.15848931924611134        14577.239310253613        3070.8143157839777       -6142.6488939275150       -3069.4690615269838        1.6666666666666667     
  0.15848931924611134        16017.341434496349        3070.9403037720244       -6142.8883305864038       -3069.5825141709238        1.6666666666666667     
  0.15848931924611134        17599.712892740470        3071.0723572865272       -6143.0323222436109       -3069.5944564752217        1.6666666666666667     
  0.15848931924611134        19338.408635017953        3071.2107692320001       -6143.2379749056472       -3069.6617015577649        1.6666666666666667     
  0.15848931924611134        21248.872115930586        3071.3558468053079       -6143.3933837027189       -3069.6720373681392        1.6666666666666667     
  0.15848931924611134        23348.072466602585        3071.5079120156615       -6143.7424688576411       -3069.8690621087931        1.6666666666666667     
  0.15848931924611134        25654.655218007170        3071.6673024230681       -6143.9822947595976       -3069.9495026277059        1.6666666666666667     
  0.15848931924611134        28189.107914422744        3071.8343716458762       -6144.2336669464812       -3070.0338108601914        1.6666666666666667     
  0.15848931924611134        30973.942088031567        3072.0094903759673       -6144.4971411302258       -3070.1221718416036        1.6666666666666667     
  0.15848931924611134        34033.893210996968        3072.1930475254385       -6144.6211283227822       -3070.0626076765511        1.6666666666666667     
  0.15848931924611134        37396.140401034674        3072.3854502183358       -6145.0627652534395       -3070.3118479886484        1.6666666666666667     
  0.15848931924611134        41090.547831948497        3072.5871256043501       -6145.5333676822647       -3070.5807813889000        1.6666666666666667     
  0.15848931924611134        45149.929993388607        3072.7985212672602       -6145.8594472404147       -3070.6954719520422        1.6666666666666667     
  0.15848931924611134        49610.343155924435        3073.0201063047084       -6145.8338359465861       -3070.4482826086642        1.6666666666666667     
  0.15848931924611134        54511.405630285051        3073.2523724467483       -6146.1743880321319       -3070.5565758856301        1.6666666666666667     
  0.15848931924611134        59896.649665375633        3073.4958350894212       -6146.5313482026522       -3070.6700810829757        1.6666666666666667     
  0.15848931924611134        65813.908110701261        3073.7510348676615       -6147.3286512969426       -3071.2121924589746        1.6666666666666667     
  0.15848931924611134        72315.739277612971        3074.0185378251913       -6147.7412478052793       -3071.3572944493221        1.6666666666666667     
  0.15848931924611134        79459.893773081916        3074.2989378286488       -6148.1737308792817       -3071.5093863670681        1.6666666666666667     
  0.15848931924611134        87309.827452515165        3074.5928570553692       -6148.6270632358692       -3071.6688087696389        1.6666666666666667     
  0.15848931924611134        95935.265047766297        3074.9009480277700       -6148.0805665302523       -3070.8142308065799        1.6666666666666667     
  0.15848931924611134        105412.81947660110        3075.2238941728124       -6148.5293935832124       -3070.9401219026954        1.6666666666666667     
  0.15848931924611134        115826.67233445264        3075.5624124294372       -6148.9998612079162       -3071.0720819542062        1.6666666666666667     
  0.19952623149688792        1145.4238945146005       -4.9542377058586542        10.767540461653155        8.9134378451020897        1.6666666666666667     
  0.19952623149688792        1258.5816295658863       -4.2369476837484799        18.470290857055573        17.333460287791354        1.6666666666666667     
  0.19952623149688792        1382.9183465323022       -1.8799970369310361        43.040181107059965        44.260242120929227        1.6666666666666667     
  0.19952623149688792        1519.5384298079173        5.4565723918802984        114.07921399473622        122.63566058767104        1.6666666666666667     
  0.19952623149688792        1669.6553671827201        26.636044900991578        301.52139767479889        331.25678603279778        1.6666666666666667     
  0.19952623149688792        1834.6025282917381        83.161634973620352        754.96091253064071        841.22047446614317        1.6666666666666667     
  0.19952623149688792        2015.8450078794638        222.90592036773091        1764.6748857662521        1990.6752311929638        1.6666666666666667     
  0.19952623149688792        2214.9926390738938        544.04285582032560        3842.2071275599201        4389.3363609518065        1.6666666666666667     
  0.19952623149688792        2433.8142922567854        1232.7261090024094        7806.1462237461456        9041.9414523600535        1.6666666666666667     
  0.19952623149688792        2674.2535865356385        2616.5291197068368        14747.545087127572        17367.108649229187        1.6666666666666667     
  0.19952623149688792        2938.4461533699355        4866.0309912128459       -9734.2102717766247       -4865.2012092544001        1.6666666666666667     
  0.19952623149688792        3228.7386056907526        4866.1112873597558       -9734.3271570707511       -4865.2378004165530        1.6666666666666667     
  0.19952623149688792        3547.7093810013548        4866.1954122549650       -9734.4537324133471       -4865.2802529688834        1.6666666666666667     
  0.19952623149688792        3898.1916435915164        4866.2835526243416       -9734.5863079685660       -4865.3246903630652        1.6666666666666667     
  0.19952623149688792        4283.2984492877558        4866.3759039228071       -9734.7251778568407       -4865.3712112693656        1.6666666666666667     
  0.19952623149688792        4706.4503962579938        4866.4726712213424       -9734.8706503301510       -4865.4199188627235        1.6666666666666667     
  0.19952623149688792        5171.4060074707922        4866.5740690477896       -9735.0230480328755       -4865.4709212832058        1.6666666666666667     
  0.19952623149688792        5682.2951146724472        4866.6803225028707       -9735.1827088070968       -4865.5243312617831        1.6666666666666667     
  0.19952623149688792        6243.6555404053188        4866.7916673718728       -9735.3499873005494       -4865.5802676738213        1.6666666666666667     
  0.19952623149688792        6860.4734038846536        4866.9083506737925       -9735.5131633518322       -4865.6267633526841        1.6666666666666667     
  0.19952623149688792        7538.2274087390333        4867.0306314013214       -9735.6962276006634       -4865.6875499287398        1.6666666666666667     
  0.19952623149688792        8282.9375059872764        4867.1587810124229       -9735.8880490000556       -4865.7512249423125        1.6666666666666667     
  0.19952623149688792        9101.2183644864435        4867.2930835639872       -9736.0890524609677       -4865.8179292252044        1.6666666666666667     
  0.19952623149688792        10000.338123786454        4867.4338374647814       -9736.3288551273199       -4865.9169815061950        1.6666666666666667     
  0.19952623149688792        10988.282951246378        4867.5813548933411       -9736.5204129399826       -4865.9610255920379        1.6666666666666667     
  0.19952623149688792        12073.827976821924        4867.7359632248827       -9736.7837686910589       -4866.0697768792525        1.6666666666666667     
  0.19952623149688792        13266.615235581701        4867.8980056781056       -9736.9605569359483       -4866.0845267399345        1.6666666666666667     
  0.19952623149688792        14577.239310253615        4868.0678417131749       -9737.2833881945971       -4866.2375262058213        1.6666666666666667     
  0.19952623149688792        16017.341434496351        4868.2458482881857       -9737.5513330390659       -4866.3274689489072        1.6666666666666667     
  0.19952623149688792        17599.712892740463        4868.4324204903714       -9737.8321507980618       -4866.4217191784419        1.6666666666666667     
  0.19952623149688792        19338.408635017939        4868.6279725575905       -9738.0454086056652       -4866.4394298095294        1.6666666666666667     
  0.19952623149688792        21248.872115930557        4868.8329381244839       -9738.4349309524732       -4866.6239917330104        1.6666666666666667     
  0.19952623149688792        23348.072466602553        4869.0477722008709       -9738.6691798411593       -4866.6434119385676        1.6666666666666667     
  0.19952623149688792        25654.655218007138        4869.2729516399104       -9739.0970812534488       -4866.8461395461836        1.6666666666666667     
  0.19952623149688792        28189.107914422704        4869.5089763740916       -9739.4522364229088       -4866.9652758993880        1.6666666666666667     
  0.19952623149688792        30973.942088031516        4869.7563697631422       -9739.8244850567498       -4867.0901373333872        1.6666666666666667     
  0.19952623149688792        34033.893210996925        4870.0156812422547       -9740.2146508262194       -4867.2209981249025        1.6666666666666667     
  0.19952623149688792        37396.140401034616        4870.2874859936092       -9740.6236008088636       -4867.3581501703520        1.6666666666666667     
  0.19952623149688792        41090.547831948432        4870.5723874569640       -9741.0522432885009       -4867.5018983269174        1.6666666666666667     
  0.19952623149688792        45149.929993388541        4870.8710178684814       -9741.5015283512876       -4867.6525604551407        1.6666666666666667     
  0.19952623149688792        49610.343155924376        4871.1840397769884       -9741.9724541714240       -4867.8104722165908        1.6666666666666667     
  0.19952623149688792        54511.405630284971        4871.5121481110200       -9742.1940522942677       -4867.7039702337988        1.6666666666666667     
  0.19952623149688792        59896.649665375560        4871.8560713228035       -9743.2685819382823       -4868.4345852761835        1.6666666666666667     
  0.19952623149688792        65813.908110701159        4872.2165719021305       -9743.2269103632279       -4868.0324221654864        1.6666666666666667     
  0.19952623149688792        72315.739277612884        4872.5944508065922       -9744.4075052902735       -4868.8351476501275        1.6666666666666667     
  0.19952623149688792        79459.893773081800        4872.9905458439052       -9744.3617011767419       -4868.3932584310942        1.6666666666666667     
  0.19952623149688792        87309.827452515034        4873.4057369802467       -9744.9704346272301       -4868.5868111471946        1.6666666666666667     
  0.19952623149688792        95935.265047766181        4873.8409447391259       -9746.3301161003074       -4869.5112957512347        1.6666666666666667     
  0.19952623149688792        105412.81947660095        4874.2971355937707       -9747.0337313660530       -4869.7587316051922        1.6666666666666667     
  0.19952623149688792        115826.67233445245        4874.7753213865863       -9747.7712662636841       -4870.0180927005813        1.6666666666666667     
  0.25118864315095796        1145.4238945146010       -6.3666301884410217        9.7279275151384006        7.2641468359373516        1.6666666666666667     
  0.25118864315095796        1258.5816295658863       -6.2606283464032826        10.105258910893760        7.7474779637237940        1.6666666666666667     
  0.25118864315095796        1382.9183465323024       -6.0360693265332790        11.945480301251333        9.8122539040183341        1.6666666666666667     
  0.25118864315095796        1519.5384298079175       -5.3660554116807822        18.969341914279468        17.506116095042522        1.6666666666666667     
  0.25118864315095796        1669.6553671827203       -3.1546544212576646        42.464600549284278        43.212731701743394        1.6666666666666667     
  0.25118864315095796        1834.6025282917387        3.9294339328032777        113.64470843409401        121.47678692933390        1.6666666666666667     
  0.25118864315095796        2015.8450078794640        25.096475410222531        308.85818038205110        337.85687901722764        1.6666666666666667     
  0.25118864315095796        2214.9926390738933        83.588611149851758        799.41244754028116        886.90211760822251        1.6666666666666667     
  0.25118864315095796        2433.8142922567854        233.13767903619623        1932.1594074224392        2169.1951685497143        1.6666666666666667     
  0.25118864315095796        2674.2535865356390        587.97440730177163        4318.6991137789346        4910.5645400218482        1.6666666666666667     
  0.25118864315095796        2938.4461533699368        1372.2639678665910        9103.5690794231159        10479.708454663938        1.6666666666666667     
  0.25118864315095796        3228.7386056907535        2993.5911670864575        17822.704193710080        20820.138495082221        1.6666666666666667     
  0.25118864315095796        3547.7093810013562        6141.0720785061767        32498.687009834313        38643.539570900968        1.6666666666666667     
  0.25118864315095796        3898.1916435915173        7714.2305154696151       -15430.860610058826       -7712.8809263000330        1.6666666666666667     
  0.25118864315095796        4283.2984492877567        7714.3611140184948       -15431.064212982230       -7712.9539332768736        1.6666666666666667     
  0.25118864315095796        4706.4503962579956        7714.4979435551431       -15431.256521885005       -7713.0094153585023        1.6666666666666667     
  0.25118864315095796        5171.4060074707950        7714.6413075213522       -15431.486981327100       -7713.0965137055537        1.6666666666666667     
  0.25118864315095796        5682.2951146724490        7714.7915241722085       -15431.697977757400       -7713.1572964723437        1.6666666666666667     
  0.25118864315095796        6243.6555404053197        7714.9489267463205       -15431.934573734412       -7713.2364930047188        1.6666666666666667     
  0.25118864315095796        6860.4734038846564        7715.1138646147092       -15432.199530256821       -7713.3365149369565        1.6666666666666667     
  0.25118864315095796        7538.2274087390360        7715.2867036051803       -15432.442127058435       -7713.4062761782834        1.6666666666666667     
  0.25118864315095796        8282.9375059872800        7715.4678273789368       -15432.732978203789       -7713.5160071720366        1.6666666666666667     
  0.25118864315095796        9101.2183644864454        7715.6576377170859       -15432.979626072503       -7713.5728484802175        1.6666666666666667     
  0.25118864315095796        10000.338123786460        7715.8565560283259       -15433.277398463970       -7713.6717065060284        1.6666666666666667     
  0.25118864315095796        10988.282951246381        7716.0650238368635       -15433.589420579321       -7713.7752649732383        1.6666666666666667     
  0.25118864315095796        12073.827976821929        7716.2835033989713       -15433.916385087778       -7713.8837542729007        1.6666666666666667     
  0.25118864315095796        13266.615235581701        7716.5124796715590       -15434.306471293719       -7714.0448687799444        1.6666666666666667     
  0.25118864315095796        14577.239310253621        7716.7524610491437       -15434.667812790038       -7714.1662336612317        1.6666666666666667     
  0.25118864315095796        16017.341434496357        7717.0039799327478       -15435.046489844875       -7714.2933968168272        1.6666666666666667     
  0.25118864315095796        17599.712892740466        7717.2675944852290       -15435.443341961844       -7714.4266396468356        1.6666666666666667     
  0.25118864315095796        19338.408635017946        7717.5438899018009       -15435.744726618001       -7714.4517343729603        1.6666666666666667     
  0.25118864315095796        21248.872115930561        7717.8334790578856       -15436.295140234521       -7714.7125646208042        1.6666666666666667     
  0.25118864315095796        23348.072466602545        7718.1370047645269       -15436.751974245570       -7714.8658789643187        1.6666666666666667     
  0.25118864315095796        25654.655218007130        7718.4551408049210       -15437.098900480136       -7714.8946754737699        1.6666666666666667     
  0.25118864315095796        28189.107914422697        7718.7885933141488       -15437.732588886618       -7715.1949180124948        1.6666666666666667     
  0.25118864315095796        30973.942088031512        7719.1381018999145       -15438.258544261042       -7715.3713717542932        1.6666666666666667     
  0.25118864315095796        34033.893210996917        7719.5044422236206       -15438.809802419408       -7715.5562968999038        1.6666666666666667     
  0.25118864315095796        37396.140401034623        7719.8884277101342       -15439.387589695194       -7715.7501063240115        1.6666666666666667     
  0.25118864315095796        41090.547831948425        7720.2909104488144       -15439.993187560622       -7715.9532294654609        1.6666666666666667     
  0.25118864315095796        45149.929993388527        7720.7127834991416       -15440.627937645255       -7716.1661148899684        1.6666666666666667     
  0.25118864315095796        49610.343155924362        7721.1549834339985       -15441.293249944578       -7716.3892360656582        1.6666666666666667     
  0.25118864315095796        54511.405630284957        7721.6184910511274       -15441.990603406448       -7716.6230911384937        1.6666666666666667     
  0.25118864315095796        59896.649665375546        7722.1043355017455       -15442.721541976238       -7716.8681949337861        1.6666666666666667     
  0.25118864315095796        65813.908110701159        7722.6135950897296       -15443.909879467410       -7717.5472829814653        1.6666666666666667     
  0.25118864315095796        72315.739277612854        7723.1473994907274       -15443.848203141562       -7716.9518128458640        1.6666666666666667     
  0.25118864315095796        79459.893773081785        7723.7069342144232       -15445.596366808308       -7718.1404529306383        1.6666666666666667     
  0.25118864315095796        87309.827452515019        7724.2934399013729       -15445.528564984044       -7717.4861570944522        1.6666666666666667     
  0.25118864315095796        95935.265047766152        7724.9082195050587       -15447.449296926228       -7718.7921216716923        1.6666666666666667     
  0.25118864315095796        105412.81947660094        7725.5526366726945       -15447.374771743447       -7718.0731921588649        1.6666666666666667     
  0.25118864315095796        115826.67233445244        7726.2281212730541       -15449.485132462261       -7719.5080817185844        1.6666666666666667     
  0.31622776601683783        1145.4238945146008       -7.8167018310516703        11.779905717992461        8.8766045926548252        1.6666666666666667     
  0.31622776601683783        1258.5816295658863       -7.7139657405797939        11.641381668436322        8.8408150091526529        1.6666666666666667     
  0.31622776601683783        1382.9183465323026       -7.6020745541648438        11.566401089431292        8.8777238474245923        1.6666666666666667     
  0.31622776601683783        1519.5384298079175       -7.4633119721715824        11.798355992781534        9.2484391387088269        1.6666666666666667     
  0.31622776601683783        1669.6553671827203       -7.2220206144990726        13.316835572260064        11.008206260717051        1.6666666666666667     
  0.31622776601683783        1834.6025282917385       -6.5849910062947101        19.573286977185070        17.901677201521192        1.6666666666666667     
  0.31622776601683783        2015.8450078794635       -4.5246873123638549        41.654405581610796        42.043066923652759        1.6666666666666667     
  0.31622776601683783        2214.9926390738933        2.2200066603349571        111.57016422263695        118.70341289438400        1.6666666666666667     
  0.31622776601683783        2433.8142922567858        23.049056415912002        310.48768998454864        338.44965907563119        1.6666666666666667     
  0.31622776601683783        2674.2535865356381        82.653969280938341        828.50221015221700        916.06814967204366        1.6666666666666667     
  0.31622776601683783        2938.4461533699355        240.35421652012565        2083.9927047088577        2329.2563980079444        1.6666666666666667     
  0.31622776601683783        3228.7386056907526        626.98070941495143        4844.0401488427797        5475.9242219356365        1.6666666666666667     
  0.31622776601683783        3547.7093810013548        1508.4435178344331        10409.994557808925        11923.327502168164        1.6666666666666667     
  0.31622776601683783        3898.1916435915164        3384.6626559306405        21128.745523739686        24518.267940564270        1.6666666666666667     
  0.31622776601683783        4283.2984492877558        7128.2236944290762        39894.924676158291        47027.948940582413        1.6666666666666667     
  0.31622776601683783        4706.4503962579947        12228.686981745914       -24459.998694665381       -12226.591788284750        1.6666666666666667     
  0.31622776601683783        5171.4060074707932        12228.889729435803       -24460.293820223294       -12226.684169380384        1.6666666666666667     
  0.31622776601683783        5682.2951146724472        12229.102145823756       -24460.613413891842       -12226.791349999787        1.6666666666666667     
  0.31622776601683783        6243.6555404053188        12229.324702669437       -24460.948162416989       -12226.903545212666        1.6666666666666667     
  0.31622776601683783        6860.4734038846536        12229.557893108844       -24461.298805237973       -12227.021001326477        1.6666666666666667     
  0.31622776601683783        7538.2274087390333        12229.802235143034       -24461.666122641771       -12227.143980532082        1.6666666666666667     
  0.31622776601683783        8282.9375059872782        12230.058270345076       -24462.050927958026       -12227.272754680529        1.6666666666666667     
  0.31622776601683783        9101.2183644864435        12230.326567324180       -24462.454075011665       -12227.407608996764        1.6666666666666667     
  0.31622776601683783        10000.338123786456        12230.607721384220       -24462.876459048777       -12227.548843408149        1.6666666666666667     
  0.31622776601683783        10988.282951246378        12230.902356126298       -24463.349545693298       -12227.727299976859        1.6666666666666667     
  0.31622776601683783        12073.827976821925        12231.211125794085       -24463.750734660855       -12227.819724197783        1.6666666666666667     
  0.31622776601683783        13266.615235581698        12231.534715090182       -24464.302156699156       -12228.047562053993        1.6666666666666667     
  0.31622776601683783        14577.239310253615        12231.873842577854       -24464.812926982697       -12228.219210190216        1.6666666666666667     
  0.31622776601683783        16017.341434496349        12232.229260459499       -24465.274509663592       -12228.325380636254        1.6666666666666667     
  0.31622776601683783        17599.712892740463        12232.601757898967       -24465.909067315202       -12228.587446713025        1.6666666666666667     
  0.31622776601683783        19338.408635017935        12232.992161487336       -24466.415959801139       -12228.703941757774        1.6666666666666667     
  0.31622776601683783        21248.872115930557        12233.401337056408       -24467.112877910957       -12228.991690804027        1.6666666666666667     
  0.31622776601683783        23348.072466602538        12233.830193713673       -24467.580702333056       -12229.030665326662        1.6666666666666667     
  0.31622776601683783        25654.655218007112        12234.279682065513       -24468.435055732421       -12229.435537505467        1.6666666666666667     
  0.31622776601683783        28189.107914422661        12234.750800252188       -24469.144153272948       -12229.673524276315        1.6666666666666667     
  0.31622776601683783        30973.942088031457        12235.244593933738       -24469.887335469302       -12229.922920671923        1.6666666666666667     
  0.31622776601683783        34033.893210996830        12235.762158758869       -24470.666250385595       -12230.184278885628        1.6666666666666667     
  0.31622776601683783        37396.140401034529        12236.304643607911       -24471.482626032746       -12230.458178252846        1.6666666666666667     
  0.31622776601683783        41090.547831948330        12236.873252289402       -24472.338272553898       -12230.745225106866        1.6666666666666667     
  0.31622776601683783        45149.929993388418        12237.469245966215       -24473.235088634377       -12231.046056945457        1.6666666666666667     
  0.31622776601683783        49610.343155924245        12238.093948806505       -24474.175066445478       -12231.361341766322        1.6666666666666667     
  0.31622776601683783        54511.405630284833        12238.748746094288       -24475.160293870511       -12231.691782277645        1.6666666666666667     
  0.31622776601683783        59896.649665375407        12239.435091221514       -24476.192950439596       -12232.038104613915        1.6666666666666667     
  0.31622776601683783        65813.908110700999        12240.154507983401       -24477.275339726359       -12232.401088489303        1.6666666666666667     
  0.31622776601683783        72315.739277612694        12240.908592198553       -24478.409850093954       -12232.781526534383        1.6666666666666667     
  0.31622776601683783        79459.893773081596        12241.699017773923       -24478.943720094991       -12232.524983483774        1.6666666666666667     
  0.31622776601683783        87309.827452514815        12242.527539521010       -24480.158580624477       -12232.911335337934        1.6666666666666667     
  0.31622776601683783        95935.265047765919        12243.395994227256       -24481.431969064539       -12233.316282817639        1.6666666666666667     
  0.31622776601683783        105412.81947660069        12244.306311950248       -24484.276077774746       -12235.250088177434        1.6666666666666667     
  0.31622776601683783        115826.67233445217        12245.260511048658       -24485.747897957168       -12235.767724362673        1.6666666666666667     
  0.39810717055349715        1145.4238945146008       -9.5507268119402973        14.416611313702772        11.051494096865200        1.6666666666666667     
  0.39810717055349715        1258.5816295658863       -9.4061573103857423        14.196181492307975        10.975631961283188        1.6666666666666667     
  0.39810717055349715        1382.9183465323024       -9.2548925063411698        13.967677217484729        10.898390590713193        1.6666666666666667     
  0.39810717055349715        1519.5384298079177       -9.0961044170990633        13.738962397152898        10.828461865327094        1.6666666666666667     
  0.39810717055349715        1669.6553671827203       -8.9266652715680106        13.550984310778862        10.809920796434405        1.6666666666666667     
  0.39810717055349715        1834.6025282917387       -8.7322196397320599        13.611226624074252        11.064606299453025        1.6666666666666667     
  0.39810717055349715        2015.8450078794638       -8.4491186284255235        14.767168603240094        12.503645734341621        1.6666666666666667     
  0.39810717055349715        2214.9926390738938       -7.8195515055350668        20.216983787474476        18.583020134443437        1.6666666666666667     
  0.39810717055349715        2433.8142922567858       -5.8987681363808386        40.499985268010079        40.786780860193268        1.6666666666666667     
  0.39810717055349715        2674.2535865356381       0.44557827967742697        107.60197361653735        114.23303594335815        1.6666666666666667     
  0.39810717055349715        2938.4461533699359        20.632914634727360        308.70136114019346        335.51950628051594        1.6666666666666667     
  0.39810717055349715        3228.7386056907535        80.436569319788532        854.63831713008301        941.25936585547981        1.6666666666666667     
  0.39810717055349715        3547.7093810013544        244.24948712646062        2213.3424128108177        2463.7743219458303        1.6666666666666667     
  0.39810717055349715        3898.1916435915168        659.52093620569792        5321.9771595293232        5987.6753021704617        1.6666666666666667     
  0.39810717055349715        4283.2984492877576        1636.8645143316242        11885.659036628031        13528.688482510912        1.6666666666666667     
  0.39810717055349715        4706.4503962579956        3780.5418980929844        24722.187831197742        28508.867737476488        1.6666666666666667     
  0.39810717055349715        5171.4060074707950        8180.1426679983715        48054.658974632905        56240.884394341389        1.6666666666666667     
  0.39810717055349715        5682.2951146724490        16663.354587284888        87595.865506625662        104265.19630132212        1.6666666666666667     
  0.39810717055349715        6243.6555404053197        19384.542777789524       -38771.603567744089       -19381.118759190485        1.6666666666666667     
  0.39810717055349715        6860.4734038846573        19384.872540241602       -38772.099790365675       -19381.285223444418        1.6666666666666667     
  0.39810717055349715        7538.2274087390360        19385.218037330083       -38772.655319087920       -19381.495259481031        1.6666666666666667     
  0.39810717055349715        8282.9375059872818        19385.580036005987       -38773.163920985397       -19381.641867207480        1.6666666666666667     
  0.39810717055349715        9101.2183644864454        19385.959339726913       -38773.773489725776       -19381.872136988834        1.6666666666666667     
  0.39810717055349715        10000.338123786460        19386.356789482448       -38774.331593073279       -19382.032795558342        1.6666666666666667     
  0.39810717055349715        10988.282951246381        19386.773267731376       -38774.957460254205       -19382.242189762197        1.6666666666666667     
  0.39810717055349715        12073.827976821929        19387.209698481667       -38775.613175805745       -19382.461480046302        1.6666666666666667     
  0.39810717055349715        13266.615235581701        19387.667049874719       -38776.347586381919       -19382.738544944903        1.6666666666666667     
  0.39810717055349715        14577.239310253623        19388.146337516439       -38776.970385893001       -19382.882062888908        1.6666666666666667     
  0.39810717055349715        16017.341434496358        19388.648623929861       -38777.826370892159       -19383.235767737358        1.6666666666666667     
  0.39810717055349715        17599.712892740466        19389.175024969245       -38778.619248861913       -19383.502251198250        1.6666666666666667     
  0.39810717055349715        19338.408635017942        19389.726707875921       -38779.450099568057       -19383.781425992860        1.6666666666666667     
  0.39810717055349715        21248.872115930564        19390.304897390575       -38780.200942235970       -19383.954086369802        1.6666666666666667     
  0.39810717055349715        23348.072466602549        19390.910876746093       -38781.107604093660       -19384.254776503301        1.6666666666666667     
  0.39810717055349715        25654.655218007119        19391.545990891616       -38782.189386845726       -19384.701453129095        1.6666666666666667     
  0.39810717055349715        28189.107914422668        19392.211648666267       -38783.191482614930       -19385.037899458399        1.6666666666666667     
  0.39810717055349715        30973.942088031465        19392.909327653681       -38784.241696920173       -19385.390443593737        1.6666666666666667     
  0.39810717055349715        34033.893210996845        19393.640576309226       -38785.342367827587       -19385.759875000629        1.6666666666666667     
  0.39810717055349715        37396.140401034521        19394.407017884740       -38786.495930884703       -19386.147006110692        1.6666666666666667     
  0.39810717055349715        41090.547831948323        19395.210352359147       -38787.704950121813       -19386.552701005690        1.6666666666666667     
  0.39810717055349715        45149.929993388418        19396.052363394509       -38788.972107981899       -19386.977858323222        1.6666666666666667     
  0.39810717055349715        49610.343155924238        19396.934918984443       -38790.300212051603       -19387.423417987608        1.6666666666666667     
  0.39810717055349715        54511.405630284826        19397.859977924047       -38791.692216469528       -19387.890375014678        1.6666666666666667     
  0.39810717055349715        59896.649665375393        19398.829594592429       -38793.151213169302       -19388.379767206457        1.6666666666666667     
  0.39810717055349715        65813.908110700984        19399.845918985429       -38793.837867318231       -19388.050109720796        1.6666666666666667     
  0.39810717055349715        72315.739277612694        19400.911207621284       -38796.283264314960       -19389.430231496448        1.6666666666666667     
  0.39810717055349715        79459.893773081581        19402.027823891636       -38797.963268713545       -19389.993633597824        1.6666666666666667     
  0.39810717055349715        87309.827452514801        19403.198247734970       -38799.724184141523       -19390.584139936258        1.6666666666666667     
  0.39810717055349715        95935.265047765919        19404.425073976749       -38801.569913280560       -19391.203058264575        1.6666666666666667     
  0.39810717055349715        105412.81947660066        19405.711027996542       -38804.570646531225       -19392.917853562114        1.6666666666666667     
  0.39810717055349715        115826.67233445217        19407.058962122519       -38806.649880004908       -19393.649169864788        1.6666666666666667     
  0.50118723362727213        1145.4238945146008       -11.623232999831895        17.591758875975529        13.755752160428402        1.6666666666666667     
  0.50118723362727213        1258.5816295658865       -11.417634514495601        17.279158212672300        13.648747931446140        1.6666666666666667     
  0.50118723362727213        1382.9183465323028       -11.202759696611670        16.950362639451438        13.534825032429005        1.6666666666666667     
  0.50118723362727213        1519.5384298079182       -10.978131161491621        16.604448850566154        13.413537537686228        1.6666666666666667     
  0.50118723362727213        1669.6553671827207       -10.743201838774205        16.250389597044599        13.294405263142101        1.6666666666666667     
  0.50118723362727213        1834.6025282917392       -10.497102555945878        15.884822233801438        13.174934727589248        1.6666666666666667     
  0.50118723362727213        2015.8450078794644       -10.237216971916798        15.546955791794371        13.096951276945756        1.6666666666666667     
  0.50118723362727213        2214.9926390738942       -9.9520157715781163        15.395087665883775        13.230281506061122        1.6666666666666667     
  0.50118723362727213        2433.8142922567863       -9.5889224938191138        16.146614536413956        14.344898032000868        1.6666666666666667     
  0.50118723362727213        2674.2535865356390       -8.9257061894172480        20.682923748426354        19.544416932032469        1.6666666666666667     
  0.50118723362727213        2938.4461533699368       -7.1107324268933514        38.971068747564402        39.647517586887680        1.6666666666666667     
  0.50118723362727213        3228.7386056907540       -1.1927289855683194        102.28513401895417        108.87952725973557        1.6666666666666667     
  0.50118723362727213        3547.7093810013562        18.093051036945464        300.74437901989717        326.62435988212155        1.6666666666666667     
  0.50118723362727213        3898.1916435915177        77.171190183175369        859.50272169492257        944.46025232079171        1.6666666666666667     
  0.50118723362727213        4283.2984492877576        244.75034806400100        2313.6811276412027        2566.2161443252771        1.6666666666666667     
  0.50118723362727213        4706.4503962579956        684.29728329060458        5759.9374238595547        6452.0149907087098        1.6666666666666667     
  0.50118723362727213        5171.4060074707959        1752.9952031200128        13297.107637163925        15057.872462168933        1.6666666666666667     
  0.50118723362727213        5682.2951146724508        4170.3696699514776        28540.997875342964        32719.113050691994        1.6666666666666667     
  0.50118723362727213        6243.6555404053224        9277.7268241759248        57152.987254600877        66438.408631532744        1.6666666666666667     
  0.50118723362727213        6860.4734038846582        19397.401969394581        107155.31166884277        126560.30723385134        1.6666666666666667     
  0.50118723362727213        7538.2274087390379        30726.238126687229       -61454.641164990739       -30720.922462717012        1.6666666666666667     
  0.50118723362727213        8282.9375059872818        30726.750064698259       -61455.411642055929       -30721.181006892391        1.6666666666666667     
  0.50118723362727213        9101.2183644864490        30727.286420214856       -61456.218596788152       -30721.451611442728        1.6666666666666667     
  0.50118723362727213        10000.338123786463        30727.848381827011       -61457.063820056814       -30721.734878713782        1.6666666666666667     
  0.50118723362727213        10988.282951246383        30728.437196849340       -61457.949185346843       -30722.031434956265        1.6666666666666667     
  0.50118723362727213        12073.827976821933        30729.054171981490       -61458.876656671171       -30722.341937417888        1.6666666666666667     
  0.50118723362727213        13266.615235581707        30729.700675980603       -61459.848291378948       -30722.667074416586        1.6666666666666667     
  0.50118723362727213        14577.239310253626        30730.378143963586       -61460.866247710990       -30723.007569522841        1.6666666666666667     
  0.50118723362727213        16017.341434496362        30731.088078364224       -61461.932777973219       -30723.364172362872        1.6666666666666667     
  0.50118723362727213        17599.712892740474        30731.832055146657       -61463.127342939799       -30723.814768007589        1.6666666666666667     
  0.50118723362727213        19338.408635017946        30732.611725368679       -61464.301943006678       -30724.209705755908        1.6666666666666667     
  0.50118723362727213        21248.872115930571        30733.428819504061       -61465.363410016507       -30724.454086674843        1.6666666666666667     
  0.50118723362727213        23348.072466602553        30734.285149523883       -61466.822476173213       -30725.056831328966        1.6666666666666667     
  0.50118723362727213        25654.655218007127        30735.182617029630       -61468.174003243636       -30725.510899956647        1.6666666666666667     
  0.50118723362727213        28189.107914422679        30736.123213012503       -61469.395388720426       -30725.791698632962        1.6666666666666667     
  0.50118723362727213        30973.942088031476        30737.109025875845       -61471.074579777916       -30726.485086752797        1.6666666666666667     
  0.50118723362727213        34033.893210996859        30738.142242801001       -61472.630069243307       -30727.007369628940        1.6666666666666667     
  0.50118723362727213        37396.140401034529        30739.225156198918       -61474.260237271803       -30727.554634970777        1.6666666666666667     
  0.50118723362727213        41090.547831948315        30740.360169225489       -61475.968705795531       -30728.128101954440        1.6666666666666667     
  0.50118723362727213        45149.929993388381        30741.549802259276       -61477.759262586413       -30728.729037627825        1.6666666666666667     
  0.50118723362727213        49610.343155924173        30742.796694760207       -61479.635886322285       -30729.358781156148        1.6666666666666667     
  0.50118723362727213        54511.405630284746        30744.103613827563       -61481.061013801314       -30729.477002558044        1.6666666666666667     
  0.50118723362727213        59896.649665375313        30745.473459247569       -61483.664191397984       -30730.710348509270        1.6666666666666667     
  0.50118723362727213        65813.908110700911        30746.909271758748       -61485.824816927081       -30731.435175819475        1.6666666666666667     
  0.50118723362727213        72315.739277612593        30748.414237688925       -61488.089394311290       -30732.194802270849        1.6666666666666667     
  0.50118723362727213        79459.893773081480        30749.991698603939       -61490.462971748806       -30732.990934484034        1.6666666666666667     
  0.50118723362727213        87309.827452514684        30751.645152692665       -61491.580049474534       -30732.454574585339        1.6666666666666667     
  0.50118723362727213        95935.265047765788        30753.378270690027       -61495.558409195772       -30734.699833688494        1.6666666666666667     
  0.50118723362727213        105412.81947660053        30755.194900342536       -61498.291587379383       -30735.616400441198        1.6666666666666667     
  0.50118723362727213        115826.67233445200        30757.099070797700       -61501.156416540332       -30736.577077937716        1.6666666666666667     
  0.63095734448019303        1145.4238945146010       -14.083688931410272        21.406002485499208        17.125856466221059        1.6666666666666667     
  0.63095734448019303        1258.5816295658867       -13.790836543515043        20.955088022720545        16.967792070704533        1.6666666666666667     
  0.63095734448019303        1382.9183465323031       -13.484965859176471        20.485028079889339        16.803600388345242        1.6666666666666667     
  0.63095734448019303        1519.5384298079182       -13.165412234647832        19.990696177909982        16.628819578486947        1.6666666666666667     
  0.63095734448019303        1669.6553671827212       -12.831477959830705        19.483456898572921        16.455511927808562        1.6666666666666667     
  0.63095734448019303        1834.6025282917401       -12.482428219850794        18.949907825589133        16.271009828723756        1.6666666666666667     
  0.63095734448019303        2015.8450078794656       -12.117461781426121        18.393710418845494        16.079775968245414        1.6666666666666667     
  0.63095734448019303        2214.9926390738956       -11.735531568610837        17.818056630907972        15.886049366546859        1.6666666666666667     
  0.63095734448019303        2433.8142922567877       -11.334279485757266        17.247102283331031        15.716343922165912        1.6666666666666667     
  0.63095734448019303        2674.2535865356408       -10.904417603330288        16.804999287043064        15.704099401819249        1.6666666666666667     
  0.63095734448019303        2938.4461533699382       -10.403199873487180        17.105008602837881        16.505322475505306        1.6666666666666667     
  0.63095734448019303        3228.7386056907553       -9.6427669082134226        20.628373590678443        20.789114402672851        1.6666666666666667     
  0.63095734448019303        3547.7093810013580       -7.8705357720602773        36.546154442175258        38.479112346324115        1.6666666666666667     
  0.63095734448019303        3898.1916435915196       -2.3595638153296519        95.416688937838543        102.86057512714981        1.6666666666666667     
  0.63095734448019303        4283.2984492877604        15.831966938595119        286.57769403334333        312.21296681834696        1.6666666666666667     
  0.63095734448019303        4706.4503962579984        73.306609784300591        851.66087953143517        934.77033970572040        1.6666666666666667     
  0.63095734448019303        5171.4060074707977        242.10439559708885        2379.1589105681637        2631.0648189219373        1.6666666666666667     
  0.63095734448019303        5682.2951146724527        700.43391312930919        6138.4541270227928        6848.6859208855049        1.6666666666666667     
  0.63095734448019303        6243.6555404053242        1852.4959423307841        14661.013016353889        16523.297709930255        1.6666666666666667     
  0.63095734448019303        6860.4734038846600        4542.0713540321003        32499.138451390325        37050.977243174842        1.6666666666666667     
  0.63095734448019303        7538.2274087390406        10396.456158199633        66676.268071850529        77082.445274899816        1.6666666666666667     
  0.63095734448019303        8282.9375059872837        22325.808670785562        129478.09267225198        151813.52785403820        1.6666666666666667     
  0.63095734448019303        9101.2183644864508        45173.394193392203        232845.30938597629        278028.14903509169        1.6666666666666667     
  0.63095734448019303        10000.338123786465        48703.328818172980       -97407.470634260229       -48694.724332701953        1.6666666666666667     
  0.63095734448019303        10988.282951246387        48704.161470496772       -97408.682386416927       -48695.103439083607        1.6666666666666667     
  0.63095734448019303        12073.827976821934        48705.033858378622       -97409.994683071505       -48695.543354818816        1.6666666666666667     
  0.63095734448019303        13266.615235581710        48705.947918274855       -97411.369267723669       -48696.003886999875        1.6666666666666667     
  0.63095734448019303        14577.239310253628        48706.905676010429       -97412.809182635086       -48696.486051960092        1.6666666666666667     
  0.63095734448019303        16017.341434496364        48707.909258383996       -97414.317627558718       -48696.990922066936        1.6666666666666667     
  0.63095734448019303        17599.712892740477        48708.960892388815       -97415.897946747369       -48697.519615944198        1.6666666666666667     
  0.63095734448019303        19338.408635017953        48710.062910916560       -97417.553646118904       -48698.073305537451        1.6666666666666667     
  0.63095734448019303        21248.872115930575        48711.217759010295       -97419.408060202550       -48698.772880535289        1.6666666666666667     
  0.63095734448019303        23348.072466602560        48712.427999923537       -97420.980651531077       -48699.135240645868        1.6666666666666667     
  0.63095734448019303        25654.655218007134        48713.696320441093       -97423.142070561342       -48700.028349319698        1.6666666666666667     
  0.63095734448019303        28189.107914422686        48715.025532615611       -97424.868667035393       -48700.425744422289        1.6666666666666667     
  0.63095734448019303        30973.942088031486        48716.418588941495       -97427.242098979026       -48701.406130476091        1.6666666666666667     
  0.63095734448019303        34033.893210996859        48717.878579797114       -97429.440611696453       -48702.144664082363        1.6666666666666667     
  0.63095734448019303        37396.140401034543        48719.408744039552       -97431.427440689557       -48702.601341002097        1.6666666666666667     
  0.63095734448019303        41090.547831948323        48721.012480013676       -97434.159050320828       -48703.729227014570        1.6666666666666667     
  0.63095734448019303        45149.929993388389        48722.693344259897       -97436.689438735775       -48704.578764676015        1.6666666666666667     
  0.63095734448019303        49610.343155924187        48724.455069732699       -97439.341358311329       -48705.468973109477        1.6666666666666667     
  0.63095734448019303        54511.405630284738        48726.301562243185       -97441.355288818770       -48705.636425528886        1.6666666666666667     
  0.63095734448019303        59896.649665375277        48728.236924797115       -97445.033545906350       -48707.379335456266        1.6666666666666667     
  0.63095734448019303        65813.908110700824        48730.265448040060       -97448.086465405708       -48708.403747684839        1.6666666666666667     
  0.63095734448019303        72315.739277612491        48732.391636874963       -97451.286200745890       -48709.477311132148        1.6666666666666667     
  0.63095734448019303        79459.893773081392        48734.620208581808       -97454.639837026931       -48710.602393602268        1.6666666666666667     
  0.63095734448019303        87309.827452514568        48736.956109052138       -97458.154828148050       -48711.781502387064        1.6666666666666667     
  0.63095734448019303        95935.265047765672        48739.404522024743       -97461.838978744141       -48713.017259775552        1.6666666666666667     
  0.63095734448019303        105412.81947660040        48741.970881114641       -97465.700455476457       -48714.312397587972        1.6666666666666667     
  0.63095734448019303        115826.67233445185        48744.660885044766       -97469.747849817417       -48715.669809172374        1.6666666666666667     
  0.79432823472428127        1145.4238945146008       -16.983549443061221        25.967380841844005        21.325767329246961        1.6666666666666667     
  0.79432823472428127        1258.5816295658865       -16.565705182137137        25.320739029066150        21.096967147192704        1.6666666666666667     
  0.79432823472428127        1382.9183465323026       -16.129600589042056        24.644463186884025        20.856793153092923        1.6666666666666667     
  0.79432823472428127        1519.5384298079180       -15.674298452919103        23.945620137143266        20.613249373536775        1.6666666666666667     
  0.79432823472428127        1669.6553671827207       -15.198815808910565        23.214289678229306        20.357398565711154        1.6666666666666667     
  0.79432823472428127        1834.6025282917399       -14.702121139997493        22.451749410618298        20.091549840209172        1.6666666666666667     
  0.79432823472428127        2015.8450078794651       -14.183132592785265        21.656385284550375        19.815170994548712        1.6666666666666667     
  0.79432823472428127        2214.9926390738951       -13.640712752027051        20.826553088032178        19.527755224523787        1.6666666666666667     
  0.79432823472428127        2433.8142922567881       -13.073651512692944        19.960921631648162        19.229181438047060        1.6666666666666667     
  0.79432823472428127        2674.2535865356408       -12.480535534561668        19.060700865353603        18.922072916507826        1.6666666666666667     
  0.79432823472428127        2938.4461533699387       -11.858975736168741        18.142675303416485        18.625603240389104        1.6666666666666667     
  0.79432823472428127        3228.7386056907558       -11.201291294752473        17.315164826487511        18.455773064951277        1.6666666666666667     
  0.79432823472428127        3547.7093810013589       -10.473104919625902        17.053241262191058        18.922031292192564        1.6666666666666667     
  0.79432823472428127        3898.1916435915205       -9.5185452495600629        19.470016339987524        22.293360031430204        1.6666666666666667     
  0.79432823472428127        4283.2984492877604       -7.6856530605023599        32.861889453216683        37.518113796407533        1.6666666666666667     
  0.79432823472428127        4706.4503962579984       -2.5039531343864874        85.844386358994925        95.682278011240285        1.6666666666666667     
  0.79432823472428127        5171.4060074707977        14.492649471197996        267.58837529963699        294.42276257006279        1.6666666666666667     
  0.79432823472428127        5682.2951146724527        69.593556203490436        827.91160502995444        909.84655219245496        1.6666666666666667     
  0.79432823472428127        6243.6555404053242        236.99577056369716        2398.0284690482122        2647.3645768362467        1.6666666666666667     
  0.79432823472428127        6860.4734038846618        707.68284987989841        6438.5706476266323        7158.5908719282515        1.6666666666666667     
  0.79432823472428127        7538.2274087390415        1931.6376009538806        15830.499068126428        17774.466339156836        1.6666666666666667     
  0.79432823472428127        8282.9375059872891        4883.0230787292485        36266.924805080969        41162.258975990851        1.6666666666666667     
  0.79432823472428127        9101.2183644864526        11506.916766556256        77721.738644226774        89240.924807939795        1.6666666666666667     
  0.79432823472428127        10000.338123786469        25398.781961265126        154489.09569041542        179900.05960453828        1.6666666666666667     
  0.79432823472428127        10988.282951246390        52733.895542860118        287605.82770629204        340351.73313713563        1.6666666666666667     
  0.79432823472428127        12073.827976821940        77195.398983290725       -154389.29576332666       -77182.040867626594        1.6666666666666667     
  0.79432823472428127        13266.615235581714        77196.691629443361       -154391.17723336036       -77182.629700212216        1.6666666666666667     
  0.79432823472428127        14577.239310253632        77198.045935104339       -154393.21474490542       -77183.312913994887        1.6666666666666667     
  0.79432823472428127        16017.341434496371        77199.464903936285       -154395.34889180906       -77184.028101528194        1.6666666666666667     
  0.79432823472428127        17599.712892740485        77200.951684705244       -154397.58441087487       -77184.776848633148        1.6666666666666667     
  0.79432823472428127        19338.408635017960        77202.509577945282       -154399.92626721208       -77185.560822059095        1.6666666666666667     
  0.79432823472428127        21248.872115930582        77204.142039954371       -154402.37964892277       -77186.381751456240        1.6666666666666667     
  0.79432823472428127        23348.072466602567        77205.852691473716       -154404.95000056733       -77187.241462840859        1.6666666666666667     
  0.79432823472428127        25654.655218007145        77207.645330032858       -154407.82877405843       -77188.327608683278        1.6666666666666667     
  0.79432823472428127        28189.107914422697        77209.523931835400       -154410.65935470082       -77189.279599727117        1.6666666666666667     
  0.79432823472428127        30973.942088031497        77211.492667483224       -154413.21728191612       -77189.868803173944        1.6666666666666667     
  0.79432823472428127        34033.893210996874        77213.555907466187       -154416.30554200249       -77190.893837176933        1.6666666666666667     
  0.79432823472428127        37396.140401034550        77215.718227088437       -154419.54167239176       -77191.967660649083        1.6666666666666667     
  0.79432823472428127        41090.547831948337        77217.984425597897       -154423.40250462919       -77193.562309307847        1.6666666666666667     
  0.79432823472428127        45149.929993388410        77220.359533306051       -154426.48659778415       -77194.271310013079        1.6666666666666667     
  0.79432823472428127        49610.343155924209        77222.848822307860       -154430.21082009957       -77195.506258949215        1.6666666666666667     
  0.79432823472428127        54511.405630284753        77225.457813899717       -154434.65447421349       -77197.340937021305        1.6666666666666667     
  0.79432823472428127        59896.649665375298        77228.192299101516       -154437.63737255085       -77197.589367908498        1.6666666666666667     
  0.79432823472428127        65813.908110700853        77231.058351200452       -154441.89690855291       -77198.982869643238        1.6666666666666667     
  0.79432823472428127        72315.739277612491        77234.062323000704       -154447.60626309068       -77201.688271427556        1.6666666666666667     
  0.79432823472428127        79459.893773081378        77237.210885810084       -154452.34496047441       -77203.278425718599        1.6666666666666667     
  0.79432823472428127        87309.827452514553        77240.511025005238       -154455.94356934360       -77203.576916053818        1.6666666666666667     
  0.79432823472428127        95935.265047765657        77243.970068880182       -154462.51691671676       -77206.691241625595        1.6666666666666667     
  0.79432823472428127        105412.81947660039        77247.595689421229       -154467.97275422589       -77208.521481781485        1.6666666666666667     
  0.79432823472428127        115826.67233445185        77251.395933661042       -154473.69112874119       -77210.439635439965        1.6666666666666667     
  0.99999999999999967        1145.4238945146008       -20.376352674909530        31.424946141855216        26.586177767606202        1.6666666666666667     
  0.99999999999999967        1258.5816295658865       -19.779036588255202        30.495419859778870        26.253964585666743        1.6666666666666667     
  0.99999999999999967        1382.9183465323026       -19.156113985609704        29.528284946907771        25.909749160875887        1.6666666666666667     
  0.99999999999999967        1519.5384298079180       -18.506270166058126        28.521624038645371        25.552928822768422        1.6666666666666667     
  0.99999999999999967        1669.6553671827207       -17.828121966118566        27.469020410227401        25.178470003813274        1.6666666666666667     
  0.99999999999999967        1834.6025282917392       -17.120216465412941        26.376898284788837        24.794249839424793        1.6666666666666667     
  0.99999999999999967        2015.8450078794649       -16.381027752371320        25.243568039309370        24.400104610785665        1.6666666666666667     
  0.99999999999999967        2214.9926390738947       -15.608956739396147        24.057298637599757        23.985902361863822        1.6666666666666667     
  0.99999999999999967        2433.8142922567872       -14.802322502799305        22.809720634695513        23.544954562391101        1.6666666666666667     
  0.99999999999999967        2674.2535865356408       -13.959364657206779        21.529530606023819        23.107718164527959        1.6666666666666667     
  0.99999999999999967        2938.4461533699387       -13.078225371707481        20.182956775417598        22.642279213559551        1.6666666666666667     
  0.99999999999999967        3228.7386056907562       -12.156858304279520        18.779636341123016        22.160321239991241        1.6666666666666667     
  0.99999999999999967        3547.7093810013580       -11.192478964058813        17.330042323399191        21.675101740553760        1.6666666666666667     
  0.99999999999999967        3898.1916435915200       -10.178326219248603        15.908136092607156        21.267343183867187        1.6666666666666667     
  0.99999999999999967        4283.2984492877604       -9.0867691362309557        14.918376147878156        21.369134864314564        1.6666666666666667     
  0.99999999999999967        4706.4503962579993       -7.7906173528064162        16.122115973939252        23.869019993018426        1.6666666666666667     
  0.99999999999999967        5171.4060074707977       -5.7360628251873953        26.746267260124625        36.547715533885345        1.6666666666666667     
  0.99999999999999967        5682.2951146724527      -0.72898443374944832        73.351451548564356        88.159953178462573        1.6666666666666667     
  0.99999999999999967        6243.6555404053242        15.091871236928119        242.37244437436925        273.00172257060620        1.6666666666666667     
  0.99999999999999967        6860.4734038846609        67.221469241401266        787.63771107336947        870.39632662641634        1.6666666666666667     
  0.99999999999999967        7538.2274087390406        230.70261234765786        2380.3855680207685        2626.6245092736094        1.6666666666666667     
  0.99999999999999967        8282.9375059872837        706.66993361050481        6604.4928452593595        7326.6967279333257        1.6666666666666667     
  0.99999999999999967        9101.2183644864508        1987.7829005086794        17033.352777406741        19036.663221408468        1.6666666666666667     
  0.99999999999999967        10000.338123786465        5180.9299533515614        40133.618393821736        45330.059924919398        1.6666666666666667     
  0.99999999999999967        10988.282951246389        12575.955196794055        88807.819678840402        101399.24947818081        1.6666666666666667     
  0.99999999999999967        12073.827976821936        28551.077558399244        181961.77204788465        210528.24433315900        1.6666666666666667     
  0.99999999999999967        13266.615235581712        60872.022486623369        348608.52465945261        409495.78026784782        1.6666666666666667     
  0.99999999999999967        14577.239310253630        122353.62886237435       -244701.34606532622       -122332.79148937544        1.6666666666666667     
  0.99999999999999967        16017.341434496368        122355.63564074882       -244704.36667036766       -122333.80532637163        1.6666666666666667     
  0.99999999999999967        17599.712892740477        122357.73809674168       -244707.53020459271       -122334.86641443640        1.6666666666666667     
  0.99999999999999967        19338.408635017957        122359.94089884438       -244710.84368446132       -122335.97710323049        1.6666666666666667     
  0.99999999999999967        21248.872115930579        122362.24892988935       -244714.31444921551       -122337.13984910076        1.6666666666666667     
  0.99999999999999967        23348.072466602567        122364.66731175198       -244717.95020621771       -122338.35723640789        1.6666666666666667     
  0.99999999999999967        25654.655218007138        122367.20141345833       -244721.75901992316       -122339.63196140555        1.6666666666666667     
  0.99999999999999967        28189.107914422690        122369.85685509963       -244726.02448383847       -122341.24199765077        1.6666666666666667     
  0.99999999999999967        30973.942088031490        122372.63953014607       -244729.93001594517       -122342.36486741656        1.6666666666666667     
  0.99999999999999967        34033.893210996866        122375.55561439837       -244734.61249379028       -122344.13127532753        1.6666666666666667     
  0.99999999999999967        37396.140401034543        122378.61157767805       -244739.21664715433       -122345.67948138269        1.6666666666666667     
  0.99999999999999967        41090.547831948330        122381.81420258216       -244743.37735261058       -122346.63757659723        1.6666666666666667     
  0.99999999999999967        45149.929993388396        122385.17059275377       -244749.09639159503       -122349.00024325530        1.6666666666666667     
  0.99999999999999967        49610.343155924194        122388.68820316969       -244754.39390534477       -122350.78016546504        1.6666666666666667     
  0.99999999999999967        54511.405630284746        122392.37483493243       -244759.94534226338       -122352.64498671029        1.6666666666666667     
  0.99999999999999967        59896.649665375269        122396.23867053833       -244764.96224295261       -122353.79807159923        1.6666666666666667     
  0.99999999999999967        65813.908110700824        122400.28828977769       -244770.18128188472       -122354.96751261211        1.6666666666666667     
  0.99999999999999967        72315.739277612462        122404.53267231390       -244776.49004028298       -122357.03190880254        1.6666666666666667     
  0.99999999999999967        79459.893773081320        122408.98123808282       -244784.94566072302       -122361.03898547420        1.6666666666666667     
  0.99999999999999967        87309.827452514452        122413.64386768422       -244791.96375072491       -122363.39446866914        1.6666666666666667     
  0.99999999999999967        95935.265047765482        122418.53089985404       -244799.31910123085       -122365.86281310415        1.6666666666666667     
  0.99999999999999967        105412.81947660017        122423.65318566428       -244807.02806826995       -122368.44951980718        1.6666666666666667     
  0.99999999999999967        115826.67233445158        122429.02209336928       -244812.88232735533       -122368.93489779036        1.6666666666666667     
   1.2589254117941668        1145.4238945146008       -24.319872222276334        37.978026095852549        33.218822146555951        1.6666666666666667     
   1.2589254117941668        1258.5816295658865       -23.464257741813068        36.636079861922795        32.732486994910467        1.6666666666666667     
   1.2589254117941668        1382.9183465323026       -22.572716741348327        35.246721459247283        32.234666052057221        1.6666666666666667     
   1.2589254117941668        1519.5384298079180       -21.643416194605148        33.799062888331314        31.716304336863015        1.6666666666666667     
   1.2589254117941668        1669.6553671827207       -20.674424255996055        32.293091752513789        31.179321291593673        1.6666666666666667     
   1.2589254117941668        1834.6025282917392       -19.663702670772075        30.725845853118031        30.622792962820682        1.6666666666666667     
   1.2589254117941668        2015.8450078794647       -18.609108437369070        29.087370361784657        30.038907516431578        1.6666666666666667     
   1.2589254117941668        2214.9926390738947       -17.508389208529717        27.387674553171301        29.439926565033208        1.6666666666666667     
   1.2589254117941668        2433.8142922567872       -16.359178324887054        25.624144502746329        28.825602833911233        1.6666666666666667     
   1.2589254117941668        2674.2535865356399       -15.158992335201930        23.778551816882398        28.180191371069423        1.6666666666666667     
   1.2589254117941668        2938.4461533699382       -13.905226477619925        21.854117603592506        27.509518035964145        1.6666666666666667     
   1.2589254117941668        3228.7386056907558       -12.595147930327707        19.846770230623576        26.812244007200903        1.6666666666666667     
   1.2589254117941668        3547.7093810013589       -11.225885399619285        17.752399466615586        26.087130335686219        1.6666666666666667     
   1.2589254117941668        3898.1916435915214       -9.7943648475690974        15.567910584193298        25.334156319674250        1.6666666666666667     
   1.2589254117941668        4283.2984492877622       -8.2969225567647857        13.298110495147272        24.561792574210529        1.6666666666666667     
   1.2589254117941668        4706.4503962580011       -6.7269270231168132        10.995256533760791        23.828927911061193        1.6666666666666667     
   1.2589254117941668        5171.4060074707995       -5.0617470146277928        8.9826981469228482        23.481542919245037        1.6666666666666667     
   1.2589254117941668        5682.2951146724545       -3.1988815139745701        8.6825097196137691        25.044212593960054        1.6666666666666667     
   1.2589254117941668        6243.6555404053270      -0.67672401734030663        16.309323266158088        35.193173620016253        1.6666666666666667     
   1.2589254117941668        6860.4734038846627        4.4150059655883647        56.132569320223574        80.108129434290859        1.6666666666666667     
   1.2589254117941668        7538.2274087390442        19.233788495252718        210.24419036158767        249.03847415077769        1.6666666666666667     
   1.2589254117941668        8282.9375059872891        68.035673510811165        729.98178964568797        817.57776462821619        1.6666666666666667     
   1.2589254117941668        9101.2183644864563        225.32974633719684        2316.6598289855024        2561.5492520780058        1.6666666666666667     
   1.2589254117941668        10000.338123786469        699.21237878416355        6717.2932114155383        7436.0633848717398        1.6666666666666667     
   1.2589254117941668        10988.282951246390        2019.9537235569255        17827.520830145506        19867.027102880740        1.6666666666666667     
   1.2589254117941668        12073.827976821940        5424.9491870891352        43756.158618627036        49200.646831521466        1.6666666666666667     
   1.2589254117941668        13266.615235581716        13568.354451428040        100060.26329253464        113648.12442714782        1.6666666666666667     
   1.2589254117941668        14577.239310253633        31703.244305086813        211495.43272511434        243218.11168810565        1.6666666666666667     
   1.2589254117941668        16017.341434496371        69458.579751326717        417283.02152799867        486760.88598722883        1.6666666666666667     
   1.2589254117941668        17599.712892740485        143240.69071335703        771366.31806493818        914626.00044999190        1.6666666666666667     
   1.2589254117941668        19338.408635017964        193929.31281624842       -387843.52539203118       -193895.42221911513        1.6666666666666667     
   1.2589254117941668        21248.872115930579        193932.57675081689       -387848.43731193920       -193897.07021813878        1.6666666666666667     
   1.2589254117941668        23348.072466602574        193935.99639862156       -387853.58189388661       -193898.79516660282        1.6666666666666667     
   1.2589254117941668        25654.655218007145        193939.57933833948       -387858.97051427094       -193900.60086201353        1.6666666666666667     
   1.2589254117941668        28189.107914422701        193943.33352283583       -387864.61514284404       -193902.49131967610        1.6666666666666667     
   1.2589254117941668        30973.942088031497        193947.26728173631       -387870.52829961316       -193904.47073325969        1.6666666666666667     
   1.2589254117941668        34033.893210996881        193951.38934293884       -387877.15019063593       -193906.97057944856        1.6666666666666667     
   1.2589254117941668        37396.140401034558        193955.70885660234       -387883.21326425229       -193908.71415768671        1.6666666666666667     
   1.2589254117941668        41090.547831948345        193960.23540143680       -387890.48225152260       -193911.45661779170        1.6666666666666667     
   1.2589254117941668        45149.929993388410        193964.97903153975       -387897.62959359598       -193913.86035068354        1.6666666666666667     
   1.2589254117941668        49610.343155924216        193969.95026278935       -387904.08847847907       -193915.34801965774        1.6666666666666667     
   1.2589254117941668        54511.405630284760        193975.16013960977       -387912.96620283381       -193919.01589103910        1.6666666666666667     
   1.2589254117941668        59896.649665375291        193980.62021016458       -387920.05793923559       -193920.64757945650        1.6666666666666667     
   1.2589254117941668        65813.908110700853        193986.34260531733       -387928.62093796348       -193923.48820383335        1.6666666666666667     
   1.2589254117941668        72315.739277612491        193992.34000985223       -387937.59446240001       -193926.46434660337        1.6666666666666667     
   1.2589254117941668        79459.893773081349        193998.62574557355       -387948.30115239974       -193930.88532548008        1.6666666666666667     
   1.2589254117941668        87309.827452514481        194005.21375636739       -387958.21911674517       -193934.21530606455        1.6666666666666667     
   1.2589254117941668        95935.265047765526        194012.11866043913       -387965.75121859182       -193934.84253416312        1.6666666666666667     
   1.2589254117941668        105412.81947660020        194019.35578939997       -387979.50679417129       -193941.36100685920        1.6666666666666667     
   1.2589254117941668        115826.67233445156        194026.94120052864       -387990.92376616562       -193945.19259687891        1.6666666666666667     
   1.5848931924611129        1145.4238945146008       -28.883498978191934        45.916366778216684        41.658299913783921        1.6666666666666667     
   1.5848931924611129        1258.5816295658865       -27.655367946225759        43.987240304437087        40.957300597355882        1.6666666666666667     
   1.5848931924611129        1382.9183465323026       -26.376733211654745        41.975126460679498        40.223817454646486        1.6666666666666667     
   1.5848931924611129        1519.5384298079180       -25.045071893312553        39.888503405519920        39.468851516247724        1.6666666666666667     
   1.5848931924611129        1669.6553671827205       -23.657709267404250        37.724187353182117        38.691893712975983        1.6666666666666667     
   1.5848931924611129        1834.6025282917392       -22.211812115652648        35.469418160329383        37.883017110234917        1.6666666666666667     
   1.5848931924611129        2015.8450078794647       -20.704387521181882        33.124216512122558        37.045235301289395        1.6666666666666667     
   1.5848931924611129        2214.9926390738947       -19.132281600870805        30.684022603552844        36.177142353247248        1.6666666666666667     
   1.5848931924611129        2433.8142922567868       -17.492171842095622        28.143984811265412        35.277209145605482        1.6666666666666667     
   1.5848931924611129        2674.2535865356399       -15.780565678400116        25.498965647251840        34.343790745265032        1.6666666666666667     
   1.5848931924611129        2938.4461533699377       -13.993792775891240        22.743531929903902        33.375124293857041        1.6666666666666667     
   1.5848931924611129        3228.7386056907549       -12.128000910490350        19.871955127961836        32.369333471090627        1.6666666666666667     
   1.5848931924611129        3547.7093810013580       -10.179148291408996        16.878200871550458        31.324425685602868        1.6666666666666667     
   1.5848931924611129        3898.1916435915205       -8.1429970950845583        13.755938132468200        30.238307718977488        1.6666666666666667     
   1.5848931924611129        4283.2984492877613       -6.0150948440628982        10.498609366379959        29.108874491384402        1.6666666666666667     
   1.5848931924611129        4706.4503962580011       -3.7907389130402298        7.0713705286988606        27.905984566846371        1.6666666666666667     
   1.5848931924611129        5171.4060074707995       -1.4647012182776924        3.5296882401202190        26.690332634971423        1.6666666666666667     
   1.5848931924611129        5682.2951146724554       0.97048298517861931       -8.8666943847594770E-002   25.507153972237528        1.6666666666666667     
   1.5848931924611129        6243.6555404053261        3.5343422902652910       -3.6529206771945026        24.506751455409500        1.6666666666666667     
   1.5848931924611129        6860.4734038846645        6.3091604948678537       -5.9018266513992259        25.032654931627068        1.6666666666666667     
   1.5848931924611129        7538.2274087390442        9.6730856383108215       -1.4935128193569920        32.804883294702151        1.6666666666666667     
   1.5848931924611129        8282.9375059872891        15.256781006734457        30.479052593447214        70.361126461437209        1.6666666666666667     
   1.5848931924611129        9101.2183644864563        29.449003077452545        166.64315670065938        220.71740786575091        1.6666666666666667     
   1.5848931924611129        10000.338123786469        74.884009612218733        655.17387119231216        754.68298555400781        1.6666666666666667     
   1.5848931924611129        10988.282951246392        224.16489941765869        2211.0379179539891        2459.8274511696422        1.6666666666666667     
   1.5848931924611129        12073.827976821940        688.73165089000668        6688.8216356760659        7402.1764547608445        1.6666666666666667     
   1.5848931924611129        13266.615235581716        2029.5180932385524        18570.646572867787        20624.783604422595        1.6666666666666667     
   1.5848931924611129        14577.239310253635        5607.0136136527235        46980.598956135800        52612.220221846605        1.6666666666666667     
   1.5848931924611129        16017.341434496378        14449.243480778658        111125.61743863490        125599.44067626777        1.6666666666666667     
   1.5848931924611129        17599.712892740492        34764.266553707799        241014.71667539291        275803.49889657926        1.6666666666666667     
   1.5848931924611129        19338.408635017968        78320.639227007137        493104.25721574575        571449.27469827503        1.6666666666666667     
   1.5848931924611129        21248.872115930590        165822.49646521310        937888.27817173745        1103734.8768452213        1.6666666666666667     
   1.5848931924611129        23348.072466602578        307367.77891332214       -614706.59930549935       -307315.16472981765        1.6666666666666667     
   1.5848931924611129        25654.655218007152        307372.84602184419       -614714.22603234090       -307317.72436324623        1.6666666666666667     
   1.5848931924611129        28189.107914422704        307378.15475438914       -614722.21371420450       -307320.40333205950        1.6666666666666667     
   1.5848931924611129        30973.942088031505        307383.71687671926       -614730.58005108102       -307323.20756477525        1.6666666666666667     
   1.5848931924611129        34033.893210996888        307389.54473827558       -614739.34360947134       -307326.14327522751        1.6666666666666667     
   1.5848931924611129        37396.140401034572        307395.65126982960       -614749.15652492561       -307329.84968355682        1.6666666666666667     
   1.5848931924611129        41090.547831948345        307402.05001471797       -614758.14105990017       -307332.43548642687        1.6666666666666667     
   1.5848931924611129        45149.929993388425        307408.75518105086       -614768.21665779210       -307335.80594334746        1.6666666666666667     
   1.5848931924611129        49610.343155924224        307415.78163512395       -614778.77295817342       -307339.33581349358        1.6666666666666667     
   1.5848931924611129        54511.405630284775        307423.14497950836       -614790.59635779820       -307343.79588903720        1.6666666666666667     
   1.5848931924611129        59896.649665375313        307430.86155545368       -614800.62292369641       -307346.10590362764        1.6666666666666667     
   1.5848931924611129        65813.908110700868        307438.94847333257       -614814.40398586332       -307351.80007434252        1.6666666666666667     
   1.5848931924611129        72315.739277612520        307447.42369429913       -614827.16905943619       -307356.08995006181        1.6666666666666667     
   1.5848931924611129        79459.893773081363        307456.30601812160       -614840.54563679977       -307360.58423586213        1.6666666666666667     
   1.5848931924611129        87309.827452514510        307465.61515909067       -614852.63416091283       -307363.36364641396        1.6666666666666667     
   1.5848931924611129        95935.265047765541        307475.37177922425       -614869.25354935462       -307370.22644847917        1.6666666666666667     
   1.5848931924611129        105412.81947660023        307485.59753119736       -614884.64860383165       -307375.39577816491        1.6666666666666667     
   1.5848931924611129        115826.67233445161        307496.31509745889       -614900.78268513107       -307380.81232971430        1.6666666666666667     
   1.9952623149688791        1145.4238945146008       -34.166292699053265        55.713685681574205        52.548986380863468        1.6666666666666667     
   1.9952623149688791        1258.5816295658863       -32.400161159282604        52.921110214921441        51.522538028070201        1.6666666666666667     
   1.9952623149688791        1382.9183465323026       -30.562733124491587        50.014873640793702        50.453724884154425        1.6666666666666667     
   1.9952623149688791        1519.5384298079180       -28.650606141705296        47.008522917316199        49.359496352376567        1.6666666666666667     
   1.9952623149688791        1669.6553671827207       -26.660131671035849        43.873116819450715        48.214559736269457        1.6666666666666667     
   1.9952623149688791        1834.6025282917392       -24.587420858947198        40.628659721850553        47.042808257338379        1.6666666666666667     
   1.9952623149688791        2015.8450078794647       -22.428343234326380        37.250218987110884        45.823439736625701        1.6666666666666667     
   1.9952623149688791        2214.9926390738947       -20.178518716159029        33.738095717704411        44.561135347544521        1.6666666666666667     
   1.9952623149688791        2433.8142922567868       -17.833317298300855        30.085712531295453        43.253947702736582        1.6666666666666667     
   1.9952623149688791        2674.2535865356399       -15.387855370157704        26.286043249501247        41.899734220042525        1.6666666666666667     
   1.9952623149688791        2938.4461533699373       -12.836986171159195        22.331603068216744        40.496156846127192        1.6666666666666667     
   1.9952623149688791        3228.7386056907553       -10.175294832618214        18.214450928619957        39.040689374438692        1.6666666666666667     
   1.9952623149688791        3547.7093810013580       -7.3970915818430472        13.926187568564139        37.530622303779047        1.6666666666666667     
   1.9952623149688791        3898.1916435915196       -4.4963990441768971        9.4579390563865751        35.963059060344904        1.6666666666666667     
   1.9952623149688791        4283.2984492877595       -1.4669477689506083        4.8003613349519307        34.334925022472234        1.6666666666666667     
   1.9952623149688791        4706.4503962579993        1.6978424642563883       -5.6379470882439220E-002   32.642966519465872        1.6666666666666667     
   1.9952623149688791        5171.4060074707977        5.0048720293501292       -5.1225551375627534        30.883812131322383        1.6666666666666667     
   1.9952623149688791        5682.2951146724527        8.4613973303985084       -10.408423527242160        29.054460379753909        1.6666666666666667     
   1.9952623149688791        6243.6555404053233        12.075225863398645       -15.920946207603714        27.155757176462473        1.6666666666666667     
   1.9952623149688791        6860.4734038846600        15.855910273302715       -21.691584064035847        25.165794255739367        1.6666666666666667     
   1.9952623149688791        7538.2274087390415        19.822021369790278       -27.411626536023192        23.411852940709302        1.6666666666666667     
   1.9952623149688791        8282.9375059872855        24.040460635973048       -32.374053891991771        22.667854280307360        1.6666666666666667     
   1.9952623149688791        9101.2183644864508        28.816756001279362       -32.083705434984509        27.734486133175476        1.6666666666666667     
   1.9952623149688791        10000.338123786467        35.516441100708725       -8.2208010624931021        58.297058816687688        1.6666666666666667     
   1.9952623149688791        10988.282951246387        49.729723461330686        108.65349187543373        189.38459849794717        1.6666666666666667     
   1.9952623149688791        12073.827976821936        92.167233639583756        553.65808559769209        676.82659605460185        1.6666666666666667     
   1.9952623149688791        13266.615235581712        232.23937282265524        2041.6877145030639        2304.9280131280530        1.6666666666666667     
   1.9952623149688791        14577.239310253630        680.86682641938273        6548.3223864820839        7260.1890144827748        1.6666666666666667     
   1.9952623149688791        16017.341434496366        2021.0176446757380        18904.213521883416        20956.227609851401        1.6666666666666667     
   1.9952623149688791        17599.712892740477        5723.3864725251624        49944.714151676264        55699.087789684447        1.6666666666666667     
   1.9952623149688791        19338.408635017957        15187.028291562267        121601.61523360368        136819.60697509523        1.6666666666666667     
   1.9952623149688791        21248.872115930575        37636.141670476114        272533.43896936974        310200.48783384194        1.6666666666666667     
   1.9952623149688791        23348.072466602564        87243.964879684398        575069.88799428998        662344.63575534860        1.6666666666666667     
   1.9952623149688791        25654.655218007138        189774.33420198908        1119060.2122300330        1308865.0723822317        1.6666666666666667     
   1.9952623149688791        28189.107914422686        388777.03717109840        2067273.8841979839        2456080.9486328852        1.6666666666666667     
   1.9952623149688791        30973.942088031486        487165.57290669548       -974275.35278943530       -487079.99917758990        1.6666666666666667     
   1.9952623149688791        34033.893210996859        487173.81436109351       -974287.75496726111       -487084.15992438479        1.6666666666666667     
   1.9952623149688791        37396.140401034543        487182.44903185812       -974300.74465973699       -487088.51496634074        1.6666666666666667     
   1.9952623149688791        41090.547831948323        487191.49606319232       -974314.35069408838       -487093.07398507779        1.6666666666666667     
   1.9952623149688791        45149.929993388403        487200.97554148029       -974328.60320933210       -487097.84705069830        1.6666666666666667     
   1.9952623149688791        49610.343155924187        487210.90848766681       -974343.53383315308       -487102.84475220740        1.6666666666666667     
   1.9952623149688791        54511.405630284746        487221.31694782065       -974359.17573098373       -487108.07820594317        1.6666666666666667     
   1.9952623149688791        59896.649665375277        487232.22401192709       -974375.56351279607       -487113.55896817689        1.6666666666666667     
   1.9952623149688791        65813.908110700824        487243.65389930404       -974391.54930219520       -487118.11489515402        1.6666666666666667     
   1.9952623149688791        72315.739277612476        487255.63194806059       -974411.96527686832       -487126.55284033233        1.6666666666666667     
   1.9952623149688791        79459.893773081320        487268.18476123945       -974430.87563692802       -487132.91043109505        1.6666666666666667     
   1.9952623149688791        87309.827452514452        487281.34019423154       -974450.69105085300       -487139.57045081421        1.6666666666666667     
   1.9952623149688791        95935.265047765482        487295.12743281334       -974468.59817696607       -487143.69036613626        1.6666666666666667     
   1.9952623149688791        105412.81947660014        487309.57706678211       -974490.22031011793       -487150.86290398164        1.6666666666666667     
   1.9952623149688791        115826.67233445152        487324.72118569369       -974516.01782486890       -487161.51633213146        1.6666666666666667     
   2.5118864315095797        1145.4238945146008       -40.334940001714465        68.113613479743378        66.807379944269968        1.6666666666666667     
   2.5118864315095797        1258.5816295658865       -37.791671415686025        64.077344439597553        65.314374429506444        1.6666666666666667     
   2.5118864315095797        1382.9183465323028       -35.146974443390278        59.887371241440619        63.769092939255032        1.6666666666666667     
   2.5118864315095797        1519.5384298079180       -32.396392898841256        55.534962652288947        62.167260418901449        1.6666666666666667     
   2.5118864315095797        1669.6553671827210       -29.535091554528016        51.014537544054512        60.508130959944467        1.6666666666666667     
   2.5118864315095797        1834.6025282917396       -26.557838292755985        46.319704410372552        58.790545161726740        1.6666666666666667     
   2.5118864315095797        2015.8450078794651       -23.459028714277206        41.453316939073105        57.022961099955523        1.6666666666666667     
   2.5118864315095797        2214.9926390738947       -20.232668837130710        36.377461915545069        55.173459531943728        1.6666666666666667     
   2.5118864315095797        2433.8142922567877       -16.872382576666787        31.124341770048904        53.280618956675383        1.6666666666666667     
   2.5118864315095797        2674.2535865356408       -13.371400918550977        25.653327713034187        51.310579590345320        1.6666666666666667     
   2.5118864315095797        2938.4461533699387       -9.7225683777741239        19.964742732092652        49.270819886709518        1.6666666666666667     
   2.5118864315095797        3228.7386056907553       -5.9183221076256833        14.023182904215759        47.133498757636538        1.6666666666666667     
   2.5118864315095797        3547.7093810013589       -1.9506869320420159        7.8908304024167659        44.968773533031005        1.6666666666666667     
   2.5118864315095797        3898.1916435915205        2.1887223014312980        1.4817050357635182        42.699049159679454        1.6666666666666667     
   2.5118864315095797        4283.2984492877613        6.5087346833015625       -5.2205416848932567        40.316806221510525        1.6666666666666667     
   2.5118864315095797        4706.4503962580002        11.018611217760370       -12.145853489936851        37.901361975430220        1.6666666666666667     
   2.5118864315095797        5171.4060074707995        15.728085680627657       -19.392484539354754        35.364196013989016        1.6666666666666667     
   2.5118864315095797        5682.2951146724563        20.647369107610434       -26.947757931775026        32.728196256195545        1.6666666666666667     
   2.5118864315095797        6243.6555404053288        25.787163275822355       -34.827662636590219        29.988075489258311        1.6666666666666667     
   2.5118864315095797        6860.4734038846664        31.158702874196305       -43.048657800875858        27.138609231757396        1.6666666666666667     
   2.5118864315095797        7538.2274087390488        36.773903594783988       -51.625511131434763        24.176945445600538        1.6666666666666667     
   2.5118864315095797        8282.9375059872946        42.646174403113442       -60.556338214915236        21.118377478701795        1.6666666666666667     
   2.5118864315095797        9101.2183644864599        48.795682631540956       -69.733396861011045        18.090814820904626        1.6666666666666667     
   2.5118864315095797        10000.338123786474        55.279190141264785       -78.469411041884570        15.838295244295558        1.6666666666666667     
   2.5118864315095797        10988.282951246398        62.341898050896681       -83.365497458627857        18.004902680062422        1.6666666666666667     
   2.5118864315095797        12073.827976821947        71.107097600629544       -68.685257186415328        41.450325051250829        1.6666666666666667     
   2.5118864315095797        13266.615235581725        86.370342315883036        27.876489255166092        153.27528582868018        1.6666666666666667     
   2.5118864315095797        14577.239310253644        126.71066941433172        424.34003093119929        590.07907430163846        1.6666666666666667     
   2.5118864315095797        16017.341434496382        257.21599823698062        1828.6922560774981        2124.9363684975028        1.6666666666666667     
   2.5118864315095797        17599.712892740496        684.39145434255602        6231.9845540361457        6955.4032722769389        1.6666666666666667     
   2.5118864315095797        19338.408635017975        2003.2932303187329        18896.808821425224        20939.126690294139        1.6666666666666667     
   2.5118864315095797        21248.872115930597        5776.5260875768890        51926.819816867843        57742.363032278110        1.6666666666666667     
   2.5118864315095797        23348.072466602589        15757.069298927119        131055.42008114807        146851.48664117212        1.6666666666666667     
   2.5118864315095797        25654.655218007159        40219.988500840074        303790.53156828386        344049.46863555454        1.6666666666666667     
   2.5118864315095797        28189.107914422715        95979.643999994296        661653.21936699236        757671.70094251307        1.6666666666666667     
   2.5118864315095797        30973.942088031516        214640.00012602587        1326819.1500493232        1541497.7515527038        1.6666666666666667     
   2.5118864315095797        34033.893210996896        451350.93553291343        2521335.3172862432        2972724.3830182962        1.6666666666666667     
   2.5118864315095797        37396.140401034580        772120.00285961805       -1544144.6470039650       -771987.15244670003        1.6666666666666667     
   2.5118864315095797        41090.547831948359        772132.79732087837       -1544163.9037320986       -771993.61474439583        1.6666666666666667     
   2.5118864315095797        45149.929993388439        772146.20192398643       -1544184.0720119134       -772000.37844050804        1.6666666666666667     
   2.5118864315095797        49610.343155924238        772160.24643577368       -1544205.1965526976       -772007.45849037974        1.6666666666666667     
   2.5118864315095797        54511.405630284789        772174.96201177314       -1544227.3242146266       -772014.87061123620        1.6666666666666667     
   2.5118864315095797        59896.649665375335        772190.38128630561       -1544250.5040572770       -772022.63121373055        1.6666666666666667     
   2.5118864315095797        65813.908110700882        772206.53848969005       -1544276.4616204505       -772032.43162428180        1.6666666666666667     
   2.5118864315095797        72315.739277612534        772223.46945967793       -1544300.2285252779       -772039.26756921248        1.6666666666666667     
   2.5118864315095797        79459.893773081378        772241.21178078104       -1544326.8834212353       -772048.18019486859        1.6666666666666667     
   2.5118864315095797        87309.827452514524        772259.80481614254       -1544352.8848242001       -772055.58859863249        1.6666666666666667     
   2.5118864315095797        95935.265047765584        772279.28983527748       -1544386.0934251053       -772069.31222530524        1.6666666666666667     
   2.5118864315095797        105412.81947660023        772299.71006871318       -1544416.8533956574       -772079.65195350558        1.6666666666666667     
   2.5118864315095797        115826.67233445162        772321.11082700314       -1544444.6508869929       -772086.04875516100        1.6666666666666667     
   3.1622776601683786        1145.4238945146008       -47.696117571896629        84.389966603767022        85.828093960833641        1.6666666666666667     
   3.1622776601683786        1258.5816295658867       -44.032365870006799        78.586385041211372        83.688258306438200        1.6666666666666667     
   3.1622776601683786        1382.9183465323028       -40.222492020706063        72.545907940087830        81.457649032656008        1.6666666666666667     
   3.1622776601683786        1519.5384298079184       -36.260967852285155        66.264214493300557        79.137473488523909        1.6666666666666667     
   3.1622776601683786        1669.6553671827214       -32.141625508695128        59.728973550993544        76.721568377769373        1.6666666666666667     
   3.1622776601683786        1834.6025282917396       -27.857685247875928        52.946219100518221        74.222747413878025        1.6666666666666667     
   3.1622776601683786        2015.8450078794651       -23.401740678926274        45.901252773823792        71.633718611182530        1.6666666666666667     
   3.1622776601683786        2214.9926390738951       -18.765783816020722        38.584523124015966        68.952938492385101        1.6666666666666667     
   3.1622776601683786        2433.8142922567877       -13.941193101987441        30.985228194050944        66.178226650258537        1.6666666666666667     
   3.1622776601683786        2674.2535865356408       -8.9187407166253152        23.091359861118583        63.306802761971007        1.6666666666666667     
   3.1622776601683786        2938.4461533699387       -3.6885927239210883        14.889732589191132        60.335315213278570        1.6666666666666667     
   3.1622776601683786        3228.7386056907562        1.7597007714708963        6.3835794753488742        57.277446978554991        1.6666666666666667     
   3.1622776601683786        3547.7093810013589        7.4372069680669135       -2.4770373914331252        54.094327330968483        1.6666666666666667     
   3.1622776601683786        3898.1916435915214        13.355628749290293       -11.691888367151957        50.797888778368090        1.6666666666666667     
   3.1622776601683786        4283.2984492877613        19.527308542234447       -21.278756749429501        47.382690430513861        1.6666666666666667     
   3.1622776601683786        4706.4503962580011        25.965247963259710       -31.256569027242076        43.842807394567018        1.6666666666666667     
   3.1622776601683786        5171.4060074707995        32.683116959785501       -41.688799657165866        40.128435140914469        1.6666666666666667     
   3.1622776601683786        5682.2951146724554        39.695298604735136       -52.511778546645992        36.317626808725656        1.6666666666666667     
   3.1622776601683786        6243.6555404053279        47.016882747789666       -63.742186262203418        32.408791657742256        1.6666666666666667     
   3.1622776601683786        6860.4734038846664        54.663708703260461       -75.496206152681651        28.301585632272499        1.6666666666666667     
   3.1622776601683786        7538.2274087390479        62.652386926098778       -87.753339142000186        24.033118236740215        1.6666666666666667     
   3.1622776601683786        8282.9375059872928        71.000338762324304       -100.53946158274891        19.594934430342647        1.6666666666666667     
   3.1622776601683786        9101.2183644864617        79.725915631038276       -113.99300468596081        14.866954401589425        1.6666666666666667     
   3.1622776601683786        10000.338123786478        88.848965393111655       -127.79024751692214        10.192746907567170        1.6666666666666667     
   3.1622776601683786        10988.282951246400        98.394562095546547       -142.20929484962369        5.3192811851613300        1.6666666666666667     
   3.1622776601683786        12073.827976821951        108.41514262527501       -156.63816549483386       0.91097522341716797        1.6666666666666667     
   3.1622776601683786        13266.615235581725        119.10899579552442       -168.47890025910772      -0.23592328256231099        1.6666666666666667     
   3.1622776601683786        14577.239310253646        131.38641463997479       -164.22621947573461        16.294156936480078        1.6666666666666667     
   3.1622776601683786        16017.341434496386        149.28234126187445       -91.222315232330942        107.19395949909611        1.6666666666666667     
   3.1622776601683786        17599.712892740499        189.13518725237876        254.20926155861818        492.47831927287848        1.6666666666666667     
   3.1622776601683786        19338.408635017979        310.79741324320963        1544.4803786892633        1904.4114700345817        1.6666666666666667     
   3.1622776601683786        21248.872115930601        712.64817121601925        5806.1694481150562        6567.9506620617194        1.6666666666666667     
   3.1622776601683786        23348.072466602589        1991.0564128505130        18520.640275151713        20560.827709368521        1.6666666666666667     
   3.1622776601683786        25654.655218007170        5777.3064842169952        52766.230809931876        58592.662328816048        1.6666666666666667     
   3.1622776601683786        28189.107914422719        16145.869331763164        139045.64678217741        155240.62475431582        1.6666666666666667     
   3.1622776601683786        30973.942088031523        42424.005164129674        335690.30676682462        378163.37902189628        1.6666666666666667     
   3.1622776601683786        34033.893210996910        104255.12913585802        746218.62211615848        850522.72057883698        1.6666666666666667     
   3.1622776601683786        37396.140401034594        239843.51349063465        1562388.4271624151        1802280.6955943780        1.6666666666666667     
   3.1622776601683786        41090.547831948374        518061.54107476800        3037262.2267325921        3555372.0828209859        1.6666666666666667     
   3.1622776601683786        45149.929993388447        1054409.7067982606        5536150.3771388680        6590607.5508889426        1.6666666666666667     
   3.1622776601683786        49610.343155924253        1223764.3367056716       -2447360.8278567963       -1223549.2918888968        1.6666666666666667     
   3.1622776601683786        54511.405630284804        1223785.1464592465       -2447393.2693116283       -1223560.9237048517        1.6666666666666667     
   3.1622776601683786        59896.649665375357        1223806.9491647419       -2447423.9114756119       -1223569.7631788584        1.6666666666666667     
   3.1622776601683786        65813.908110700897        1223829.7932324558       -2447458.2660532999       -1223581.2737158211        1.6666666666666667     
   3.1622776601683786        72315.739277612549        1223853.7293039009       -2447494.2532629659       -1223593.3249150971        1.6666666666666667     
   3.1622776601683786        79459.893773081407        1223878.8105187535       -2447531.9529784471       -1223605.9434178311        1.6666666666666667     
   3.1622776601683786        87309.827452514553        1223905.0925170064       -2447571.4487256631       -1223619.1571979825        1.6666666666666667     
   3.1622776601683786        95935.265047765599        1223932.6336384015       -2447612.8282184936       -1223632.9956564407        1.6666666666666667     
   3.1622776601683786        105412.81947660027        1223961.4949782202       -2447659.1737674391       -1223650.4798824273        1.6666666666666667     
   3.1622776601683786        115826.67233445164        1223991.7405688607       -2447704.7439132454       -1223665.8045080050        1.6666666666666667     
   3.9810717055349714        1145.4238945146005       -56.824129084636269        106.62543646739718        111.65767357276539        1.6666666666666667     
   3.9810717055349714        1258.5816295658860       -51.552920157384854        98.329640383267076        108.63307979538271        1.6666666666666667     
   3.9810717055349714        1382.9183465323024       -46.067274924002064        89.666046887252222        105.45512464448214        1.6666666666666667     
   3.9810717055349714        1519.5384298079175       -40.360917213094069        80.633088893757289        102.12851719400109        1.6666666666666667     
   3.9810717055349714        1669.6553671827205       -34.426544372484642        71.227032301003533        98.656825988180742        1.6666666666666667     
   3.9810717055349714        1834.6025282917394       -28.255833182850463        61.441973793232506        95.042470916891006        1.6666666666666667     
   3.9810717055349714        2015.8450078794649       -21.839461078111228        51.280214824756783        91.297075999827300        1.6666666666666667     
   3.9810717055349714        2214.9926390738947       -15.167112581791661        40.711306005616521        87.400507295809064        1.6666666666666667     
   3.9810717055349714        2433.8142922567868       -8.2274893023025069        29.710568125621180        83.339383981390029        1.6666666666666667     
   3.9810717055349714        2674.2535865356399       -1.0083143646114030        18.330884650528109        79.178866376861052        1.6666666666666667     
   3.9810717055349714        2938.4461533699377        6.5036314287535886        6.4646349113322730        74.824552994820579        1.6666666666666667     
   3.9810717055349714        3228.7386056907558        14.322556510237884       -5.8112733619937096        70.367559981720717        1.6666666666666667     
   3.9810717055349714        3547.7093810013585        22.463618498659688       -18.615914091932215        65.703971014742521        1.6666666666666667     
   3.9810717055349714        3898.1916435915200        30.942935472229905       -31.868117918434336        60.931073517281860        1.6666666666666667     
   3.9810717055349714        4283.2984492877604        39.777623737364358       -45.670510273217523        55.963358330493897        1.6666666666666667     
   3.9810717055349714        4706.4503962580002        48.985773694964948       -60.022375514849045        50.819631480330372        1.6666666666666667     
   3.9810717055349714        5171.4060074707995        58.586500508768509       -74.951120122466463        45.491601628189599        1.6666666666666667     
   3.9810717055349714        5682.2951146724545        68.599932345612530       -90.485907374110297        39.970233642074362        1.6666666666666667     
   3.9810717055349714        6243.6555404053270        79.047277617028129       -106.72528422495770        34.178188940805001        1.6666666666666667     
   3.9810717055349714        6860.4734038846636        89.950810035489752       -123.49951078953011        28.307481097377277        1.6666666666666667     
   3.9810717055349714        7538.2274087390451        101.33394536981579       -141.04583672704734        22.144276199653561        1.6666666666666667     
   3.9810717055349714        8282.9375059872909        113.22124986529739       -159.33331807612547        15.744084419796550        1.6666666666666667     
   3.9810717055349714        9101.2183644864581        125.63852387637969       -178.40049862133225        9.0941622901825525        1.6666666666666667     
   3.9810717055349714        10000.338123786474        138.61277493650971       -198.28768926215744        2.1812064191451270        1.6666666666666667     
   3.9810717055349714        10988.282951246400        152.17239572295114       -219.03624416921247       -5.0077447386370864        1.6666666666666667     
   3.9810717055349714        12073.827976821949        166.34756834945807       -240.68165717071017       -12.478002914184998        1.6666666666666667     
   3.9810717055349714        13266.615235581727        181.17278497618742       -263.20742323560376       -20.178570969335937        1.6666666666666667     
   3.9810717055349714        14577.239310253648        196.70305551059687       -286.27344614341115       -27.714342846183229        1.6666666666666667     
   3.9810717055349714        16017.341434496388        213.10418017481268       -308.00736386459084       -33.047156510070181        1.6666666666666667     
   3.9810717055349714        17599.712892740499        231.10727239626721       -317.57266670770241       -24.609389735636483        1.6666666666666667     
   3.9810717055349714        19338.408635017975        254.04576779767896       -269.30393914191927        46.597804416784385        1.6666666666666667     
   3.9810717055349714        21248.872115930601        296.00530370749169        18.326296839666156        376.18752363197535        1.6666666666666667     
   3.9810717055349714        23348.072466602593        410.94711106634099        1172.2533133824077        1645.0562031906809        1.6666666666666667     
   3.9810717055349714        25654.655218007167        785.80897345475194        5203.7787103372293        6051.4429917111938        1.6666666666666667     
   3.9810717055349714        28189.107914422719        2007.2468566036107        17753.869442179901        19822.970072717155        1.6666666666666667     
   3.9810717055349714        30973.942088031527        5747.9846471902265        53277.891743080421        59087.725466152668        1.6666666666666667     
   3.9810717055349714        34033.893210996910        16356.126644150683        145147.36995208700        161565.33234926063        1.6666666666666667     
   3.9810717055349714        37396.140401034587        44173.440908689881        363174.91562396608        407410.15734760114        1.6666666666666667     
   3.9810717055349714        41090.547831948381        111791.01144152319        839889.44296990545        951742.17030284135        1.6666666666666667     
   3.9810717055349714        45149.929993388454        264705.72515238001        1803802.4277319373        2068569.6767369786        1.6666666666666667     
   3.9810717055349714        49610.343155924260        587709.92791131278        3612587.4467803282        4200358.4928742051        1.6666666666666667     
   3.9810717055349714        54511.405630284818        1227577.8576097244        6772899.6319850180        8000537.8041649889        1.6666666666666667     
   3.9810717055349714        59896.649665375357        1939553.6378272211       -3878832.8467955487       -1939219.7886135022        1.6666666666666667     
   3.9810717055349714        65813.908110700911        1939585.9438477503       -3878879.8708370561       -1939234.5066377905        1.6666666666666667     
   3.9810717055349714        72315.739277612578        1939619.7907028701       -3878930.7943373821       -1939251.5833092819        1.6666666666666667     
   3.9810717055349714        79459.893773081436        1939655.2534848666       -3878984.1326072249       -1939269.4588585207        1.6666666666666667     
   3.9810717055349714        87309.827452514568        1939692.4108454813       -3879040.0041972185       -1939288.1730946701        1.6666666666666667     
   3.9810717055349714        95935.265047765613        1939731.3452866410       -3879098.5330024562       -1939307.7674636906        1.6666666666666667     
   3.9810717055349714        105412.81947660029        1939772.1431461256       -3879159.8485648809       -1939328.2853043850        1.6666666666666667     
   3.9810717055349714        115826.67233445166        1939814.8950077244       -3879224.0872145481       -1939349.7722017823        1.6666666666666667     
   5.0118723362727211        1145.4238945146005       -68.769904584154659        138.16251663682476        147.26518231728255        1.6666666666666667     
   5.0118723362727211        1258.5816295658863       -61.214700148241739        126.45563724460123        143.11349982629960        1.6666666666666667     
   5.0118723362727211        1382.9183465323022       -53.336994321858640        114.15199149305572        138.68755204541122        1.6666666666666667     
   5.0118723362727211        1519.5384298079173       -45.130870652816384        101.26302263758595        134.00469867212641        1.6666666666666667     
   5.0118723362727211        1669.6553671827203       -36.588769385744946        87.791129027845557        129.07489780488265        1.6666666666666667     
   5.0118723362727211        1834.6025282917385       -27.701478500136023        73.735346135079112        123.90639693112341        1.6666666666666667     
   5.0118723362727211        2015.8450078794642       -18.458138979959458        59.091283233807168        118.50566432779850        1.6666666666666667     
   5.0118723362727211        2214.9926390738942       -8.8462924968605936        43.851132654125884        112.87735064144589        1.6666666666666667     
   5.0118723362727211        2433.8142922567868        1.1481460140309512        28.003631266160191        107.02427779216036        1.6666666666666667     
   5.0118723362727211        2674.2535865356394        11.540828647180630        11.517382565545491        100.93070135818493        1.6666666666666667     
   5.0118723362727211        2938.4461533699377        22.348966939131394       -5.5578339091551285        94.663612394279937        1.6666666666666667     
   5.0118723362727211        3228.7386056907553        33.591327333897020       -23.363939370750423        88.099856109422149        1.6666666666666667     
   5.0118723362727211        3547.7093810013575        45.288213683995963       -41.820719256145537        81.339950903049399        1.6666666666666667     
   5.0118723362727211        3898.1916435915196        57.461447315090318       -60.951216305223603        74.382675342851485        1.6666666666666667     
   5.0118723362727211        4283.2984492877595        70.134365793269666       -80.862856174899150        67.143941310991664        1.6666666666666667     
   5.0118723362727211        4706.4503962579984        83.331852708417529       -101.59396740684815        59.610303820940629        1.6666666666666667     
   5.0118723362727211        5171.4060074707977        97.080322531653010       -123.05310491234489        51.899622422682242        1.6666666666666667     
   5.0118723362727211        5682.2951146724536        111.40776047570566       -145.40735483651190        43.872796153895564        1.6666666666666667     
   5.0118723362727211        6243.6555404053252        126.34374725155939       -168.65627989750411        35.559842966784629        1.6666666666666667     
   5.0118723362727211        6860.4734038846636        141.91944543790962       -192.84481066529082        26.946994842144335        1.6666666666666667     
   5.0118723362727211        7538.2274087390424        158.16771555746578       -218.02084650728921        18.019212915833208        1.6666666666666667     
   5.0118723362727211        8282.9375059872891        175.12310643328794       -244.34471668443470        8.6507166856928848        1.6666666666666667     
   5.0118723362727211        9101.2183644864563        192.82190456473364       -271.54130256046949      -0.84708870844602302        1.6666666666666667     
   5.0118723362727211        10000.338123786472        211.30224109845361       -299.99602135415273       -10.821489420295507        1.6666666666666667     
   5.0118723362727211        10988.282951246396        230.60412669003014       -329.65898562635545       -21.182587328249440        1.6666666666666667     
   5.0118723362727211        12073.827976821947        250.76948532833242       -360.59283977745065       -31.951102972500962        1.6666666666666667     
   5.0118723362727211        13266.615235581725        271.84233698195317       -393.13542436242358       -43.420856912537346        1.6666666666666667     
   5.0118723362727211        14577.239310253646        293.86908110038104       -426.53231857613741       -54.791028994186945        1.6666666666666667     
   5.0118723362727211        16017.341434496386        316.90025476690295       -461.63071472134027       -66.858274457336421        1.6666666666666667     
   5.0118723362727211        17599.712892740499        341.00207828330798       -497.95506974966031       -79.080830009517001        1.6666666666666667     
   5.0118723362727211        19338.408635017975        366.32384993383482       -534.30191037042505       -90.105924244894481        1.6666666666666667     
   5.0118723362727211        21248.872115930601        393.45453317962341       -561.08328501639539       -89.756642695630262        1.6666666666666667     
   5.0118723362727211        23348.072466602593        425.10455587868671       -542.57985560207328       -39.603222190640679        1.6666666666666667     
   5.0118723362727211        25654.655218007167        473.18264769486120       -319.04016807047537        232.01450921634080        1.6666666666666667     
   5.0118723362727211        28189.107914422719        585.38096619522798        694.45456970916734        1357.7074535973136        1.6666666666666667     
   5.0118723362727211        30973.942088031527        934.45255741784638        4404.1569728498598        5416.4810996567239        1.6666666666666667     
   5.0118723362727211        34033.893210996910        2086.6856998191975        16525.259488940595        18689.815608628043        1.6666666666666667     
   5.0118723362727211        37396.140401034587        5726.2947656361184        52300.025570921876        58104.187125202800        1.6666666666666667     
   5.0118723362727211        41090.547831948374        16412.790582462290        148109.85095717202        164600.49766689874        1.6666666666666667     
   5.0118723362727211        45149.929993388454        45422.000627462221        386836.36435797293        432336.19217218814        1.6666666666666667     
   5.0118723362727211        49610.343155924245        118321.82318468238        920401.08798437903        1038800.6656316627        1.6666666666666667     
   5.0118723362727211        54511.405630284804        288472.14943236491        2054014.7411752660        2342564.4753068523        1.6666666666666667     
   5.0118723362727211        59896.649665375342        658755.00543057523        4241303.9949760446        4900136.2156902784        1.6666666666666667     
   5.0118723362727211        65813.908110700911        1413116.3710649770        8184529.8459663959        9597722.6798130590        1.6666666666666667     
   5.0118723362727211        72315.739277612549        2857616.3856271529        14716844.792406471        17574536.199700184        1.6666666666666667     
   5.0118723362727211        79459.893773081407        3074053.8527279058       -6147636.9244130515       -3073508.2660494074        1.6666666666666667     
   5.0118723362727211        87309.827452514539        3074106.3975457922       -6147721.4347159592       -3073540.2315759952        1.6666666666666667     
   5.0118723362727211        95935.265047765584        3074161.4498700569       -6147798.8041238142       -3073562.5486185965        1.6666666666666667     
   5.0118723362727211        105412.81947660027        3074219.1319071976       -6147885.5479349215       -3073591.6105326409        1.6666666666666667     
   5.0118723362727211        115826.67233445165        3074279.5715708006       -6147976.4146314561       -3073622.0376727669        1.6666666666666667     
   6.3095734448019298        1145.4238945146010       -85.376331923875313        184.16496823384705        196.82441542041295        1.6666666666666667     
   6.3095734448019298        1258.5816295658865       -74.627899630414561        167.95603464384965        191.36390560324213        1.6666666666666667     
   6.3095734448019298        1382.9183465323024       -63.380506679996138        150.77015517587012        185.42541017230104        1.6666666666666667     
   6.3095734448019298        1519.5384298079175       -51.630968290041444        132.62671878474748        179.03150285543970        1.6666666666666667     
   6.3095734448019298        1669.6553671827201       -39.373637184580687        113.54127488609429        172.20338034936361        1.6666666666666667     
   6.3095734448019298        1834.6025282917390       -26.600281489702198        93.524825620795923        164.96027666225666        1.6666666666666667     
   6.3095734448019298        2015.8450078794642       -13.300075923974555        72.583446663761151        157.31909272701847        1.6666666666666667     
   6.3095734448019298        2214.9926390738947       0.54041631342600238        50.718004237579528        149.29413157757318        1.6666666666666667     
   6.3095734448019298        2433.8142922567868        14.937241457357025        27.923977654062973        140.89691871268613        1.6666666666666667     
   6.3095734448019298        2674.2535865356399        29.909025932748325        4.1913804598442930        132.13609413704839        1.6666666666666667     
   6.3095734448019298        2938.4461533699377        45.476949414825583       -20.495200520689309        123.01742430145450        1.6666666666666667     
   6.3095734448019298        3228.7386056907549        61.664723455744799       -46.182714317441288        113.51767171132087        1.6666666666666667     
   6.3095734448019298        3547.7093810013585        78.498528815275918       -72.791798103536095        103.74237995559277        1.6666666666666667     
   6.3095734448019298        3898.1916435915205        96.007039392198649       -100.48535287138536        93.557321886460713        1.6666666666666667     
   6.3095734448019298        4283.2984492877604        114.22131471437015       -129.30626331814207        82.950672328246043        1.6666666666666667     
   6.3095734448019298        4706.4503962580002        133.17491262901828       -159.18083659453035        72.029681953822092        1.6666666666666667     
   6.3095734448019298        5171.4060074707986        152.90371217486054       -190.14798992907302        60.791312514852365        1.6666666666666667     
   6.3095734448019298        5682.2951146724545        173.44609199969352       -222.38344603150063        49.098219969231252        1.6666666666666667     
   6.3095734448019298        6243.6555404053261        194.84283396721673       -255.95072491108752        36.927666085188633        1.6666666666666667     
   6.3095734448019298        6860.4734038846636        217.13716643650676       -290.70275780200211        24.469948034571559        1.6666666666666667     
   6.3095734448019298        7538.2274087390451        240.37484399118267       -326.91157933726123        11.498785625710411        1.6666666666666667     
   6.3095734448019298        8282.9375059872909        264.60415773991815       -364.57743209800577       -1.9377726116551912        1.6666666666666667     
   6.3095734448019298        9101.2183644864581        289.87595738648974       -403.77406932749835       -15.862630208454050        1.6666666666666667     
   6.3095734448019298        10000.338123786474        316.24381236806846       -444.57993900474901       -30.300665810522901        1.6666666666666667     
   6.3095734448019298        10988.282951246396        343.76401950908183       -487.25592618109744       -45.456467651618027        1.6666666666666667     
   6.3095734448019298        12073.827976821945        372.49566982413643       -531.35598543511810       -60.824899369715013        1.6666666666666667     
   6.3095734448019298        13266.615235581725        402.50083745185134       -577.50622736456808       -76.969997432535820        1.6666666666666667     
   6.3095734448019298        14577.239310253648        433.84464544423213       -625.62605607461296       -93.746042973478609        1.6666666666666667     
   6.3095734448019298        16017.341434496388        466.59531385064798       -676.24085613640068       -111.61020060039084        1.6666666666666667     
   6.3095734448019298        17599.712892740503        500.82460376553183       -728.18351266795071       -129.32359435059726        1.6666666666666667     
   6.3095734448019298        19338.408635017986        536.60895800262324       -782.80877935478838       -148.16453517996416        1.6666666666666667     
   6.3095734448019298        21248.872115930611        574.03756374589204       -839.61544389648247       -167.54262358649180        1.6666666666666667     
   6.3095734448019298        23348.072466602600        613.26165443765024       -897.53786494716189       -186.24098506527002        1.6666666666666667     
   6.3095734448019298        25654.655218007181        654.76803798819890       -950.79715952042795       -197.99392895596054        1.6666666666666667     
   6.3095734448019298        28189.107914422730        700.73660759312838       -967.26347019996172       -168.49170648924667        1.6666666666666667     
   6.3095734448019298        30973.942088031537        761.04967913733515       -810.52374658626115        48.561040922266329        1.6666666666666667     
   6.3095734448019298        34033.893210996917        877.02887844746363        41.103604393259388        1016.1674992403922        1.6666666666666667     
   6.3095734448019298        37396.140401034609        1205.2027844170450        3393.6772896677458        4696.9148305196013        1.6666666666666667     
   6.3095734448019298        41090.547831948395        2281.8055655292524        14951.678804613231        17331.518273450467        1.6666666666666667     
   6.3095734448019298        45149.929993388469        5771.4585802134397        50531.248637938013        56400.738355702488        1.6666666666666667     
   6.3095734448019298        49610.343155924267        16370.811190469174        150204.95777754631        166673.79170585456        1.6666666666666667     
   6.3095734448019298        54511.405630284833        46165.515201650240        405456.26884376700        451719.78317328170        1.6666666666666667     
   6.3095734448019298        59896.649665375371        123622.99278972932        1005583.9923385528        1129304.9228696718        1.6666666666666667     
   6.3095734448019298        65813.908110700941        310355.11682607478        2306092.5681764693        2616545.4747608337        1.6666666666666667     
   6.3095734448019298        72315.739277612593        729349.47891064698        4913393.9022135679        5642840.8388984213        1.6666666666666667     
   6.3095734448019298        79459.893773081465        1607890.5357691469        9704508.9390120879        11312496.236359909        1.6666666666666667     
   6.3095734448019298        87309.827452514612        3336255.3896709238        18179543.430535879        21515894.211987760        1.6666666666666667     
   6.3095734448019298        95935.265047765657        4872062.0358781116       -9743371.2450039759       -4871215.0345566599        1.6666666666666667     
   6.3095734448019298        105412.81947660034        4872143.6086940914       -9743494.0096846968       -4871256.2263353197        1.6666666666666667     
   6.3095734448019298        115826.67233445174        4872229.0725308824       -9743622.5875762105       -4871299.3403670397        1.6666666666666667     
   7.9432823472428113        1145.4238945146010       -109.70669227340605        252.05380332064905        265.76686874853493        1.6666666666666667     
   7.9432823472428113        1258.5816295658865       -94.605722921452696        230.30448738515264        259.11851265405801        1.6666666666666667     
   7.9432823472428113        1382.9183465323024       -78.711197748651273        206.91475737645797        251.62329781840501        1.6666666666666667     
   7.9432823472428113        1519.5384298079177       -62.026623290268539        181.92409212374176        243.31719651520788        1.6666666666666667     
   7.9432823472428113        1669.6553671827201       -44.552291640046761        155.35567435351209        234.22309939464549        1.6666666666666667     
   7.9432823472428113        1834.6025282917385       -26.284823267068308        127.27016452439888        224.40504643621586        1.6666666666666667     
   7.9432823472428113        2015.8450078794640       -7.2170127043116628        97.696926335563816        213.89960680722018        1.6666666666666667     
   7.9432823472428113        2214.9926390738942        12.662335931780211        66.626571815880936        202.70858841331798        1.6666666666666667     
   7.9432823472428113        2433.8142922567858        33.368550427833810        34.087034423238578        190.87525247701907        1.6666666666666667     
   7.9432823472428113        2674.2535865356385        54.921082733687740        4.8637838665541722E-002   178.38937463404247        1.6666666666666667     
   7.9432823472428113        2938.4461533699359        77.343543478170133       -35.387689631976187        165.37549381128446        1.6666666666666667     
   7.9432823472428113        3228.7386056907530        100.66364954700356       -72.338228119014985        151.74504671677485        1.6666666666666667     
   7.9432823472428113        3547.7093810013548        124.91316419140324       -110.82792559600759        137.50484859239370        1.6666666666666667     
   7.9432823472428113        3898.1916435915164        150.12790604922799       -150.76869919045862        122.77880097312681        1.6666666666666667     
   7.9432823472428113        4283.2984492877558        176.34763560000488       -192.35785695544422        107.40935628395277        1.6666666666666667     
   7.9432823472428113        4706.4503962579938        203.61601564257165       -235.43141039969692        91.604165711163091        1.6666666666666667     
   7.9432823472428113        5171.4060074707941        231.98064063243859       -280.25662394313065        75.143559310326083        1.6666666666666667     
   7.9432823472428113        5682.2951146724481        261.49290015719782       -326.90619039084714        58.006233827950325        1.6666666666666667     
   7.9432823472428113        6243.6555404053197        292.20805254441137       -375.26340084012810        40.364156392794314        1.6666666666666667     
   7.9432823472428113        6860.4734038846573        324.18518798977249       -425.49723761926441        22.107434947207196        1.6666666666666667     
   7.9432823472428113        7538.2274087390379        357.48718575468985       -477.58499228861479        3.3216570691525362        1.6666666666666667     
   7.9432823472428113        8282.9375059872818        392.18085122324919       -531.82936833504459       -16.229075346258924        1.6666666666666667     
   7.9432823472428113        9101.2183644864472        428.33697522444413       -588.46027763255609       -36.703883420420084        1.6666666666666667     
   7.9432823472428113        10000.338123786461        466.03018987632373       -646.88356643851739       -57.433981278244744        1.6666666666666667     
   7.9432823472428113        10988.282951246385        505.33933931046312       -707.91373365274467       -79.155023809785177        1.6666666666666667     
   7.9432823472428113        12073.827976821934        546.34739346004210       -771.43827055821737       -101.67153240356447        1.6666666666666667     
   7.9432823472428113        13266.615235581708        589.14163210343668       -837.58549385728770       -125.02454394187924        1.6666666666666667     
   7.9432823472428113        14577.239310253628        633.81372817418821       -906.49099086998353       -149.25797303169037        1.6666666666666667     
   7.9432823472428113        16017.341434496368        680.45992332206993       -978.29782861860122       -174.41864499511911        1.6666666666666667     
   7.9432823472428113        17599.712892740477        729.18127569152898       -1053.1568336492196       -200.55632836906068        1.6666666666666667     
   7.9432823472428113        19338.408635017957        780.08375215569902       -1131.2263895714732       -227.72343988267414        1.6666666666666667     
   7.9432823472428113        21248.872115930571        833.27842037923460       -1212.6706120886247       -255.97302759004197        1.6666666666666667     
   7.9432823472428113        23348.072466602560        888.88264215117579       -1297.6457030670504       -285.34393174411616        1.6666666666666667     
   7.9432823472428113        25654.655218007130        947.02544586251076       -1386.2007626072495       -315.75622419167496        1.6666666666666667     
   7.9432823472428113        28189.107914422686        1007.8829180127536       -1477.6701682553191       -346.36819614803494        1.6666666666666667     
   7.9432823472428113        30973.942088031483        1071.8834122361843       -1567.3606108313083       -372.05818475619037        1.6666666666666667     
   7.9432823472428113        34033.893210996859        1140.7788304396181       -1631.4705359325969       -367.27273486311992        1.6666666666666667     
   7.9432823472428113        37396.140401034536        1222.6341032313235       -1555.2088521617329       -209.15582983173829        1.6666666666666667     
   7.9432823472428113        41090.547831948323        1352.5548570458416       -878.85942872379906        597.11426557054301        1.6666666666666667     
   7.9432823472428113        45149.929993388396        1669.5799037373010        2074.7878031578193        3867.7863444591330        1.6666666666666667     
   7.9432823472428113        49610.343155924180        2671.7055049509486        12825.482957283721        15620.606469204222        1.6666666666666667     
   7.9432823472428113        54511.405630284738        5973.4737262171375        47453.293158357810        53550.182813199783        1.6666666666666667     
   7.9432823472428113        59896.649665375269        16325.718032624696        148143.23583619980        164592.36327981873        1.6666666666666667     
   7.9432823472428113        65813.908110700824        46458.143870311760        415479.24128729850        462060.77560103592        1.6666666666666667     
   7.9432823472428113        72315.739277612447        127541.77381038177        1075322.3804164308        1202987.4936408026        1.6666666666666667     
   7.9432823472428113        79459.893773081320        329591.04696218902        2536501.8523062640        2866216.1114825341        1.6666666666666667     
   7.9432823472428113        87309.827452514452        797410.03315462510        5614565.7718805503        6412098.7227940951        1.6666666666666667     
   7.9432823472428113        95935.265047765497        1807794.8261505468        11432009.313194819        13239926.420955624        1.6666666666666667     
   7.9432823472428113        105412.81947660015        3851586.5328812576        22037435.928507924        25889143.456619170        1.6666666666666667     
   7.9432823472428113        115826.67233445153        7721706.3560981788       -15442222.584037805       -7720397.6691707680        1.6666666666666667     
   9.9999999999999947        1145.4238945146005       -146.54306612540577        351.71088738613901        360.54411710003944        1.6666666666666667     
   9.9999999999999947        1258.5816295658863       -125.73274358032904        323.84930073116783        353.49284259591116        1.6666666666666667     
   9.9999999999999947        1382.9183465323019       -103.63424682219940        293.24317982442352        344.98520739716662        1.6666666666666667     
   9.9999999999999947        1519.5384298079173       -80.262345078472563        259.94767296165571        335.06159057904216        1.6666666666666667     
   9.9999999999999947        1669.6553671827201       -55.628783490034337        224.00423109602747        323.75169799736170        1.6666666666666667     
   9.9999999999999947        1834.6025282917383       -29.741189782399108        185.53585787620909        311.17090554103834        1.6666666666666667     
   9.9999999999999947        2015.8450078794635       -2.6023836926036630        144.54371051836003        297.31755070422020        1.6666666666666667     
   9.9999999999999947        2214.9926390738929        25.790339062695878        101.10348163623787        282.27003037680117        1.6666666666666667     
   9.9999999999999947        2433.8142922567849        55.445654950489455        55.262893852502401        266.08474366475059        1.6666666666666667     
   9.9999999999999947        2674.2535865356381        86.378506237107288        7.0097571275478430        248.76444277390362        1.6666666666666667     
   9.9999999999999947        2938.4461533699346        118.61025407409068       -43.479711793745025        230.50670554692067        1.6666666666666667     
   9.9999999999999947        3228.7386056907526        152.16884234614054       -96.395679789728092        211.14930902462834        1.6666666666666667     
   9.9999999999999947        3547.7093810013553        187.08873454155417       -151.52506668238914        190.93979686777328        1.6666666666666667     
   9.9999999999999947        3898.1916435915168        223.41100994724002       -209.04327690332320        169.74384389143120        1.6666666666666667     
   9.9999999999999947        4283.2984492877576        261.18313140960021       -268.92267433649204        147.63654903109295        1.6666666666666667     
   9.9999999999999947        4706.4503962579956        300.45903440228989       -331.26690739430984        124.56819929758291        1.6666666666666667     
   9.9999999999999947        5171.4060074707950        341.29900321963146       -396.00569981395705        100.66935531788812        1.6666666666666667     
   9.9999999999999947        5682.2951146724508        383.76943800609854       -463.26693179191648        75.878536886808774        1.6666666666666667     
   9.9999999999999947        6243.6555404053215        427.94311177249142       -533.13093489798825        50.188185482576898        1.6666666666666667     
   9.9999999999999947        6860.4734038846591        473.89869183983143       -605.69039071713303        23.584286776052181        1.6666666666666667     
   9.9999999999999947        7538.2274087390388        521.72113752069140       -680.89641271798246       -3.7993135328073322        1.6666666666666667     
   9.9999999999999947        8282.9375059872855        571.50130028971091       -759.16857596634475       -32.291338895578519        1.6666666666666667     
   9.9999999999999947        9101.2183644864508        623.33624860589862       -840.65534084602916       -61.943181287648372        1.6666666666666667     
   9.9999999999999947        10000.338123786467        677.32907941378755       -925.34426574337874       -92.639302470788948        1.6666666666666667     
   9.9999999999999947        10988.282951246389        733.58909526204184       -1012.8438821979232       -123.87893119548824        1.6666666666666667     
   9.9999999999999947        12073.827976821938        792.23192395338788       -1104.1967877800769       -156.58903744643203        1.6666666666666667     
   9.9999999999999947        13266.615235581716        853.37954449609788       -1199.6247065046186       -190.86936619642097        1.6666666666666667     
   9.9999999999999947        14577.239310253633        917.16059526751383       -1298.5415104273948       -226.00515113911672        1.6666666666666667     
   9.9999999999999947        16017.341434496373        983.71019979125674       -1401.0938865489313       -262.00795615879406        1.6666666666666667     
   9.9999999999999947        17599.712892740485        1053.1705925748570       -1508.3330416229715       -299.78675304228011        1.6666666666666667     
   9.9999999999999947        19338.408635017968        1125.6911387184562       -1620.0684931390128       -339.00169455581647        1.6666666666666667     
   9.9999999999999947        21248.872115930593        1201.4285073732565       -1737.5130108698618       -380.70888159700291        1.6666666666666667     
   9.9999999999999947        23348.072466602582        1280.5470589193624       -1857.9740491778348       -422.05140805625695        1.6666666666666667     
   9.9999999999999947        25654.655218007159        1363.2193035785460       -1984.6468910513995       -466.05204635443704        1.6666666666666667     
   9.9999999999999947        28189.107914422719        1449.6264642863891       -2116.8114535858485       -511.80949153791346        1.6666666666666667     
   9.9999999999999947        30973.942088031527        1539.9624081011293       -2254.6621771358614       -559.32431641179573        1.6666666666666667     
   9.9999999999999947        34033.893210996910        1634.4586079798203       -2397.8923927906544       -608.05837963829708        1.6666666666666667     
   9.9999999999999947        37396.140401034594        1733.5348623528471       -2543.1845816225787       -654.27436363704010        1.6666666666666667     
   9.9999999999999947        41090.547831948374        1838.6257029054398       -2672.8017079562269       -678.80070185985937        1.6666666666666667     
   9.9999999999999947        45149.929993388461        1956.2310521133895       -2691.5416383196798       -579.93534173943249        1.6666666666666667     
   9.9999999999999947        49610.343155924260        2115.6156345241861       -2198.7316718939369        72.259127494589848        1.6666666666666667     
   9.9999999999999947        54511.405630284818        2437.8495608541275        307.87202233693279        2901.0965867440686        1.6666666666666667     
   9.9999999999999947        59896.649665375357        3376.4128357821155        10084.985790788345        13616.773161109015        1.6666666666666667     
   9.9999999999999947        65813.908110700911        6467.6077159210909        43136.722417894292        49759.703122272564        1.6666666666666667     
   9.9999999999999947        72315.739277612578        16429.112752163193        143463.79127888239        160048.27204047641        1.6666666666666667     
   9.9999999999999947        79459.893773081421        46432.941118291965        422007.89895384753        468596.19308186177        1.6666666666666667     
   9.9999999999999947        87309.827452514568        130034.15091224737        1131672.5475437215        1261862.0096429458        1.6666666666666667     
   9.9999999999999947        95935.265047765613        345511.77855994267        2781862.8823553380        3127529.8643560316        1.6666666666666667     
   9.9999999999999947        105412.81947660030        860726.43385168200        6326282.8216224872        7187164.2013115771        1.6666666666666667     
   9.9999999999999947        115826.67233445168        2007820.1469966061        13372259.520519895        15380234.039797816        1.6666666666666667     
   12.589254117941667        1145.4238945146005       -202.81514972823831        494.73025613326797        487.52230215648228        1.6666666666666667     
   12.589254117941667        1258.5816295658860       -174.93275201294767        461.42653562080841        482.10096833250202        1.6666666666666667     
   12.589254117941667        1382.9183465323022       -144.94509727517030        423.67703600489904        474.33911150407505        1.6666666666666667     
   12.589254117941667        1519.5384298079171       -112.87787308540437        381.46148873325563        464.19077569810520        1.6666666666666667     
   12.589254117941667        1669.6553671827198       -78.757663524106292        334.88890417043831        451.73838713751479        1.6666666666666667     
   12.589254117941667        1834.6025282917381       -42.609338349843860        284.00036343521236        436.99815720126929        1.6666666666666667     
   12.589254117941667        2015.8450078794633       -4.4538533208173909        228.90280883236275        420.05607246597066        1.6666666666666667     
   12.589254117941667        2214.9926390738929        35.693651839875059        169.69578676290331        400.99653960999456        1.6666666666666667     
   12.589254117941667        2433.8142922567854        77.825127379500017        106.47834897413874        379.91056061253681        1.6666666666666667     
   12.589254117941667        2674.2535865356376        121.94090402968624        39.343064172513039        356.89103491327063        1.6666666666666667     
   12.589254117941667        2938.4461533699350        168.05044704718358       -31.628340088502739        332.02915537414327        1.6666666666666667     
   12.589254117941667        3228.7386056907517        216.17296869632705       -106.36865523178787        305.41134272160434        1.6666666666666667     
   12.589254117941667        3547.7093810013539        266.33779723217845       -184.82782417213281        277.11698241873228        1.6666666666666667     
   12.589254117941667        3898.1916435915150        318.58461018402670       -266.97503264251066        247.21656612892764        1.6666666666666667     
   12.589254117941667        4283.2984492877558        372.96337703024710       -352.88746910403984        215.68287495918480        1.6666666666666667     
   12.589254117941667        4706.4503962579938        429.53458836084388       -442.31285647677856        182.82867638657859        1.6666666666666667     
   12.589254117941667        5171.4060074707932        488.36896747836937       -535.54683206599634        148.42905660059040        1.6666666666666667     
   12.589254117941667        5682.2951146724490        549.54746955460973       -632.55587937023085        112.59848694179175        1.6666666666666667     
   12.589254117941667        6243.6555404053197        613.16119801179070       -733.41589329198655        75.352176252155118        1.6666666666666667     
   12.589254117941667        6860.4734038846573        679.31116024087953       -838.33064094373185        36.587364541121474        1.6666666666666667     
   12.589254117941667        7538.2274087390379        748.10804532483962       -947.20867077326284       -3.4938075514282900        1.6666666666666667     
   12.589254117941667        8282.9375059872818        819.67259565373479       -1060.0602901007878       -44.780904923208141        1.6666666666666667     
   12.589254117941667        9101.2183644864490        894.13493916152720       -1177.7361946483361       -87.994495423576382        1.6666666666666667     
   12.589254117941667        10000.338123786463        971.63485441848911       -1299.4710421682075       -132.22945848929180        1.6666666666666667     
   12.589254117941667        10988.282951246387        1052.3218855566056       -1426.1823956402372       -178.25381291287488        1.6666666666666667     
   12.589254117941667        12073.827976821936        1136.3551506452879       -1558.1165028254168       -226.15468839607013        1.6666666666666667     
   12.589254117941667        13266.615235581712        1223.9036173307481       -1695.2586053839643       -275.74835922722218        1.6666666666666667     
   12.589254117941667        14577.239310253633        1315.1458942304694       -1836.9779556726558       -326.22546882200425        1.6666666666666667     
   12.589254117941667        16017.341434496371        1410.2708761002218       -1984.9693676946447       -379.09193669017668        1.6666666666666667     
   12.589254117941667        17599.712892740485        1509.4777273023867       -2138.9555895463095       -433.87134676911751        1.6666666666666667     
   12.589254117941667        19338.408635017964        1612.9760298361571       -2299.2425698443963       -490.66006571840148        1.6666666666666667     
   12.589254117941667        21248.872115930586        1720.9860896301943       -2466.1542789409000       -549.56175785092751        1.6666666666666667     
   12.589254117941667        23348.072466602574        1833.7396605230417       -2640.0339310831623       -610.68788394811736        1.6666666666666667     
   12.589254117941667        25654.655218007149        1951.4798484598546       -2821.2430569349081       -674.15686867166573        1.6666666666666667     
   12.589254117941667        28189.107914422704        2074.4616217105490       -3010.1622314206816       -740.09431874608754        1.6666666666666667     
   12.589254117941667        30973.942088031512        2202.9525111792505       -3207.1912306372742       -808.63247956808505        1.6666666666666667     
   12.589254117941667        34033.893210996896        2337.2334185791160       -3414.4805806797249       -881.64097567244448        1.6666666666666667     
   12.589254117941667        37396.140401034587        2477.6010316964771       -3627.2017099772129       -953.99454786309434        1.6666666666666667     
   12.589254117941667        41090.547831948366        2624.3856511905292       -3850.6116323249644       -1030.6199086699996        1.6666666666666667     
   12.589254117941667        45149.929993388447        2778.0590483717447       -4080.8254346872031       -1107.1603744753952        1.6666666666666667     
   12.589254117941667        49610.343155924245        2939.8585738271336       -4303.5179198331707       -1168.0533988990603        1.6666666666666667     
   12.589254117941667        54511.405630284804        3115.0017391170168       -4446.9660801426980       -1136.3584635094142        1.6666666666666667     
   12.589254117941667        59896.649665375327        3327.4656086775990       -4166.2027607121872       -643.13135906915613        1.6666666666666667     
   12.589254117941667        65813.908110700911        3680.6133508750668       -2125.4569688211091        1750.7620352405488        1.6666666666666667     
   12.589254117941667        72315.739277612549        4579.2772965846525        6490.6292978741330        11265.511890527472        1.6666666666666667     
   12.589254117941667        79459.893773081407        7457.2491527341099        37436.789085984034        45089.642391444089        1.6666666666666667     
   12.589254117941667        87309.827452514539        16912.161744060981        135960.39291021676        153068.15504850241        1.6666666666666667     
   12.589254117941667        95935.265047765584        46329.453567680896        420647.39718056901        467172.43945626862        1.6666666666666667     
   12.589254117941667        105412.81947660026        131209.01156852269        1171381.3316109367        1302785.8981631401        1.6666666666666667     
   12.589254117941667        115826.67233445164        357627.73114651156        2986470.0525809480        3344293.2487247484        1.6666666666666667     
   15.848931924611133        1145.4238945146005       -287.68904936507170        692.27254147755252        650.83839115567844        1.6666666666666667     
   15.848931924611133        1258.5816295658860       -251.77571910838495        656.56756125719892        651.04672990661152        1.6666666666666667     
   15.848931924611133        1382.9183465323022       -212.46202776300623        613.95715578260683        647.75000337740767        1.6666666666666667     
   15.848931924611133        1519.5384298079173       -169.76478893775791        564.33383179395094        640.82390471706469        1.6666666666666667     
   15.848931924611133        1669.6553671827198       -123.71451151760394        507.64763085208631        630.18796663765204        1.6666666666666667     
   15.848931924611133        1834.6025282917381       -74.349816704267951        443.87846130219077        615.78347635788941        1.6666666666666667     
   15.848931924611133        2015.8450078794635       -21.712795869439240        373.11628366361913        597.65830289906148        1.6666666666666667     
   15.848931924611133        2214.9926390738933        34.155576653588099        295.47438060383672        575.88475475853829        1.6666666666666667     
   15.848931924611133        2433.8142922567854        93.218865841176481        211.09374682421702        550.56739153788692        1.6666666666666667     
   15.848931924611133        2674.2535865356372        155.44863503038121        120.12962057947826        521.83301480624891        1.6666666666666667     
   15.848931924611133        2938.4461533699350        220.82689533875327        22.740506219459178        489.82214013352905        1.6666666666666667     
   15.848931924611133        3228.7386056907521        289.34809754842701       -80.921368894302475        454.68144561779258        1.6666666666666667     
   15.848931924611133        3547.7093810013539        361.02074250750218       -190.71821932269813        416.55721754847707        1.6666666666666667     
   15.848931924611133        3898.1916435915159        435.86825603359819       -306.53250214973127        375.59042457560736        1.6666666666666667     
   15.848931924611133        4283.2984492877540        513.92996063988903       -428.39845579964094        331.78615090427024        1.6666666666666667     
   15.848931924611133        4706.4503962579929        595.26144498132703       -555.87531989126433        285.64074542943206        1.6666666666666667     
   15.848931924611133        5171.4060074707922        679.93453292706442       -689.30975834013532        236.87936836334791        1.6666666666666667     
   15.848931924611133        5682.2951146724481        768.03792420985985       -828.72037015176943        185.57211981631292        1.6666666666666667     
   15.848931924611133        6243.6555404053188        859.67633416350827       -973.71667713506429        132.21419405898189        1.6666666666666667     
   15.848931924611133        6860.4734038846555        954.97105707929450       -1124.7959703790059        76.429593680384414        1.6666666666666667     
   15.848931924611133        7538.2274087390360        1054.0592366218143       -1281.9209335933847        18.392778674332931        1.6666666666666667     
   15.848931924611133        8282.9375059872818        1157.0939640032104       -1445.3967003000482       -42.048293363733819        1.6666666666666667     
   15.848931924611133        9101.2183644864490        1264.2441643868851       -1615.0701794949414       -104.57160569240523        1.6666666666666667     
   15.848931924611133        10000.338123786461        1375.6938420480701       -1791.3056467555830       -169.35743056432830        1.6666666666666667     
   15.848931924611133        10988.282951246387        1491.6426083500521       -1973.9657525801970       -236.06880657047304        1.6666666666666667     
   15.848931924611133        12073.827976821936        1612.3054275110781       -2164.4409880049234       -305.88126155651707        1.6666666666666667     
   15.848931924611133        13266.615235581710        1737.9124250723621       -2361.5018392254842       -377.33515445308694        1.6666666666666667     
   15.848931924611133        14577.239310253630        1868.7088865592179       -2567.0666248245320       -452.10351989054561        1.6666666666666667     
   15.848931924611133        16017.341434496368        2004.9557763894522       -2779.8369648838188       -528.62701334337567        1.6666666666666667     
   15.848931924611133        17599.712892740481        2146.9292227887290       -3001.4653988241953       -608.28204537034276        1.6666666666666667     
   15.848931924611133        19338.408635017960        2294.9214616985951       -3231.9448915627449       -690.76934560258996        1.6666666666666667     
   15.848931924611133        21248.872115930582        2449.2407636139942       -3472.7161407089234       -777.22134165201578        1.6666666666666667     
   15.848931924611133        23348.072466602571        2610.2119531530957       -3722.3005829502563       -865.83464513281137        1.6666666666666667     
   15.848931924611133        25654.655218007145        2778.1767298282612       -3981.0698955250423       -956.63923421291520        1.6666666666666667     
   15.848931924611133        28189.107914422701        2953.4941036848427       -4251.6775869348203       -1051.9296072061788        1.6666666666666667     
   15.848931924611133        30973.942088031505        3136.5412023492277       -4533.6432467456798       -1150.8482258812980        1.6666666666666667     
   15.848931924611133        34033.893210996888        3327.7137887291287       -4827.5568629235950       -1253.5893163969881        1.6666666666666667     
   15.848931924611133        37396.140401034572        3527.4270600026389       -5134.0388815807446       -1360.3581268802818        1.6666666666666667     
   15.848931924611133        41090.547831948366        3736.1164858335051       -5453.7375249443612       -1471.3674100739699        1.6666666666666667     
   15.848931924611133        45149.929993388454        3954.2400623328931       -5790.1217218724178       -1589.6280983403308        1.6666666666666667     
   15.848931924611133        49610.343155924253        4182.2903916489631       -6135.1635350825745       -1706.6196551262715        1.6666666666666667     
   15.848931924611133        54511.405630284818        4420.8710719015371       -6496.2138200940972       -1829.0893347891092        1.6666666666666667     
   15.848931924611133        59896.649665375349        4671.1577799300976       -6860.1767230596324       -1942.7656089552579        1.6666666666666667     
   15.848931924611133        65813.908110700926        4937.3918143677120       -7165.8354102595204       -1982.1903459242694        1.6666666666666667     
   15.848931924611133        72315.739277612578        5238.9468873580636       -7143.8932895499056       -1658.6932467540569        1.6666666666666667     
   15.848931924611133        79459.893773081421        5662.3924489327837       -5623.5121890642395        285.13328068973260        1.6666666666666667     
   15.848931924611133        87309.827452514568        6562.0121205400810        1807.0203448141074        8615.2852024959248        1.6666666666666667     
   15.848931924611133        95935.265047765613        9249.9291259938382        29964.687232624201        39460.868246304868        1.6666666666666667     
   15.848931924611133        105412.81947660030        18122.222604328123        124589.89146953309        142958.36316056649        1.6666666666666667     
   15.848931924611133        115826.67233445166        46533.268784265914        409535.45534966170        456314.96425914863        1.6666666666666667     
   19.952623149688797        1145.4238945146005       -411.95450386922914        951.39502077948134        849.45709638568258        1.6666666666666667     
   19.952623149688797        1258.5816295658860       -368.11391030183148        919.58493361416640        861.48759174853080        1.6666666666666667     
   19.952623149688797        1382.9183465323022       -318.96220359561386        878.06405210738808        869.11840468216610        1.6666666666666667     
   19.952623149688797        1519.5384298079173       -264.43775002550331        826.21270894406416        871.79150128318656        1.6666666666666667     
   19.952623149688797        1669.6553671827196       -204.52125015259725        763.61254956499943        869.10782685677236        1.6666666666666667     
   19.952623149688797        1834.6025282917383       -139.22724094652170        689.93139340388120        860.72066351615535        1.6666666666666667     
   19.952623149688797        2015.8450078794633       -68.595441214038075        605.04920782236957        846.47025994523381        1.6666666666666667     
   19.952623149688797        2214.9926390738929        7.3176161344550641        508.91425675672519        826.24834719143564        1.6666666666666667     
   19.952623149688797        2433.8142922567849        88.446883162780026        401.66453782701490        800.12787498760167        1.6666666666666667     
   19.952623149688797        2674.2535865356376        174.72564893261480        283.46019167154964        768.20227289823652        1.6666666666666667     
   19.952623149688797        2938.4461533699350        266.09236599161403        154.43942441707492        730.54819984104597        1.6666666666666667     
   19.952623149688797        3228.7386056907521        362.49587230618397        14.873465916977125        687.38572347462366        1.6666666666666667     
   19.952623149688797        3547.7093810013539        463.89971489713997       -134.98637935497271        638.92969545279834        1.6666666666666667     
   19.952623149688797        3898.1916435915155        570.28618698240098       -294.89318076604309        585.40933937973887        1.6666666666666667     
   19.952623149688797        4283.2984492877549        681.65843844094422       -464.61655427871165        527.05818957832309        1.6666666666666667     
   19.952623149688797        4706.4503962579929        798.04303791672055       -643.95517387267273        464.10414006890301        1.6666666666666667     
   19.952623149688797        5171.4060074707913        919.49099822580990       -832.74454221926806        396.76270168454596        1.6666666666666667     
   19.952623149688797        5682.2951146724463        1046.0788220107997       -1030.8641417066401        325.23089409020918        1.6666666666666667     
   19.952623149688797        6243.6555404053170        1177.9090283879793       -1238.2420100835777        249.68319934509532        1.6666666666666667     
   19.952623149688797        6860.4734038846527        1315.1100886533297       -1454.8575218528688        170.26871347954057        1.6666666666666667     
   19.952623149688797        7538.2274087390342        1457.8370424758148       -1680.9748082932224        86.878344938889995        1.6666666666666667     
   19.952623149688797        8282.9375059872800        1606.2702753939811       -1915.9904996874150       0.29584903385784855        1.6666666666666667     
   19.952623149688797        9101.2183644864454        1760.6160339325329       -2160.7376814538093       -90.105613048564010        1.6666666666666667     
   19.952623149688797        10000.338123786460        1921.1059540327290       -2414.9238539062958       -183.80190559514358        1.6666666666666667     
   19.952623149688797        10988.282951246383        2087.9963553281586       -2679.3057972361494       -281.29348903214600        1.6666666666666667     
   19.952623149688797        12073.827976821933        2261.5683566596572       -2953.9364090192398       -382.35214356134247        1.6666666666666667     
   19.952623149688797        13266.615235581707        2442.1277700542578       -3239.7517986077719       -487.60816540069459        1.6666666666666667     
   19.952623149688797        14577.239310253626        2630.0039462940313       -3536.0123022933503       -595.99253948674482        1.6666666666666667     
   19.952623149688797        16017.341434496364        2825.5512711648107       -3843.0990381076181       -707.53199943218851        1.6666666666666667     
   19.952623149688797        17599.712892740477        3029.1476344036359       -4162.7468131586875       -823.58346191595228        1.6666666666666667     
   19.952623149688797        19338.408635017957        3241.1956303687980       -4494.8955232922881       -943.68422956254653        1.6666666666666667     
   19.952623149688797        21248.872115930582        3462.1221545119629       -4840.1368895425676       -1067.9991270762484        1.6666666666666667     
   19.952623149688797        23348.072466602564        3692.3791300244657       -5199.1086778268163       -1196.7139973319754        1.6666666666666667     
   19.952623149688797        25654.655218007141        3932.4436992780943       -5574.0447645669756       -1331.5855760016725        1.6666666666666667     
   19.952623149688797        28189.107914422697        4182.8189911730324       -5961.0208356039320       -1468.1864178683763        1.6666666666666667     
   19.952623149688797        30973.942088031497        4444.0344136062122       -6367.1513392063589       -1613.1015649302249        1.6666666666666667     
   19.952623149688797        34033.893210996874        4716.6466591792760       -6788.4026696979236       -1761.7407174359364        1.6666666666666667     
   19.952623149688797        37396.140401034558        5001.2406878644560       -7225.4194566632978       -1914.1635463390448        1.6666666666666667     
   19.952623149688797        41090.547831948345        5298.4305661598173       -7686.5562624696759       -2078.1105479003195        1.6666666666666667     
   19.952623149688797        45149.929993388432        5608.8606218699997       -8159.4847330696093       -2240.6090421684785        1.6666666666666667     
   19.952623149688797        49610.343155924231        5933.2059205932919       -8656.7416259302554       -2413.5207172970904        1.6666666666666667     
   19.952623149688797        54511.405630284797        6272.1762675605914       -9179.9089524455030       -2597.7177814742599        1.6666666666666667     
   19.952623149688797        59896.649665375342        6626.5227345242620       -9716.7615064123747       -2780.2239567345468        1.6666666666666667     
   19.952623149688797        65813.908110700897        6997.0925403494894       -10280.327984842595       -2973.2207238320839        1.6666666666666667     
   19.952623149688797        72315.739277612549        7385.1606183747972       -10859.378728034661       -3164.2034847982704        1.6666666666666667     
   19.952623149688797        79459.893773081392        7794.3243124548308       -11410.308148695247       -3305.9693140910786        1.6666666666666667     
   19.952623149688797        87309.827452514539        8240.1318188381047       -11717.544293817413       -3167.3980643489149        1.6666666666666667     
   19.952623149688797        95935.265047765584        8793.8048473069484       -10783.582932607065       -1679.7638153604530        1.6666666666666667     
   19.952623149688797        105412.81947660027        9759.3079998425692       -4660.2653895670537        5409.0566384737376        1.6666666666666667     
   19.952623149688797        115826.67233445164        12313.891013653145        20463.121996862024        33087.026397645546        1.6666666666666667     
   25.118864315095809        1145.4238945146005       -586.47941826164276        1271.3139164883378        1075.1222751390601        1.6666666666666667     
   25.118864315095809        1258.5816295658863       -536.65232250158590        1252.8549000618705        1106.4903445325112        1.6666666666666667     
   25.118864315095809        1382.9183465323022       -478.99275337922495        1222.4496897923159        1133.7446919688391        1.6666666666666667     
   25.118864315095809        1519.5384298079173       -413.19691813042641        1178.5083650712700        1155.5991894563313        1.6666666666666667     
   25.118864315095809        1669.6553671827198       -339.05126024741145        1119.6954422470321        1170.9319097644641        1.6666666666666667     
   25.118864315095809        1834.6025282917385       -256.42470758436042        1044.8930161704025        1178.7560197959911        1.6666666666666667     
   25.118864315095809        2015.8450078794633       -165.25852285219608        953.25765624638700        1178.2868264543990        1.6666666666666667     
   25.118864315095809        2214.9926390738933       -65.553627661397016        844.34244015453248        1169.0764856757496        1.6666666666666667     
   25.118864315095809        2433.8142922567849        42.643173242811002        717.66701445684180        1150.5978393750183        1.6666666666666667     
   25.118864315095809        2674.2535865356376        159.25239307662298        573.28833116179703        1122.8283527139820        1.6666666666666667     
   25.118864315095809        2938.4461533699350        284.17542952864767        411.13173688319989        1085.5947699734088        1.6666666666666667     
   25.118864315095809        3228.7386056907517        417.30644632828682        231.43664223785015        1039.0306654177211        1.6666666666666667     
   25.118864315095809        3547.7093810013544        558.54311996388333        34.497632230790373        983.32830085158821        1.6666666666666667     
   25.118864315095809        3898.1916435915159        707.79590559157714       -179.44703755941441        918.63638694782549        1.6666666666666667     
   25.118864315095809        4283.2984492877549        864.99629774416633       -409.64221525620485        845.64157000235480        1.6666666666666667     
   25.118864315095809        4706.4503962579938        1030.1021002934881       -656.18704357489491        764.20251170936763        1.6666666666666667     
   25.118864315095809        5171.4060074707913        1203.1031057256187       -918.17996832841868        675.21055761308435        1.6666666666666667     
   25.118864315095809        5682.2951146724454        1384.0248379655711       -1195.6810670776420        578.63115497239733        1.6666666666666667     
   25.118864315095809        6243.6555404053170        1572.9306203396795       -1488.2683449090121        474.94962235685398        1.6666666666666667     
   25.118864315095809        6860.4734038846527        1769.9236577549561       -1795.7187042282505        364.49226121843253        1.6666666666666667     
   25.118864315095809        7538.2274087390324        1975.1479171692706       -2117.8830335416160        247.55215037341645        1.6666666666666667     
   25.118864315095809        8282.9375059872764        2188.7890574488865       -2454.6924963573961        124.38378491271669        1.6666666666666667     
   25.118864315095809        9101.2183644864435        2411.0739346356618       -2806.1619579391054       -4.8008428712910245        1.6666666666666667     
   25.118864315095809        10000.338123786460        2642.2706294208097       -3172.3919540969919       -139.83419028750586        1.6666666666666667     
   25.118864315095809        10988.282951246381        2882.6878216631926       -3553.9571485148058       -280.98224039964543        1.6666666666666667     
   25.118864315095809        12073.827976821931        3132.6748899884119       -3949.9680000969502       -427.00607456468060        1.6666666666666667     
   25.118864315095809        13266.615235581707        3392.6209489819630       -4362.3655961867789       -579.45766287649440        1.6666666666666667     
   25.118864315095809        14577.239310253624        3662.9539965025888       -4790.3821416208684       -737.14121392338666        1.6666666666666667     
   25.118864315095809        16017.341434496364        3944.1412014282846       -5234.9445615099958       -900.51648571812120        1.6666666666666667     
   25.118864315095809        17599.712892740477        4236.6880860211140       -5695.7122126195336       -1068.7373103771956        1.6666666666666667     
   25.118864315095809        19338.408635017953        4541.1390505628242       -6176.1993192149112       -1244.7735142297306        1.6666666666666667     
   25.118864315095809        21248.872115930579        4858.0758929849753       -6673.3077658073234       -1424.9451783848758        1.6666666666666667     
   25.118864315095809        23348.072466602564        5188.1196142610279       -7190.8179840858666       -1612.4117431458430        1.6666666666666667     
   25.118864315095809        25654.655218007138        5531.9297111676005       -7728.6536079480011       -1806.4373381241235        1.6666666666666667     
   25.118864315095809        28189.107914422690        5890.2045470371859       -8287.7925870339095       -2007.3015530917373        1.6666666666666667     
   25.118864315095809        30973.942088031497        6263.6823299839834       -8869.2850984519409       -2215.3163559285513        1.6666666666666667     
   25.118864315095809        34033.893210996874        6653.1425326155986       -9474.2549210272045       -2430.8260538783188        1.6666666666666667     
   25.118864315095809        37396.140401034558        7059.4049621710510       -10103.894748659892       -2654.2035298641404        1.6666666666666667     
   25.118864315095809        41090.547831948345        7483.3333130754127       -10762.212623232590       -2888.5931412009450        1.6666666666666667     
   25.118864315095809        45149.929993388425        7925.8340709962413       -11445.188135117580       -3129.0679812750750        1.6666666666666667     
   25.118864315095809        49610.343155924231        8387.8599566251487       -12156.861975652464       -3378.7160303288128        1.6666666666666667     
   25.118864315095809        54511.405630284775        8870.4102186297805       -12895.604456825537       -3634.9083427441128        1.6666666666666667     
   25.118864315095809        59896.649665375327        9374.5338113692887       -13669.083798417360       -3904.2641940737749        1.6666666666666667     
   25.118864315095809        65813.908110700897        9901.3295681508953       -14475.945772788165       -4184.3305145082159        1.6666666666666667     
   25.118864315095809        72315.739277612563        10451.956268083495       -15317.802481589286       -4475.5606352815266        1.6666666666666667     
   25.118864315095809        79459.893773081392        11027.665708681676       -16203.037832905095       -4785.0866650061325        1.6666666666666667     
   25.118864315095809        87309.827452514553        11630.042505025740       -17105.451240163915       -5085.1233887812105        1.6666666666666667     
   25.118864315095809        95935.265047765584        12262.407120588357       -18015.713118275766       -5363.0207780805767        1.6666666666666667     
   25.118864315095809        105412.81947660027        12937.331641838140       -18743.637738440644       -5416.0210135868192        1.6666666666666667     
   25.118864315095809        115826.67233445165        13712.537383076096       -18509.055118630469       -4406.2328094613458        1.6666666666666667     
   31.622776601683810        1145.4238945146008       -820.07722654295560        1643.1296146379013        1314.3956116001425        1.6666666666666667     
   31.622776601683810        1258.5816295658863       -768.50628570515164        1647.8488622464224        1370.6857916346889        1.6666666666666667     
   31.622776601683810        1382.9183465323022       -706.31289184278205        1640.8839429513755        1425.9142563873638        1.6666666666666667     
   31.622776601683810        1519.5384298079173       -632.66187601995762        1619.1444347302809        1477.8257522706758        1.6666666666666667     
   31.622776601683810        1669.6553671827198       -546.85847261994445        1579.6947277963382        1524.1794353321186        1.6666666666666667     
   31.622776601683810        1834.6025282917383       -448.35569403538597        1519.8675438262605        1562.8550144287294        1.6666666666666667     
   31.622776601683810        2015.8450078794633       -336.75262884437871        1437.3702791266180        1591.9607971195785        1.6666666666666667     
   31.622776601683810        2214.9926390738933       -211.78522464526245        1330.1938271033196        1609.7517295504636        1.6666666666666667     
   31.622776601683810        2433.8142922567854       -73.311937803974288        1196.9703486262956        1615.0015159376369        1.6666666666666667     
   31.622776601683810        2674.2535865356381        78.705212855012206        1036.6486993615654        1606.6969933906289        1.6666666666666667     
   31.622776601683810        2938.4461533699350        244.22169218152047        848.36709435856187        1583.9318411206984        1.6666666666666667     
   31.622776601683810        3228.7386056907521        423.13193067766520        631.99260963258280        1546.4675666613803        1.6666666666666667     
   31.622776601683810        3547.7093810013544        615.29069390070390        387.51942681698756        1494.1531167678581        1.6666666666666667     
   31.622776601683810        3898.1916435915155        820.53289431982648        115.01629799316856        1426.8921563349727        1.6666666666666667     
   31.622776601683810        4283.2984492877549        1038.6920920961747       -185.21749212238001        1344.8175289355263        1.6666666666666667     
   31.622776601683810        4706.4503962579929        1269.6154264382340       -512.11804638210583        1248.8402728365168        1.6666666666666667     
   31.622776601683810        5171.4060074707913        1513.1786657395512       -865.81301750163379        1138.7085020140241        1.6666666666666667     
   31.622776601683810        5682.2951146724463        1769.2945541403155       -1244.8989672319472        1015.7384003604666        1.6666666666666667     
   31.622776601683810        6243.6555404053170        2037.9245108002738       -1649.3521489092491        879.91513271551958        1.6666666666666667     
   31.622776601683810        6860.4734038846527        2319.0825404704387       -2078.4025487088456        732.02271795000570        1.6666666666666667     
   31.622776601683810        7538.2274087390333        2612.8423791604255       -2531.5545408913408        572.63051788944767        1.6666666666666667     
   31.622776601683810        8282.9375059872764        2919.3388527348634       -3008.9005966902700        401.78088737176495        1.6666666666666667     
   31.622776601683810        9101.2183644864399        3238.7717485053877       -3509.1826012165197        220.93172710146837        1.6666666666666667     
   31.622776601683810        10000.338123786456        3571.4057843556179       -4032.1717074590388        30.576605202313203        1.6666666666666667     
   31.622776601683810        10988.282951246380        3917.5713938584163       -4578.8838409040454       -169.96997301877354        1.6666666666666667     
   31.622776601683810        12073.827976821927        4277.6641667946578       -5148.9013927973401       -379.89481054036605        1.6666666666666667     
   31.622776601683810        13266.615235581703        4652.1456545702104       -5742.4613713922663       -598.97336025944560        1.6666666666666667     
   31.622776601683810        14577.239310253623        5041.5407784343033       -6359.9359150511118       -827.05284094047784        1.6666666666666667     
   31.622776601683810        16017.341434496360        5446.4380295522878       -7001.1806522533825       -1063.4003915843432        1.6666666666666667     
   31.622776601683810        17599.712892740474        5867.4886841535208       -7669.4755559851037       -1310.6447066719347        1.6666666666666667     
   31.622776601683810        19338.408635017950        6305.4054326404930       -8360.8902996572342       -1564.1427697223962        1.6666666666666667     
   31.622776601683810        21248.872115930571        6760.9629021082255       -9081.8704945647114       -1829.5655687445887        1.6666666666666667     
   31.622776601683810        23348.072466602564        7234.9967736498756       -9829.2043124908014       -2102.8655917301421        1.6666666666666667     
   31.622776601683810        25654.655218007138        7728.4019993187922       -10603.857939279933       -2384.1140691447972        1.6666666666666667     
   31.622776601683810        28189.107914422693        8242.1358911772149       -11410.218580041386       -2676.7408974179671        1.6666666666666667     
   31.622776601683810        30973.942088031490        8777.2161058925358       -12248.140472967476       -2979.5826645752395        1.6666666666666667     
   31.622776601683810        34033.893210996874        9334.7217292164751       -13122.723112684682       -3296.6597648626621        1.6666666666666667     
   31.622776601683810        37396.140401034558        9915.7956226780461       -14028.534304795436       -3621.3971610569479        1.6666666666666667     
   31.622776601683810        41090.547831948337        10521.643430202557       -14966.843472449851       -3953.8586142572030        1.6666666666666667     
   31.622776601683810        45149.929993388418        11153.535561389139       -15951.234321995689       -4306.3574283169355        1.6666666666666667     
   31.622776601683810        49610.343155924224        11812.809322248808       -16967.660459036149       -4663.5099117218460        1.6666666666666667     
   31.622776601683810        54511.405630284782        12500.871885041119       -18030.444510544057       -5038.2315114623188        1.6666666666666667     
   31.622776601683810        59896.649665375313        13219.200561114669       -19137.692958953448       -5427.1513940304258        1.6666666666666667     
   31.622776601683810        65813.908110700882        13969.345160080758       -20291.712451929696       -5831.0264111891092        1.6666666666666667     
   31.622776601683810        72315.739277612534        14752.933283930424       -21505.068036590521       -6260.7939875701795        1.6666666666666667     
   31.622776601683810        79459.893773081392        15571.670753266275       -22749.905105174072       -6686.8937269655726        1.6666666666666667     
   31.622776601683810        87309.827452514553        16427.348746519576       -24070.302253949041       -7151.6130177768810        1.6666666666666667     
   31.622776601683810        95935.265047765599        17321.871438458857       -25425.153863073021       -7611.9420687055590        1.6666666666666667     
   31.622776601683810        105412.81947660030        18257.417503007498       -26858.711341747963       -8109.9536306728096        1.6666666666666667     
   31.622776601683810        115826.67233445168        19237.465548385509       -28314.688087914226       -8585.8824891756649        1.6666666666666667     
   39.810717055349755        1145.4238945146008       -1118.1335135364402        2057.6959239388752        1558.1268973858682        1.6666666666666667     
   39.810717055349755        1258.5816295658863       -1070.8475378560095        2090.1627050495927        1637.8796479689979        1.6666666666666667     
   39.810717055349755        1382.9183465323022       -1010.7002318788826        2115.7317755869149        1723.5960169290427        1.6666666666666667     
   39.810717055349755        1519.5384298079173       -935.96505946588115        2129.8479232033533        1812.4473277070633        1.6666666666666667     
   39.810717055349755        1669.6553671827201       -845.04730570827678        2127.6444448967686        1901.1615919482279        1.6666666666666667     
   39.810717055349755        1834.6025282917383       -736.53197204217827        2104.1817253546674        1986.2141923848953        1.6666666666666667     
   39.810717055349755        2015.8450078794635       -609.21694876987817        2054.6738394977524        2064.0213137542264        1.6666666666666667     
   39.810717055349755        2214.9926390738933       -462.13062774766161        1974.6848480664307        2131.1186251800482        1.6666666666666667     
   39.810717055349755        2433.8142922567849       -294.53608173980211        1860.2841300627877        2184.3124322169247        1.6666666666666667     
   39.810717055349755        2674.2535865356376       -105.92091144588103        1708.1886563591290        2220.8321051165785        1.6666666666666667     
   39.810717055349755        2938.4461533699350        104.02219824155583        1515.6654005916203        2238.2519327130226        1.6666666666666667     
   39.810717055349755        3228.7386056907530        335.42242719349395        1280.6699025452021        2234.6566346419509        1.6666666666666667     
   39.810717055349755        3547.7093810013548        588.26301287922411        1002.0477300087748        2208.8750160841964        1.6666666666666667     
   39.810717055349755        3898.1916435915155        862.41532401531310        679.07670606910608        2160.0562688214613        1.6666666666666667     
   39.810717055349755        4283.2984492877549        1157.6729087109497        311.30593510055519        2087.5430456990953        1.6666666666666667     
   39.810717055349755        4706.4503962579938        1473.7844137401526       -100.96961796269625        1991.3789577879370        1.6666666666666667     
   39.810717055349755        5171.4060074707913        1810.4837635016356       -557.22784623250027        1871.8200372193864        1.6666666666666667     
   39.810717055349755        5682.2951146724472        2167.5164757716634       -1056.7064370943490        1729.3741139522426        1.6666666666666667     
   39.810717055349755        6243.6555404053179        2544.6626483262717       -1598.7959385044737        1564.4307379301463        1.6666666666666667     
   39.810717055349755        6860.4734038846536        2941.7566122787093       -2181.5883936487735        1378.7321961172202        1.6666666666666667     
   39.810717055349755        7538.2274087390324        3358.7012259687813       -2805.0059573028366        1172.2591949861931        1.6666666666666667     
   39.810717055349755        8282.9375059872764        3795.4806026179949       -3467.7983489609842        946.24612351120049        1.6666666666666667     
   39.810717055349755        9101.2183644864417        4252.1686133994608       -4169.1208361573308        701.61159312429299        1.6666666666666667     
   39.810717055349755        10000.338123786454        4728.9352434662778       -4908.2660605986130        439.23293705666038        1.6666666666666667     
   39.810717055349755        10988.282951246374        5226.0520150715247       -5684.6952441945441        159.92046351462977        1.6666666666666667     
   39.810717055349755        12073.827976821922        5743.8917732545824       -6498.0549361228668       -135.59953397655136        1.6666666666666667     
   39.810717055349755        13266.615235581698        6282.9316108832263       -7348.1938376289654       -446.69866493302561        1.6666666666666667     
   39.810717055349755        14577.239310253619        6843.7542844029422       -8235.1753461666958       -772.85757395534802        1.6666666666666667     
   39.810717055349755        16017.341434496353        7427.0437557110035       -9159.2750338804854       -1113.6678636979250        1.6666666666666667     
   39.810717055349755        17599.712892740470        8033.5872886966126       -10120.987302604455       -1468.8366751705880        1.6666666666666667     
   39.810717055349755        19338.408635017946        8664.2740543160598       -11121.024154029346       -1838.1868356060795        1.6666666666666667     
   39.810717055349755        21248.872115930568        9320.0915225599438       -12161.366262451142       -2222.7115646449647        1.6666666666666667     
   39.810717055349755        23348.072466602553        10002.125869549114       -13241.073037967280       -2620.3840758844817        1.6666666666666667     
   39.810717055349755        25654.655218007134        10711.562670989233       -14360.213362049701       -3030.0876896802547        1.6666666666666667     
   39.810717055349755        28189.107914422686        11449.682081203480       -15524.809263905470       -3456.5642708110800        1.6666666666666667     
   39.810717055349755        30973.942088031483        12217.861357250489       -16736.872542184450       -3900.4483735842641        1.6666666666666667     
   39.810717055349755        34033.893210996866        13017.573233341674       -17993.470327412731       -4357.3343793012536        1.6666666666666667     
   39.810717055349755        37396.140401034550        13850.388977239025       -19296.409837890373       -4827.4582505423186        1.6666666666666667     
   39.810717055349755        41090.547831948323        14717.974995690887       -20653.250158800372       -5316.7126594818783        1.6666666666666667     
   39.810717055349755        45149.929993388410        15622.097746218009       -22063.889593747852       -5823.2294586383068        1.6666666666666667     
   39.810717055349755        49610.343155924202        16564.622611445502       -23530.985741213568       -6347.8008544188597        1.6666666666666667     
   39.810717055349755        54511.405630284753        17547.517631272502       -25057.377881344568       -6891.2981043521504        1.6666666666666667     
   39.810717055349755        59896.649665375298        18572.855717079077       -26646.086853127337       -7454.6691095594924        1.6666666666666667     
   39.810717055349755        65813.908110700868        19642.817071265621       -28300.315118555871       -8038.9361616342212        1.6666666666666667     
   39.810717055349755        72315.739277612505        20759.692905596083       -30023.450183735826       -8645.1955329779430        1.6666666666666667     
   39.810717055349755        79459.893773081363        21925.888055647651       -31826.604503784409       -9282.1548544074394        1.6666666666666667     
   39.810717055349755        87309.827452514524        23143.928124241298       -33690.927842243676       -9928.4382764898273        1.6666666666666667     
   39.810717055349755        95935.265047765584        24416.456995700599       -35642.988801201944       -10607.970512473968        1.6666666666666667     
   39.810717055349755        105412.81947660026        25746.256078428156       -37679.372716112659       -11314.555514096026        1.6666666666666667     
   39.810717055349755        115826.67233445166        27136.251138524447       -39804.067877841524       -12049.255785209576        1.6666666666666667     
   50.118723362727273        1145.4238945146005       -1484.0080339335011        2521.6663906958820        1816.3849193184192        1.6666666666666667     
   50.118723362727273        1258.5816295658860       -1446.8914587621900        2575.3879308664591        1907.2230311094513        1.6666666666666667     
   50.118723362727273        1382.9183465323022       -1396.3462458120134        2631.6786929523314        2014.0590019725053        1.6666666666666667     
   50.118723362727273        1519.5384298079171       -1329.5438932810659        2685.8849670417035        2135.0676216646448        1.6666666666666667     
   50.118723362727273        1669.6553671827201       -1243.6158867007550        2732.1122774916516        2267.2229295665111        1.6666666666666667     
   50.118723362727273        1834.6025282917381       -1135.7622236236896        2763.4770763981805        2406.4413808399304        1.6666666666666667     
   50.118723362727273        2015.8450078794635       -1003.3522554809937        2772.4392318460768        2547.8134914712173        1.6666666666666667     
   50.118723362727273        2214.9926390738929       -844.00885087079894        2751.1748634942119        2685.8925113589985        1.6666666666666667     
   50.118723362727273        2433.8142922567849       -655.67188700531915        2691.9484179703841        2815.0030115361014        1.6666666666666667     
   50.118723362727273        2674.2535865356376       -436.63756170569133        2587.4493183956374        2929.5382156122387        1.6666666666666667     
   50.118723362727273        2938.4461533699350       -185.57298242055393        2431.0660857439029        3024.2195372294027        1.6666666666666667     
   50.118723362727273        3228.7386056907521        98.488494553419386        2217.1500722438368        3094.3649725511800        1.6666666666666667     
   50.118723362727273        3547.7093810013539        416.17413778490175        1940.7688809397869        3135.6693922933136        1.6666666666666667     
   50.118723362727273        3898.1916435915155        767.80753574980952        1598.6108586651735        3145.1447331551667        1.6666666666666667     
   50.118723362727273        4283.2984492877549        1153.4584244383404        1188.1500463759176        3120.3347712696404        1.6666666666666667     
   50.118723362727273        4706.4503962579938        1572.9950947613254        707.49454178798101        3059.2158962362591        1.6666666666666667     
   50.118723362727273        5171.4060074707913        2026.1384303266598        155.88863412936303        2960.7532780902902        1.6666666666666667     
   50.118723362727273        5682.2951146724463        2512.5157102460362       -466.08930078941376        2825.1525747605901        1.6666666666666667     
   50.118723362727273        6243.6555404053170        3031.7098658223272       -1158.3838113597672        2652.0521674241932        1.6666666666666667     
   50.118723362727273        6860.4734038846518        3583.3042809635158       -1919.7516856234265        2442.2786528651718        1.6666666666666667     
   50.118723362727273        7538.2274087390315        4166.9225555063222       -2749.3089584435475        2196.3395981043841        1.6666666666666667     
   50.118723362727273        8282.9375059872746        4782.2608727332045       -3644.1030772822069        1916.8837343599771        1.6666666666666667     
   50.118723362727273        9101.2183644864399        5429.1130592213804       -4603.9668788382714        1603.8720565997010        1.6666666666666667     
   50.118723362727273        10000.338123786452        6107.3954343979640       -5627.4332948002138        1258.6879478316287        1.6666666666666667     
   50.118723362727273        10988.282951246374        6817.1613157655947       -6712.0142456435560        883.87280795918832        1.6666666666666667     
   50.118723362727273        12073.827976821922        7558.6102368421480       -7856.4082279187860        480.92766964307521        1.6666666666666667     
   50.118723362727273        13266.615235581698        8332.1011047426837       -9060.8117461904276        50.014944324608223        1.6666666666666667     
   50.118723362727273        14577.239310253615        9138.1522022938461       -10323.955313610282       -407.07760113885888        1.6666666666666667     
   50.118723362727273        16017.341434496351        9977.4481377668235       -11645.457698336277       -889.28413724987149        1.6666666666666667     
   50.118723362727273        17599.712892740463        10850.836693738243       -13025.264446561241       -1395.7024127572440        1.6666666666666667     
   50.118723362727273        19338.408635017939        11759.330968696800       -14465.127738831221       -1927.0715187278256        1.6666666666666667     
   50.118723362727273        21248.872115930561        12704.106628281295       -15961.282323669995       -2478.4505389007354        1.6666666666666667     
   50.118723362727273        23348.072466602549        13686.501603061792       -17519.099922351772       -3053.8732598642437        1.6666666666666667     
   50.118723362727273        25654.655218007127        14708.010546203552       -19136.780178201996       -3650.0446768893180        1.6666666666666667     
   50.118723362727273        28189.107914422682        15770.288340590907       -20819.205684436791       -4270.1924936670875        1.6666666666666667     
   50.118723362727273        30973.942088031476        16875.142380880076       -22570.331217857631       -4916.4641005064786        1.6666666666666667     
   50.118723362727273        34033.893210996852        18024.534623707641       -24385.469865529485       -5582.2106269989144        1.6666666666666667     
   50.118723362727273        37396.140401034536        19220.579905462037       -26266.799046154272       -6267.4946362773608        1.6666666666666667     
   50.118723362727273        41090.547831948323        20465.546733647701       -28224.798135629731       -6980.5270166934915        1.6666666666666667     
   50.118723362727273        45149.929993388396        21761.854631137427       -30258.972504894533       -7718.3936269940168        1.6666666666666667     
   50.118723362727273        49610.343155924194        23112.077598750740       -32372.832188007447       -8482.0304727640105        1.6666666666666667     
   50.118723362727273        54511.405630284760        24518.944474396947       -34570.176366117033       -9272.5079169003093        1.6666666666666667     
   50.118723362727273        59896.649665375291        25985.342224483902       -36855.093388410904       -10091.027336556537        1.6666666666666667     
   50.118723362727273        65813.908110700853        27514.316120323016       -39241.830849221638       -10948.791054384343        1.6666666666666667     
   50.118723362727273        72315.739277612491        29109.080124848573       -41715.724968358401       -11827.921335122894        1.6666666666666667     
   50.118723362727273        79459.893773081349        30773.010335200721       -44291.190371079909       -12739.456683899876        1.6666666666666667     
   50.118723362727273        87309.827452514481        32509.659294022102       -46962.240685354736       -13673.858212568681        1.6666666666666667     
   50.118723362727273        95935.265047765541        34322.759187750053       -49768.087372379057       -14666.605179154238        1.6666666666666667     
   50.118723362727273        105412.81947660021        36216.225929686945       -52668.646120933976       -15673.697398281209        1.6666666666666667     
   50.118723362727273        115826.67233445161        38194.167638770174       -55705.217403938586       -16732.327137011478        1.6666666666666667     
   63.095734448019392        1145.4238945146003       -1924.1330876830145        3071.6067211276923        2127.8322978922561        1.6666666666666667     
   63.095734448019392        1258.5816295658860       -1900.2341260842145        3129.3135637691275        2209.4381001370248        1.6666666666666667     
   63.095734448019392        1382.9183465323022       -1864.7366046803847        3199.9852985009993        2315.6073535122105        1.6666666666666667     
   63.095734448019392        1519.5384298079171       -1813.9797332910359        3281.5222678688770        2447.9011912816372        1.6666666666666667     
   63.095734448019392        1669.6553671827198       -1743.8656510102114        3369.7202367295858        2606.2132379332643        1.6666666666666667     
   63.095734448019392        1834.6025282917381       -1649.9946777394732        3458.1341991683030        2788.4981655504330        1.6666666666666667     
   63.095734448019392        2015.8450078794631       -1527.8271233406833        3538.2798068318962        2990.8113165813133        1.6666666666666667     
   63.095734448019392        2214.9926390738933       -1372.8563960744577        3599.8768392987245        3207.3790644705950        1.6666666666666667     
   63.095734448019392        2433.8142922567849       -1180.7757382025131        3631.3662516083887        3430.9491204950364        1.6666666666666667     
   63.095734448019392        2674.2535865356372       -947.62471316368226        3620.4738106522063        3653.2076853721292        1.6666666666666667     
   63.095734448019392        2938.4461533699346       -669.90495043696569        3554.8063775847413        3865.2599935407206        1.6666666666666667     
   63.095734448019392        3228.7386056907517       -344.66004432482930        3422.4178405223297        4058.1163360214987        1.6666666666666667     
   63.095734448019392        3547.7093810013539        30.483772976183907        3212.3714725125596        4223.2137567660384        1.6666666666666667     
   63.095734448019392        3898.1916435915155        457.31343512588296        2914.7148803521677        4352.3867921891624        1.6666666666666667     
   63.095734448019392        4283.2984492877549        937.05532546136692        2521.6225995038126        4439.0363644617437        1.6666666666666667     
   63.095734448019392        4706.4503962579929        1470.4275721449915        2026.3384962094276        4477.1244651832130        1.6666666666666667     
   63.095734448019392        5171.4060074707913        2057.7096198030176        1423.9122546036447        4461.9802248622464        1.6666666666666667     
   63.095734448019392        5682.2951146724463        2698.8241633989060        711.62170448407642        4390.8041656995592        1.6666666666666667     
   63.095734448019392        6243.6555404053170        3393.4207641608687       -112.19030193870049        4261.5887090704928        1.6666666666666667     
   63.095734448019392        6860.4734038846527        4140.9647449741542       -1048.8371581999536        4072.4857701977353        1.6666666666666667     
   63.095734448019392        7538.2274087390324        4940.8179869507067       -2096.5550342455026        3824.6210768285518        1.6666666666666667     
   63.095734448019392        8282.9375059872746        5792.3110461237611       -3254.8691232245110        3517.7999796484473        1.6666666666666667     
   63.095734448019392        9101.2183644864417        6694.8125735787025       -4522.2404857121055        3152.9300685830503        1.6666666666666667     
   63.095734448019392        10000.338123786452        7647.7825366168472       -5894.1366816332757        2734.0037628115133        1.6666666666666667     
   63.095734448019392        10988.282951246374        8650.8224360483218       -7370.2637631261314        2260.9164984230410        1.6666666666666667     
   63.095734448019392        12073.827976821922        9703.7098640687236       -8948.2452278909859        1735.8223783652229        1.6666666666666667     
   63.095734448019392        13266.615235581696        10806.428783731977       -10624.066499170583        1162.7199430910605        1.6666666666666667     
   63.095734448019392        14577.239310253612        11959.191091560599       -12395.521582529112        544.02708202098256        1.6666666666666667     
   63.095734448019392        16017.341434496349        13162.454098615113       -14262.705562299527       -119.89398623080706        1.6666666666666667     
   63.095734448019392        17599.712892740456        14416.924109985934       -16223.415275056612       -826.13378927508529        1.6666666666666667     
   63.095734448019392        19338.408635017931        15723.570113539576       -18276.824124184233       -1572.8967348745427        1.6666666666666667     
   63.095734448019392        21248.872115930553        17083.619509390486       -20422.609968414741       -2358.6333091144370        1.6666666666666667     
   63.095734448019392        23348.072466602542        18498.561936490521       -22660.986810129070       -3182.0678108599186        1.6666666666666667     
   63.095734448019392        25654.655218007112        19970.149499411629       -24992.716689769994       -4042.2102576463058        1.6666666666666667     
   63.095734448019392        28189.107914422668        21500.384343194641       -27419.095274334799       -4938.3541226263187        1.6666666666666667     
   63.095734448019392        30973.942088031465        23091.529940614288       -29941.975288627826       -5870.0886503022957        1.6666666666666667     
   63.095734448019392        34033.893210996852        24746.093605817405       -32566.400559132479       -6839.9504028953052        1.6666666666666667     
   63.095734448019392        37396.140401034536        26466.831752376576       -35290.045165888347       -7842.8569721018357        1.6666666666666667     
   63.095734448019392        41090.547831948308        28256.750112617483       -38113.125676279131       -8876.0192587899255        1.6666666666666667     
   63.095734448019392        45149.929993388389        30119.088863123790       -41056.877438481548       -9957.4324341144566        1.6666666666666667     
   63.095734448019392        49610.343155924187        32057.338846361759       -44108.393118814398       -11070.698305706603        1.6666666666666667     
   63.095734448019392        54511.405630284731        34075.223992805404       -47278.326452885500       -12222.746651657209        1.6666666666666667     
   63.095734448019392        59896.649665375277        36176.716484017270       -50572.037550364024       -13414.965432971960        1.6666666666666667     
   63.095734448019392        65813.908110700839        38366.032265998532       -54002.414567730448       -14656.026804645207        1.6666666666666667     
   63.095734448019392        72315.739277612476        40647.636965563797       -57547.162915707682       -15919.170664906796        1.6666666666666667     
   63.095734448019392        79459.893773081334        43026.243312063605       -61248.638065028223       -17242.039641628198        1.6666666666666667     
   63.095734448019392        87309.827452514466        45506.822899469691       -65099.881104046937       -18612.703287658551        1.6666666666666667     
   63.095734448019392        95935.265047765512        48094.614477749754       -69108.536104151834       -20033.566907312244        1.6666666666666667     
   63.095734448019392        105412.81947660018        50795.125536836218       -73282.699806004035       -21507.219750592787        1.6666666666666667     
   63.095734448019392        115826.67233445156        53614.138253031371       -77630.921266451158       -23036.428737949791        1.6666666666666667     
   79.432823472428254        1145.4238945146003       -2454.4839751145460        3770.5004986821591        2550.2149622663478        1.6666666666666667     
   79.432823472428254        1258.5816295658860       -2442.5150195393353        3814.0623913151976        2605.7458081228324        1.6666666666666667     
   79.432823472428254        1382.9183465323019       -2422.6696218472212        3875.6536417349425        2687.1824550953233        1.6666666666666667     
   79.432823472428254        1519.5384298079173       -2391.3118113201654        3957.6937961437152        2800.5804186275000        1.6666666666666667     
   79.432823472428254        1669.6553671827196       -2343.8841150102003        4060.8016870324836        2951.1160053764261        1.6666666666666667     
   79.432823472428254        1834.6025282917383       -2274.9445725179753        4183.0076005813971        3142.2614538942935        1.6666666666666667     
   79.432823472428254        2015.8450078794633       -2178.2832298827220        4319.1375043842891        3375.0526964263190        1.6666666666666667     
   79.432823472428254        2214.9926390738933       -2047.1095922822772        4460.5900006187121        3647.6788215350643        1.6666666666666667     
   79.432823472428254        2433.8142922567854       -1874.2939284815723        4595.2960602300063        3955.2005340863270        1.6666666666666667     
   79.432823472428254        2674.2535865356376       -1652.6369633762131        4708.1360654932951        4289.6974902861120        1.6666666666666667     
   79.432823472428254        2938.4461533699350       -1375.1407584836591        4781.5897299467924        4640.6473424495862        1.6666666666666667     
   79.432823472428254        3228.7386056907521       -1035.2588905536234        4796.5903177164455        4995.5297773784250        1.6666666666666667     
   79.432823472428254        3547.7093810013539       -627.10256578191456        4733.4641620941502        5340.5599217652762        1.6666666666666667     
   79.432823472428254        3898.1916435915159       -145.59381790711646        4572.8617297654164        5661.4662063631367        1.6666666666666667     
   79.432823472428254        4283.2984492877549        413.44472003240196        4296.5826343817344        5944.2256149145005        1.6666666666666667     
   79.432823472428254        4706.4503962579929        1053.2554737278506        3888.2540807519481        6175.7077728359354        1.6666666666666667     
   79.432823472428254        5171.4060074707913        1776.1678450195659        3333.6610872013416        6344.0271054833729        1.6666666666666667     
   79.432823472428254        5682.2951146724454        2583.6666319490259        2621.9489604468790        6439.8137142959358        1.6666666666666667     
   79.432823472428254        6243.6555404053170        3476.4883898278863        1743.1900344804731        6453.8764897208839        1.6666666666666667     
   79.432823472428254        6860.4734038846527        4454.7427396424191        692.23705206851810        6381.1777944545502        1.6666666666666667     
   79.432823472428254        7538.2274087390324        5518.0525848985708       -534.53899139570694        6217.7115314757029        1.6666666666666667     
   79.432823472428254        8282.9375059872746        6665.6824466544413       -1940.0197577989593        5959.8605579708046        1.6666666666666667     
   79.432823472428254        9101.2183644864399        7896.6793768733924       -3522.6597180072886        5608.2174468403018        1.6666666666666667     
   79.432823472428254        10000.338123786452        9209.9881956604277       -5280.6732452402430        5163.5126618111608        1.6666666666666667     
   79.432823472428254        10988.282951246374        10604.572019540519       -7212.3477284785149        4626.4219140646710        1.6666666666666667     
   79.432823472428254        12073.827976821920        12079.499043514057       -9313.6977433240590        3999.9988355666901        1.6666666666666667     
   79.432823472428254        13266.615235581696        13634.031261364829       -11580.851929438963        3287.3767663611670        1.6666666666666667     
   79.432823472428254        14577.239310253613        15267.685561894079       -14011.148066449547        2490.7348329852648        1.6666666666666667     
   79.432823472428254        16017.341434496348        16980.285192614690       -16598.148248718131        1616.3341751129701        1.6666666666666667     
   79.432823472428254        17599.712892740456        18772.002974895393       -19338.154006628905        668.04608381601429        1.6666666666666667     
   79.432823472428254        19338.408635017931        20643.388035585478       -22230.990197616851       -353.40517373293187        1.6666666666666667     
   79.432823472428254        21248.872115930553        22595.384382107110       -25272.890615962559       -1443.3093540696827        1.6666666666666667     
   79.432823472428254        23348.072466602534        24629.339502847699       -28462.189935982478       -2598.6536992146321        1.6666666666666667     
   79.432823472428254        25654.655218007108        26747.019290461336       -31798.023751987552       -3816.8078487939056        1.6666666666666667     
   79.432823472428254        28189.107914422661        28950.600241332297       -35280.350044096071       -5095.5533249064501        1.6666666666666667     
   79.432823472428254        30973.942088031465        31242.671836867859       -38909.982966000993       -6433.1147913607638        1.6666666666666667     
   79.432823472428254        34033.893210996837        33626.235570781108       -42688.609248614302       -7828.1774542827261        1.6666666666666667     
   79.432823472428254        37396.140401034521        36104.692860555042       -46618.767657472228       -9279.8787865065424        1.6666666666666667     
   79.432823472428254        41090.547831948308        38681.847334935308       -50699.703434252137       -10783.660238278582        1.6666666666666667     
   79.432823472428254        45149.929993388381        41361.895809464768       -54952.445105017076       -12356.353610571994        1.6666666666666667     
   79.432823472428254        49610.343155924180        44149.420934489986       -59361.106032254553       -13977.489585870080        1.6666666666666667     
   79.432823472428254        54511.405630284731        47049.400561970455       -63939.870322294213       -15656.274417283686        1.6666666666666667     
   79.432823472428254        59896.649665375255        50067.182971812959       -68695.370677345069       -17393.992545739839        1.6666666666666667     
   79.432823472428254        65813.908110700824        53208.512300736787       -73624.888021627179       -19182.180767422244        1.6666666666666667     
   79.432823472428254        72315.739277612462        56479.508218196992       -78756.437461329973       -21042.734508667054        1.6666666666666667     
   79.432823472428254        79459.893773081305        59886.680062030719       -84089.179283690581       -22968.304665269650        1.6666666666666667     
   79.432823472428254        87309.827452514466        63436.923181939113       -89655.660071761697       -24984.542560619178        1.6666666666666667     
   79.432823472428254        95935.265047765512        67137.539648888109       -95397.453032357153       -27025.719294064234        1.6666666666666667     
   79.432823472428254        105412.81947660018        70996.224794862719       -101394.40543785130       -29163.986764533896        1.6666666666666667     
   79.432823472428254        115826.67233445156        75021.086579594892       -107661.36953419092       -31406.089275024431        1.6666666666666667     
   100.00000000000010        1145.4238945146008       -3103.7606427184842        4685.9085791699017        3135.9117174293897        1.6666666666666667     
   100.00000000000010        1258.5816295658860       -3099.3979959907597        4708.5370927718177        3162.9028724794030        1.6666666666666667     
   100.00000000000010        1382.9183465323022       -3091.0856976252708        4746.0258167297497        3208.7038959793476        1.6666666666666667     
   100.00000000000010        1519.5384298079173       -3076.1822721132953        4804.0691426509038        3281.6506477361572        1.6666666666666667     
   100.00000000000010        1669.6553671827196       -3050.8986252153168        4888.3942402609009        3391.2593933747162        1.6666666666666667     
   100.00000000000010        1834.6025282917381       -3010.1073061038128        5003.7062893701313        3547.3627573431813        1.6666666666666667     
   100.00000000000010        2015.8450078794635       -2947.2340369834037        5152.4197615588891        3758.9494959473477        1.6666666666666667     
   100.00000000000010        2214.9926390738929       -2854.2610400483854        5333.3385230301801        4032.8412487154851        1.6666666666666667     
   100.00000000000010        2433.8142922567849       -2721.8561803658276        5540.6466080526561        4372.5541840572514        1.6666666666666667     
   100.00000000000010        2674.2535865356381       -2539.6228926591989        5763.1371976067858        4777.2780555870213        1.6666666666666667     
   100.00000000000010        2938.4461533699350       -2296.4492010532826        5984.0697865241491        5241.3843233865437        1.6666666666666667     
   100.00000000000010        3228.7386056907517       -1980.9199419517406        6181.5291171659737        5754.3728978634126        1.6666666666666667     
   100.00000000000010        3547.7093810013534       -1581.7504515607859        6329.2835481930597        6301.2967989194367        1.6666666666666667     
   100.00000000000010        3898.1916435915155       -1088.2028919620911        6398.0249449285202        6863.5857307979768        1.6666666666666667     
   100.00000000000010        4283.2984492877549       -490.44640459562567        6356.8134996685376        7420.1307441981098        1.6666666666666667     
   100.00000000000010        4706.4503962579929        220.16231240486397        6174.5782285131663        7948.5041529951686        1.6666666666666667     
   100.00000000000010        5171.4060074707913        1050.8885673439540        5821.5183568681186        8426.1704986947116        1.6666666666666667     
   100.00000000000010        5682.2951146724454        2007.5309490366560        5270.2832902481096        8831.5777639321423        1.6666666666666667     
   100.00000000000010        6243.6555404053170        3094.4141467588397        4496.6578044940834        9144.8354211669975        1.6666666666666667     
   100.00000000000010        6860.4734038846527        4314.4703740514606        3481.0227807348319        9349.2565738152734        1.6666666666666667     
   100.00000000000010        7538.2274087390315        5669.3686123894722        2207.3633606579961        9430.4953079428597        1.6666666666666667     
   100.00000000000010        8282.9375059872764        7159.7011180767586        664.09438495053837        9377.5587703875099        1.6666666666666667     
   100.00000000000010        9101.2183644864399        8785.1850893098326       -1156.3532825387156        9182.5949948831712        1.6666666666666667     
   100.00000000000010        10000.338123786454        10544.880140095613       -3257.9252291867542        8840.7180265534280        1.6666666666666667     
   100.00000000000010        10988.282951246376        12437.403532967670       -5641.4495554568821        8349.7169873802959        1.6666666666666667     
   100.00000000000010        12073.827976821922        14461.133138612580       -8305.2046832361775        7709.6913625811339        1.6666666666666667     
   100.00000000000010        13266.615235581696        16614.391779926998       -11244.629100511494        6923.5254831794409        1.6666666666666667     
   100.00000000000010        14577.239310253612        18895.611710785062       -14456.355451699426        5993.0189541715044        1.6666666666666667     
   100.00000000000010        16017.341434496349        21303.471898386208       -17933.634492464706        4923.5999606483638        1.6666666666666667     
   100.00000000000010        17599.712892740459        23837.014511366189       -21672.228903347073        3718.5480695796359        1.6666666666666667     
   100.00000000000010        19338.408635017935        26495.738355466328       -25659.740965710978        2389.7596861212551        1.6666666666666667     
   100.00000000000010        21248.872115930550        29279.665462215278       -29896.491648326151        936.93599679441468        1.6666666666666667     
   100.00000000000010        23348.072466602534        32189.391790144517       -34375.264970576362       -632.11117142571675        1.6666666666666667     
   100.00000000000010        25654.655218007101        35226.135997328776       -39091.832807700397       -2311.9349163079023        1.6666666666666667     
   100.00000000000010        28189.107914422657        38391.746266760943       -44048.144698269272       -4102.6367013790077        1.6666666666666667     
   100.00000000000010        30973.942088031450        41688.727397796451       -49226.926598669852       -5984.4376254778763        1.6666666666666667     
   100.00000000000010        34033.893210996830        45120.242800359141       -54642.862091774499       -7968.8579397647263        1.6666666666666667     
   100.00000000000010        37396.140401034507        48690.101794630114       -60291.518851792316       -10047.655845320616        1.6666666666666667     
   100.00000000000010        41090.547831948286        52402.772108176519       -66174.952729792072       -12218.419609720033        1.6666666666666667     
   100.00000000000010        45149.929993388367        56263.368313399616       -72296.599860186834       -14479.470696591387        1.6666666666666667     
   100.00000000000010        49610.343155924165        60277.632984761491       -78661.236494607336       -16829.842917157788        1.6666666666666667     
   100.00000000000010        54511.405630284731        64451.941660965858       -85281.728461061415       -19276.026359668671        1.6666666666666667     
   100.00000000000010        59896.649665375247        68793.291461380839       -92152.324979941099       -21805.273319876440        1.6666666666666667     
   100.00000000000010        65813.908110700810        73309.292804325378       -99288.233353896561       -24425.180630665709        1.6666666666666667     
   100.00000000000010        72315.739277612447        78008.155535712809       -106684.25981273495       -27122.344549550529        1.6666666666666667     
   100.00000000000010        79459.893773081305        82898.709856915157       -114381.32542850566       -29928.855973660182        1.6666666666666667     
   100.00000000000010        87309.827452514437        87990.387966365757       -122393.70302184389       -32849.555899774561        1.6666666666666667     
   100.00000000000010        95935.265047765482        93293.236768544084       -130702.79789603702       -35855.802115792460        1.6666666666666667     
   100.00000000000010        105412.81947660015        98817.905467660181       -139321.28346673513       -38949.619236838182        1.6666666666666667     
   100.00000000000010        115826.67233445152        104575.68848440074       -148337.19236516394       -42207.745497892523        1.6666666666666667     
   125.89254117941688        1145.4238945146012       -3911.4804556101280        5873.9524670207620        3918.5447115573525        1.6666666666666667     
   125.89254117941688        1258.5816295658874       -3910.4152795185846        5881.5565561895401        3927.2139811944458        1.6666666666666667     
   125.89254117941688        1382.9183465323038       -3907.9971422068556        5896.7546033127710        3944.8301671710587        1.6666666666666667     
   125.89254117941688        1519.5384298079189       -3902.9123051117676        5924.7655764727469        3977.9259744593983        1.6666666666666667     
   125.89254117941688        1669.6553671827216       -3892.9398898270756        5972.6592675938118        4035.7920813754263        1.6666666666666667     
   125.89254117941688        1834.6025282917401       -3874.5836683095113        6049.0334498346638        4130.5224872541330        1.6666666666666667     
   125.89254117941688        2015.8450078794656       -3842.6889659652002        6163.1218981800139        4276.5056396291711        1.6666666666666667     
   125.89254117941688        2214.9926390738956       -3790.1016056942776        6323.3348447832504        4489.3059408280169        1.6666666666666667     
   125.89254117941688        2433.8142922567881       -3707.4309790001762        6535.3617527090382        4784.0034679782084        1.6666666666666667     
   125.89254117941688        2674.2535865356404       -3582.9725435568398        6800.1170881436265        5173.2172350071178        1.6666666666666667     
   125.89254117941688        2938.4461533699382       -3402.8231127580289        7111.7652322136746        5665.0148072338616        1.6666666666666667     
   125.89254117941688        3228.7386056907553       -3151.1941237016890        7456.4893443109422        6261.3678993890544        1.6666666666666667     
   125.89254117941688        3547.7093810013580       -2810.9014628167838        7811.5347561839153        6956.7059561489314        1.6666666666666667     
   125.89254117941688        3898.1916435915200       -2363.9826503845406        8145.8226308310659        7737.9126263669050        1.6666666666666667     
   125.89254117941688        4283.2984492877586       -1792.3760798636288        8420.5521415605635        8584.2486820560171        1.6666666666666667     
   125.89254117941688        4706.4503962579984       -1078.6026030614669        8590.9406576049714        9468.4106482294483        1.6666666666666667     
   125.89254117941688        5171.4060074707968       -206.37817092531381        8609.3208336705775        10359.015221895435        1.6666666666666667     
   125.89254117941688        5682.2951146724527        838.87677635222997        8425.5611663899526        11220.510459307177        1.6666666666666667     
   125.89254117941688        6243.6555404053242        2069.6732949060406        7991.8497427867278        12017.595512627924        1.6666666666666667     
   125.89254117941688        6860.4734038846600        3496.2441029792776        7262.7162468649640        12715.032764881702        1.6666666666666667     
   125.89254117941688        7538.2274087390406        5126.4697813617049        6197.6374657762271        13280.179600453746        1.6666666666666667     
   125.89254117941688        8282.9375059872855        6965.9575870423232        4761.5951497522801        13683.625012150414        1.6666666666666667     
   125.89254117941688        9101.2183644864508        9018.2127686694530        2927.2422550094616        13901.527216303804        1.6666666666666667     
   125.89254117941688        10000.338123786465        11284.889832823796        672.93001731882396        13913.891959168279        1.6666666666666667     
   125.89254117941688        10988.282951246387        13766.115658815632       -2016.1041723007784        13706.083496210600        1.6666666666666667     
   125.89254117941688        12073.827976821934        16460.819324822143       -5147.4650024705079        13269.426199061749        1.6666666666666667     
   125.89254117941688        13266.615235581710        19367.080311948812       -8727.8762739588965        12595.275827748330        1.6666666666666667     
   125.89254117941688        14577.239310253630        22482.459458713907       -12751.696321125135        11686.834838453047        1.6666666666666667     
   125.89254117941688        16017.341434496366        25804.303200212289       -17220.632213271470        10539.742519438991        1.6666666666666667     
   125.89254117941688        17599.712892740477        29330.015818724096       -22118.190580117302        9167.8966035424382        1.6666666666666667     
   125.89254117941688        19338.408635017957        33057.309252038031       -27443.615086287937        7569.7654006303565        1.6666666666666667     
   125.89254117941688        21248.872115930575        36984.392762398500       -33184.406035074688        5756.0578493200228        1.6666666666666667     
   125.89254117941688        23348.072466602560        41110.126845515231       -39330.545889279878        3735.6518822513099        1.6666666666666667     
   125.89254117941688        25654.655218007134        45434.171242121942       -45872.449813199586        1517.7921826896563        1.6666666666666667     
   125.89254117941688        28189.107914422686        49957.057094970143       -52801.407088717926       -888.27939514709578        1.6666666666666667     
   125.89254117941688        30973.942088031483        54680.273479263371       -60110.025778155185       -3473.6818821964262        1.6666666666666667     
   125.89254117941688        34033.893210996859        59606.301194387481       -67792.508601354988       -6230.1372258523552        1.6666666666666667     
   125.89254117941688        37396.140401034543        64738.644201743380       -75844.899856580669       -9150.1857008473016        1.6666666666666667     
   125.89254117941688        41090.547831948330        70081.854915361502       -84265.251592681860       -12227.326937526341        1.6666666666666667     
   125.89254117941688        45149.929993388410        75641.518285065322       -93053.700999912224       -15456.113113471605        1.6666666666666667     
   125.89254117941688        49610.343155924209        81424.250457043250       -102212.53426066194       -18832.214498813948        1.6666666666666667     
   125.89254117941688        54511.405630284760        87437.706676587666       -111746.22441994862       -22352.448670629972        1.6666666666666667     
   125.89254117941688        59896.649665375306        93690.541067071288       -121661.39435241299       -26014.784333037634        1.6666666666666667     
   125.89254117941688        65813.908110700882        100192.42506061347       -131956.34436501152       -29807.850691712098        1.6666666666666667     
   125.89254117941688        72315.739277612520        106954.00301417055       -142662.49273833970       -33752.421413077740        1.6666666666666667     
   125.89254117941688        79459.893773081378        113986.90510158043       -153782.69260925672       -37839.719507479633        1.6666666666666667     
   125.89254117941688        87309.827452514524        121303.73095017343       -165355.50160280438       -42095.702899307507        1.6666666666666667     
   125.89254117941688        95935.265047765570        128918.03384290055       -177351.55726720346       -46477.455891795893        1.6666666666666667     
   125.89254117941688        105412.81947660024        136844.33682926206       -189786.79590121011       -50986.391689780139        1.6666666666666667     
   125.89254117941688        115826.67233445165        145098.12937713496       -202758.68136376323       -55704.485148095497        1.6666666666666667     
   158.48931924611156        1145.4238945146012       -4925.0307658560532        7388.4212122639692        4925.9400910804497        1.6666666666666667     
   158.48931924611156        1258.5816295658874       -4924.8737160185319        7389.9295486371502        4927.6054808520876        1.6666666666666667     
   158.48931924611156        1382.9183465323040       -4924.4292578142877        7393.7185358667284        4931.8389181721896        1.6666666666666667     
   158.48931924611156        1519.5384298079202       -4923.2869304705609        7402.3372739875977        4941.5999853507046        1.6666666666666667     
   158.48931924611156        1669.6553671827230       -4920.5975300483242        7420.2330889909481        4962.1851893510729        1.6666666666666667     
   158.48931924611156        1834.6025282917419       -4914.7518269123320        7454.3972006631866        5002.1950157584697        1.6666666666666667     
   158.48931924611156        2015.8450078794676       -4902.9363340550944        7514.7505533090434        5074.3638636449641        1.6666666666666667     
   158.48931924611156        2214.9926390738974       -4880.5829237363687        7613.9594371916228        5195.9261503063717        1.6666666666666667     
   158.48931924611156        2433.8142922567899       -4840.7622251477733        7766.4470602706106        5388.2344676076145        1.6666666666666667     
   158.48931924611156        2674.2535865356426       -4773.6013330556652        7986.4595306964402        5675.4078317894355        1.6666666666666667     
   158.48931924611156        2938.4461533699405       -4665.8230144218851        8285.3292914765079        6082.0558998758625        1.6666666666666667     
   158.48931924611156        3228.7386056907585       -4500.5018001178523        8668.2736322338533        6630.3214471773663        1.6666666666666667     
   158.48931924611156        3547.7093810013612       -4257.1070359525156        9131.0971486765375        7336.5397273465805        1.6666666666666667     
   158.48931924611156        3898.1916435915236       -3911.8621588318765        9657.7911795274849        8208.4786238031375        1.6666666666666667     
   158.48931924611156        4283.2984492877631       -3438.4034399124566        10218.579303871495        9242.7254575887600        1.6666666666666667     
   158.48931924611156        4706.4503962580020       -2808.6798771817489        10769.915089727905        10423.784783425954        1.6666666666666667     
   158.48931924611156        5171.4060074708032       -1994.0010441901063        11255.319751829604        11723.868252462647        1.6666666666666667     
   158.48931924611156        5682.2951146724572       -966.12627181925916        11608.034352320661        13104.457594209685        1.6666666666666667     
   158.48931924611156        6243.6555404053288        301.70651507780349        11753.990655140700        14518.246647200445        1.6666666666666667     
   158.48931924611156        6860.4734038846664        1833.8881347892950        11614.424947229247        15910.862507013628        1.6666666666666667     
   158.48931924611156        7538.2274087390470        3651.7583619446982        11112.313916071680        17226.621638497803        1.6666666666666667     
   158.48931924611156        8282.9375059872928        5773.1679521949436        10173.065477940851        18408.782715230915        1.6666666666666667     
   158.48931924611156        9101.2183644864599        8212.2580899194636        8728.8386911794532        19403.646010472519        1.6666666666666667     
   158.48931924611156        10000.338123786474        10979.490477617905        6719.8423199680783        20161.881943132648        1.6666666666666667     
   158.48931924611156        10988.282951246396        14081.857804171690        4099.2686456079937        20643.675515816969        1.6666666666666667     
   158.48931924611156        12073.827976821945        17523.225525275953        825.62984817157121        20811.404306177614        1.6666666666666667     
   158.48931924611156        13266.615235581723        21304.809036767751       -3127.8509690759456        20639.506893017249        1.6666666666666667     
   158.48931924611156        14577.239310253641        25425.685946316466       -7780.8100995528876        20107.424568978386        1.6666666666666667     
   158.48931924611156        16017.341434496380        29883.342079164937       -13138.953696010420        19206.936971969717        1.6666666666666667     
   158.48931924611156        17599.712892740496        34674.210399468117       -19203.171639581778        17933.587175005247        1.6666666666666667     
   158.48931924611156        19338.408635017971        39794.183423413160       -25972.314564312219        16284.417213162764        1.6666666666666667     
   158.48931924611156        21248.872115930597        45239.059176088063       -33434.837016229620        14266.770246682216        1.6666666666666667     
   158.48931924611156        23348.072466602582        51004.950914721529       -41577.694687399904        11889.804140719323        1.6666666666666667     
   158.48931924611156        25654.655218007156        57088.627545514442       -50385.843680027880        9165.3315766944506        1.6666666666666667     
   158.48931924611156        28189.107914422711        63487.806886347556       -59843.462197144741        6106.8921295149557        1.6666666666666667     
   158.48931924611156        30973.942088031516        70201.363984515105       -69934.943241084824        2728.9679453938879        1.6666666666666667     
   158.48931924611156        34033.893210996896        77229.506759242169       -80645.766836490860       -953.71296996442834        1.6666666666666667     
   158.48931924611156        37396.140401034572        84573.908606855548       -91969.152370134994       -4932.6966505791352        1.6666666666666667     
   158.48931924611156        41090.547831948352        92237.809263004412       -103876.96243196120       -9176.6066861788713        1.6666666666666667     
   158.48931924611156        45149.929993388432        100226.02032949566       -116379.36212235689       -13690.795572658375        1.6666666666666667     
   158.48931924611156        49610.343155924231        108545.03595032226       -129465.92202100620       -18458.339975641386        1.6666666666666667     
   158.48931924611156        54511.405630284797        117202.96149533524       -143135.35155679804       -23469.844212611919        1.6666666666666667     
   158.48931924611156        59896.649665375342        126209.57012484438       -157389.76176645534       -28717.646045362271        1.6666666666666667     
   158.48931924611156        65813.908110700897        135576.27157866713       -172234.72180628020       -34195.905249629417        1.6666666666666667     
   158.48931924611156        72315.739277612563        145316.06599973256       -187679.19112217712       -39900.580297155175        1.6666666666666667     
   158.48931924611156        79459.893773081421        155443.58304168424       -203719.26977948303       -45813.142014978090        1.6666666666666667     
   158.48931924611156        87309.827452514597        165974.99941542506       -220402.71915003457       -51965.175455075252        1.6666666666666667     
   158.48931924611156        95935.265047765628        176928.06599074084       -237768.23979894590       -58377.629874630235        1.6666666666666667     
   158.48931924611156        105412.81947660031        188322.05418192749       -255732.08100854169       -64947.483150456566        1.6666666666666667     
   158.48931924611156        115826.67233445172        200177.78682030123       -274425.68296347570       -71785.352828754229        1.6666666666666667     
   199.52623149688830        1145.4238945146012       -6200.3290480683036        9300.5515442746055        6200.3888079095132        1.6666666666666667     
   199.52623149688830        1258.5816295658874       -6200.3167643017696        9300.7080270336246        6200.5575669821410        1.6666666666666667     
   199.52623149688830        1382.9183465323042       -6200.2709075625226        9301.2290393815019        6201.1244453797608        1.6666666666666667     
   199.52623149688830        1519.5384298079205       -6200.1192253625331        9302.7637971829427        6202.8108832511371        1.6666666666666667     
   199.52623149688830        1669.6553671827241       -6199.6698639175502        9306.8041697619392        6207.3006070165629        1.6666666666666667     
   199.52623149688830        1834.6025282917440       -6198.4657934076185        9316.3988046687373        6218.0993368782538        1.6666666666666667     
   199.52623149688830        2015.8450078794697       -6195.5214186012199        9337.1249118413689        6241.7697994624168        1.6666666666666667     
   199.52623149688830        2214.9926390739001       -6188.8965721492896        9378.1628851175301        6289.4326268549366        1.6666666666666667     
   199.52623149688830        2433.8142922567927       -6175.0786684984005        9453.1429816335949        6378.2306262163638        1.6666666666666667     
   199.52623149688830        2674.2535865356458       -6148.1785018452720        9580.3228531001951        6532.3106681909276        1.6666666666666667     
   199.52623149688830        2938.4461533699446       -6098.9953379416283        9781.6115106113066        6782.7824843773351        1.6666666666666667     
   199.52623149688830        3228.7386056907626       -6014.0585098613001        10080.174870567549        7166.2826730539082        1.6666666666666667     
   199.52623149688830        3547.7093810013653       -5874.7924470497355        10496.633749963758        7722.0076198927036        1.6666666666666667     
   199.52623149688830        3898.1916435915277       -5656.9607050283057        11044.187955230715        8487.3935504672918        1.6666666666666667     
   199.52623149688830        4283.2984492877686       -5330.5210154234455        11723.439938055682        9493.0852153391679        1.6666666666666667     
   199.52623149688830        4706.4503962580084       -4859.9722392246758        12517.711996405429        10757.906042507786        1.6666666666666667     
   199.52623149688830        5171.4060074708077       -4205.1958514821181        13389.696490031320        12284.666912786079        1.6666666666666667     
   199.52623149688830        5682.2951146724645       -3322.7270263384457        14280.022389915554        14057.461602677507        1.6666666666666667     
   199.52623149688830        6243.6555404053370       -2167.3307294452388        15107.866006018152        16040.701493862125        1.6666666666666667     
   199.52623149688830        6860.4734038846727       -693.72029451254571        15774.414229057595        18180.860118595843        1.6666666666666667     
   199.52623149688830        7538.2274087390560        1141.7475048764679        16166.057743948957        20407.971385567987        1.6666666666666667     
   199.52623149688830        8282.9375059873018        3379.5520937880883        16161.243390963433        22640.961569977560        1.6666666666666667     
   199.52623149688830        9101.2183644864690        6055.7770144811593        15635.800203664810        24791.743231042783        1.6666666666666667     
   199.52623149688830        10000.338123786485        9201.2262487447733        14468.838312556822        26770.230480794678        1.6666666666666667     
   199.52623149688830        10988.282951246409        12840.943975853579        12547.769706215242        28488.879518368107        1.6666666666666667     
   199.52623149688830        12073.827976821960        16994.074627726048        9772.3359714066282        29866.576319884261        1.6666666666666667     
   199.52623149688830        13266.615235581736        21674.086411180015        6058.3004879552500        30832.552533520047        1.6666666666666667     
   199.52623149688830        14577.239310253661        26889.217791956715        1335.2141912059597        31324.597490053715        1.6666666666666667     
   199.52623149688830        16017.341434496399        32643.170606452833       -4447.7212855219113        31295.614662152140        1.6666666666666667     
   199.52623149688830        17599.712892740514        38935.877983229555       -11325.801663387334        30710.241548413818        1.6666666666666667     
   199.52623149688830        19338.408635017993        45764.373324041633       -19322.135763698476        29542.402687842448        1.6666666666666667     
   199.52623149688830        21248.872115930619        53123.635067748262       -28438.482027103149        27785.317983312030        1.6666666666666667     
   199.52623149688830        23348.072466602611        61007.447597849612       -38670.495485433385        25437.116831915067        1.6666666666666667     
   199.52623149688830        25654.655218007189        69409.122398688807       -50012.066406229278        22497.220344122165        1.6666666666666667     
   199.52623149688830        28189.107914422741        78322.204299649573       -62448.825743728361        18973.542892317157        1.6666666666666667     
   199.52623149688830        30973.942088031548        87741.064061644764       -75944.017775768254        14897.210188691985        1.6666666666666667     
   199.52623149688830        34033.893210996932        97661.368122829008       -90471.704857636898        10289.827001612677        1.6666666666666667     
   199.52623149688830        37396.140401034616        108080.45341118652       -106030.88437491158        5149.7325752196775        1.6666666666666667     
   199.52623149688830        41090.547831948403        118997.70938844838       -122564.72533682268       -466.85299376233888        1.6666666666666667     
   199.52623149688830        45149.929993388490        130414.73244626612       -140076.99211376859       -6562.0967213647527        1.6666666666666667     
   199.52623149688830        49610.343155924296        142335.52905349602       -158541.07147403658       -13105.379867891839        1.6666666666666667     
   199.52623149688830        54511.405630284862        154766.62647605260       -177962.99441989069       -20096.205666898139        1.6666666666666667     
   199.52623149688830        59896.649665375386        167717.11283585979       -198273.13553551276       -27455.860492252075        1.6666666666666667     
   199.52623149688830        65813.908110700970        181198.71791991737       -219527.40076438824       -35228.521354055993        1.6666666666666667     
   199.52623149688830        72315.739277612622        195225.74135811991       -241706.63721066350       -43380.734512688388        1.6666666666666667     
   199.52623149688830        79459.893773081494        209815.12078850981       -264817.22666724061       -51901.944839795906        1.6666666666666667     
   199.52623149688830        87309.827452514655        224986.36045406113       -288871.01559609780       -60784.494320949685        1.6666666666666667     
   199.52623149688830        95935.265047765730        240761.48247757778       -313885.24045203545       -70023.597609747783        1.6666666666666667     
   199.52623149688830        105412.81947660043        257165.05875684545       -339856.11095940199       -79590.892785466276        1.6666666666666667     
   199.52623149688830        115826.67233445184        274224.08936416771       -366918.36032116233       -89594.111185866699        1.6666666666666667     
   251.18864315095848        1145.4238945146010       -7805.7562313021208        11708.635981799471        7805.7579231156305        1.6666666666666667     
   251.18864315095848        1258.5816295658874       -7805.7557977826473        11708.643277427691        7805.7656413851200        1.6666666666666667     
   251.18864315095848        1382.9183465323044       -7805.7535068046118        11708.677666149000        7805.8023032310921        1.6666666666666667     
   251.18864315095848        1519.5384298079202       -7805.7431047711134        11708.817020920445        7805.9520641159488        1.6666666666666667     
   251.18864315095848        1669.6553671827241       -7805.7019770276938        11709.308727200409        7806.4849036718651        1.6666666666666667     
   251.18864315095848        1834.6025282917440       -7805.5586274902234        11710.836152605829        7808.1556844266925        1.6666666666666667     
   251.18864315095848        2015.8450078794706       -7805.1132107714484        11715.057875161179        7812.8228251888004        1.6666666666666667     
   251.18864315095848        2214.9926390739024       -7803.8667326154582        11725.541437563639        7824.5528709214095        1.6666666666666667     
   251.18864315095848        2433.8142922567963       -7800.6956696994548        11749.137204558056        7851.3197039356619        1.6666666666666667     
   251.18864315095848        2674.2535865356499       -7793.2991662063996        11797.656287132471        7907.2352714434855        1.6666666666666667     
   251.18864315095848        2938.4461533699491       -7777.3576848867060        11889.454800975285        8014.9752770907135        1.6666666666666667     
   251.18864315095848        3228.7386056907671       -7745.3838288618945        12050.279580491762        8207.7739080888896        1.6666666666666667     
   251.18864315095848        3547.7093810013707       -7685.3162446518772        12312.606237567477        8530.1681357086072        1.6666666666666667     
   251.18864315095848        3898.1916435915341       -7578.9915069551080        12712.904792171670        9036.7914339483832        1.6666666666666667     
   251.18864315095848        4283.2984492877749       -7400.7028737982782        13286.494032090926        9788.6693117280010        1.6666666666666667     
   251.18864315095848        4706.4503962580156       -7116.0931469564812        14060.549554069796        10847.334548504235        1.6666666666666667     
   251.18864315095848        5171.4060074708150       -6681.6150388243332        15045.883071913511        12267.146158160625        1.6666666666666667     
   251.18864315095848        5682.2951146724727       -6044.7264224661958        16229.031136016536        14087.182836846921        1.6666666666666667     
   251.18864315095848        6243.6555404053461       -5144.8805525066182        17565.862656687976        16323.860203542621        1.6666666666666667     
   251.18864315095848        6860.4734038846846       -3915.2614125168211        18977.871401681856        18965.488075320260        1.6666666666666667     
   251.18864315095848        7538.2274087390660       -2285.0935974123090        20351.808828283363        21969.593273615847        1.6666666666666667     
   251.18864315095848        8282.9375059873146       -182.29718113466896        21542.735155468294        25263.315977346734        1.6666666666666667     
   251.18864315095848        9101.2183644864836        2463.7688298511193        22380.072970594476        28746.719768796585        1.6666666666666667     
   251.18864315095848        10000.338123786501        5719.7645719341044        22675.755493662342        32298.397949091519        1.6666666666666667     
   251.18864315095848        10988.282951246427        9646.1765044836484        22233.574880671767        35782.629180080337        1.6666666666666667     
   251.18864315095848        12073.827976821978        14295.677241836893        20858.546111131596        39057.101068951983        1.6666666666666667     
   251.18864315095848        13266.615235581759        19712.064828635728        18365.514126103681        41980.456597346594        1.6666666666666667     
   251.18864315095848        14577.239310253683        25929.823021889541        14586.239976682315        44418.940437346588        1.6666666666666667     
   251.18864315095848        16017.341434496422        32974.223584858519        9373.1884039092620        46250.289313179288        1.6666666666666667     
   251.18864315095848        17599.712892740539        40861.904286354678        2608.5247342021466        47373.306178927975        1.6666666666666667     
   251.18864315095848        19338.408635018022        49601.760428896509       -5802.7958267935683        47701.841628144015        1.6666666666666667     
   251.18864315095848        21248.872115930651        59196.173612131082       -15928.031390368022        47171.018961747977        1.6666666666666667     
   251.18864315095848        23348.072466602647        69642.330441294122       -27805.319832118228        45739.887386619055        1.6666666666666667     
   251.18864315095848        25654.655218007225        80933.540449684777       -41463.090200307008        43373.326597920939        1.6666666666666667     
   251.18864315095848        28189.107914422788        93060.640161480827       -56903.663087620807        40059.853414397265        1.6666666666666667     
   251.18864315095848        30973.942088031592        106013.22268574868       -74098.206868639842        35817.891794564464        1.6666666666666667     
   251.18864315095848        34033.893210996990        119780.76995436514       -93036.075447318130        30647.570143762292        1.6666666666666667     
   251.18864315095848        37396.140401034674        134353.66274134142       -113678.81791843014        24577.720326075680        1.6666666666666667     
   251.18864315095848        41090.547831948468        149724.03832553708       -136000.80521841359        17626.108358440513        1.6666666666666667     
   251.18864315095848        45149.929993388556        165886.45082221742       -159924.78474381010        9864.5410316028283        1.6666666666666667     
   251.18864315095848        49610.343155924362        182838.41721376864       -185449.14515457870        1292.1462911968410        1.6666666666666667     
   251.18864315095848        54511.405630284928        200580.88617170035       -212539.78110840029       -8056.0212453222775        1.6666666666666667     
   251.18864315095848        59896.649665375488        219118.46145802760       -241122.25931433713       -18100.924467094446        1.6666666666666667     
   251.18864315095848        65813.908110701057        238459.72880948076       -271245.63176346815       -28883.029487774649        1.6666666666666667     
   251.18864315095848        72315.739277612709        258617.25406575517       -302783.52401225537       -40263.397218647326        1.6666666666666667     
   251.18864315095848        79459.893773081596        279607.79173892504       -335819.22623969871       -52308.561323200207        1.6666666666666667     
   251.18864315095848        87309.827452514772        301452.18971825461       -370319.20750567765       -64964.145554243878        1.6666666666666667     
   251.18864315095848        95935.265047765861        324175.42397808161       -406289.71776438475       -78211.422269563540        1.6666666666666667     
   251.18864315095848        105412.81947660058        347806.60839125601       -443745.67132158740       -92036.192233904556        1.6666666666666667     
   251.18864315095848        115826.67233445199        372378.90579156112       -482750.28748747060       -106468.51117079740        1.6666666666666667     
   316.22776601683859        1145.4238945146012       -9826.8649777502305        14740.297505553714        9826.8649945389989        1.6666666666666667     
   316.22776601683859        1258.5816295658876       -9826.8649721105685        14740.297608518911        9826.8651262649437        1.6666666666666667     
   316.22776601683859        1382.9183465323044       -9826.8649260304264        14740.298540277128        9826.8660867839099        1.6666666666666667     
   316.22776601683859        1519.5384298079202       -9826.8646147524996        14740.304037723174        9826.8719005981802        1.6666666666666667     
   316.22776601683859        1669.6553671827244       -9826.8628468977731        14740.331912301426        9826.9015583427954        1.6666666666666667     
   316.22776601683859        1834.6025282917440       -9826.8542752651065        14740.452672961110        9827.0308897053164        1.6666666666666667     
   316.22776601683859        2015.8450078794708       -9826.8182941585910        14740.905219078628        9827.5194155182980        1.6666666666666667     
   316.22776601683859        2214.9926390739020       -9826.6858524888939        14742.390795847195        9829.1374067696215        1.6666666666666667     
   316.22776601683859        2433.8142922567963       -9826.2533598747468        14746.709898610858        9833.8890424190649        1.6666666666666667     
   316.22776601683859        2674.2535865356513       -9824.9869962827179        14757.944964941433        9846.3904732349038        1.6666666666666667     
   316.22776601683859        2938.4461533699518       -9821.6297303356550        14784.333420594359        9876.1361709755565        1.6666666666666667     
   316.22776601683859        3228.7386056907708       -9813.4993104744335        14840.765055547912        9940.6982679997491        1.6666666666666667     
   316.22776601683859        3547.7093810013744       -9795.3667688889764        14951.462082147431        10069.527795641230        1.6666666666666667     
   316.22776601683859        3898.1916435915373       -9757.8493236453050        15151.988088999278        10307.571248860340        1.6666666666666667     
   316.22776601683859        4283.2984492877795       -9685.3442651187743        15489.410608008267        10717.498836468856        1.6666666666666667     
   316.22776601683859        4706.4503962580202       -9553.6579957795420        16019.476170674438        11379.250630994795        1.6666666666666667     
   316.22776601683859        5171.4060074708204       -9327.6147487552844        16800.246798926160        12386.064544453722        1.6666666666666667     
   316.22776601683859        5682.2951146724781       -8959.0166418608551        17881.965386451520        13836.381220587082        1.6666666666666667     
   316.22776601683859        6243.6555404053524       -8385.3503893427296        19294.986452285113        15823.068475644615        1.6666666666666667     
   316.22776601683859        6860.4734038846918       -7529.5535522286518        21036.477869079419        18420.356765252953        1.6666666666666667     
   316.22776601683859        7538.2274087390751       -6301.0260004456413        23059.092604478457        21671.499036400244        1.6666666666666667     
   316.22776601683859        8282.9375059873219       -4597.8798872004154        25262.999681166148        25578.552194358148        1.6666666666666667     
   316.22776601683859        9101.2183644864926       -2310.2320862320230        27492.882555460546        30096.082835827787        1.6666666666666667     
   316.22776601683859        10000.338123786511        675.77124702381047        29540.413622770706        35129.617192856225        1.6666666666666667     
   316.22776601683859        10988.282951246436        4473.6380798321106        31151.831242268861        40538.901606071522        1.6666666666666667     
   316.22776601683859        12073.827976821991        9192.2786716692572        32039.648490288178        46145.359335865716        1.6666666666666667     
   316.22776601683859        13266.615235581770        14932.276442145037        31896.761633322658        51742.470128948800        1.6666666666666667     
   316.22776601683859        14577.239310253695        21782.877473910168        30411.494238430281        57107.803705803672        1.6666666666666667     
   316.22776601683859        16017.341434496440        29819.890669528799        27281.919247374561        62015.241823890188        1.6666666666666667     
   316.22776601683859        17599.712892740561        39104.549826298433        22228.283016847585        66246.264657729407        1.6666666666666667     
   316.22776601683859        19338.408635018044        49683.334320337955        15002.630906260056        69599.396775823581        1.6666666666666667     
   316.22776601683859        21248.872115930673        61588.508712050854        5397.9960502408940        71899.936155042058        1.6666666666666667     
   316.22776601683859        23348.072466602669        74839.420189757831       -6763.4272261445149        72989.424130349245        1.6666666666666667     
   316.22776601683859        25654.655218007254        89444.209428319053       -21587.981496471606        72769.659030391791        1.6666666666666667     
   316.22776601683859        28189.107914422813        105401.76736368620       -39176.397987994438        71138.799923223443        1.6666666666666667     
   316.22776601683859        30973.942088031628        122703.97428029003       -59577.362924533532        68040.041771055970        1.6666666666666667     
   316.22776601683859        34033.893210997019        141337.77375731719       -82784.190977060556        63467.013443771924        1.6666666666666667     
   316.22776601683859        37396.140401034711        161287.32151244959       -108806.12853528559        57394.623450411309        1.6666666666666667     
   316.22776601683859        41090.547831948512        182535.81651625113       -137603.04128098444        49846.205000692280        1.6666666666666667     
   316.22776601683859        45149.929993388600        205067.20380493533       -169145.11050829312        40835.522320985125        1.6666666666666667     
   316.22776601683859        49610.343155924420        228867.64693149514       -203319.62490118350        30461.451197036426        1.6666666666666667     
   316.22776601683859        54511.405630284986        253926.66561470827       -240139.36605298962        18700.727778335393        1.6666666666666667     
   316.22776601683859        59896.649665375546        280238.17459948710       -279462.24298400298        5689.3595712211099        1.6666666666666667     
   316.22776601683859        65813.908110701115        307801.16377502546       -321289.60271144129       -8575.0100588139612        1.6666666666666667     
   316.22776601683859        72315.739277612782        336620.32713600737       -365547.88125407445       -24014.127518050547        1.6666666666666667     
   316.22776601683859        79459.893773081654        366706.45380134636       -412192.57393061509       -40572.694331604522        1.6666666666666667     
   316.22776601683859        87309.827452514830        398076.59592812409       -461189.52982880810       -58199.507454908220        1.6666666666666667     
   316.22776601683859        95935.265047765919        430754.35122484004       -512516.57162124256       -76848.794703248423        1.6666666666666667     
   316.22776601683859        105412.81947660065        464769.92736141069       -566164.35608639778       -96481.003485986032        1.6666666666666667     
   316.22776601683859        115826.67233445206        500159.95524045487       -622136.65064670122       -117063.27061683853        1.6666666666666667     
   398.10717055349812        1145.4238945146010       -12371.290039523323        18556.935050613582        12371.290039569169        1.6666666666666667     
   398.10717055349812        1258.5816295658874       -12371.290039502319        18556.935051283093        12371.290040238680        1.6666666666666667     
   398.10717055349812        1382.9183465323040       -12371.290039206040        18556.935059536234        12371.290048491821        1.6666666666666667     
   398.10717055349812        1519.5384298079202       -12371.290035913131        18556.935176792995        12371.290129540945        1.6666666666666667     
   398.10717055349812        1669.6553671827237       -12371.290006465455        18556.935785836566        12371.290774792154        1.6666666666666667     
   398.10717055349812        1834.6025282917435       -12371.289790472872        18556.939802681714        12371.295008883118        1.6666666666666667     
   398.10717055349812        2015.8450078794708       -12371.288468157298        18556.961724324243        12371.318270208189        1.6666666666666667     
   398.10717055349812        2214.9926390739020       -12371.281602705600        18557.063379720537        12371.426841263001        1.6666666666666667     
   398.10717055349812        2433.8142922567963       -12371.250928938045        18557.469186690352        12371.863279893072        1.6666666666666667     
   398.10717055349812        2674.2535865356513       -12371.131418878773        18558.879907957282        12373.393450151945        1.6666666666666667     
   398.10717055349812        2938.4461533699514       -12370.720408014971        18563.202743647853        12378.127387344333        1.6666666666666667     
   398.10717055349812        3228.7386056907717       -12369.458793058597        18575.003457569663        12391.189683935503        1.6666666666666667     
   398.10717055349812        3547.7093810013771       -12365.967220054355        18603.974458954475        12423.652260097788        1.6666666666666667     
   398.10717055349812        3898.1916435915432       -12357.174010984039        18668.500733243549        12496.971703677229        1.6666666666666667     
   398.10717055349812        4283.2984492877849       -12336.851901246597        18799.909440097166        12648.702525690267        1.6666666666666667     
   398.10717055349812        4706.4503962580266       -12293.417883471417        19046.332267523278        12938.559490430087        1.6666666666666667     
   398.10717055349812        5171.4060074708277       -12206.964387391392        19474.497785530890        13453.178379761495        1.6666666666666667     
   398.10717055349812        5682.2951146724863       -12045.672127607979        20167.565390662137        14307.538259234483        1.6666666666666667     
   398.10717055349812        6243.6555404053615       -11761.967654092561        21217.519212062431        15641.196507452081        1.6666666666666667     
   398.10717055349812        6860.4734038847018       -11288.964250227458        22711.902047777476        17608.582795784972        1.6666666666666667     
   398.10717055349812        7538.2274087390851       -10537.816436438554        24715.143394599938        20362.971941214608        1.6666666666666667     
   398.10717055349812        8282.9375059873346       -9396.5504951794010        27248.736473504032        24037.830945325131        1.6666666666666667     
   398.10717055349812        9101.2183644865072       -7730.7758920013566        30270.885615103820        28725.754700567646        1.6666666666666667     
   398.10717055349812        10000.338123786525       -5386.3994363192260        33661.665436860603        34460.910952536273        1.6666666666666667     
   398.10717055349812        10988.282951246454       -2194.1653793925161        37213.197643815736        41204.677160972045        1.6666666666666667     
   398.10717055349812        12073.827976822007        2024.4152114565247        40632.861527387395        48842.921586264216        1.6666666666666667     
   398.10717055349812        13266.615235581792        7450.3312058083193        43546.819617212175        57182.795610849076        1.6666666666666667     
   398.10717055349812        14577.239310253717        14260.221161753867        45521.979094556431        65967.845002766131        1.6666666666666667     
   398.10717055349812        16017.341434496462        22620.027938179548        46082.053165126919        74887.725682972698        1.6666666666666667     
   398.10717055349812        17599.712892740583        32679.673124898422        44733.346145068273        83598.663722598372        1.6666666666666667     
   398.10717055349812        19338.408635018073        44569.082209912136        40987.829576794720        91742.555973467213        1.6666666666666667     
   398.10717055349812        21248.872115930702        58395.681307934603        34384.348368982988        98965.673807830957        1.6666666666666667     
   398.10717055349812        23348.072466602702        74243.477111038068        24505.951590570694        104935.07264527133        1.6666666666666667     
   398.10717055349812        25654.655218007290        92173.423101997396        10988.860254311774        109347.92659202569        1.6666666666666667     
   398.10717055349812        28189.107914422857        112224.95823413623       -6446.9156318989990        111963.68590998754        1.6666666666666667     
   398.10717055349812        30973.942088031672        134418.51611131491       -28048.620325497614        112555.53932466244        1.6666666666666667     
   398.10717055349812        34033.893210997070        158758.43694822272       -53970.434304233058        110973.64606075009        1.6666666666666667     
   398.10717055349812        37396.140401034761        185236.35535832774       -84312.255230702634        107109.74246405513        1.6666666666666667     
   398.10717055349812        41090.547831948570        213834.65650174962       -119130.84161046240        100889.45747611215        1.6666666666666667     
   398.10717055349812        45149.929993388665        244529.75508845961       -158401.99940816770        92313.397450394259        1.6666666666666667     
   398.10717055349812        49610.343155924485        277295.40510376531       -202097.98420224531        81383.061196442344        1.6666666666666667     
   398.10717055349812        54511.405630285066        312105.27758500830       -250137.75829295960        68153.160276176815        1.6666666666666667     
   398.10717055349812        59896.649665375626        348935.66611613694       -302463.16926681006        52658.138342891121        1.6666666666666667     
   398.10717055349812        65813.908110701217        387767.34153199394       -358964.12355666090        34988.857784641325        1.6666666666666667     
   398.10717055349812        72315.739277612898        428587.44515409379       -419540.61773340241        15232.468030012504        1.6666666666666667     
   398.10717055349812        79459.893773081785        471390.64578241220       -484095.19400605804       -6518.9086872945190        1.6666666666666667     
   398.10717055349812        87309.827452514961        516180.29580998502       -552538.51485010167       -30172.581725977128        1.6666666666666667     
   398.10717055349812        95935.265047766065        562969.13041896280       -624793.46863685362       -55638.701321267057        1.6666666666666667     
   398.10717055349812        105412.81947660077        611779.70072900981       -700798.26832893223       -82832.930899256957        1.6666666666666667     
   398.10717055349812        115826.67233445219        662644.88261873054       -780509.33045399340       -111678.81277118961        1.6666666666666667     
   501.18723362727354        1145.4238945146012       -15574.531407433486        23361.797100175132        15574.531407433506        1.6666666666666667     
   501.18723362727354        1258.5816295658876       -15574.531407433469        23361.797100175940        15574.531407434315        1.6666666666666667     
   501.18723362727354        1382.9183465323042       -15574.531407433013        23361.797100194137        15574.531407452512        1.6666666666666667     
   501.18723362727354        1519.5384298079205       -15574.531407423548        23361.797100515978        15574.531407774355        1.6666666666666667     
   501.18723362727354        1669.6553671827244       -15574.531407274057        23361.797104930076        15574.531412188449        1.6666666666666667     
   501.18723362727354        1834.6025282917440       -15574.531405432017        23361.797152777002        15574.531460035378        1.6666666666666667     
   501.18723362727354        2015.8450078794706       -15574.531387334353        23361.797570029477        15574.531877287851        1.6666666666666667     
   501.18723362727354        2214.9926390739024       -15574.531242704128        23361.800410761298        15574.534854767813        1.6666666666666667     
   501.18723362727354        2433.8142922567963       -15574.530285248084        23361.817029834856        15574.552522243775        1.6666666666666667     
   501.18723362727354        2674.2535865356517       -15574.524946774529        23361.900332305155        15574.641021143399        1.6666666666666667     
   501.18723362727354        2938.4461533699514       -15574.499493676885        23362.254385029384        15575.020554604394        1.6666666666666667     
   501.18723362727354        3228.7386056907721       -15574.394272315112        23363.561002944301        15576.432423004457        1.6666666666666667     
   501.18723362727354        3547.7093810013780       -15574.012331147444        23367.790136748717        15581.043539946813        1.6666666666666667     
   501.18723362727354        3898.1916435915437       -15572.780842833818        23379.928304465604        15594.413215830491        1.6666666666666667     
   501.18723362727354        4283.2984492877886       -15569.216480918709        23411.130256338314        15629.179462391519        1.6666666666666667     
   501.18723362727354        4706.4503962580320       -15559.866113126713        23483.622307565085        15711.021941192135        1.6666666666666667     
   501.18723362727354        5171.4060074708341       -15537.438341241896        23637.102843777800        15886.930220779406        1.6666666666666667     
   501.18723362727354        5682.2951146724927       -15487.855134267096        23935.408112923462        16234.818678955531        1.6666666666666667     
   501.18723362727354        6243.6555404053679       -15386.077218525288        24471.202497125676        16872.390966032381        1.6666666666666667     
   501.18723362727354        6860.4734038847091       -15190.802790490186        25365.633939662748        17962.096792538552        1.6666666666666667     
   501.18723362727354        7538.2274087390942       -14838.466230933645        26760.400083294371        19709.199578752203        1.6666666666666667     
   501.18723362727354        8282.9375059873437       -14237.279531061575        28800.529896654662        22350.516060808968        1.6666666666666667     
   501.18723362727354        9101.2183644865163       -13262.273611574832        31608.216325534057        26133.208432362659        1.6666666666666667     
   501.18723362727354        10000.338123786536       -11752.307763234367        35252.020149606935        31286.978017064721        1.6666666666666667     
   501.18723362727354        10988.282951246465       -9509.8204972755284        39713.622611836414        37991.067736820951        1.6666666666666667     
   501.18723362727354        12073.827976822022       -6303.7317308800812        44860.132308127169        46343.666180300934        1.6666666666666667     
   501.18723362727354        13266.615235581805       -1875.4076115605701        50425.325455799495        56337.183430347526        1.6666666666666667     
   501.18723362727354        14577.239310253732        4052.8007211038889        56003.609261790320        67843.675422484579        1.6666666666666667     
   501.18723362727354        16017.341434496482        11767.330132258281        61057.767049020811        80612.362669312410        1.6666666666666667     
   501.18723362727354        17599.712892740601        21552.516496435001        64939.308947586440        94279.090808440800        1.6666666666666667     
   501.18723362727354        19338.408635018091        33680.039344356141        66918.714339949191        108386.01904274823        1.6666666666666667     
   501.18723362727354        21248.872115930728        48399.709160721803        66221.408910723112        122408.38314607195        1.6666666666666667     
   501.18723362727354        23348.072466602731        65932.127319170919        62065.558150858429        135784.95034426800        1.6666666666666667     
   501.18723362727354        25654.655218007319        86463.726104371119        53697.526740682151        147948.51770364336        1.6666666666666667     
   501.18723362727354        28189.107914422890        110144.15203339112        40422.484509860747        158353.90073151793        1.6666666666666667     
   501.18723362727354        30973.942088031705        137086.05725053084        21633.387168779707        166506.70862073181        1.6666666666666667     
   501.18723362727354        34033.893210997107        167366.69205492942       -3195.0949398705852        171958.86092063409        1.6666666666666667     
   501.18723362727354        37396.140401034805        201031.26047722279       -34480.911414410424        174337.61259207252        1.6666666666666667     
   501.18723362727354        41090.547831948614        238097.35140365799       -72484.516195705743        173400.09951627348        1.6666666666666667     
   501.18723362727354        45149.929993388716        278559.95921408851       -117448.48380292242        168898.73891018901        1.6666666666666667     
   501.18723362727354        49610.343155924544        322397.00152781338       -169467.27704799426        160716.98842485802        1.6666666666666667     
   501.18723362727354        54511.405630285131        369574.66606957867       -228569.45507481357        148792.47237766389        1.6666666666666667     
   501.18723362727354        59896.649665375699        420052.65732816205       -294738.70207982248        133101.21582949656        1.6666666666666667     
   501.18723362727354        65813.908110701304        473788.77559231967       -367825.23370081524        113750.80303119658        1.6666666666666667     
   501.18723362727354        72315.739277612985        530743.18796298956       -447766.69185856602        90763.756417131983        1.6666666666666667     
   501.18723362727354        79459.893773081872        590881.88374458288       -534395.37674213154        64273.764530170127        1.6666666666666667     
   501.18723362727354        87309.827452515077        654179.65269246488       -627553.64009944501        34413.273122493061        1.6666666666666667     
   501.18723362727354        95935.265047766166        720622.62957458803       -727138.14594327251        1271.7406154181808        1.6666666666666667     
   501.18723362727354        105412.81947660090        790209.72330228973       -832839.05619088595       -34842.074306978611        1.6666666666666667     
   501.18723362727354        115826.67233445233        862954.48963948456       -944686.38028576470       -73944.630259149475        1.6666666666666667     
   630.95734448019493        1145.4238945146012       -19607.173365604394        29410.759919819266        19607.173365604394        1.6666666666666667     
   630.95734448019493        1258.5816295658874       -19607.173365604394        29410.759919819266        19607.173365604394        1.6666666666666667     
   630.95734448019493        1382.9183465323042       -19607.173365604394        29410.759919819266        19607.173365604394        1.6666666666666667     
   630.95734448019493        1519.5384298079202       -19607.173365604391        29410.759919819568        19607.173365604696        1.6666666666666667     
   630.95734448019493        1669.6553671827241       -19607.173365604220        29410.760034597457        19607.173365612114        1.6666666666666667     
   630.95734448019493        1834.6025282917440       -19607.173365600178        29410.760034744613        19607.173365759270        1.6666666666666667     
   630.95734448019493        2015.8450078794708       -19607.173365528353        29410.760036998341        19607.173368012998        1.6666666666666667     
   630.95734448019493        2214.9926390739020       -19607.173364542901        29410.759949288207        19607.173395073336        1.6666666666666667     
   630.95734448019493        2433.8142922567963       -19607.173353864251        29410.760323417380        19607.173654432037        1.6666666666666667     
   630.95734448019493        2674.2535865356513       -19607.173260547101        29410.762112904682        19607.175673460286        1.6666666666666667     
   630.95734448019493        2938.4461533699518       -19607.172590343780        29410.774517273654        19607.188651681616        1.6666666666666667     
   630.95734448019493        3228.7386056907721       -19607.168565333075        29410.840577388739        19607.258613992763        1.6666666666666667     
   630.95734448019493        3547.7093810013776       -19607.148030002085        29411.140959090841        19607.579539609418        1.6666666666666667     
   630.95734448019493        3898.1916435915432       -19607.057733009977        29412.320116415824        19608.849250837102        1.6666666666666667     
   630.95734448019493        4283.2984492877877       -19606.710998530616        29416.360976886303        19613.236603363668        1.6666666666666667     
   630.95734448019493        4706.4503962580320       -19605.534223888986        29428.577946506695        19626.630429407742        1.6666666666666667     
   630.95734448019493        5171.4060074708368       -19601.965399646222        29461.519473799690        19663.140859309548        1.6666666666666667     
   630.95734448019493        5682.2951146724981       -19592.196507591609        29541.482894651610        19752.873083687700        1.6666666666666667     
   630.95734448019493        6243.6555404053770       -19567.839514633153        29717.744277464008        19953.491515228332        1.6666666666666667     
   630.95734448019493        6860.4734038847191       -19512.058420449783        30073.282290533709        20364.810617590661        1.6666666666666667     
   630.95734448019493        7538.2274087391052       -19393.823757677423        30734.146900361826        21143.909816956209        1.6666666666666667     
   630.95734448019493        8282.9375059873564       -19160.252973335933        31873.061549262886        22516.395346193374        1.6666666666666667     
   630.95734448019493        9101.2183644865290       -18727.472986183300        33702.619054797600        24778.732792054641        1.6666666666666667     
   630.95734448019493        10000.338123786551       -17970.975165662334        36454.563398862185        28287.174883386713        1.6666666666666667     
   630.95734448019493        10988.282951246481       -16716.852726229357        40344.560200622203        33431.294230547865        1.6666666666666667     
   630.95734448019493        12073.827976822042       -14735.502523631518        45525.441560092127        40593.525739576959        1.6666666666666667     
   630.95734448019493        13266.615235581823       -11739.182892664068        52035.335016881785        50099.738689985228        1.6666666666666667     
   630.95734448019493        14577.239310253755       -7384.3542570986456        59749.011150412516        62168.243505110542        1.6666666666666667     
   630.95734448019493        16017.341434496506       -1279.0538941550626        68340.828492075496        76865.361083332027        1.6666666666666667     
   630.95734448019493        17599.712892740630        7005.2636856160043        77266.788067259433        94075.638192020429        1.6666666666666667     
   630.95734448019493        19338.408635018121        17918.498685190454        85762.368086074974        113484.45309212804        1.6666666666666667     
   630.95734448019493        21248.872115930757        31914.899401913437        92875.821917247420        134594.30719648968        1.6666666666666667     
   630.95734448019493        23348.072466602767        49435.899149025267        97500.406729742826        156739.89165232604        1.6666666666666667     
   630.95734448019493        25654.655218007356        70894.450019195414        98432.839727001614        179130.87585659753        1.6666666666666667     
   630.95734448019493        28189.107914422930        96661.939654610411        94431.831123380165        200897.35602474317        1.6666666666666667     
   630.95734448019493        30973.942088031752        127058.63890315898        84276.503078720241        221138.72682873558        1.6666666666666667     
   630.95734448019493        34033.893210997157        162347.87527518591        66818.954010144225        238970.41146668373        1.6666666666666667     
   630.95734448019493        37396.140401034863        202734.07908681507        41026.490153425577        253564.15268505656        1.6666666666666667     
   630.95734448019493        41090.547831948672        248364.07733177269        6002.6160917819361        264170.27680063748        1.6666666666666667     
   630.95734448019493        45149.929993388789        299331.29394493252       -38957.982298851886        270176.89285387041        1.6666666666666667     
   630.95734448019493        49610.343155924616        355682.03820271004       -94394.149429785961        271091.46861445607        1.6666666666666667     
   630.95734448019493        54511.405630285219        417423.31463186245       -160738.73019607767        266488.16477697040        1.6666666666666667     
   630.95734448019493        59896.649665375793        484531.01582069974       -238204.93400556553        256129.65911641181        1.6666666666666667     
   630.95734448019493        65813.908110701392        556958.84576897277       -326891.77742036583        239870.64859823929        1.6666666666666667     
   630.95734448019493        72315.739277613087        634646.44984377536       -426783.74228671438        217666.27659876773        1.6666666666666667     
   630.95734448019493        79459.893773082003        717527.53400359303       -537774.75458500464        189556.35142134875        1.6666666666666667     
   630.95734448019493        87309.827452515179        805536.40551622701       -659761.97517649108        155578.00840470532        1.6666666666666667     
   630.95734448019493        95935.265047766297        898614.38686146843       -792386.58567572280        116031.37323288212        1.6666666666666667     
   630.95734448019493        105412.81947660106        996715.10627931380       -935392.55151905341        71126.124216653872        1.6666666666666667     
   630.95734448019493        115826.67233445251        1099807.8749497475       -1088683.0624597941        20928.382896561176        1.6666666666666667     
   794.32823472428379        1145.4238945146012       -24683.968803413147        37025.953187725332        24683.968803413147        1.6666666666666667     
   794.32823472428379        1258.5816295658874       -24683.968803413147        37025.953187725332        24683.968803413147        1.6666666666666667     
   794.32823472428379        1382.9183465323044       -24683.968803413147        37025.953187725332        24683.968803413147        1.6666666666666667     
   794.32823472428379        1519.5384298079202       -24683.968803413147        37025.953187725332        24683.968803413147        1.6666666666666667     
   794.32823472428379        1669.6553671827241       -24683.968803413147        37025.953187725332        24683.968803413147        1.6666666666666667     
   794.32823472428379        1834.6025282917440       -24683.968803413143        37025.953187725456        24683.968803413271        1.6666666666666667     
   794.32823472428379        2015.8450078794708       -24683.968803413085        37025.953187728228        24683.968803416039        1.6666666666666667     
   794.32823472428379        2214.9926390739024       -24683.968803411452        37025.953187792213        24683.968803480027        1.6666666666666667     
   794.32823472428379        2433.8142922567963       -24683.968803378655        37025.953188889005        24683.968804576816        1.6666666666666667     
   794.32823472428379        2674.2535865356513       -24683.968802875424        37025.953203528370        24683.968819216185        1.6666666666666667     
   794.32823472428379        2938.4461533699518       -24683.968796836023        37025.953358264785        24683.968973952597        1.6666666666666667     
   794.32823472428379        3228.7386056907726       -24683.968738910338        37025.954676637310        24683.970292325121        1.6666666666666667     
   794.32823472428379        3547.7093810013776       -24683.968286030788        37025.963451669479        24683.979500819689        1.6666666666666667     
   794.32823472428379        3898.1916435915441       -24683.965347314013        37026.013993458786        24684.033076845746        1.6666666666666667     
   794.32823472428379        4283.2984492877877       -24683.949258013050        37026.261379739561        24684.296645722505        1.6666666666666667     
   794.32823472428379        4706.4503962580320       -24683.873810709330        37027.297895815231        24685.408439767023        1.6666666666666667     
   794.32823472428379        5171.4060074708368       -24683.566605749369        37031.064315599659        24689.482184387780        1.6666666666666667     
   794.32823472428379        5682.2951146724990       -24682.466777950747        37043.086277143768        24702.603984509307        1.6666666666666667     
   794.32823472428379        6243.6555404053779       -24678.964940841452        37077.151280227423        24740.170785775070        1.6666666666666667     
   794.32823472428379        6860.4734038847228       -24668.944866819838        37163.696291188469        24836.735857890231        1.6666666666666667     
   794.32823472428379        7538.2274087391133       -24642.932117303943        37362.608983036022        25061.661205865781        1.6666666666666667     
   794.32823472428379        8282.9375059873655       -24581.128200907806        37779.588624933087        25540.444927107757        1.6666666666666667     
   794.32823472428379        9101.2183644865399       -24445.669232392862        38582.670011589275        26478.985189779174        1.6666666666666667     
   794.32823472428379        10000.338123786561       -24169.797040606765        40012.937559003694        28185.124964371134        1.6666666666666667     
   794.32823472428379        10988.282951246492       -23644.277974622779        42381.927157049911        31079.633530609688        1.6666666666666667     
   794.32823472428379        12073.827976822053       -22702.233177992413        46049.018224714368        35688.769427459265        1.6666666666666667     
   794.32823472428379        13266.615235581839       -21104.327638633029        51375.577464417045        42613.234028035411        1.6666666666666667     
   794.32823472428379        14577.239310253770       -18526.753240790127        58657.995485882158        52473.226630746736        1.6666666666666667     
   794.32823472428379        16017.341434496522       -14554.398342723056        68047.585057250079        65835.171043477079        1.6666666666666667     
   794.32823472428379        17599.712892740648       -8681.0909181480256        79470.150631779426        83131.043960709794        1.6666666666666667     
   794.32823472428379        19338.408635018142       -317.76656642709605        92554.176945794679        104578.39460824161        1.6666666666666667     
   794.32823472428379        21248.872115930779        11191.744644042095        106593.96570517887        130127.69447874241        1.6666666666666667     
   794.32823472428379        23348.072466602789        26548.662898386381        120531.45624567107        159422.10349324736        1.6666666666666667     
   794.32823472428379        25654.655218007378        46473.282331534851        132982.84647853085        191798.11304444371        1.6666666666666667     
   794.32823472428379        28189.107914422959        71677.475355765826        142292.45787503972        226311.91714566905        1.6666666666666667     
   794.32823472428379        30973.942088031788        102838.67682669786        146610.30170902360        261790.96203712831        1.6666666666666667     
   794.32823472428379        34033.893210997194        140576.90473049146        143984.25644721801        296903.14443444094        1.6666666666666667     
   794.32823472428379        37396.140401034907        185437.29111438213        132453.81603974456        330233.08983982250        1.6666666666666667     
   794.32823472428379        41090.547831948716        237877.95095416019        110139.13201156876        360359.06404399918        1.6666666666666667     
   794.32823472428379        45149.929993388832        298264.34010661568        75315.313437892357        385921.63577869663        1.6666666666666667     
   794.32823472428379        49610.343155924667        366869.17302305548        26469.307325238478        405680.46231394931        1.6666666666666667     
   794.32823472428379        54511.405630285270        443877.04431982437       -37646.649828649824        418572.37733174948        1.6666666666666667     
   794.32823472428379        59896.649665375859        529393.13312134333       -118095.58452981035        423639.52732919308        1.6666666666666667     
   794.32823472428379        65813.908110701464        623454.61002997600       -215486.76070285717        420309.82905185118        1.6666666666666667     
   794.32823472428379        72315.739277613160        726043.40585144737       -330445.60858041025        407939.77630738390        1.6666666666666667     
   794.32823472428379        79459.893773082076        837100.16625734139       -463058.33087977639        386383.80861639557        1.6666666666666667     
   794.32823472428379        87309.827452515281        956537.45770738076       -613503.12048246979        355376.31933743681        1.6666666666666667     
   794.32823472428379        95935.265047766399        1084252.9384339596       -781628.68142889347        314966.22870427743        1.6666666666666667     
   794.32823472428379        105412.81947660116        1220140.8797270562       -967202.41153654177        265280.44805321749        1.6666666666666667     
   794.32823472428379        115826.67233445263        1364102.2839166713       -1169903.8628072632        206540.39714215207        1.6666666666666667     
   1000.0000000000031        1145.4238945146010       -31075.275590551279        46612.913363928681        31075.275590551279        1.6666666666666667     
   1000.0000000000031        1258.5816295658874       -31075.275590551279        46612.913363928681        31075.275590551279        1.6666666666666667     
   1000.0000000000031        1382.9183465323040       -31075.275590551279        46612.913363928681        31075.275590551279        1.6666666666666667     
   1000.0000000000031        1519.5384298079205       -31075.275590551279        46612.913363928681        31075.275590551279        1.6666666666666667     
   1000.0000000000031        1669.6553671827241       -31075.275590551279        46612.913363928681        31075.275590551279        1.6666666666666667     
   1000.0000000000031        1834.6025282917440       -31075.275590551279        46612.913363928681        31075.275590551279        1.6666666666666667     
   1000.0000000000031        2015.8450078794706       -31075.275590551279        46612.913363928681        31075.275590551279        1.6666666666666667     
   1000.0000000000031        2214.9926390739020       -31075.275590551279        46612.913363928761        31075.275590551359        1.6666666666666667     
   1000.0000000000031        2433.8142922567963       -31075.275590551257        46612.913545828662        31075.275590552319        1.6666666666666667     
   1000.0000000000031        2674.2535865356513       -31075.275590550635        46612.913363956053        31075.275590578654        1.6666666666666667     
   1000.0000000000031        2938.4461533699514       -31075.275590536439        46612.913364464053        31075.275591086654        1.6666666666666667     
   1000.0000000000031        3228.7386056907717       -31075.275590291607        46612.913553926694        31075.275598650354        1.6666666666666667     
   1000.0000000000031        3547.7093810013776       -31075.275587023585        46612.913460503609        31075.275687126203        1.6666666666666667     
   1000.0000000000031        3898.1916435915437       -31075.275552486517        46612.914288298147        31075.276514920744        1.6666666666666667     
   1000.0000000000031        4283.2984492877886       -31075.275257497022        46612.920227044844        31075.282817465326        1.6666666666666667     
   1000.0000000000031        4706.4503962580320       -31075.273182568097        46612.957555423971        31075.322510530674        1.6666666666666667     
   1000.0000000000031        5171.4060074708368       -31075.260955737547        46613.155731150146        31075.532509687971        1.6666666666666667     
   1000.0000000000031        5682.2951146724990       -31075.199646236993        46614.041117771820        31076.479378151485        1.6666666666666667     
   1000.0000000000031        6243.6555404053770       -31074.934281438913        46617.463405130897        31080.167056064540        1.6666666666666667     
   1000.0000000000031        6860.4734038847228       -31073.929852338570        46629.018860816839        31092.727139598061        1.6666666666666667     
   1000.0000000000031        7538.2274087391124       -31070.565340520945        46663.496336159951        31130.568835843031        1.6666666666666667     
   1000.0000000000031        8282.9375059873691       -31060.482859861466        46755.332307081000        31232.487283128998        1.6666666666666667     
   1000.0000000000031        9101.2183644865490       -31033.182826427823        46975.774548119087        31480.229644731262        1.6666666666666667     
   1000.0000000000031        10000.338123786572       -30965.786111716792        47456.710901889208        32028.562466285803        1.6666666666666667     
   1000.0000000000031        10988.282951246503       -30812.823567577201        48417.678342643914        33142.492545862428        1.6666666666666667     
   1000.0000000000031        12073.827976822064       -30491.252206456225        50188.330883139104        35234.716219457121        1.6666666666666667     
   1000.0000000000031        13266.615235581852       -29860.719994879822        53215.214035296711        38892.131675672572        1.6666666666666667     
   1000.0000000000031        14577.239310253784       -28700.328661795051        58040.938602500086        44878.247609159829        1.6666666666666667     
   1000.0000000000031        16017.341434496537       -26684.462305826477        65248.036789856989        54101.212426761733        1.6666666666666667     
   1000.0000000000031        17599.712892740667       -23361.280044492756        75366.989226872494        67543.347000005102        1.6666666666666667     
   1000.0000000000031        19338.408635018161       -18137.806388695008        88755.920905747917        86155.752314731930        1.6666666666666667     
   1000.0000000000031        21248.872115930804       -10275.064692412776        105470.42168253080        110732.99467751037        1.6666666666666667     
   1000.0000000000031        23348.072466602811        1104.6253375225233        125143.52798178206        141785.79095358204        1.6666666666666667     
   1000.0000000000031        25654.655218007407        16997.768958735414        146897.06145740175        179432.46762892068        1.6666666666666667     
   1000.0000000000031        28189.107914422984        38488.837952476453        169299.95023545687        223326.42535346455        1.6666666666666667     
   1000.0000000000031        30973.942088031818        66711.320768411242        190384.00389822907        272632.96181322809        1.6666666666666667     
   1000.0000000000031        34033.893210997230        102804.72062218904        207693.59621955547        326035.95396541560        1.6666666666666667     
   1000.0000000000031        37396.140401034943        147871.73922090317        218435.93583086910        381845.31164931587        1.6666666666666667     
   1000.0000000000031        41090.547831948759        202939.50286003199        219537.45644796648        438014.59587203409        1.6666666666666667     
   1000.0000000000031        45149.929993388876        268927.54014630668        207908.49975922320        492373.67802446039        1.6666666666666667     
   1000.0000000000031        49610.343155924718        346624.86163353838        180486.83738743968        542649.33602826856        1.6666666666666667     
   1000.0000000000031        54511.405630285321        436676.47943623911        134435.68314692832        586649.79879546014        1.6666666666666667     
   1000.0000000000031        59896.649665375910        539579.30900359608        67141.797046053456        622258.73640446842        1.6666666666666667     
   1000.0000000000031        65813.908110701537        655686.62838386197       -23497.194866192178        647727.06630220043        1.6666666666666667     
   1000.0000000000031        72315.739277613233        785219.02187850990       -139315.83780241560        661440.81829669757        1.6666666666666667     
   1000.0000000000031        79459.893773082149        928280.77370083914       -281695.20557934628        662123.19759575720        1.6666666666666667     
   1000.0000000000031        87309.827452515383        1084879.6668358087       -451452.45086507709        648964.84553708276        1.6666666666666667     
   1000.0000000000031        95935.265047766487        1254947.6423125421       -649189.43779786187        621295.82412298163        1.6666666666666667     
   1000.0000000000031        105412.81947660127        1438363.6533219072       -875045.16441597138        578856.12740891008        1.6666666666666667     
   1000.0000000000031        115826.67233445274        1634973.5116112195       -1129097.4746257395        521413.66118711419        1.6666666666666667     
   1258.9254117941714        1145.4238945146012       -39121.454119452013        58682.181380606969        39121.454119452013        1.6666666666666667     
   1258.9254117941714        1258.5816295658876       -39121.454119452013        58682.181380606969        39121.454119452013        1.6666666666666667     
   1258.9254117941714        1382.9183465323044       -39121.454119452013        58682.181380606969        39121.454119452013        1.6666666666666667     
   1258.9254117941714        1519.5384298079205       -39121.454119452013        58682.181380606969        39121.454119452013        1.6666666666666667     
   1258.9254117941714        1669.6553671827239       -39121.454119452013        58682.181380606969        39121.454119452013        1.6666666666666667     
   1258.9254117941714        1834.6025282917442       -39121.454119452013        58682.181380606969        39121.454119452013        1.6666666666666667     
   1258.9254117941714        2015.8450078794706       -39121.454119452013        58682.181380606969        39121.454119452013        1.6666666666666667     
   1258.9254117941714        2214.9926390739024       -39121.454119452013        58682.181380606969        39121.454119452013        1.6666666666666667     
   1258.9254117941714        2433.8142922567963       -39121.454119452013        58682.181380606969        39121.454119452013        1.6666666666666667     
   1258.9254117941714        2674.2535865356517       -39121.454119452013        58682.181380606969        39121.454119452013        1.6666666666666667     
   1258.9254117941714        2938.4461533699514       -39121.454119452006        58682.181380607391        39121.454119452428        1.6666666666666667     
   1258.9254117941714        3228.7386056907717       -39121.454119451781        58682.181380617651        39121.454119462695        1.6666666666666667     
   1258.9254117941714        3547.7093810013780       -39121.454119445967        58682.181380841226        39121.454119686270        1.6666666666666667     
   1258.9254117941714        3898.1916435915437       -39121.454119332717        58682.181384567448        39121.454123412492        1.6666666666666667     
   1258.9254117941714        4283.2984492877877       -39121.454117643880        58682.180974983188        39121.454171822625        1.6666666666666667     
   1258.9254117941714        4706.4503962580320       -39121.454097898211        58682.181474052210        39121.454670891646        1.6666666666666667     
   1258.9254117941714        5171.4060074708368       -39121.453912966877        58682.186087307928        39121.458826152979        1.6666666666666667     
   1258.9254117941714        5682.2951146724990       -39121.452498166873        58682.212669599983        39121.487240422619        1.6666666666666667     
   1258.9254117941714        6243.6555404053779       -39121.443497507193        58682.366094517638        39121.649367233811        1.6666666666666667     
   1258.9254117941714        6860.4734038847228       -39121.395100597038        58683.101004140546        39122.432824262774        1.6666666666666667     
   1258.9254117941714        7538.2274087391143       -39121.171856598201        58686.128642630370        39125.683964018230        1.6666666666666667     
   1258.9254117941714        8282.9375059873691       -39120.276381535303        58696.968510691251        39137.419211124827        1.6666666666666667     
   1258.9254117941714        9101.2183644865490       -39117.113980603644        58731.091843888324        39174.704537637270        1.6666666666666667     
   1258.9254117941714        10000.338123786576       -39107.169499344891        58826.563298775305        39280.120424861576        1.6666666666666667     
   1258.9254117941714        10988.282951246516       -39079.035458341037        59066.310451491452        39548.002173372013        1.6666666666666667     
   1258.9254117941714        12073.827976822085       -39006.748068704452        59611.491038291802        40165.469389799597        1.6666666666666667     
   1258.9254117941714        13266.615235581874       -38836.607434873622        60743.159102502730        41467.278708459737        1.6666666666666667     
   1258.9254117941714        14577.239310253808       -38466.879337708182        62903.071504629042        43996.919453236740        1.6666666666666667     
   1258.9254117941714        16017.341434496562       -37719.744079991971        66717.640577022001        48558.623944987521        1.6666666666666667     
   1258.9254117941714        17599.712892740692       -36306.549824569323        72986.791629631363        56240.968920227882        1.6666666666666667     
   1258.9254117941714        19338.408635018190       -33789.536853734469        82620.739484917387        68391.929863744270        1.6666666666666667     
   1258.9254117941714        21248.872115930833       -29545.102187007731        96517.630168016272        86533.254765370002        1.6666666666666667     
   1258.9254117941714        23348.072466602847       -22734.778944508751        115392.05303531136        112218.00118545805        1.6666666666666667     
   1258.9254117941714        25654.655218007450       -12289.898711147291        139570.18496321686        146841.01329457882        1.6666666666666667     
   1258.9254117941714        28189.107914423032        3085.6748573913314        168788.82474233487        191435.22642069982        1.6666666666666667     
   1258.9254117941714        30973.942088031865        24892.744900645168        202028.96179161209        246482.43310969073        1.6666666666666667     
   1258.9254117941714        34033.893210997281        54795.168491312499        237417.83530223797        311773.73032956256        1.6666666666666667     
   1258.9254117941714        37396.140401035002        94563.115511788870        272197.41855135420        386321.26199962007        1.6666666666666667     
   1258.9254117941714        41090.547831948832        146006.78776919204        302804.38720724522        468371.89893276640        1.6666666666666667     
   1258.9254117941714        45149.929993388949        210908.05473723356        325024.14312280586        555492.92514190264        1.6666666666666667     
   1258.9254117941714        49610.343155924806        290954.75920044724        334165.61370239034        644681.09921003319        1.6666666666666667     
   1258.9254117941714        54511.405630285408        387685.46805293876        325310.47704312165        732556.66912303073        1.6666666666666667     
   1258.9254117941714        59896.649665376004        502446.17693713895        293546.63892902940        815553.54222960444        1.6666666666666667     
   1258.9254117941714        65813.908110701639        636361.92801017594        234187.25295830076        890109.90055606095        1.6666666666666667     
   1258.9254117941714        72315.739277613349        790324.67683736677        142952.30202946463        952837.71688810131        1.6666666666666667     
   1258.9254117941714        79459.893773082280        964993.58469713526        16144.876617023605        1000699.1905965244        1.6666666666666667     
   1258.9254117941714        87309.827452515499        1160809.1585429341       -149487.49973312719        1030882.3918694675        1.6666666666666667     
   1258.9254117941714        95935.265047766661        1378014.6273401321       -356095.65825039800        1041479.7101498975        1.6666666666666667     
   1258.9254117941714        105412.81947660142        1616686.2999672836       -605783.91547252913        1030463.1051188915        1.6666666666666667     
   1258.9254117941714        115826.67233445292        1876765.4191227034       -899304.46791668073        997021.66904157680        1.6666666666666667     
   1584.8931924611190        1145.4238945146012       -49250.992737317749        73876.489359560655        49250.992737317749        1.6666666666666667     
   1584.8931924611190        1258.5816295658876       -49250.992737317749        73876.489359560655        49250.992737317749        1.6666666666666667     
   1584.8931924611190        1382.9183465323042       -49250.992737317749        73876.489359560655        49250.992737317749        1.6666666666666667     
   1584.8931924611190        1519.5384298079205       -49250.992737317749        73876.489359560655        49250.992737317749        1.6666666666666667     
   1584.8931924611190        1669.6553671827241       -49250.992737317749        73876.489359560655        49250.992737317749        1.6666666666666667     
   1584.8931924611190        1834.6025282917440       -49250.992737317749        73876.489359560655        49250.992737317749        1.6666666666666667     
   1584.8931924611190        2015.8450078794708       -49250.992737317749        73876.489359560655        49250.992737317749        1.6666666666666667     
   1584.8931924611190        2214.9926390739020       -49250.992737317749        73876.489359560655        49250.992737317749        1.6666666666666667     
   1584.8931924611190        2433.8142922567963       -49250.992737317749        73876.489359560655        49250.992737317749        1.6666666666666667     
   1584.8931924611190        2674.2535865356517       -49250.992737317749        73876.489359560655        49250.992737317749        1.6666666666666667     
   1584.8931924611190        2938.4461533699518       -49250.992737317749        73876.489359560655        49250.992737317749        1.6666666666666667     
   1584.8931924611190        3228.7386056907717       -49250.992737317749        73876.489359560655        49250.992737317749        1.6666666666666667     
   1584.8931924611190        3547.7093810013780       -49250.992737317749        73876.489359560728        49250.992737317829        1.6666666666666667     
   1584.8931924611190        3898.1916435915437       -49250.992737317669        73876.489359564497        49250.992737321605        1.6666666666666667     
   1584.8931924611190        4283.2984492877877       -49250.992737315428        73876.489359657833        49250.992737414927        1.6666666666666667     
   1584.8931924611190        4706.4503962580320       -49250.992737265726        73876.489361405460        49250.992739162561        1.6666666666666667     
   1584.8931924611190        5171.4060074708368       -49250.992736433836        73876.489963293614        49250.992764469927        1.6666666666666667     
   1584.8931924611190        5682.2951146724981       -49250.992725627737        73876.489675185017        49250.993052942125        1.6666666666666667     
   1584.8931924611190        6243.6555404053779       -49250.992614224233        73876.492310466114        49250.995688223215        1.6666666666666667     
   1584.8931924611190        6860.4734038847237       -49250.991683976288        73876.510784533835        49251.015315452511        1.6666666666666667     
   1584.8931924611190        7538.2274087391133       -49250.985274260129        73876.626153234596        49251.136449961115        1.6666666666666667     
   1584.8931924611190        8282.9375059873691       -49250.948207484878        73877.217174965685        49251.765526023984        1.6666666666666667     
   1584.8931924611190        9101.2183644865472       -49250.765500670830        73879.822952739050        49254.554079906055        1.6666666666666667     
   1584.8931924611190        10000.338123786578       -49249.986951760067        73889.738027828120        49265.246385892722        1.6666666666666667     
   1584.8931924611190        10988.282951246516       -49247.081735929314        73922.733832258906        49301.148157477721        1.6666666666666667     
   1584.8931924611190        12073.827976822084       -49237.475642529665        74019.893057601395        49407.913795271910        1.6666666666666667     
   1584.8931924611190        13266.615235581879       -49209.027133787924        74275.583447772951        49692.052681354027        1.6666666666666667     
   1584.8931924611190        14577.239310253823       -49132.822951138602        74882.571870922868        50375.244903896346        1.6666666666666667     
   1584.8931924611190        16017.341434496577       -48946.529552798078        76193.399759530497        51872.365467417032        1.6666666666666667     
   1584.8931924611190        17599.712892740710       -48527.477774281870        78788.138919442732        54886.157775745254        1.6666666666666667     
   1584.8931924611190        19338.408635018211       -47653.638526125302        83527.833483213850        60499.690500729601        1.6666666666666667     
   1584.8931924611190        21248.872115930855       -45952.845797941962        91565.061699475118        70237.712102662525        1.6666666666666667     
   1584.8931924611190        23348.072466602873       -42843.787029343781        104283.25908386504        86064.968573926104        1.6666666666666667     
   1584.8931924611190        25654.655218007472       -37475.558662723066        123143.63041162559        110293.56819710782        1.6666666666666667     
   1584.8931924611190        28189.107914423061       -28675.002024703852        149446.33841183246        145396.83282176996        1.6666666666666667     
   1584.8931924611190        30973.942088031894       -14911.690155206539        184022.21139406710        193736.01763853873        1.6666666666666667     
   1584.8931924611190        34033.893210997318        5711.0706864905978        226906.12437187423        257242.69128715686        1.6666666666666667     
   1584.8931924611190        37396.140401035038        35434.326640023348        277045.28388619638        337105.10729476501        1.6666666666666667     
   1584.8931924611190        41090.547831948868        76790.188211507921        332070.95622595010        433486.64297062578        1.6666666666666667     
   1584.8931924611190        45149.929993388992        132521.64815603831        388242.85973204585        545390.00561141758        1.6666666666666667     
   1584.8931924611190        49610.343155924849        205482.94300899035        440462.08301720466        670570.52476873808        1.6666666666666667     
   1584.8931924611190        54511.405630285459        298531.49369376572        482465.65983601077        805622.65324933198        1.6666666666666667     
   1584.8931924611190        59896.649665376062        414420.37918235420        507107.85075441364        946153.73030621128        1.6666666666666667     
   1584.8931924611190        65813.908110701697        555702.95788857248        506709.69478419120        1087038.1621987037        1.6666666666666667     
   1584.8931924611190        72315.739277613407        724654.67647395772        473437.07879145234        1222717.2588137831        1.6666666666666667     
   1584.8931924611190        79459.893773082367        923218.44961437525        399662.68153116072        1347506.6193204322        1.6666666666666667     
   1584.8931924611190        87309.827452515601        1152972.8854450348        278285.60069711250        1455883.9919247169        1.6666666666666667     
   1584.8931924611190        95935.265047766748        1415124.9506443203        102982.31427895627        1542732.7996410052        1.6666666666666667     
   1584.8931924611190        105412.81947660155        1710522.7572283370       -131681.07853450347        1603467.1859013366        1.6666666666666667     
   1584.8931924611190        115826.67233445303        2039685.9588009089       -429914.52209130372        1634396.9593401148        1.6666666666666667     
   1995.2623149688870        1145.4238945146012       -62003.326313099307        93004.990514764533        62003.326313099307        1.6666666666666667     
   1995.2623149688870        1258.5816295658874       -62003.326313099307        93004.990514764533        62003.326313099307        1.6666666666666667     
   1995.2623149688870        1382.9183465323044       -62003.326313099307        93004.990514764533        62003.326313099307        1.6666666666666667     
   1995.2623149688870        1519.5384298079202       -62003.326313099307        93004.990514764533        62003.326313099307        1.6666666666666667     
   1995.2623149688870        1669.6553671827241       -62003.326313099307        93004.990514764533        62003.326313099307        1.6666666666666667     
   1995.2623149688870        1834.6025282917442       -62003.326313099307        93004.990514764533        62003.326313099307        1.6666666666666667     
   1995.2623149688870        2015.8450078794710       -62003.326313099307        93004.990514764533        62003.326313099307        1.6666666666666667     
   1995.2623149688870        2214.9926390739020       -62003.326313099307        93004.990514764533        62003.326313099307        1.6666666666666667     
   1995.2623149688870        2433.8142922567963       -62003.326313099307        93004.990514764533        62003.326313099307        1.6666666666666667     
   1995.2623149688870        2674.2535865356513       -62003.326313099307        93004.990514764533        62003.326313099307        1.6666666666666667     
   1995.2623149688870        2938.4461533699518       -62003.326313099307        93004.990514764533        62003.326313099307        1.6666666666666667     
   1995.2623149688870        3228.7386056907721       -62003.326313099307        93004.990514764533        62003.326313099307        1.6666666666666667     
   1995.2623149688870        3547.7093810013776       -62003.326313099307        93004.990514764533        62003.326313099307        1.6666666666666667     
   1995.2623149688870        3898.1916435915432       -62003.326313099307        93004.990514764533        62003.326313099307        1.6666666666666667     
   1995.2623149688870        4283.2984492877877       -62003.326313099307        93004.990514764533        62003.326313099307        1.6666666666666667     
   1995.2623149688870        4706.4503962580320       -62003.326313099278        93004.989788893494        62003.326313100479        1.6666666666666667     
   1995.2623149688870        5171.4060074708359       -62003.326313098463        93004.989788930514        62003.326313137499        1.6666666666666667     
   1995.2623149688870        5682.2951146724990       -62003.326313077814        93004.989789709740        62003.326313916710        1.6666666666666667     
   1995.2623149688870        6243.6555404053770       -62003.326312688012        93004.990528202004        62003.326326536786        1.6666666666666667     
   1995.2623149688870        6860.4734038847228       -62003.326307037561        93004.989961952524        62003.326486159502        1.6666666666666667     
   1995.2623149688870        7538.2274087391133       -62003.326242658375        93004.990115552268        62003.328091503652        1.6666666666666667     
   1995.2623149688870        8282.9375059873691       -62003.325653744898        93005.003180004715        62003.341155956099        1.6666666666666667     
   1995.2623149688870        9101.2183644865490       -62003.321244073450        93005.087028769951        62003.428634082331        1.6666666666666667     
   1995.2623149688870        10000.338123786578       -62003.293734880528        93005.548315027714        62003.918229355964        1.6666666666666667     
   1995.2623149688870        10988.282951246516       -62003.148435046140        93007.729714896210        62006.242626048188        1.6666666666666667     
   1995.2623149688870        12073.827976822082       -62002.489021426576        93016.559616460276        62015.733071315750        1.6666666666666667     
   1995.2623149688870        13266.615235581879       -61999.882941635849        93047.705173783237        62049.485235714819        1.6666666666666667     
   1995.2623149688870        14577.239310253823       -61990.803085522835        93144.416953311185        62155.276950613144        1.6666666666666667     
   1995.2623149688870        16017.341434496586       -61962.600183389688        93411.628392478073        62450.690702430526        1.6666666666666667     
   1995.2623149688870        17599.712892740732       -61883.701211082909        94074.947757321468        63192.909472103871        1.6666666666666667     
   1995.2623149688870        19338.408635018241       -61683.040713611612        95567.468594197475        64886.090420402506        1.6666666666666667     
   1995.2623149688870        21248.872115930892       -61215.125636500859        98635.569112191966        68422.105580509917        1.6666666666666667     
   1995.2623149688870        23348.072466602909       -60206.888556471640        104439.02749348801        75233.801901634666        1.6666666666666667     
   1995.2623149688870        25654.655218007516       -58185.119862069376        114603.52078725325        87420.063409279464        1.6666666666666667     
   1995.2623149688870        28189.107914423101       -54387.698417838161        131179.90622900173        107793.86959835308        1.6666666666666667     
   1995.2623149688870        30973.942088031941       -47667.176893187810        156469.17877310712        139803.66476325027        1.6666666666666667     
   1995.2623149688870        34033.893210997368       -36399.891825119492        192700.46391339914        187302.23509919958        1.6666666666666667     
   1995.2623149688870        37396.140401035096       -18416.213283396290        241581.69523323359        254167.14511146402        1.6666666666666667     
   1995.2623149688870        41090.547831948934        9033.4288921262996        303795.03089564340        343830.12419865711        1.6666666666666667     
   1995.2623149688870        45149.929993389058        49265.977272354081        378483.87034386722        458751.51015793043        1.6666666666666667     
   1995.2623149688870        49610.343155924922        106103.15943090859        462856.93279725837        599961.75749710086        1.6666666666666667     
   1995.2623149688870        54511.405630285546        183761.89034529426        551953.60750609566        766717.16029965552        1.6666666666666667     
   1995.2623149688870        59896.649665376150        286708.31987124222        638621.41447194247        956331.40319624147        1.6666666666666667     
   1995.2623149688870        65813.908110701799        419490.28385543195        713709.35238642804        1164201.3021456623        1.6666666666666667     
   1995.2623149688870        72315.739277613524        586564.59529763670        766449.85114440694        1384016.1017120269        1.6666666666666667     
   1995.2623149688870        79459.893773082484        792135.91144118377        784974.66021517001        1608112.2502938276        1.6666666666666667     
   1995.2623149688870        87309.827452515732        1040019.2706794742        756903.00899028184        1827923.9467163011        1.6666666666666667     
   1995.2623149688870        95935.265047766894        1333536.1172449912        669933.94387253490        2034471.7588932344        1.6666666666666667     
   1995.2623149688870        105412.81947660170        1675448.7695188851        512386.01589729893        2218836.4661291568        1.6666666666666667     
   1995.2623149688870        115826.67233445322        2067930.4451498326        273649.63998242677        2372581.7447136464        1.6666666666666667     
   2511.8864315095898        1145.4238945146012       -78057.563111326672        117086.34506889360        78057.563111326672        1.6666666666666667     
   2511.8864315095898        1258.5816295658874       -78057.563111326672        117086.34506889360        78057.563111326672        1.6666666666666667     
   2511.8864315095898        1382.9183465323044       -78057.563111326672        117086.34506889360        78057.563111326672        1.6666666666666667     
   2511.8864315095898        1519.5384298079202       -78057.563111326672        117086.34506889360        78057.563111326672        1.6666666666666667     
   2511.8864315095898        1669.6553671827239       -78057.563111326672        117086.34506889360        78057.563111326672        1.6666666666666667     
   2511.8864315095898        1834.6025282917440       -78057.563111326672        117086.34506889360        78057.563111326672        1.6666666666666667     
   2511.8864315095898        2015.8450078794706       -78057.563111326672        117086.34506889360        78057.563111326672        1.6666666666666667     
   2511.8864315095898        2214.9926390739020       -78057.563111326672        117086.34506889360        78057.563111326672        1.6666666666666667     
   2511.8864315095898        2433.8142922567963       -78057.563111326672        117086.34506889360        78057.563111326672        1.6666666666666667     
   2511.8864315095898        2674.2535865356513       -78057.563111326672        117086.34506889360        78057.563111326672        1.6666666666666667     
   2511.8864315095898        2938.4461533699514       -78057.563111326672        117086.34506889360        78057.563111326672        1.6666666666666667     
   2511.8864315095898        3228.7386056907717       -78057.563111326672        117086.34506889360        78057.563111326672        1.6666666666666667     
   2511.8864315095898        3547.7093810013776       -78057.563111326672        117086.34506889360        78057.563111326672        1.6666666666666667     
   2511.8864315095898        3898.1916435915432       -78057.563111326672        117086.34506889360        78057.563111326672        1.6666666666666667     
   2511.8864315095898        4283.2984492877877       -78057.563111326672        117086.34506889360        78057.563111326672        1.6666666666666667     
   2511.8864315095898        4706.4503962580311       -78057.563111326672        117086.34506889360        78057.563111326672        1.6666666666666667     
   2511.8864315095898        5171.4060074708359       -78057.563111326672        117086.34506889360        78057.563111326672        1.6666666666666667     
   2511.8864315095898        5682.2951146724981       -78057.563111326657        117086.34506889408        78057.563111327152        1.6666666666666667     
   2511.8864315095898        6243.6555404053770       -78057.563111326395        117086.34689654571        78057.563111340860        1.6666666666666667     
   2511.8864315095898        6860.4734038847228       -78057.563111318275        117086.34506923734        78057.563111670403        1.6666666666666667     
   2511.8864315095898        7538.2274087391133       -78057.563111144889        117086.34507523119        78057.563117664264        1.6666666666666667     
   2511.8864315095898        8282.9375059873691       -78057.563108327260        117086.34515965308        78057.563202086138        1.6666666666666667     
   2511.8864315095898        9101.2183644865472       -78057.563072698686        117086.34609760545        78057.564140038521        1.6666666666666667     
   2511.8864315095898        10000.338123786576       -78057.562714299711        117086.35446561401        78057.572508047102        1.6666666666666667     
   2511.8864315095898        10988.282951246514       -78057.559787810664        117086.41178955340        78057.633487262312        1.6666666666666667     
   2511.8864315095898        12073.827976822082       -78057.540030692835        117086.76239221916        78058.002366307279        1.6666666666666667     
   2511.8864315095898        13266.615235581878       -78057.427883633733        117088.52799366703        78059.883108944152        1.6666666666666667     
   2511.8864315095898        14577.239310253823       -78056.884393698288        117096.18273199437        78068.080655733953        1.6666666666666667     
   2511.8864315095898        16017.341434496586       -78054.604009763367        117124.85251442384        78099.031330288490        1.6666666666666667     
   2511.8864315095898        17599.712892740728       -78046.213638426576        117218.93037368139        78201.498047602203        1.6666666666666667     
   2511.8864315095898        19338.408635018241       -78018.824845097610        117492.34795563988        78502.304611440763        1.6666666666666667     
   2511.8864315095898        21248.872115930899       -77938.655870921313        118203.32958154312        79293.453747098931        1.6666666666666667     
   2511.8864315095898        23348.072466602931       -77726.185213279488        119872.69320457630        81175.291244244567        1.6666666666666667     
   2511.8864315095898        25654.655218007538       -77211.781091382436        123441.56662168403        85258.566147607387        1.6666666666666667     
   2511.8864315095898        28189.107914423126       -76064.846726556396        130440.52691625991        93404.460619337769        1.6666666666666667     
   2511.8864315095898        30973.942088031970       -73692.315504096128        143115.80585509047        108452.27310386140        1.6666666666666667     
   2511.8864315095898        34033.893210997398       -69108.202939216426        164439.09851136900        134359.67643512323        1.6666666666666667     
   2511.8864315095898        37396.140401035133       -60783.983033192344        197929.94456707343        176174.74156281978        1.6666666666666667     
   2511.8864315095898        41090.547831948970       -46497.710896272903        247250.36962148891        239781.43940545068        1.6666666666666667     
   2511.8864315095898        45149.929993389102       -23205.527351154135        315568.13146376546        331391.38560362608        1.6666666666666667     
   2511.8864315095898        49610.343155924966        13039.990820682384        404792.90840647754        456861.68040537240        1.6666666666666667     
   2511.8864315095898        54511.405630285597        67103.997437957689        514744.38511601626        620877.16691478144        1.6666666666666667     
   2511.8864315095898        59896.649665376208        144705.60976362231        642405.63058692170        826140.02633054648        1.6666666666666667     
   2511.8864315095898        65813.908110701857        252275.62049450519        781485.93092026957        1072790.3428195049        1.6666666666666667     
   2511.8864315095898        72315.739277613597        396748.21872804727        922167.59732563817        1357944.6119695036        1.6666666666666667     
   2511.8864315095898        79459.893773082556        585307.68687658908        1051295.7852235055        1675632.2657247237        1.6666666666666667     
   2511.8864315095898        87309.827452515819        825115.09550976614        1152904.2101591132        2017048.1034288970        1.6666666666666667     
   2511.8864315095898        95935.265047766996        1123041.2088781786        1208688.5481969733        2370758.5500402120        1.6666666666666667     
   2511.8864315095898        105412.81947660180        1485430.2279757224        1199428.8268928286        2723887.8468336798        1.6666666666666667     
   2511.8864315095898        115826.67233445332        1917910.3173613355        1105407.6944723108        3062346.8164590634        1.6666666666666667     
   3162.2776601683922        1145.4238945146010       -98268.649783576140        147402.97518133087        98268.649783576140        1.6666666666666667     
   3162.2776601683922        1258.5816295658874       -98268.649783576140        147402.97518133087        98268.649783576140        1.6666666666666667     
   3162.2776601683922        1382.9183465323042       -98268.649783576140        147402.97518133087        98268.649783576140        1.6666666666666667     
   3162.2776601683922        1519.5384298079202       -98268.649783576140        147402.97518133087        98268.649783576140        1.6666666666666667     
   3162.2776601683922        1669.6553671827239       -98268.649783576140        147402.97518133087        98268.649783576140        1.6666666666666667     
   3162.2776601683922        1834.6025282917437       -98268.649783576140        147402.97518133087        98268.649783576140        1.6666666666666667     
   3162.2776601683922        2015.8450078794704       -98268.649783576140        147402.97518133087        98268.649783576140        1.6666666666666667     
   3162.2776601683922        2214.9926390739024       -98268.649783576140        147402.97518133087        98268.649783576140        1.6666666666666667     
   3162.2776601683922        2433.8142922567963       -98268.649783576140        147402.97518133087        98268.649783576140        1.6666666666666667     
   3162.2776601683922        2674.2535865356513       -98268.649783576140        147402.97518133087        98268.649783576140        1.6666666666666667     
   3162.2776601683922        2938.4461533699518       -98268.649783576140        147402.97518133087        98268.649783576140        1.6666666666666667     
   3162.2776601683922        3228.7386056907721       -98268.649783576140        147402.97518133087        98268.649783576140        1.6666666666666667     
   3162.2776601683922        3547.7093810013776       -98268.649783576140        147402.97518133087        98268.649783576140        1.6666666666666667     
   3162.2776601683922        3898.1916435915437       -98268.649783576140        147402.97518133087        98268.649783576140        1.6666666666666667     
   3162.2776601683922        4283.2984492877877       -98268.649783576140        147402.97518133087        98268.649783576140        1.6666666666666667     
   3162.2776601683922        4706.4503962580320       -98268.649783576140        147402.97518133087        98268.649783576140        1.6666666666666667     
   3162.2776601683922        5171.4060074708368       -98268.649783576140        147402.97518133087        98268.649783576140        1.6666666666666667     
   3162.2776601683922        5682.2951146724990       -98268.649783576140        147402.97518133087        98268.649783576140        1.6666666666666667     
   3162.2776601683922        6243.6555404053770       -98268.649783576140        147402.97518133087        98268.649783576140        1.6666666666666667     
   3162.2776601683922        6860.4734038847218       -98268.649783576140        147402.97518133101        98268.649783576300        1.6666666666666667     
   3162.2776601683922        7538.2274087391133       -98268.649783576053        147402.97518133582        98268.649783581088        1.6666666666666667     
   3162.2776601683922        8282.9375059873691       -98268.649783573041        147402.97518146783        98268.649783713117        1.6666666666666667     
   3162.2776601683922        9101.2183644865472       -98268.649783499990        147402.97518417466        98268.649786419948        1.6666666666666667     
   3162.2776601683922        10000.338123786576       -98268.649782162742        147402.97522678366        98268.649829028931        1.6666666666666667     
   3162.2776601683922        10988.282951246514       -98268.649763314505        147402.97805245896        98268.650353844409        1.6666666666666667     
   3162.2776601683922        12073.827976822084       -98268.649553986295        147402.98320269602        98268.655504081471        1.6666666666666667     
   3162.2776601683922        13266.615235581881       -98268.647683277741        147403.02187725573        98268.696479500999        1.6666666666666667     
   3162.2776601683922        14577.239310253821       -98268.633970481518        147403.27448540577        98268.965193669792        1.6666666666666667     
   3162.2776601683922        16017.341434496586       -98268.550067353717        147404.66711002879        98270.440649246419        1.6666666666666667     
   3162.2776601683922        17599.712892740728       -98268.114665909408        147411.11307541915        98277.323778002974        1.6666666666666667     
   3162.2776601683922        19338.408635018241       -98266.170269656097        147436.82497429918        98304.979903432511        1.6666666666666667     
   3162.2776601683922        21248.872115930899       -98258.597794936475        147526.17501239199        98401.902071199438        1.6666666666666667     
   3162.2776601683922        23348.072466602927       -98232.565179292273        147799.87879082531        98701.635476798663        1.6666666666666667     
   3162.2776601683922        25654.655218007549       -98152.685097744237        148546.75767378713        99528.395611059517        1.6666666666666667     
   3162.2776601683922        28189.107914423155       -97931.685281959639        150379.77710024171        101582.41722513361        1.6666666666666667     
   3162.2776601683922        30973.942088032021       -97375.280148773250        154461.15503903321        106220.19828951232        1.6666666666666667     
   3162.2776601683922        34033.893210997448       -96089.705299637979        162770.61716705220        115815.23593187737        1.6666666666666667     
   3162.2776601683922        37396.140401035191       -93342.747217734242        178348.84320955793        134140.41940121184        1.6666666666666667     
   3162.2776601683922        41090.547831949036       -87876.251691470738        205409.89485134033        166667.96424929358        1.6666666666666667     
   3162.2776601683922        45149.929993389174       -77679.715932994222        249202.94301929348        220657.55112232943        1.6666666666666667     
   3162.2776601683922        49610.343155925038       -59747.814969679319        315534.51680464682        304921.02548606665        1.6666666666666667     
   3162.2776601683922        54511.405630285692       -29856.039559127745        409921.70429691806        429199.99038909766        1.6666666666666667     
   3162.2776601683922        59896.649665376302        17606.074904412464        536426.29474890872        603166.69654087361        1.6666666666666667     
   3162.2776601683922        65813.908110701974        89708.447598761675        696392.43868329737        835235.21316396398        1.6666666666666667     
   3162.2776601683922        72315.739277613713        194934.73908181832        887168.02558288816        1131237.0922013631        1.6666666666666667     
   3162.2776601683922        79459.893773082687        343011.36608084774        1101169.5121493170        1493315.2030005911        1.6666666666666667     
   3162.2776601683922        87309.827452515950        544620.34673268802        1325261.4721517260        1919016.1486617476        1.6666666666666667     
   3162.2776601683922        95935.265047767127        811024.58291700308        1540934.3780835811        2401093.2991773291        1.6666666666666667     
   3162.2776601683922        105412.81947660197        1153643.2379638660        1724676.0957990685        2927453.6232738663        1.6666666666666667     
   3162.2776601683922        115826.67233445351        1583620.1658806403        1849059.7764361536        3481814.2933647949        1.6666666666666667     
   3981.0717055349896        1145.4238945146012       -123712.90039524542        185569.35122984240        123712.90039524542        1.6666666666666667     
   3981.0717055349896        1258.5816295658874       -123712.90039524542        185569.35122984240        123712.90039524542        1.6666666666666667     
   3981.0717055349896        1382.9183465323040       -123712.90039524542        185569.35122984240        123712.90039524542        1.6666666666666667     
   3981.0717055349896        1519.5384298079205       -123712.90039524542        185569.35122984240        123712.90039524542        1.6666666666666667     
   3981.0717055349896        1669.6553671827241       -123712.90039524542        185569.35122984240        123712.90039524542        1.6666666666666667     
   3981.0717055349896        1834.6025282917440       -123712.90039524542        185569.35122984240        123712.90039524542        1.6666666666666667     
   3981.0717055349896        2015.8450078794710       -123712.90039524542        185569.35122984240        123712.90039524542        1.6666666666666667     
   3981.0717055349896        2214.9926390739024       -123712.90039524542        185569.35122984240        123712.90039524542        1.6666666666666667     
   3981.0717055349896        2433.8142922567963       -123712.90039524542        185569.35122984240        123712.90039524542        1.6666666666666667     
   3981.0717055349896        2674.2535865356513       -123712.90039524542        185569.35122984240        123712.90039524542        1.6666666666666667     
   3981.0717055349896        2938.4461533699518       -123712.90039524542        185569.35122984240        123712.90039524542        1.6666666666666667     
   3981.0717055349896        3228.7386056907721       -123712.90039524542        185569.35122984240        123712.90039524542        1.6666666666666667     
   3981.0717055349896        3547.7093810013776       -123712.90039524542        185569.35122984240        123712.90039524542        1.6666666666666667     
   3981.0717055349896        3898.1916435915437       -123712.90039524542        185569.35122984240        123712.90039524542        1.6666666666666667     
   3981.0717055349896        4283.2984492877877       -123712.90039524542        185569.35122984240        123712.90039524542        1.6666666666666667     
   3981.0717055349896        4706.4503962580320       -123712.90039524542        185569.35122984240        123712.90039524542        1.6666666666666667     
   3981.0717055349896        5171.4060074708359       -123712.90039524542        185569.35122984240        123712.90039524542        1.6666666666666667     
   3981.0717055349896        5682.2951146724981       -123712.90039524542        185569.35122984240        123712.90039524542        1.6666666666666667     
   3981.0717055349896        6243.6555404053770       -123712.90039524542        185569.35122984240        123712.90039524542        1.6666666666666667     
   3981.0717055349896        6860.4734038847218       -123712.90039524542        185569.35122984240        123712.90039524542        1.6666666666666667     
   3981.0717055349896        7538.2274087391124       -123712.90039524542        185569.35122984240        123712.90039524542        1.6666666666666667     
   3981.0717055349896        8282.9375059873691       -123712.90039524542        185569.35122984240        123712.90039524542        1.6666666666666667     
   3981.0717055349896        9101.2183644865490       -123712.90039524539        185569.35122984421        123712.90039524723        1.6666666666666667     
   3981.0717055349896        10000.338123786576       -123712.90039524435        185569.35122989432        123712.90039529734        1.6666666666666667     
   3981.0717055349896        10988.282951246514       -123712.90039521526        185569.35123105434        123712.90039645736        1.6666666666666667     
   3981.0717055349896        12073.827976822084       -123712.90039461246        185569.35125154391        123712.90041694693        1.6666666666666667     
   3981.0717055349896        13266.615235581878       -123712.90038509888        185569.35153233015        123712.90069773317        1.6666666666666667     
   3981.0717055349896        14577.239310253821       -123712.90026796387        185569.35457368323        123712.90373908626        1.6666666666666667     
   3981.0717055349896        16017.341434496588       -123712.89911794850        185569.38107810373        123712.93024350674        1.6666666666666667     
   3981.0717055349896        17599.712892740728       -123712.88993329606        185569.55850566612        123713.11925751274        1.6666666666666667     
   3981.0717055349896        19338.408635018241       -123712.82916638168        185570.62148642776        123714.24017049234        1.6666666666666667     
   3981.0717055349896        21248.872115930903       -123712.49053002770        185575.88859425680        123719.85197501835        1.6666666666666667     
   3981.0717055349896        23348.072466602927       -123710.87674288017        185598.33314013583        123743.90703655714        1.6666666666666667     
   3981.0717055349896        25654.655218007552       -123704.20841527873        185681.10727034602        123833.35206166738        1.6666666666666667     
   3981.0717055349896        28189.107914423163       -123680.01297025554        185948.92642813706        124125.36081707470        1.6666666666666667     
   3981.0717055349896        30973.942088032021       -123602.02859202687        186717.27815980124        124971.70090057953        1.6666666666666667     
   3981.0717055349896        34033.893210997470       -123376.38987945879        188691.71858203743        127171.77862200342        1.6666666666666667     
   3981.0717055349896        37396.140401035234       -122784.65356066279        193277.57208682335        132349.36628426085        1.6666666666666667     
   3981.0717055349896        41090.547831949072       -121365.71341034985        202983.79246847413        143474.52627404395        1.6666666666666667     
   3981.0717055349896        45149.929993389218       -118229.52034537081        221843.87655319870        165470.80573828396        1.6666666666666667     
   3981.0717055349896        49610.343155925097       -111793.43193710352        255710.60926760716        205773.62538344995        1.6666666666666667     
   3981.0717055349896        54511.405630285743       -99447.547277397360        312233.30215785885        274642.20110778289        1.6666666666666667     
   3981.0717055349896        59896.649665376368       -77175.938450789894        400355.13439551130        385035.64584827801        1.6666666666666667     
   3981.0717055349896        65813.908110702032       -39180.815395229161        529220.47311924747        551896.10925517813        1.6666666666666667     
   3981.0717055349896        72315.739277613800        22430.068898312918        706545.41633941105        790831.93732776691        1.6666666666666667     
   3981.0717055349896        79459.893773082760        117831.72051874489        936638.85540797550        1116327.0276275126        1.6666666666666667     
   3981.0717055349896        87309.827452516038        259496.32889972819        1218294.2399999895        1539647.0222784001        1.6666666666666667     
   3981.0717055349896        95935.265047767229        462010.78285737213        1543135.1745789412        2067002.3991176977        1.6666666666666667     
   3981.0717055349896        105412.81947660208        741698.46630590095        1894324.1140250736        2697879.0147714270        1.6666666666666667     
   3981.0717055349896        115826.67233445361        1116080.8456123048        2246241.5033381111        3424178.8672206798        1.6666666666666667     
   5011.8723362727451        1145.4238945146010       -155745.31407433515        233617.96826678875        155745.31407433515        1.6666666666666667     
   5011.8723362727451        1258.5816295658872       -155745.31407433515        233617.96826678875        155745.31407433515        1.6666666666666667     
   5011.8723362727451        1382.9183465323042       -155745.31407433515        233617.96826678875        155745.31407433515        1.6666666666666667     
   5011.8723362727451        1519.5384298079205       -155745.31407433515        233617.96826678875        155745.31407433515        1.6666666666666667     
   5011.8723362727451        1669.6553671827239       -155745.31407433515        233617.96826678875        155745.31407433515        1.6666666666666667     
   5011.8723362727451        1834.6025282917435       -155745.31407433515        233617.96826678875        155745.31407433515        1.6666666666666667     
   5011.8723362727451        2015.8450078794708       -155745.31407433515        233617.96826678875        155745.31407433515        1.6666666666666667     
   5011.8723362727451        2214.9926390739020       -155745.31407433515        233617.96826678875        155745.31407433515        1.6666666666666667     
   5011.8723362727451        2433.8142922567963       -155745.31407433515        233617.96826678875        155745.31407433515        1.6666666666666667     
   5011.8723362727451        2674.2535865356513       -155745.31407433515        233617.96826678875        155745.31407433515        1.6666666666666667     
   5011.8723362727451        2938.4461533699514       -155745.31407433515        233617.96826678875        155745.31407433515        1.6666666666666667     
   5011.8723362727451        3228.7386056907717       -155745.31407433515        233617.96826678875        155745.31407433515        1.6666666666666667     
   5011.8723362727451        3547.7093810013771       -155745.31407433515        233617.96826678875        155745.31407433515        1.6666666666666667     
   5011.8723362727451        3898.1916435915432       -155745.31407433515        233617.96826678875        155745.31407433515        1.6666666666666667     
   5011.8723362727451        4283.2984492877877       -155745.31407433515        233617.96826678875        155745.31407433515        1.6666666666666667     
   5011.8723362727451        4706.4503962580311       -155745.31407433515        233617.96826678875        155745.31407433515        1.6666666666666667     
   5011.8723362727451        5171.4060074708350       -155745.31407433515        233617.96826678875        155745.31407433515        1.6666666666666667     
   5011.8723362727451        5682.2951146724981       -155745.31407433515        233617.96826678875        155745.31407433515        1.6666666666666667     
   5011.8723362727451        6243.6555404053779       -155745.31407433515        233617.96826678875        155745.31407433515        1.6666666666666667     
   5011.8723362727451        6860.4734038847218       -155745.31407433515        233617.96826678875        155745.31407433515        1.6666666666666667     
   5011.8723362727451        7538.2274087391124       -155745.31407433515        233617.96826678875        155745.31407433515        1.6666666666666667     
   5011.8723362727451        8282.9375059873673       -155745.31407433515        233617.96826678875        155745.31407433515        1.6666666666666667     
   5011.8723362727451        9101.2183644865472       -155745.31407433515        233617.96826678875        155745.31407433515        1.6666666666666667     
   5011.8723362727451        10000.338123786576       -155745.31407433515        233617.96826678875        155745.31407433515        1.6666666666666667     
   5011.8723362727451        10988.282951246514       -155745.31407433515        233617.96826678939        155745.31407433579        1.6666666666666667     
   5011.8723362727451        12073.827976822084       -155745.31407433483        233617.96826680738        155745.31407435375        1.6666666666666667     
   5011.8723362727451        13266.615235581878       -155745.31407432389        233617.96826727863        155745.31407482503        1.6666666666666667     
   5011.8723362727451        14577.239310253819       -155745.31407406635        233617.96827665129        155745.31408419766        1.6666666666666667     
   5011.8723362727451        16017.341434496588       -155745.31406949376        233617.96842006882        155745.31422761522        1.6666666666666667     
   5011.8723362727451        17599.712892740728       -155745.31400680842        233617.97014069429        155745.31594824066        1.6666666666666667     
   5011.8723362727451        19338.408635018241       -155745.31332802662        233617.98662030484        155745.33242785124        1.6666666666666667     
   5011.8723362727451        21248.872115930899       -155745.30740034234        233618.10023919836        155745.46063321302        1.6666666666666667     
   5011.8723362727451        23348.072466602931       -155745.26485370929        233618.88737859280        155746.28423877817        1.6666666666666667     
   5011.8723362727451        25654.655218007552       -155745.00947547349        233623.07682770572        155750.72165785174        1.6666666666666667     
   5011.8723362727451        28189.107914423159       -155743.70721157093        233642.11602335083        155771.06634240743        1.6666666666666667     
   5011.8723362727451        30973.942088032021       -155737.98360753807        233716.84567656065        155851.52118441500        1.6666666666666667     
   5011.8723362727451        34033.893210997463       -155716.01461138003        233972.75689716390        156129.40691947390        1.6666666666666667     
   5011.8723362727451        37396.140401035227       -155641.48311988974        234746.23715800859        156977.41673996748        1.6666666666666667     
   5011.8723362727451        41090.547831949087       -155415.52895400295        236831.05523243509        159288.18650120118        1.6666666666666667     
   5011.8723362727451        45149.929993389262       -154797.22501042159        241890.24240148507        164965.67947394183        1.6666666666666667     
   5011.8723362727451        49610.343155925169       -153256.04219241074        253038.43386650362        177655.05529714876        1.6666666666666667     
   5011.8723362727451        54511.405630285815       -149727.43958617814        275519.74686991982        203664.96625439735        1.6666666666666667     
   5011.8723362727451        59896.649665376455       -142249.94386919733        317296.48102576047        252919.19810800022        1.6666666666666667     
   5011.8723362727451        65813.908110702134       -127481.49516814321        389276.22087922576        339667.38336760952        1.6666666666666667     
   5011.8723362727451        72315.739277613888       -100122.70166507862        504881.02325148205        482630.97405675647        1.6666666666666667     
   5011.8723362727451        79459.893773082877       -52308.258291127990        678728.27497741149        704292.67243333557        1.6666666666666667     
   5011.8723362727451        87309.827452516183        26945.495155005283        924423.20802752196        1029241.3538981576        1.6666666666666667     
   5011.8723362727451        95935.265047767389        152137.32105454372        1251588.6976805497        1481598.6681572599        1.6666666666666667     
   5011.8723362727451        105412.81947660224        341434.60729056573        1662601.9290033330        2081909.1699344956        1.6666666666666667     
   5011.8723362727451        115826.67233445379        616523.79727354145        2149555.7303403262        2843952.1666875551        1.6666666666666667     
   6309.5734448019621        1145.4238945146012       -196071.73365604432        294107.58772114600        196071.73365604432        1.6666666666666667     
   6309.5734448019621        1258.5816295658874       -196071.73365604432        294107.58772114600        196071.73365604432        1.6666666666666667     
   6309.5734448019621        1382.9183465323042       -196071.73365604432        294107.58772114600        196071.73365604432        1.6666666666666667     
   6309.5734448019621        1519.5384298079205       -196071.73365604432        294107.58772114600        196071.73365604432        1.6666666666666667     
   6309.5734448019621        1669.6553671827241       -196071.73365604432        294107.58772114600        196071.73365604432        1.6666666666666667     
   6309.5734448019621        1834.6025282917437       -196071.73365604432        294107.58772114600        196071.73365604432        1.6666666666666667     
   6309.5734448019621        2015.8450078794706       -196071.73365604432        294107.58772114600        196071.73365604432        1.6666666666666667     
   6309.5734448019621        2214.9926390739020       -196071.73365604432        294107.58772114600        196071.73365604432        1.6666666666666667     
   6309.5734448019621        2433.8142922567963       -196071.73365604432        294107.58772114600        196071.73365604432        1.6666666666666667     
   6309.5734448019621        2674.2535865356513       -196071.73365604432        294107.58772114600        196071.73365604432        1.6666666666666667     
   6309.5734448019621        2938.4461533699514       -196071.73365604432        294107.58772114600        196071.73365604432        1.6666666666666667     
   6309.5734448019621        3228.7386056907721       -196071.73365604432        294107.58772114600        196071.73365604432        1.6666666666666667     
   6309.5734448019621        3547.7093810013780       -196071.73365604432        294107.58772114600        196071.73365604432        1.6666666666666667     
   6309.5734448019621        3898.1916435915432       -196071.73365604432        294107.58772114600        196071.73365604432        1.6666666666666667     
   6309.5734448019621        4283.2984492877877       -196071.73365604432        294107.58772114600        196071.73365604432        1.6666666666666667     
   6309.5734448019621        4706.4503962580320       -196071.73365604432        294107.58772114600        196071.73365604432        1.6666666666666667     
   6309.5734448019621        5171.4060074708359       -196071.73365604432        294107.58772114600        196071.73365604432        1.6666666666666667     
   6309.5734448019621        5682.2951146724981       -196071.73365604432        294107.58772114600        196071.73365604432        1.6666666666666667     
   6309.5734448019621        6243.6555404053779       -196071.73365604432        294107.58772114600        196071.73365604432        1.6666666666666667     
   6309.5734448019621        6860.4734038847218       -196071.73365604432        294107.58772114600        196071.73365604432        1.6666666666666667     
   6309.5734448019621        7538.2274087391143       -196071.73365604432        294107.58772114600        196071.73365604432        1.6666666666666667     
   6309.5734448019621        8282.9375059873691       -196071.73365604432        294107.58772114600        196071.73365604432        1.6666666666666667     
   6309.5734448019621        9101.2183644865490       -196071.73365604432        294107.58772114600        196071.73365604432        1.6666666666666667     
   6309.5734448019621        10000.338123786576       -196071.73365604432        294107.58772114600        196071.73365604432        1.6666666666666667     
   6309.5734448019621        10988.282951246516       -196071.73365604432        294107.58772114600        196071.73365604432        1.6666666666666667     
   6309.5734448019621        12073.827976822082       -196071.73365604432        294107.58772114600        196071.73365604432        1.6666666666666667     
   6309.5734448019621        13266.615235581879       -196071.73365604432        294107.58772114629        196071.73365604464        1.6666666666666667     
   6309.5734448019621        14577.239310253823       -196071.73365604423        294107.59690278978        196071.73365605029        1.6666666666666667     
   6309.5734448019621        16017.341434496586       -196071.73365604039        294107.59690297121        196071.73365623175        1.6666666666666667     
   6309.5734448019621        17599.712892740728       -196071.73365593635        294107.58772540477        196071.73366030309        1.6666666666666667     
   6309.5734448019621        19338.408635018237       -196071.73365384780        294107.58779522771        196071.73373012600        1.6666666666666667     
   6309.5734448019621        21248.872115930899       -196071.73362182535        294107.58872637426        196071.73466127255        1.6666666666666667     
   6309.5734448019621        23348.072466602931       -196071.73323781264        294107.59856129938        196071.74449619770        1.6666666666666667     
   6309.5734448019621        25654.655218007552       -196071.72955719157        294107.68229991244        196071.82823481079        1.6666666666666667     
   6309.5734448019621        28189.107914423163       -196071.70079931981        294108.23928245134        196072.41276226303        1.6666666666666667     
   6309.5734448019621        30973.942088032021       -196071.51429919130        294111.44536999334        196075.81166419861        1.6666666666666667     
   6309.5734448019621        34033.893210997470       -196070.49376013977        294127.14769584942        196092.52397021159        1.6666666666666667     
   6309.5734448019621        37396.140401035220       -196065.71046906259        294192.82673962903        196162.98664727958        1.6666666666666667     
   6309.5734448019621        41090.547831949094       -196046.24252069328        294431.41287862591        196421.05622166593        1.6666666666666667     
   6309.5734448019621        45149.929993389269       -195976.57286525529        295192.66510715388        197251.97871774129        1.6666666666666667     
   6309.5734448019621        49610.343155925169       -195754.82650432576        297348.94262735685        199629.99279056294        1.6666666666666667     
   6309.5734448019621        54511.405630285852       -195120.53732537894        302825.19359633513        205740.53884295950        1.6666666666666667     
   6309.5734448019621        59896.649665376528       -193474.38085607585        315407.91920679505        219969.41274780192        1.6666666666666667     
   6309.5734448019621        65813.908110702192       -189564.33963808627        341777.32799580612        250248.86789769935        1.6666666666666667     
   6309.5734448019621        72315.739277613975       -180996.64520393498        392550.59370918479        309589.82282659272        1.6666666666666667     
   6309.5734448019621        79459.893773082964       -163551.87703612031        482953.83106436534        417437.82307976065        1.6666666666666667     
   6309.5734448019621        87309.827452516271       -130327.55624460208        632656.92444790993        600365.23747566540        1.6666666666666667     
   6309.5734448019621        95935.265047767491       -70780.981430473796        864337.63547772681        891592.51468118420        1.6666666666666667     
   6309.5734448019621        105412.81947660234        30205.119864191540        1200795.8674024513        1329036.8445255619        1.6666666666666667     
   6309.5734448019621        115826.67233445392        193080.05708598325        1660709.4812184221        1951825.3628278312        1.6666666666666667     
   7943.2823472428536        1145.4238945146012       -246839.68803413195        370259.52754263009        246839.68803413195        1.6666666666666667     
   7943.2823472428536        1258.5816295658874       -246839.68803413195        370259.52754263009        246839.68803413195        1.6666666666666667     
   7943.2823472428536        1382.9183465323042       -246839.68803413195        370259.52754263009        246839.68803413195        1.6666666666666667     
   7943.2823472428536        1519.5384298079202       -246839.68803413195        370259.52754263009        246839.68803413195        1.6666666666666667     
   7943.2823472428536        1669.6553671827241       -246839.68803413195        370259.52754263009        246839.68803413195        1.6666666666666667     
   7943.2823472428536        1834.6025282917440       -246839.68803413195        370259.52754263009        246839.68803413195        1.6666666666666667     
   7943.2823472428536        2015.8450078794708       -246839.68803413195        370259.52754263009        246839.68803413195        1.6666666666666667     
   7943.2823472428536        2214.9926390739020       -246839.68803413195        370259.52754263009        246839.68803413195        1.6666666666666667     
   7943.2823472428536        2433.8142922567963       -246839.68803413195        370259.52754263009        246839.68803413195        1.6666666666666667     
   7943.2823472428536        2674.2535865356513       -246839.68803413195        370259.52754263009        246839.68803413195        1.6666666666666667     
   7943.2823472428536        2938.4461533699514       -246839.68803413195        370259.52754263009        246839.68803413195        1.6666666666666667     
   7943.2823472428536        3228.7386056907721       -246839.68803413195        370259.52754263009        246839.68803413195        1.6666666666666667     
   7943.2823472428536        3547.7093810013776       -246839.68803413195        370259.52754263009        246839.68803413195        1.6666666666666667     
   7943.2823472428536        3898.1916435915427       -246839.68803413195        370259.52754263009        246839.68803413195        1.6666666666666667     
   7943.2823472428536        4283.2984492877877       -246839.68803413195        370259.52754263009        246839.68803413195        1.6666666666666667     
   7943.2823472428536        4706.4503962580320       -246839.68803413195        370259.52754263009        246839.68803413195        1.6666666666666667     
   7943.2823472428536        5171.4060074708359       -246839.68803413195        370259.52754263009        246839.68803413195        1.6666666666666667     
   7943.2823472428536        5682.2951146724981       -246839.68803413195        370259.52754263009        246839.68803413195        1.6666666666666667     
   7943.2823472428536        6243.6555404053770       -246839.68803413195        370259.52754263009        246839.68803413195        1.6666666666666667     
   7943.2823472428536        6860.4734038847218       -246839.68803413195        370259.52754263009        246839.68803413195        1.6666666666666667     
   7943.2823472428536        7538.2274087391124       -246839.68803413195        370259.52754263009        246839.68803413195        1.6666666666666667     
   7943.2823472428536        8282.9375059873673       -246839.68803413195        370259.52754263009        246839.68803413195        1.6666666666666667     
   7943.2823472428536        9101.2183644865472       -246839.68803413195        370259.52754263009        246839.68803413195        1.6666666666666667     
   7943.2823472428536        10000.338123786574       -246839.68803413195        370259.52754263009        246839.68803413195        1.6666666666666667     
   7943.2823472428536        10988.282951246514       -246839.68803413195        370259.52754263009        246839.68803413195        1.6666666666666667     
   7943.2823472428536        12073.827976822084       -246839.68803413195        370259.52754263009        246839.68803413195        1.6666666666666667     
   7943.2823472428536        13266.615235581879       -246839.68803413195        370259.52754263009        246839.68803413195        1.6666666666666667     
   7943.2823472428536        14577.239310253823       -246839.68803413195        370259.52754263009        246839.68803413195        1.6666666666666667     
   7943.2823472428536        16017.341434496586       -246839.68803413195        370259.52754263009        246839.68803413195        1.6666666666666667     
   7943.2823472428536        17599.712892740728       -246839.68803413189        370259.51598363486        246839.68803413381        1.6666666666666667     
   7943.2823472428536        19338.408635018237       -246839.68803413061        370259.51598370034        246839.68803419935        1.6666666666666667     
   7943.2823472428536        21248.872115930899       -246839.68803409097        370259.51598537760        246839.68803587658        1.6666666666666667     
   7943.2823472428536        23348.072466602927       -246839.68803318639        370259.51601772546        246839.68806822444        1.6666666666666667     
   7943.2823472428536        25654.655218007549       -246839.68801760129        370259.51649898861        246839.68854948759        1.6666666666666667     
   7943.2823472428536        28189.107914423159       -246839.68780973682        370259.53368324449        246839.69417474634        1.6666666666666667     
   7943.2823472428536        30973.942088032018       -246839.68561458078        370259.57471829071        246839.74676878969        1.6666666666666667     
   7943.2823472428536        34033.893210997463       -246839.66687759329        370259.96333257179        246840.14694206786        1.6666666666666667     
   7943.2823472428536        37396.140401035227       -246839.53516292939        370262.35496658232        246842.66572504691        1.6666666666666667     
   7943.2823472428536        41090.547831949094       -246838.75944247950        370274.88750607794        246855.98427634774        1.6666666666666667     
   7943.2823472428536        45149.929993389269       -246834.87166455237        370331.02614995441        246916.00674326165        1.6666666666666667     
   7943.2823472428536        49610.343155925169       -246818.05196431643        370547.85224655538        247149.66273969144        1.6666666666666667     
   7943.2823472428536        54511.405630285852       -246754.41442148204        371279.70038387622        247945.15471523875        1.6666666666666667     
   7943.2823472428536        59896.649665376521       -246541.33047191540        373462.43752187188        250340.95884742765        1.6666666666666667     
   7943.2823472428536        65813.908110702221       -245902.99820496628        379274.39915943320        256791.24298378648        1.6666666666666667     
   7943.2823472428536        72315.739277614048       -244175.15329193903        393220.98651095852        272465.68078607955        1.6666666666666667     
   7943.2823472428536        79459.893773083051       -239910.77595808532        423638.93802086910        307148.01219610177        1.6666666666666667     
   7943.2823472428536        87309.827452516343       -230234.93265585796        484400.18925159110        377585.11498475063        1.6666666666666667     
   7943.2823472428536        95935.265047767563       -209898.35930701107        596329.43581194850        509850.92589387274        1.6666666666666667     
   7943.2823472428536        105412.81947660245       -170031.39877224647        787624.52485305129        741012.97293630696        1.6666666666666667     
   7943.2823472428536        115826.67233445404       -96677.171703709027        1092532.1418523204        1119274.8064443904        1.6666666666666667     
   10000.000000000040        1145.4238945146012       -310752.75590551307        466129.14273423422        310752.75590551307        1.6666666666666667     
   10000.000000000040        1258.5816295658872       -310752.75590551307        466129.14273423422        310752.75590551307        1.6666666666666667     
   10000.000000000040        1382.9183465323042       -310752.75590551307        466129.14273423422        310752.75590551307        1.6666666666666667     
   10000.000000000040        1519.5384298079202       -310752.75590551307        466129.14273423422        310752.75590551307        1.6666666666666667     
   10000.000000000040        1669.6553671827239       -310752.75590551307        466129.14273423422        310752.75590551307        1.6666666666666667     
   10000.000000000040        1834.6025282917437       -310752.75590551307        466129.14273423422        310752.75590551307        1.6666666666666667     
   10000.000000000040        2015.8450078794708       -310752.75590551307        466129.14273423422        310752.75590551307        1.6666666666666667     
   10000.000000000040        2214.9926390739024       -310752.75590551307        466129.14273423422        310752.75590551307        1.6666666666666667     
   10000.000000000040        2433.8142922567959       -310752.75590551307        466129.14273423422        310752.75590551307        1.6666666666666667     
   10000.000000000040        2674.2535865356513       -310752.75590551307        466129.14273423422        310752.75590551307        1.6666666666666667     
   10000.000000000040        2938.4461533699514       -310752.75590551307        466129.14273423422        310752.75590551307        1.6666666666666667     
   10000.000000000040        3228.7386056907721       -310752.75590551307        466129.14273423422        310752.75590551307        1.6666666666666667     
   10000.000000000040        3547.7093810013776       -310752.75590551307        466129.14273423422        310752.75590551307        1.6666666666666667     
   10000.000000000040        3898.1916435915432       -310752.75590551307        466129.14273423422        310752.75590551307        1.6666666666666667     
   10000.000000000040        4283.2984492877877       -310752.75590551307        466129.14273423422        310752.75590551307        1.6666666666666667     
   10000.000000000040        4706.4503962580311       -310752.75590551307        466129.14273423422        310752.75590551307        1.6666666666666667     
   10000.000000000040        5171.4060074708368       -310752.75590551307        466129.14273423422        310752.75590551307        1.6666666666666667     
   10000.000000000040        5682.2951146724981       -310752.75590551307        466129.14273423422        310752.75590551307        1.6666666666666667     
   10000.000000000040        6243.6555404053770       -310752.75590551307        466129.14273423422        310752.75590551307        1.6666666666666667     
   10000.000000000040        6860.4734038847218       -310752.75590551307        466129.14273423422        310752.75590551307        1.6666666666666667     
   10000.000000000040        7538.2274087391124       -310752.75590551307        466129.14273423422        310752.75590551307        1.6666666666666667     
   10000.000000000040        8282.9375059873673       -310752.75590551307        466129.14273423422        310752.75590551307        1.6666666666666667     
   10000.000000000040        9101.2183644865472       -310752.75590551307        466129.14273423422        310752.75590551307        1.6666666666666667     
   10000.000000000040        10000.338123786574       -310752.75590551307        466129.14273423422        310752.75590551307        1.6666666666666667     
   10000.000000000040        10988.282951246514       -310752.75590551307        466129.14273423422        310752.75590551307        1.6666666666666667     
   10000.000000000040        12073.827976822082       -310752.75590551307        466129.14273423422        310752.75590551307        1.6666666666666667     
   10000.000000000040        13266.615235581878       -310752.75590551307        466129.14273423422        310752.75590551307        1.6666666666666667     
   10000.000000000040        14577.239310253819       -310752.75590551307        466129.14273423422        310752.75590551307        1.6666666666666667     
   10000.000000000040        16017.341434496584       -310752.75590551307        466129.14273423422        310752.75590551307        1.6666666666666667     
   10000.000000000040        17599.712892740725       -310752.75590551307        466129.14273423422        310752.75590551307        1.6666666666666667     
   10000.000000000040        19338.408635018237       -310752.75590551307        466129.14273423422        310752.75590551307        1.6666666666666667     
   10000.000000000040        21248.872115930899       -310752.75590551307        466129.14273423486        310752.75590551371        1.6666666666666667     
   10000.000000000040        23348.072466602927       -310752.75590551266        466129.14273425762        310752.75590553647        1.6666666666666667     
   10000.000000000040        25654.655218007552       -310752.75590549846        466129.14273491030        310752.75590618909        1.6666666666666667     
   10000.000000000040        28189.107914423155       -310752.75590512773        466129.14274914877        310752.75592042756        1.6666666666666667     
   10000.000000000040        30973.942088032018       -310752.75589791586        466129.14298633515        310752.75615761400        1.6666666666666667     
   10000.000000000040        34033.893210997463       -310752.75579045940        466129.14606523456        310752.75923651340        1.6666666666666667     
   10000.000000000040        37396.140401035220       -310752.75453504059        466129.17778324342        310752.79095452221        1.6666666666666667     
   10000.000000000040        41090.547831949087       -310752.74278531433        466129.44169181574        310753.05486309459        1.6666666666666667     
   10000.000000000040        45149.929993389262       -310752.65295154438        466131.12880908774        310754.85839568841        1.6666666666666667     
   10000.000000000040        49610.343155925169       -310752.08177704609        466140.86064883397        310765.14320821333        1.6666666666666667     
   10000.000000000040        54511.405630285844       -310749.01215253520        466187.45015127561        310814.81771668332        1.6666666666666667     
   10000.000000000040        59896.649665376513       -310734.85939039435        466379.31435853755        311020.85548937769        1.6666666666666667     
   10000.000000000040        65813.908110702236       -310678.11467293481        467065.98119141639        311764.24568781670        1.6666666666666667     
   10000.000000000040        72315.739277614048       -310477.79786497744        469226.62261879980        314125.20878023381        1.6666666666666667     
   10000.000000000040        79459.893773083095       -309848.10975632188        475269.57483653084        320797.85147372680        1.6666666666666667     
   10000.000000000040        87309.827452516445       -308067.23571841564        490439.56249068177        337748.70251352526        1.6666666666666667     
   10000.000000000040        95935.265047767709       -303492.84330792067        524924.98084761610        376808.51542249671        1.6666666666666667     
   10000.000000000040        105412.81947660258       -292729.17029948469        596488.42906116298        459135.63698067068        1.6666666666666667     
   10000.000000000040        115826.67233445423       -269344.71672512102        733037.66421303689        619069.30513941240        1.6666666666666667     
