   7.6259075425502462E-002   7.9853054926010412       -2.0167129084289006        2.6673539135473625        5.7820583785287081       -20.813539010589952     
   7.6259075426166403E-002   10.526682775144462       -1.9459682031917551        2.5593563891212101        5.5503133662962707       -15.244004069375144     
   7.6259075431664505E-002   13.876870503980335       -1.8831489283089229        2.4586431355138103        5.3401599879617354       -11.225541281860075     
   7.6259075431587817E-002   18.293278051928326       -1.8286182230390466        2.3684941504147634        5.1557380973635238       -8.3068421550749392     
   7.6259075432269979E-002   24.115237062456259       -1.7821168832261545        2.2904003970207958        4.9981793280527427       -6.1729603613271031     
   7.6259075431601972E-002   31.790073759189710       -1.7430147354029533        2.2246167881367169        4.8666725214236628       -4.6034213972541984     
   7.6259075432303564E-002   41.907478952642599       -1.7104832427936205        2.1707076871560491        4.7593677065253628       -3.4426676207582343     
   7.6259075429851761E-002   55.244816523455732       -1.6835819993280818        2.1279572945240490        4.6739777642617550       -2.5799278702679667     
   7.6259075430811049E-002   72.826851653273962       -1.6612711657233858        2.0956322135967285        4.6080907068735470       -1.9356293173127272     
   7.6259075429159592E-002   96.004487937697178       -1.6423635503714185        2.0731280123460030        4.5592536199932869       -1.4521762745411859     
   7.6259075433667653E-002   126.55856316300813       -1.6254237684617827        2.0600382528385559        4.5248843972555903       -1.0876180163982867     
   7.6259075433203191E-002   166.83667871063597       -1.6086086830095436        2.0562389869600546        4.5020970892676191      -0.81120714605752553     
   7.6259075423827066E-002   219.93357592162511       -1.5892683222087773        2.0636443493079462        4.4887414550802340      -0.59954901929708393     
   7.6259075416361663E-002   289.92891846510679       -1.5613850648948000        2.0992436854324579        4.4914328865521433      -0.43024210174505856     
   7.6259075413400518E-002   382.20075045415729       -1.5057586672020595        2.2112439682207832        4.5222298088969932      -0.27820442969968801     
   7.6259075424262246E-002   503.83871483927129       -1.3686736479470427        2.6095849856271998        4.6867241719649515       -9.7839785900201620E-002
   7.6259075430787152E-002   664.18878103929899      -0.26079266360022929        13.460322581193667        13.375963823243184        1.5243094216658921     
   7.6259075430147247E-002   875.57133627127473        25.375305960241477        243.77212020727330        192.43406670545136        27.504530441201041     
   7.6259075432774118E-002   1154.2278141662050        713.03334871229083        4839.8544038346299        3411.5192488120056        452.62146809903936     
   7.6259075431608342E-002   1521.5685938305719        934.04826413902720        4522.7218448966069        2651.1473878175311        358.71584435658980     
   7.6259075432677417E-002   2005.8180520210685        447.89677620754327        1436.1809780053338        527.92163597861622        103.00628380817615     
   7.6259075433545084E-002   2644.1831634249452        240.92566205019506        544.44040829341907        10.415271481093953        36.644289467836245     
   7.6259075433560003E-002   3485.7122731630143        169.11649587297495        239.43153932472052       -183.70417906301708        17.349344713129852     
   7.6259075433555298E-002   4595.0636927656333        182.46740633758489        256.23032977735750       -257.64425703199277        15.029468030755192     
   7.6259075433551676E-002   6057.4736770838972        249.77582969951675       -20.958253070769871       -762.56478383059846        11.363776874515130     
   7.6259075433551760E-002   7985.3054934439151        272.98881776558551       -351.82400813224626       -1176.3546177563148        6.4017992866613573     
   7.6259075433551357E-002   10526.682776163885        249.01281724274227       -122.11916923716720       -881.25908789779317        5.9162088421593628     
   7.6259075433550996E-002   13876.870504323646        270.22090133398177       -186.02260780517156       -1011.6789188443456        4.5854075143530997     
   7.6259075433551510E-002   18293.278052399422        290.35662002712724       -74.745409850418895       -961.86170780017687        4.2590033910978651     
   7.6259075433551635E-002   24115.237062861612        192.76797473370121       -1381.3571500459104       -1975.9212716147317       -2.0502807394732034     
   7.6259075433551551E-002   31790.073760002506        144.19432430783252       -113.29296390989020       -561.97517972914989        1.0520884587444796     
   7.6259075433551579E-002   41907.478953328544        128.22552529052075       -248.04060804475031       -648.44071587201120       0.44400133979617673     
   7.6259075433551510E-002   55244.816526136128        85.772951185109875        182.52519233021360       -89.952059076356974       0.71210809325622271     
   7.6259075433551579E-002   72826.851655891398        78.889782991588689       -152.77254176096326       -403.82338423786996       0.16149583145999674     
   7.6259075433551524E-002   96004.487943226632        70.169282616311889       -79.383252225414367       -303.24510216941422       0.15425188662686951     
   7.6259075433551565E-002   126558.56316281593        52.786822770235226       -256.98180045412164       -427.37068186957509       -2.9752014104427044E-002
   7.6259075433551593E-002   166836.67871139888        28.608830126832142        665.69756096944468        569.52174341332795       0.35730298722756493     
   7.6259075433551579E-002   219933.57594967182        17.165256702469193       -35.762245551788894       -95.510644337023976        1.2375615191930922E-002
   7.6259075433551538E-002   289928.91853046219        13.393565015717066       -57.416676143331927       -103.26162410935027       -6.2269656145362215E-004
   7.6259075433551565E-002   382200.75055515359        14.280055947015832       -70.578551732308256       -115.91745945302179       -3.0133668142533730E-003
   7.6259075433551524E-002   503838.71490064758        17.704120301859206       -5.6266307308649370       -57.396564814531558        8.9476809094587891E-003
   7.6259075433551510E-002   664188.78106337914        22.545119264704539        37.367691889803311       -24.294939067723377        1.3311782154188219E-002
   7.6259075433551926E-002   875571.33631037071        27.096362803275333       -171.66390830650064       -241.43020302601190       -7.0701707429816803E-003
   7.6259075433551926E-002   1154227.8141779846        30.829538037507277        247.35469418914755        173.00901217209343        2.2842569757737692E-002
   7.6259075433551926E-002   1521568.5938693609        35.870481486539411       -493.33675008310837       -574.94218385850684       -1.9211401461883573E-002
   7.6259075433551912E-002   2005818.0520440824        43.773918566591504       -36.309556787349734       -132.32052684811339        3.6004677336758245E-003
   7.6259075433551926E-002   2644183.1634251983        54.205527264952046       -29.707107597828845       -146.03797093099999        3.7549828023230609E-003
   7.6259075433551940E-002   3485712.2731626672        66.938780129659747       -30.665660741568679       -172.28864076097443        3.6088165077670081E-003
   7.6259075433551940E-002   4595063.6927654594        82.040982685512702       -49.266116658599685       -221.05367870214377        3.1343731916495224E-003
   7.6259075433551954E-002   6057473.6770839570        99.747857105342803       -48.134432096748107       -255.31963186206258        3.0197372899733008E-003
   9.6004487946127509E-002   7.9853054936851926       -2.7784116399131800        3.6981059688685427        8.0061309225666690       -36.003827267323558     
   9.6004487947406722E-002   10.526682776622264       -2.6716827641928216        3.5457624950138298        7.6681192240910505       -26.189125013199956     
   9.6004487952972908E-002   13.876870505732528       -2.5744368153046961        3.3970255752880507        7.3504388212091234       -19.160714101991065     
   9.6004487952900647E-002   18.293278054242798       -2.4882791398351141        3.2590089543386789        7.0635721718855446       -14.097254631140947     
   9.6004487952331907E-002   24.115237065148740       -2.4136049629472605        3.1359681142645552        6.8127482595877371       -10.424184504943630     
   9.6004487956062909E-002   31.790073764253012       -2.3499893339529829        3.0297362195133601        6.5991685278663716       -7.7416900730374039     
   9.6004487959864826E-002   41.907478960591376       -2.2965293450836262        2.9405237576531666        6.4215044402477561       -5.7704618829383838     
   9.6004487964583718E-002   55.244816538425880       -2.2520713809529749        2.8676633297010472        6.2771154434625469       -4.3137570076504295     
   9.6004487971071320E-002   72.826851677013707       -2.2153198035339146        2.8101553213711576        6.1628379308340007       -3.2316833475280853     
   9.6004487968341337E-002   96.004487968341309       -2.1848455660334007        2.7670115099454611        6.0753813160997394       -2.4238885362513920     
   9.6004487959473361E-002   126.55856318423318       -2.1590132495661662        2.7374450842578462        6.0114192132882600       -1.8178325446874490     
   9.6004487951440634E-002   166.83667872567290       -2.1358355249009775        2.7209605562065073        5.9674512550688981       -1.3607455680029310     
   9.6004487953557288E-002   219.93357597333764       -2.1127390507887989        2.7175516908457800        5.9396181525803744       -1.0139497949530152     
   9.6004487952252485E-002   289.92891855771944       -2.0858327866264870        2.7315190377093583        5.9261731452802975      -0.74737742173157362     
   9.6004487941521818E-002   382.20075054836587       -2.0450946491098767        2.7939006529003496        5.9404506011917633      -0.53006217410993761     
   9.6004487938527561E-002   503.83871487598560       -1.9586286396984243        2.9785570992857364        5.9957050402379313      -0.32802804999390855     
   9.6004487935569621E-002   664.18878101040445       -1.7241867207458752        3.8943072711801481        6.5006354451381139       -2.8626081453959951E-002
   9.6004487942307246E-002   875.57133630197916        1.0139871164222998        31.928675056045925        29.135159248574077        3.8904043584940609     
   9.6004487944734970E-002   1154.2278141961099        68.370738912988330        610.84336083013761        473.25818606555350        66.892678748882261     
   9.6004487944101824E-002   1521.5685938832194        1510.2057824902056        9708.1442598197500        6683.6509077437877        881.22457962215276     
   9.6004487943625302E-002   2005.8180520523956        1318.7504437855719        6002.4991255368823        3359.1689023396661        465.37371666857797     
   9.6004487943152611E-002   2644.1831634231380        639.18072012980645        1943.7965094285059        627.61060983619916        137.20325552910015     
   9.6004487943140274E-002   3485.7122731595027        373.46001493808586        754.34259748942281       -102.62402397511852        52.508283002207776     
   9.6004487943189165E-002   4595.0636927636269        298.51508185612408        428.67612530696772       -350.64594576382876        29.987659988531959     
   9.6004487943206956E-002   6057.4736770826630        369.23229934082036        446.51963006271450       -617.29554048853311        28.248451403734975     
   9.6004487943206582E-002   7985.3054934422489        509.36444820631988       -149.60551340764630       -1670.7253561000039        20.942009093627782     
   9.6004487943206304E-002   10526.682776161711        538.94194590144070       -624.27763176995700       -2252.6374236099100        12.715494985847879     
   9.6004487943206068E-002   13876.870504320814        502.55832556621061       -647.04945081599158       -2174.7562006708827        8.6037164152509487     
   9.6004487943206179E-002   18293.278052395584        552.46663862263028       -372.23948284220006       -2053.0011404267825        8.9605761190696587     
   9.6004487943207012E-002   24115.237062856722        576.22204728181714       -1151.9728708436000       -2905.0130683985485        4.0491416785929228     
   9.6004487943206998E-002   31790.073759996096        356.57007499348862       -1343.5248781919715       -2437.7177796210858        2.1900392441769778E-002
   9.6004487943206873E-002   41907.478953320024        291.68480137145718       -366.53817512307637       -1265.7928934750819        1.7003470189174288     
   9.6004487943206859E-002   55244.816526124945        247.57033958290958       -574.09168835330138       -1340.4393362231424       0.64263571730997726     
   9.6004487943206929E-002   72826.851655876628        171.28880711473579        31.049779424220162       -505.58985595658356       0.90951891943573315     
   9.6004487943206915E-002   96004.487943207205        161.71334731715928       -201.65365092695524       -708.35123886859787       0.42045579156986906     
   9.6004487943206887E-002   126558.56316279023        141.29306983935570       -165.27396584917858       -609.07699072308799       0.28770410500841304     
   9.6004487943206887E-002   166836.67871136495        101.51551779979633       -297.77289352405410       -620.11458674392225        5.5604227442521442E-002
   9.6004487943206873E-002   219933.57594962712        55.724857151762343       -790.80083254704869       -973.05777358766591      -0.24858419092189288     
   9.6004487943206887E-002   289928.91853040346        35.300928810174312       -170.70183628391970       -288.28690342192783       -9.4573167941145314E-003
   9.6004487943206929E-002   382200.75055507617        28.520605462443825       -137.03092951693927       -230.06823690409644       -6.0221643203537262E-003
   9.6004487943206956E-002   503838.71490054589        30.065268099608623        71.951085969215427       -20.568807448630089        3.5457170678942870E-002
   9.6004487943206929E-002   664188.78106324503        35.877713778625726       -5.8756931737509213       -109.57776259247441        1.7956395303364889E-002
   9.6004487943206956E-002   875571.33631018933        43.725148915324361       -492.34850412508308       -612.05047765297331       -3.7264866543556673E-002
   9.6004487943206943E-002   1154227.8141777443        50.104642938841721        17.755889807910023       -112.04355497396824        1.5454091080703230E-002
   9.6004487943206929E-002   1521568.5938690440        54.788591552090494       -135.35807120623861       -268.42640347455529        2.5452319773361636E-003
   9.6004487943206943E-002   2005818.0520436650        62.455178656987272       -823.86567738338249       -967.12887104100753       -3.0212976309728894E-002
   9.6004487943206956E-002   2644183.1634246483        75.218695611766293       -211.66049405048412       -378.06536214416644        5.3580037764402663E-004
   9.6004487943206970E-002   3485712.2731619417        92.166984283988796        433.81911552789882        234.43249573979639        1.9476610350327737E-002
   9.6004487943206984E-002   4595063.6927645039        112.91491384448736       -45.113124998336431       -285.74058919753122        5.9846000699957883E-003
   9.6004487943206984E-002   6057473.6770826951        137.49526992140906       -130.60814726643747       -420.34482545241417        4.2815567522566326E-003
  0.12086248952176817        7.9853054936919001       -3.8415513101869774        5.1266339209650518        11.099429309581136       -62.690573974281875     
  0.12086248952198417        10.526682776509661       -3.6850517694103906        4.9225076582505070        10.625007003240194       -45.282664419382698     
  0.12086248952412516        13.876870505025350       -3.5379223230901600        4.7116211147571505        10.159336862454722       -32.889419003460034     
  0.12086248951861156        18.293278052489800       -3.4042474137104315        4.5068776974151454        9.7236836152038642       -24.032522834324194     
  0.12086248952417228        24.115237064090216       -3.2860662781503693        4.3177992105464922        9.3318636032287632       -17.662598185734851     
  0.12086248952335521        31.790073761407239       -3.1837851638051657        4.1498874184587340        8.9904417317773699       -13.048584489422543     
  0.12086248952476951        41.907478955670712       -3.0967309682560220        4.0053790538802856        8.7006076224779250       -9.6832382639904289     
  0.12086248952362674        55.244816528701399       -3.0236147754445826        3.8843860304959348        8.4602616487392730       -7.2129751436135372     
  0.12086248952549318        72.826851660397622       -2.9628301572643818        3.7859068660108663        8.2656492817016431       -5.3891958634418238     
  0.12086248953549510        96.004487957111849       -2.9125889995060530        3.7085506490509017        8.1123934594303666       -4.0354384411798563     
  0.12086248954748370        126.55856319367372       -2.8709222623165638        3.6509868082149026        7.9959958190402656       -3.0253230707473531     
  0.12086248954351105        166.83667874659349       -2.8355703291935122        3.6121916103016836        7.9119305366973176       -2.2676381758335884     
  0.12086248953576335        219.93357598196889       -2.8037733745469566        3.5915692037677021        7.8554353320406651       -1.6961264287605669     
  0.12086248952916483        289.92891855720927       -2.7719206145296185        3.5894307032736052        7.8214103021253205       -1.2621786437588112     
  0.12086248952033121        382.20075056247856       -2.7341575310591573        3.6149927390533296        7.8097982529498040      -0.92675397757776645     
  0.12086248951550117        503.83871489016894       -2.6735228064112024        3.7231563541803090        7.8448742174659056      -0.64659247843816159     
  0.12086248953662361        664.18878116564190       -2.5373299701866685        4.0276635331097657        7.9395139301892570      -0.37559645910909767     
  0.12086248952644880        875.57133637146444       -2.1073681727712676        6.3411042773068154        9.4760795778784122       0.19121518311527369     
  0.12086248952618008        1154.2278142559553        4.7871078142168386        77.297108477146821        66.747658938636008        9.5989926594731596     
  0.12086248952516279        1521.5685939593391        196.44902911782282        1650.9519518617385        1256.5968834478047        175.20659106848132     
  0.12086248952524456        2005.8180521640527        2765.9090727003609        16818.042542735755        11278.800125446733        1483.3223723345886     
  0.12086248952504136        2644.1831635789049        1848.7778714862795        7896.7227186088603        4188.8708845463661        599.44980656190126     
  0.12086248952593334        3485.7122733910155        933.10397311818303        2734.6905448980760        762.41812587930201        189.31286816913743     
  0.12086248952587128        4595.0636930641203        600.78468692020465        1023.4486754310665       -411.83652399003904        77.023813340579835     
  0.12086248952586745        6057.4736774774765        552.72049263352892        724.93116922614513       -774.38624329726031        52.674187385718753     
  0.12086248952588191        7985.3054939637004        765.84192280797561        869.65780609408603       -1372.5134795886934        55.589831736502418     
  0.12086248952588290        10526.682776849237        1035.8182027943351       -291.48313176474028       -3395.9026913974249        40.932549616200362     
  0.12086248952588220        13876.870505227102        1057.6886110241865       -1530.3551988125514       -4725.2936836275749        21.167217806468372     
  0.12086248952588299        18293.278053590406        1021.4634057061916       -681.50821230254871       -3778.0096564958963        20.834978400992888     
  0.12086248952588255        24115.237064431505        1127.7334584946016       -771.26930137272018       -4190.0073581307670        17.355119171519171     
  0.12086248952588333        31790.073762072272        1118.8989840278177        1127.4824330753531       -2265.6670674277689        20.262074058543543     
  0.12086248952611409        41907.478956137027        669.96070260080035       -208.04619165382042       -2254.4587022129936        6.6947830763216576     
  0.12086248952604470        55244.816529806754        587.14458453695772       -745.89439956307729       -2543.4967529466917        3.2260503754157868     
  0.12086248952604461        72826.851660730114        468.79958248435616       -865.81616575288797       -2307.5931223823977        1.5152232781128485     
  0.12086248952604461        96004.487949605362        343.34027576765067       -1145.7481366290122       -2209.8573514728887       0.20704812668385397     
  0.12086248952604456        126558.56317122461        326.80385956984969       -274.51054967789236       -1287.1292102103548       0.92861563551862814     
  0.12086248952604457        166836.67872248366        280.54546672173058       -858.34772809216395       -1729.6112795124604       0.15491783588488223     
  0.12086248952604445        219933.57596428422        192.35748777262205       -670.81047867287816       -1274.1075525433707        3.8311478763742080E-002
  0.12086248952604446        289928.91854972526        107.24935912143295       -1656.7679316899444       -2000.3718953981979      -0.51579781480897902     
  0.12086248952593813        382200.75058021082        70.964520848019902       -888.67806316221970       -1117.9263451397817      -0.19271354155179515     
  0.12086248952593803        503838.71493367932        59.123316595117423        257.13927176287626        70.240624361386125       0.11660310235790691     
  0.12086248952593803        664188.78110692347        61.909718065157108       -41.981171741797127       -228.86567311331569        3.4526228624185348E-002
  0.12086248952622840        875571.33636987209        71.825829437572736        67.192231135360657       -139.26295597382412        4.5084397765617373E-002
  0.12086248952622836        1154227.8142564225        84.254856677571610        194.05910687023768       -37.404696499185349        5.1165512186220424E-002
  0.12086248952622834        1521568.5939727605        92.577070247669425       -480.55079077274820       -722.26010282240293       -1.3372639049616046E-002
  0.12086248952622833        2005818.0521803896        97.504865853297503       -70.575904689945844       -309.51100034227090        1.4704286828926300E-002
  0.12086248952622833        2644183.1636048863        109.04947477604050        198.92043968474536       -53.801046783911218        2.4572968616821962E-002
  0.12086248952622831        3485712.2733995398        129.59015595683763       -926.13040556979604       -1215.8150201493950       -1.8492402385205078E-002
  0.12086248952622827        4595063.6930777170        157.19153730794815       -147.58857491104831       -491.00698293725770        8.4599981103531847E-003
  0.12086248952622829        6057473.6774955913        190.97864920609885       -202.02960453469123       -612.63778595339045        7.2235735067996843E-003
  0.15215685940457441        7.9853054943696460       -5.3228903193174153        7.0902401965340358        15.377830830016848       -109.81036079235520     
  0.15215685940880172        10.526682777676749       -5.1009358361467347        6.8329799938205564        14.741345972284972       -78.829426639140664     
  0.15215685941376061        13.876870506770313       -4.8843948069960623        6.5489001801094986        14.084242991695668       -56.822416343639667     
  0.15215685942146276        18.293278056550626       -4.6814798828916802        6.2570295677287886        13.442217399286712       -41.197787450924707     
  0.15215685942182050        24.115237068390613       -4.4976135155952672        5.9752046741813656        12.844212334354561       -30.057129698649049     
  0.15215685942701734        31.790073768376960       -4.3353724588106548        5.7161255302984593        12.308375917204049       -22.060561678973659     
  0.15215685943343624        41.907478966136111       -4.1951357771912363        5.4868841342444892        11.842900668146154       -16.278467567610306     
  0.15215685944270627        55.244816546385572       -4.0758630844747801        5.2901884878372654        11.448823024819538       -12.067762562564509     
  0.15215685945508667        72.826851688510899       -3.9757197461598661        5.1259692599556210        11.122906506219104       -8.9812448645137017     
  0.15215685947037072        96.004487995871131       -3.8924675047640727        4.9927473083227252        10.859827631140837       -6.7051648499821574     
  0.15215685948514057        126.55856324449985       -3.8236333152544391        4.8885926557152581        10.653524685530614       -5.0172651193876119     
  0.15215685951048610        166.83667884686994       -3.7664959853811992        4.8117136341395312        10.497830850277287       -3.7586777755496223     
  0.15215685952497615        219.93357614920203       -3.7179230631696223        4.7607781463021448        10.386563408777139       -2.8149577546318971     
  0.15215685953736324        289.92891881709733       -3.6740691673693280        4.7350834469684511        10.313216398559753       -2.1031106810370992     
  0.15215685952810065        382.20075090974558       -3.6298326874469997        4.7357178953202315        10.271207794454696       -1.5620839479979973     
  0.15215685952980607        503.83871537373795       -3.5761450035651663        4.7817051582159387        10.264840661556908       -1.1404944954788296     
  0.15215685954000266        664.18878173154349       -3.4840371931674814        4.9670917284614076        10.334864940550803      -0.77757024383370310     
  0.15215685954788710        875.57133723654817       -3.2666247708606448        5.4785862414562772        10.500593107368806      -0.40858125204103346     
  0.15215685952297386        1154.2278152099377       -2.4030621507739016        11.646896762735281        15.059738326013964       0.80978598868726770     
  0.15215685952178676        1521.5685952178692        15.043784934717442        142.00469188609881        110.65626267532319        18.553231958002577     
  0.15215685953586927        2005.8180540074063        602.20359846042754        4784.9114704370795        3577.2976741421030        491.89040331638159     
  0.15215685953584668        2644.1831660129706        4572.8478061300984        26276.482633812408        17118.392511604030        2254.0306850971592     
  0.15215685953465843        3485.7122765467930        2587.7871377664242        10369.753988420631        5173.3634863819798        771.72030918977725     
  0.15215685953643787        4595.0636972803431        1405.1504611148523        3829.7356032482521        753.65508433784157        265.89423693912653     
  0.15215685953643504        6057.4736830356205        1008.8287098824057        1482.7801820535492       -1034.0886371710553        120.03021399258395     
  0.15215685953643923        7985.3055012900268        1069.9088375979111        1307.3544811876320       -1688.6224139366320        97.168416697778980     
  0.15215685953644181        10526.682786507306        1612.4243316177372        1351.4048492278648       -3420.0343203594534        105.50639632607768     
  0.15215685953644248        13876.870517959058        2100.7728823039006       -795.51573263828777       -7104.6475836285308        77.168679016605779     
  0.15215685953644259        18293.278070374286        2072.4436245662787       -2888.4427865063140       -9144.1188824452438        40.490591720124357     
  0.15215685953644248        24115.237086557037        2081.9935221706546       -821.00226198993619       -7116.3574713719054        44.047659295382587     
  0.15215685953644237        31790.073791239181        2300.5492341173926       -1649.6360491637161       -8603.8894515194497        33.359053929777602     
  0.15215685953644237        41907.478994506484        2118.0905786175017       -3310.3785682805146       -9718.2866657309460        16.810776114082490     
  0.15215685953644248        55244.816580419320        1287.9014950708731       -4077.8100837586662       -7995.4273790119678        2.1199875650156343     
  0.15215685953644317        72826.851727450834        1172.6116253000644       -1412.7666866874890       -4984.1796485741052        6.2781383598614848     
  0.15215685953644328        96004.488037560455        882.95524566192478       -4197.2324326024454       -6898.6356554483655       -1.3625728506261359     
  0.15215685953644131        126558.56328717046        691.74865680708820       -186.11292949804084       -2312.0167881979087        2.9302511283807862     
  0.15215685953644131        166836.67887532999        653.32719625069967        21.372469215585852       -1986.3956517695926        2.2791151319126168     
  0.15215685953644112        219933.57616577495        548.36237891437031       -1440.3155546161802       -3129.1513441792035       0.44454192408422089     
  0.15215685953644115        289928.91881534178        360.43194463667544       -944.45141727554415       -2064.0904829321012       0.22740335157961705     
  0.15215685953644120        382200.75093069795        205.60663527086231       -2232.9664934658290       -2881.1246431121999      -0.57264918511514185     
  0.15215685953644117        503838.71539571165        141.01610437260928       -571.64835783906983       -1017.1620823429714       -7.8002647738949771E-003
  0.15215685953644112        664188.78171600052        120.51585652604948       -1345.9389833701318       -1718.9009383467892      -0.20309504886402513     
  0.15215685953644115        875571.33717068867        125.45208320399070       -874.70455825364263       -1248.8870506932512       -7.1121651175734102E-002
  0.15215685953643959        1154227.8153120929        142.88535551435899        6.7157251952084209       -403.22650816082495        6.8823972842506159E-002
  0.15215685953643954        1521568.5953644046        161.75422957944306       -107.72003077124418       -554.29787384155202        4.5980422858198741E-002
  0.15215685953643959        2005818.0540149347        170.44411369924140       -2174.0123156687127       -2622.7052332699327      -0.12105960275211475     
  0.15215685953643959        2644183.1660232879        173.54079307700795        974.89426072148149        545.48648767760847        8.8537418731776632E-002
  0.15215685953643959        3485712.2765876153        190.98937519757527        1697.2850797250983        1249.4611474768901       0.10018809706373683     
  0.15215685953643959        4595063.6972804191        224.15581172874363       -1265.0141063985545       -1772.2086351576104       -1.9205958301609458E-002
  0.15215685953643940        6057473.6830358254        269.11688510375126        1033.1253874024251        438.34737346738854        4.6285780156715681E-002
  0.19155413704800245        7.9853055012392922       -7.3791656596924264        9.7648149688229822        21.252454018361206       -193.16030497896153     
  0.19155413704975119        10.526682786536350       -7.0759421842864896        9.4612680309095119        20.439360333606146       -138.10802183008457     
  0.19155413705250332        13.876870518196656       -6.7675849134381370        9.1018826183359387        19.553554003190200       -98.867418482612521     
  0.19155413706176216        18.293278071571702       -6.4677001834027301        8.7064147306733322        18.642315539497183       -71.092221863367087     
  0.19155413706689034        24.115237088781150       -6.1875507615647125        8.3023680899080645        17.755999871226148       -51.432371160339983     
  0.19155413707642391        31.790073795753322       -5.9343152668288921        7.9142729354621153        16.933848612644475       -37.451603230495948     
  0.19155413707955171        41.907479001141567       -5.7112332069992462        7.5590192231474109        16.199630620705179       -27.440173015027547     
  0.19155413708451147        55.244816590596400       -5.5185921940895097        7.2457280331434131        15.563508142603396       -20.216750697648070     
  0.19155413709504548        72.826851744871419       -5.3548128321160542        6.9776517564864555        15.026132749137972       -14.966699953770295     
  0.19155413710616576        96.004488066098546       -5.2172890605599651        6.7544166282157114        14.582604919888773       -11.125042646772579     
  0.19155413711168873        126.55856332844155       -5.1028987829556378        6.5738647035147331        14.225389781513556       -8.2963907873847944     
  0.19155413711274574        166.83667893065649       -5.0082126478846405        6.4333229911302734        13.946077728782690       -6.2013349123149570     
  0.19155413714104491        219.93357627120145       -4.9294570360713861        6.3303767306531045        13.736183640038075       -4.6406268140687494     
  0.19155413716451747        289.92891898984800       -4.8622734068753726        6.2632894535371442        13.587218469593735       -3.4710588221207375     
  0.19155413719108894        382.20075121375879       -4.8012837819640302        6.2312615862674381        13.490257058467943       -2.5889820707767912     
  0.19155413717246583        503.83871571987464       -4.7392092731766349        6.2371931478555478        13.437181622194434       -1.9177046929854158     
  0.19155413717493761        664.18878215190125       -4.6615539393601813        6.3190599961180620        13.441765460196706       -1.3884691233771740     
  0.19155413715507003        875.57133765450499       -4.5187078535407359        6.6329195365407614        13.567376123848401      -0.91592425161423408     
  0.19155413716360642        1154.2278160013352       -4.1660309586279469        7.5365048288965841        13.891473110727333      -0.39892886411268724     
  0.19155413716020062        1521.5685962459515       -2.2575566923551262        24.293631066046999        26.997872157557950        2.4648430115744433     
  0.19155413712683100        2005.8180548276166        41.962246477665978        456.77802128282025        371.17514463178696        55.057313144956623     
  0.19155413712494804        2644.1831670686192        1812.7511934942056        13640.730672838385        10007.431283283691        1358.6632842855058     
  0.19155413712489619        3485.7122779646866        7044.2731537556356        38210.706721827723        24102.649778216666        3191.3958360080760     
  0.19155413712547037        4595.0636991095262        3634.7655379983507        13730.026699841019        6407.7075887262190        1001.2371160665954     
  0.19155413712528480        6057.4736854411976        2189.5575299016509        5252.2277661284470        260.33688385795358        378.76251652059182     
  0.19155413712525876        7985.3055044598896        1772.2470507647890        2475.9511669425724       -2138.1467487876539        202.47744397604936     
  0.19155413712529784        10526.682790687968        2154.2850379463230        2973.4352624144390       -3208.7453379966150        195.52648869918596     
  0.19155413712530603        13876.870523470774        3408.8773933728162        1569.3412288231557       -8586.4290837894059        196.09691013035479     
  0.19155413712530656        18293.278077640181        4257.0329263477070       -2948.9628378232565       -15745.995445823410        135.45365188248107     
  0.19155413712530694        24115.237096135421        4071.6390323749156       -4613.5045417994161       -16890.451909689844        84.303861324338840     
  0.19155413712530639        31790.073803865878        4251.2790023984790       -2633.2163089907281       -15459.506239927334        79.973514461348131     
  0.19155413712530653        41907.479011151743        4679.0930640578881       -4433.6176624987229       -18546.669414568158        59.736358842340053     
  0.19155413712530647        55244.816602361985        3910.2040514605346       -9651.0318059689198       -21459.149959427526        17.296194540379869     
  0.19155413712530656        72826.851756376607        2506.3636263158392       -7539.4074513708783       -15136.882858788067        4.9190805858280680     
  0.19155413712530675        96004.488075692105        2321.2270581659809       -6936.1218219370930       -13978.099919276026        3.5587394675511987     
  0.19155413712530672        126558.56333743935        1661.3967501013199       -1547.9029689761715       -6609.1331346410607        7.1322548710107814     
  0.19155413712530672        166836.67894159732        1391.8823187402775       -860.34082033105574       -5110.3727220836618        5.0440799249759358     
  0.19155413712530669        219933.57625313252        1296.0118901722169       -1996.4714436056179       -5954.5836209761874        2.5222796375962484     
  0.19155413712530669        289928.91893050139        1061.6307498992646       -2111.8278140267739       -5360.5460107398640        1.2564121115271081     
  0.19155413712530661        382200.75108250772        665.62940569582349       -3187.3739152971411       -5239.5664131121248      -0.32931970735148086     
  0.19155413712530656        503838.71559583570        392.61738568188827       -1308.7613039625880       -2530.7476244266763        7.3824636632006058E-002
  0.19155413712530661        664188.78197981592        277.04481746412171       -374.18343491295843       -1235.1988906933598       0.19761330576175409     
  0.19155413712530656        875571.33751846454        243.04573055779147       -1563.9998124634344       -2305.1801388010899      -0.14165801002374698     
  0.19155413712530656        1154227.8157705625        252.66456589619193       -586.94353826525662       -1334.9781413276487        5.7322300431524274E-002
  0.19155413712530656        1521568.5959687878        282.90450788095433       -215.12613865977931       -1027.0441524814769       0.10140696685922816     
  0.19155413712530656        2005818.0548116660        309.93273959821693       -6061.1104274237268       -6921.6688316280770      -0.47456028334220041     
  0.19155413712530656        2644183.1670735846        312.95596775372519       -760.36483887771283       -1591.0476450749027        2.2266771846150252E-002
  0.19155413712530656        3485712.2779721753        309.71683078860815        5860.9722477627129        5086.4832157623277       0.37777671454489936     
  0.19155413712530664        4595063.6991056269        336.09029331798041       -5754.1543419455093       -6552.5690785419065      -0.19562044412811028     
  0.19155413712530664        6057473.6854419243        389.63179436434513        2475.1875731363812        1581.4287316482867       0.11627402341455645     
  0.24115237096247452        7.9853055044990029       -10.218811972730805        13.380767194897309        29.259187439864203       -340.21303137499228     
  0.24115237096922457        10.526682791032034       -9.8201507536893757        13.040836499712483        28.265824181384417       -243.13113983787241     
  0.24115237097166994        13.876870524064465       -9.3974118481911511        12.617587336702533        27.131573484909193       -173.21596670208876     
  0.24115237097117956        18.293278078385569       -8.9684143601044859        12.114904025557827        25.896371317927308       -123.59503618873875     
  0.24115237097357212        24.115237097357230       -8.5524954698641533        11.564000675424625        24.630523049351524       -88.610127408981924     
  0.24115237097716932        31.790073805950826       -8.1650492527423744        11.004277567607971        23.404653223769817       -63.933029454074955     
  0.24115237097723968        41.907479013912429       -7.8155584854120921        10.469321115337276        22.271789855230001       -46.439208713158770     
  0.24115237098206369        55.244816607106387       -7.5080762320452816        9.9815452219801895        21.262992653927171       -33.948238789348601     
  0.24115237097775244        72.826851761328911       -7.2426951749563280        9.5526628437831143        20.390790674482691       -24.959948547890594     
  0.24115237099566203        96.004488089350346       -7.0170495890876454        9.1865485529523561        19.655084243833883       -18.443358822742802     
  0.24115237100685571        126.55856336131893       -6.8274418682022695        8.8823433600357369        19.048553562183649       -13.685650520668576     
  0.24115237102242074        166.83667898384505       -6.6695093500780880        8.6369286400244931        18.560540625446091       -10.189459664541467     
  0.24115237103924650        219.93357632417113       -6.5384812566205737        8.4466051378562899        18.179346931739193       -7.6043508916173668     
  0.24115237104374018        289.92891902955103       -6.4291037375650877        8.3081119938687475        17.893243715878860       -5.6811498291908329     
  0.24115237105286555        382.20075122754332       -6.3352872396423781        8.2191767728302629        17.690503729036088       -4.2412685537663188     
  0.24115237106566106        503.83871581376371       -6.2494780612031908        8.1789595291535893        17.558839708809685       -3.1557399284130394     
  0.24115237107969886        664.18878230576377       -6.1611462956852954        8.1944392342266088        17.489111547729497       -2.3280717602984708     
  0.24115237107928678        875.57133794665140       -6.0464042845823913        8.3390676421916101        17.513700911348479       -1.6645461068376481     
  0.24115237108140231        1154.2278163451481       -5.8205151446845287        8.8640022319301188        17.723470526246587       -1.0459877955338626     
  0.24115237108867121        1521.5685967721020       -5.2346367812804830        10.615606691398405        18.479817013816845      -0.27967297431960614     
  0.24115237108477955        2005.8180558382708      -0.67011396446750304        55.976803576554957        54.943660882025654        6.7621873867129532     
  0.24115237109815330        2644.1831685735524        112.52717385281643        1119.4753324285243        892.04202624533707        131.20673094670738     
  0.24115237110388657        3485.7122800323878        4892.4539680412990        34877.411879882704        25075.435686343480        3367.5666585926106     
  0.24115237110295887        4595.0637018038369        10372.341357596566        53047.570301310712        32272.932152009533        4318.9651973300197     
  0.24115237110238735        6057.4736889845017        5162.6544449463217        18810.044743506540        8317.2886458023422        1333.9232962986987     
  0.24115237110238774        7985.3055091319738        3542.2817944936655        7178.5831300824448       -1261.7067230949983        555.36579887725202     
  0.24115237110236393        10526.682796843788        3266.2577832214506        4438.4209302906984       -4402.9638130616222        360.54011950268182     
  0.24115237110234930        13876.870531584291        4467.9732271615339        6527.5888696451602       -6521.6563239835123        397.12886658129685     
  0.24115237110235047        18293.278088335916        7175.3566703340175        2762.5362923424354       -18700.465244472343        388.08988027261717     
  0.24115237110000626        24115.237110000675        8579.9711345608557       -6906.2527689182880       -32702.736718243370        251.12946784113223     
  0.24115237110000654        31790.073822143971        8056.4186656067959       -7716.3630382196734       -31977.824628429524        169.80402798875770     
  0.24115237110000873        41907.479035247321        8663.3461860405951       -6183.7262909312649       -32275.281913622115        150.69020692716512     
  0.24115237110000906        55244.816634126233        9471.5511510500091       -7460.9294384565792       -35981.664795249781        121.89775468145859     
  0.24115237110000939        72826.851798250107        7098.0027486311646       -29554.772320620534       -50958.210525455346       -9.9642487160081998     
  0.24115237109846799        96004.488130278376        4930.4292975218168       -422.22428308420785       -15325.071480135266        45.337655453899956     
  0.24115237109846804        126558.56340939811        4538.9308693050707       -21412.818952623915       -35141.759622077807       -8.3830430859362792     
  0.24115237109846804        166836.67903645744        3149.2128593848602       -24055.574603251753       -33614.048112110700       -17.665198566868916     
  0.24115237109846810        219933.57637818260        2793.9818887362690       -4723.8450596815892       -13213.016355981326        6.3415656312884980     
  0.24115237109846804        289928.91909534944        2551.1712102671768       -8891.7782836162842       -16646.177610716186       0.58656264869783481     
  0.24115237109846804        382200.75129981991        2032.6194150464717        6276.0925520861556        86.903321537944976        8.7907119996111724     
  0.24115237109846771        503838.71588230849        1215.1094401688138       -917.73131735118341       -4641.0758805469104        1.7615920153192421     
  0.24115237109846768        664188.78235746024        746.87949607210828       -5245.0108365009428       -7545.9712511852294      -0.87408509752411767     
  0.24115237109846768        875571.33801629709        543.43889147822063        810.70116073795441       -857.15485731467390       0.79035047875966269     
  0.24115237109846757        1154227.8164268332        486.92840981326782       -2313.0232155300282       -3782.6625366789153      -0.10253211939382023     
  0.24115237109846763        1521568.5968339210        505.74079328329697       -971.21255056208486       -2461.7626121044400       0.14087694159698505     
  0.24115237109846763        2005818.0559521343        558.74820903697616       -4398.5012929130535       -6004.6230254877855      -0.28618667296454137     
  0.24115237109846774        2644183.1685770149        591.86316738715198        551.32628515564727       -1101.5152265651273       0.24122650657519018     
  0.24115237109846774        3485712.2799540828        574.98296151044269        9746.6565194849445        8207.6985885703398       0.81082375719950017     
  0.24115237109846774        4595063.7017182885        555.26272653608930       -5418.5591079008136       -6822.8301719909177      -0.18826660104443155     
  0.24115237109846774        6057473.6888860837        594.94307386430773        830.09714302905945       -603.48536332201002       0.10858864595301201     
  0.30359284809331499        7.9853055090820408       -14.119232989048662        18.254281214679306        40.110580935332734       -597.81158409316799     
  0.30359284809587078        10.526682796867622       -13.611967983158245        17.872870909149835        38.926774301887434       -428.83004475353641     
  0.30359284809182352        13.876870531431555       -13.055409566297772        17.406251365775187        37.545787653082272       -305.15699589821719     
  0.30359284809634601        18.293278088406993       -12.464801134196527        16.814276538573271        35.958519596058942       -216.49955002485262     
  0.30359284810434428        24.115237110964117       -11.866797520424445        16.110063296586919        34.231945050062357       -153.87415465299637     
  0.30359284809889459        31.790073822843336       -11.288736239509289        15.341796594607963        32.469476010969402       -109.91497488318507     
  0.30359284810578230        41.907479037119643       -10.751601862944105        14.565476897297135        30.769660762414318       -79.032982930666492     
  0.30359284810032511        55.244816635601282       -10.267901811153559        13.826938583218260        29.203983197291713       -57.222980527474455     
  0.30359284809881709        72.826851799832752       -9.8426836114681002        13.155879255067497        27.812958961721101       -41.705849478818223     
  0.30359284810812370        96.004488135921321       -9.4756828624032483        12.567331126602202        26.611939487783324       -30.577894890549494     
  0.30359284811675702        126.55856342043589       -9.1633909468449275        12.065872026715972        25.599506610632776       -22.535751731814706     
  0.30359284814032206        166.83667906395797       -8.9005624902822120        11.649895293752394        24.764828260711518       -16.681510724306843     
  0.30359284815123017        219.93357642233750       -8.6810859902618116        11.314925604524189        24.092820960662756       -12.390916623035560     
  0.30359284816145032        289.92891916331712       -8.4982987689454053        11.055840632816951        23.567149956007711       -9.2257234955676193     
  0.30359284818724541        382.20075142189273       -8.3448527765297182        10.868223758167009        23.171512331050060       -6.8754321866766563     
  0.30359284817642013        503.83871602526682       -8.2122010227199098        10.749080919918288        22.889589463977241       -5.1182869117486707     
  0.30359284818114085        664.18878255624384       -8.0896799360197118        10.697712736193131        22.704437530034816       -3.7945314367149416     
  0.30359284818228932        875.57133828165684       -7.9617650136048139        10.730006507671874        22.607778039346716       -2.7822691490705727     
  0.30359284818776977        1154.2278167974816       -7.7880551123943951        10.983711574010094        22.665931021409698       -1.9514100634746079     
  0.30359284817990878        1521.5685972831318       -7.4247127110096969        11.852768024680600        22.998050021887320       -1.1370566154712389     
  0.30359284813908322        2005.8180562745770       -6.4129644254656233        15.697998191720586        25.065337952013845       0.11709993873188829     
  0.30359284815579202        2644.1831691476032        5.0742213993863325        136.64527027845298        123.35510999065649        17.658052864016248     
  0.30359284812802556        3485.7122803874622        305.25061602724378        2835.3696810483580        2221.0325160404136        322.15375281551269     
  0.30359284813217235        4595.0637023523559        11348.725084466505        76630.191377072610        53901.270975599291        7177.1718648276783     
  0.30359284813033649        6057.4736896853165        14865.660368608074        71597.083158741836        41818.472791826352        5689.4882942497088     
  0.30359284812707715        7985.3055099700841        7534.0596761613542        27966.147593303955        12307.937126407125        1890.5901266394876     
  0.30359284812728393        10526.682797956842        5973.9940390402571        10766.625162841241       -4131.3864428528614        873.20589552993420     
  0.30359284812726378        13876.870533051502        6300.6400779838868        6720.1635763407585       -10902.279714121669        635.17122736460726     
  0.30359284812726850        18293.278090270276        9497.3838871173903        13113.289880386521       -14956.783623239706        798.52241399194463     
  0.30359284812726733        24115.237112784987        14999.858527193839       -2548.2550123062374       -47513.829603071921        671.11137358412032     
  0.30359284812726695        31790.073825814328        17188.916599309825       -22858.583748161469       -74521.669032914360        394.14931341095701     
  0.30359284812726645        41907.479040085345        16076.284013225964       -8260.9345101850631       -56615.791400460897        374.90713156373306     
  0.30359284812726661        55244.816640503937        17604.885699943923       -12320.826524450113       -65271.365000289188        293.43302759446141     
  0.30359284812726750        72826.851806657680        18952.318496702555       -5342.1843190155978       -62342.541512004915        272.64032546199769     
  0.30359284812726750        96004.488141975336        12820.092572444006       -87816.510805983591       -126426.39053100797       -126.22126496738856     
  0.30359284812726767        126558.56342481778        9758.2316371017732       -7831.6060762879797       -37260.301541808076        68.765323079203000     
  0.30359284812726733        166836.67905678434        8741.7367676994545       -16353.393665762716       -42734.620203566141        29.768269710340824     
  0.30359284812726767        219933.57640497887        6044.3820702821840        10797.368870007540       -7490.7951435556106        46.185948290556112     
  0.30359284812726772        289928.91913067392        5580.5717268960470       -10370.554568608091       -27262.589594541481        11.056081453307630     
  0.30359284812726778        382200.75134638674        4988.2908935006826       -5747.1365727363554       -20853.183303293121        10.299916335767186     
  0.30359284812726778        503838.71594369615        3834.7036368156914       -16953.951138907491       -28584.818451371779       -1.5372479625768509     
  0.30359284812726783        664188.78243838518        2234.9823836795695        41269.377945151951        34458.280411943248        22.714114006100871     
  0.30359284812726778        875571.33812297671        1418.3933516175953       -2974.8111017056990       -7308.3175791478461       0.82561423755902497     
  0.30359284812726778        1154227.8165674647        1062.0601775939685       -4315.7860666980951       -7544.0844436935531       -8.4280629620200553E-002
  0.30359284812726778        1521568.5970193094        971.84598177154055       -5108.6088631146640       -8020.3402527023236      -0.29751405038781575     
  0.30359284812726778        2005818.0561965234        1009.3489674075024       -958.25432103939431       -3925.3279580067056       0.41578136249392839     
  0.30359284812726778        2644183.1688991822        1098.5536130887206        1823.7478529672305       -1340.7746387473574       0.66565965477569233     
  0.30359284812726778        3485712.2803787817        1125.6542317870217       -11275.956356311250       -14436.593402267819      -0.63392917341366140     
  0.30359284812726789        4595063.7022781512        1050.2627838250164        15275.135924502309        12443.217083778170        1.2486141415273739     
  0.30359284812726789        6057473.6896241270        998.38646519329450       -31319.034588209273       -33872.731241038360       -1.4033395694432031     
  0.38220075133963277        7.9853055098340224       -19.453852954279668        24.835691759656147        54.778731998893953       -1044.6120613461276     
  0.38220075134380704        10.526682797885275       -18.819616291364309        24.365343172628364        53.350751635465784       -754.87656468158923     
  0.38220075134676651        13.876870533065532       -18.113527988711674        23.861538124366085        51.726629194997365       -539.02458804041692     
  0.38220075135665560        18.293278090761806       -17.334099928014925        23.217397476349419        49.797267249898965       -381.66704755977685     
  0.38220075136040271        24.115237113669469       -16.506791948370935        22.386676880231910        47.568076867444461       -269.43924404305312     
  0.38220075135863574        31.790073826833382       -15.671083100956952        21.398264772580951        45.147623964704408       -190.58281211029211     
  0.38220075136289355        41.907479041895627       -14.865450923121312        20.325199087477426        42.686623848775085       -135.50944239361635     
  0.38220075135349785        55.244816641532218       -14.118443981587665        19.246570440134921        40.322023480307180       -97.004910558260875     
  0.38220075136429593        72.826851810070522       -13.446545656342883        18.224748106938911        38.149996515175054       -69.937413116891307     
  0.38220075136815007        96.004488147442444       -12.856013974217319        17.299058289463787        36.223344932208008       -50.766476750875455     
  0.38220075138603227        126.55856343794608       -12.345977502356902        16.488801486143913        34.560756932732744       -37.078171493519548     
  0.38220075139797582        166.83667907930450       -11.911269205296239        15.799341508093645        33.158629001515038       -27.226831224524371     
  0.38220075141761645        219.93357644596790       -11.544441782820693        15.227945298584579        32.001035687326272       -20.083556413794273     
  0.38220075144229559        289.92891920342890       -11.236905264839493        14.768221957065007        31.066593493916418       -14.866940310229626     
  0.38220075143824916        382.20075143824988       -10.979312097627139        14.413067365397879        30.332385964394852       -11.030873298688048     
  0.38220075146675131        503.83871610236838       -10.761331734626834        14.156465100848816        29.775593208503096       -8.1901615528811718     
  0.38220075148780869        664.18878268414926       -10.570907551415099        13.994440085264719        29.373327622946221       -6.0709193850269587     
  0.38220075149368826        875.57133846042609       -10.392891820218336        13.926930719966762        29.102272745323084       -4.4762937482406864     
  0.38220075151018601        1154.2278170621316       -10.203824120224352        13.988709906363518        28.959848622071192       -3.2511136234871056     
  0.38220075152883709        1521.5685977456583       -9.9340549390968516        14.430296562291634        29.070353266065212       -2.2119727718353657     
  0.38220075156282063        2005.8180573323855       -9.3412741326450881        15.862968668272828        29.578518544586117       -1.1319471149160099     
  0.38220075158628025        2644.1831705588393       -7.4830810266655732        25.370093466391936        35.708095456934799        1.2277111755195873     
  0.38220075153627708        3485.7122821106013        22.148128099594619        341.49753031346762        292.98876441756551        44.705800292878422     
  0.38220075156919703        4595.0637049569177        884.37503312531351        7748.5136664426200        5972.0142929259819        852.31278077770867     
  0.38220075156504485        6057.4736930896170        24026.500798259076        153809.21130941980        105707.49606603147        13978.351626719681     
  0.38220075156430078        7985.3055145280086        20991.759020335056        95154.557610558913        53086.396482647906        7388.6286991018569     
  0.38220075156374400        10526.682803942855        11592.221799064982        44994.842712256337        19806.891053121704        2885.5035748711216     
  0.38220075156299782        13876.870540916430        10540.622685703031        16066.862853121882       -11406.791157950349        1420.3729838508903     
  0.38220075156297184        18293.278100636740        12615.653411227775        16020.313298518666       -20168.682147658285        1285.2942362070064     
  0.38220075156298117        24115.237126451331        20456.651668771978        24242.503115331041       -36670.076558147513        1585.6160167019452     
  0.38220075156298483        31790.073843830425        31170.112333115278       -10961.756647553946       -104490.36569719634        1264.6669964486739     
  0.38220075156298361        41907.479063835119        34108.330979086924       -40236.646471723550       -142697.12272305685        793.17063242894289     
  0.38220075156298361        55244.816671812216        32349.691867519632       -41600.062847567497       -138807.75634243348        547.06247563209740     
  0.38220075156298416        72826.851847929909        35721.282474920707       -24322.693313927230       -131658.70017914765        571.65358393219833     
  0.38220075156298466        96004.488196382881        37299.221124250304       -73583.403668925370       -185665.57373085918        260.98328381654682     
  0.38220075156298328        126558.56349654034        23464.784165315810       -85718.625949177484       -156308.16440662119        5.6935121028388380     
  0.38220075156298322        166836.67915133326        19373.698827919117       -24116.439452288756       -82440.846459443608        110.53904573025969     
  0.38220075156298322        219933.57652961835        16578.732589452644       -37248.897528474292       -87192.985288265190        42.941205705365121     
  0.38220075156298350        289928.91929498094        11739.137851009971        901.38027031629099       -34523.869660638273        59.095664736213806     
  0.38220075156298394        382200.75156298588        11090.818569440473       -13806.229604771741       -47280.647601352211        27.700149925370329     
  0.38220075156298389        503838.71622922947        9737.4339877482689       -11527.545162439841       -40928.820404999242        18.907171717720225     
  0.38220075156298394        664188.78281479143        7138.1931705238794       -19894.162164689151       -41476.194991786833        3.9440195368605764     
  0.38220075156298400        875571.33861917700        4130.8285536956819       -50996.258745583516       -63524.587179364091       -15.488422983832660     
  0.38220075156298416        1154227.8172215845        2690.4179632056644       -11850.096659978510       -20013.759459940269      -0.57683134056114671     
  0.38220075156298411        1521568.5978816072        2071.6902556235723       -9687.5673284594686       -15937.847169378460      -0.48648739824292719     
  0.38220075156298411        2005818.0573332533        1932.6158500635670        3556.9301962653549       -2202.9643159958882        2.0432460056200834     
  0.38220075156298411        2644183.1703976835        2009.7644086650889       -1270.8197594490898       -7170.5352317703482       0.88165326447154946     
  0.38220075156298411        3485712.2823541914        2153.6747710042218       -31854.080587249235       -38072.578494822868       -2.6370462559865255     
  0.38220075156298428        4595063.7048822446        2133.4294605380278        475.53243076524723       -5544.6707821246455       0.67198571687057940     
  0.38220075156298422        6057473.6930569895        1923.2575565887973       -9002.4527712425643       -14226.189044060597      -0.14718963195380091     
  0.48116223853637302        7.9853055142831355       -26.732403876668400        33.763275502607421        74.602158665532954       -1812.2702417411529     
  0.48116223853598239        10.526682803626835       -25.935256538351499        33.098330830780831        72.795956478951609       -1321.3060445601691     
  0.48116223854251566        13.876870540715354       -25.060595560330725        32.508157218085415        70.882655912788778       -950.76348347624912     
  0.48116223854521861        18.293278100475675       -24.073409317971542        31.839030724595347        68.639538205714757       -675.24495625708823     
  0.48116223855567125        24.115237126762288       -22.977900048723775        30.944313675896073        65.929365095180231       -475.30627114934555     
  0.48116223856079399        31.790073844578497       -21.815356300729789        29.774360922051812        62.786028218884937       -333.52978277108286     
  0.48116223856210955        41.907479064935984       -20.643768580576932        28.383883904660408        59.381150913208117       -234.50643911075534     
  0.48116223857101209        55.244816674285559       -19.517099332934063        26.881992674235057        55.932699340581280       -165.75476375587655     
  0.48116223856542945        72.826851850345335       -18.474138228986426        25.379791359084685        52.630339072958094       -117.96530217343421     
  0.48116223857539347        96.004488201554963       -17.536607111877775        23.961985628950298        49.603311135645754       -84.564681735495526     
  0.48116223857850754        126.55856350417800       -16.712230726046801        22.680667489004804        46.920416707596829       -61.044395886419579     
  0.48116223857426832        166.83667915993172       -15.999148876432510        21.560657574074796        44.604247585272432       -44.345976995196445     
  0.48116223859676499        219.93357655123626       -15.389787298599069        20.608187886221792        42.647699156602719       -32.394547553224470     
  0.48116223861891660        289.92891933682631       -14.873552041564738        19.818853705254149        41.027450444209087       -23.774042564052117     
  0.48116223864114915        382.20075163580816       -14.438318571773241        19.183554279991732        39.713095743053032       -17.509561361254406     
  0.48116223866480884        503.83871635000258       -14.070901883331041        18.692412301894269        38.672301566405338       -12.923569363596435     
  0.48116223867901570        664.18878299361211       -13.756695004592792        18.337153036312493        37.872854377319342       -9.5408883070794896     
  0.48116223871092406        875.57133891297190       -13.478594319773034        18.112464895637586        37.282386577496723       -7.0255087348366851     
  0.48116223872208824        1154.2278176356619       -13.214912255149800        18.020198997870779        36.869097858216691       -5.1363393396804637     
  0.48116223872857861        1521.5685984479915       -12.929119697125756        18.133978319295714        36.646818230659157       -3.6733958668768367     
  0.48116223876778053        2005.8180582433135       -12.499777734208049        18.895584941367229        36.832662380967065       -2.3753721258380871     
  0.48116223881400283        2644.1831718513863       -11.520933882535651        21.280451889330699        37.615469248238618      -0.92492169601777841     
  0.48116223882936815        3485.7122843818556       -7.8018004990200813        46.748366509029715        56.108521758878524        4.2021287627090045     
  0.48116223877535397        4595.0637070393977        69.185168068284710        856.49000862171238        712.36318774980271        110.64293654187384     
  0.48116223878679920        6057.4736960447572        2813.7817460699384        23356.784038273399        17709.918990768761        2486.3606671964862     
  0.48116223878748143        7985.3055184505056        43989.393064836928        266481.02642792260        178429.66312240105        23528.490154213439     
  0.48116223878804176        10526.682809141303        29454.517353062438        125901.97261912495        66798.663464871817        9555.8400315044237     
  0.48116223878780606        13876.870547789620        19129.635849365361        71085.513951609028        26843.360508131977        4521.9513646336291     
  0.48116223878758080        18293.278109690043        19475.652926127343        22770.572057987851       -30050.260766562798        2373.5629313498730     
  0.48116223878759162        24115.237138385866        26023.647471465541        31339.977009303293       -44683.869136370944        2522.8194822666001     
  0.48116223878759867        31790.073859563367        44394.132910209250        49941.541689068799       -82811.686406316672        3253.5217858696014     
  0.48116223878759817        41907.479084575272        64242.084825030819       -20198.228949987373       -213000.59097403102        2517.0758442471711     
  0.48116223878759845        55244.816699153074        67134.538402344333       -97628.775181849865       -299191.14407480694        1329.5222217216692     
  0.48116223878759856        72826.851883972107        65501.952229697075       -44060.568929574038       -240747.35884446951        1322.4119073315387     
  0.48116223878759867        96004.488243895656        72437.904440596918       -49827.233550575504       -267341.73537333973        1103.8595037501875     
  0.48116223878759901        126558.56355917492        71958.096136340493        69885.837071420508       -146208.27481641667        1285.7685758438342     
  0.48116223878759928        166836.67923390181        43662.417331811179       -14458.239505978709       -145682.34368594561        428.09745066288821     
  0.48116223878759912        219933.57663846485        38445.768553767826       -48466.790071931318       -164054.54646873230        207.84708451081471     
  0.48116223878759906        289928.91943846835        30966.936127554811       -56100.709278906870       -149260.50765803023        98.767296140899902     
  0.48116223878759901        382200.75175213860        23015.054306972652       -73822.918207726194       -143128.72266376732        15.314637814589453     
  0.48116223878759928        503838.71647858166        21906.798840385512       -18900.830136668443       -84874.607483294531        60.117864188572874     
  0.48116223878759934        664188.78314350161        18888.858496068890       -55774.147268180444       -112675.70689546398        10.733725900711885     
  0.48116223878759951        875571.33905250160        13184.872804701454       -43960.086152651573       -83717.720687755485        2.9397197010716489     
  0.48116223878759951        1154227.8177928173        7627.8001039826304       -106168.02984429094       -129206.23547046109       -32.352078561730423     
  0.48116223878759962        1521568.5986346388        5095.9233909826844       -57678.387852703505       -73053.564501383444       -12.210267216518982     
  0.48116223878759956        2005818.0583259424        4041.8931920608834        14673.445934494872        2550.2175620037556        7.1319125011529625     
  0.48116223878759956        2644183.1717063026        3835.8997217902279       -4109.8374846819725       -15499.106875731908        1.8332744076746181     
  0.48116223878759956        3485712.2840792867        3992.8103271544760        2908.6796830285439       -8805.0896008940617        2.4218658894595952     
  0.48116223878759951        4595063.7071563657        4207.4381007887960        11090.455481195437       -1086.0167049875827        2.7604080874167485     
  0.48116223878759956        6057473.6960548656        4046.0950243734865       -31242.817860667070       -42713.768848803433       -1.3324042153126756     
  0.60574736958737907        7.9853055182138117       -36.654280215131926        45.905322076520179        101.39616108298694       -3122.9960779993698     
  0.60574736958228426        10.526682808728484       -35.627425756553770        44.901391620605551        98.995557386011455       -2294.6896554703794     
  0.60574736957593778        13.876870547106824       -34.544784768976250        44.088916086802328        96.637017612020585       -1667.5858226796158     
  0.60574736957397546        18.293278108739251       -33.331908557938178        43.351997834896778        94.057133462889823       -1193.7829556477745     
  0.60574736957636344        24.115237137226995       -31.944812198886183        42.456830855932466        90.935471380084635       -842.40380257762695     
  0.60574736957066477        31.790073857736143       -30.398657825848073        41.205718014083111        87.105951750600838       -588.76570361297399     
  0.60574736957267716        41.907479082305784       -28.758940607464286        39.551584146075243        82.653724808018850       -410.08389311892665     
  0.60574736958079134        55.244816696901303       -27.110254756074649        37.590178361485506        77.844911900898722       -286.14111266521763     
  0.60574736958296738        72.826851881265270       -25.528067285644873        35.482585009013683        72.992709267246852       -200.68775980436396     
  0.60574736958334308        96.004488240386848       -24.065054358379754        33.384205809009956        68.359118755249497       -141.71172784939839     
  0.60574736959536024        126.55856355706004       -22.749861282283131        31.409961496383129        64.117752192690034       -100.79419027064152     
  0.60574736960284470        166.83667923317512       -21.591979903531406        29.628937421702304        60.358308863808702       -72.195892929902612     
  0.60574736960455777        219.93357663812887       -20.587980295227677        28.073150892714423        57.107888791994981       -52.045025885346142     
  0.60574736962295295        289.92891944682987       -19.726786606925312        26.749778787232234        54.353891555263772       -37.729948043996117     
  0.60574736965454434        382.20075178309406       -18.993282716889972        25.651958461028915        52.062224813556760       -27.479275059077253     
  0.60574736965164522        503.83871651697700       -18.370267307468669        24.766739949252063        50.189469305602316       -20.081610543531024     
  0.60574736963680120        664.18878317784015       -17.839028540879003        24.080319807943056        48.689681192207658       -14.700970669456794     
  0.60574736963787723        875.57133909932350       -17.378780390634244        23.581231266913012        47.517001921317117       -10.755270091795065     
  0.60574736965518139        1154.2278178875126       -16.965110111541716        23.262284985265310        46.625211504875331       -7.8358333511315035     
  0.60574736965545151        1521.5685987601494       -16.566645694886603        23.130387117479401        45.971855693597412       -5.6493391045464341     
  0.60574736968862897        2005.8180586012579       -16.124600220356839        23.336666287600551        45.608826577871447       -3.9334532849064670     
  0.60574736974974919        2644.1831723360378       -15.426399950401779        24.636465756548386        45.891621012853996       -2.3144214283612414     
  0.60574736969882137        3485.7122846163802       -13.790174134569478        28.758256768766095        47.220360481246004      -0.31401602517483296     
  0.60574736972068244        4595.0637080302258       -5.5794059155354008        99.511159252319530        102.17876005568279        12.063092567397334     
  0.60574736975475774        6057.4736975475907        194.39330680683310        744.38968515124793        347.47327539577140        129.94295997023170     
  0.60574736976818777        7985.3055205973487        9263.0346463917085        72954.086989182717        54381.099407135662        7516.9673975522155     
  0.60574736976818055        10526.682811959012        72687.705322951093        416276.47557726409        270797.59193549218        35743.414743926667     
  0.60574736976789667        13876.870551504377        41385.211117010644        168889.85792763735        85524.187878831028        12485.351204851071     
  0.60574736976705124        18293.278114570083        33491.241139889113        100670.76995027543        18137.521009967342        6925.7219369787526     
  0.60574736976687182        24115.237144811323        37514.649443659771        38422.584893414867       -66728.987880633067        4307.3870548665509     
  0.60574736976687504        31790.073868033469        54974.604057300538        63913.727911612667       -98663.671090135118        5080.1408117425972     
  0.60574736976687038        41907.479095740760        96517.817734973578        79347.221918793206       -209876.33657620248        6340.5611029605279     
  0.60574736976686983        55244.816713871987        131493.16583557747       -52216.351561315460       -446793.38306532893        4800.3575603269146     
  0.60574736976687271        72826.851903375733        131663.01134403626       -183573.10341714093       -578708.67510252772        2554.4996504804276     
  0.60574736976687327        96004.488269474678        132962.31285285304       -53207.820390540131       -452268.06702704896        2791.0337222364083     
  0.60574736976687371        126558.56359289464        146967.05460773470       -105639.45600852158       -546741.36771909660        2116.1293332085784     
  0.60574736976687371        166836.67927835297        135541.28431211493       -210557.52281695540       -617409.14902198059        1069.8375005192290     
  0.60574736976687527        219933.57669706352        83210.249984023991       -259106.94868521165       -508990.30412706407        140.88590204752677     
  0.60574736976687527        289928.91951571644        75959.828244897159       -91079.333119296367       -319231.88996620412        401.53077508434922     
  0.60574736976687538        382200.75185397157        57676.017118203104       -266886.54386468302       -440201.19682333502       -81.991571128244885     
  0.60574736976687549        503838.71661282342        45565.045893075083       -13910.483387716064       -150895.84634259029        187.70034580623800     
  0.60574736976687538        664188.78332046652        43047.042242862757       -911.75117170553131       -130333.46002969536        145.67602094614759     
  0.60574736976687560        875571.33928578685        36274.191089073640       -93209.264590197301       -202285.75903945210        29.177366484909179     
  0.60574736976687560        1154227.8181003470        24200.104910696627       -61966.317476955577       -134772.72718443762        14.897827039855876     
  0.60574736976687560        1521568.5990400419        14136.841065173227       -143276.50190409715       -185819.56324362638       -36.022384786786958     
  0.60574736976687560        2005818.0588603676        9675.9804103905280       -38424.140363577550       -67480.307625419882      -0.70881728093905494     
  0.60574736976687560        2644183.1724108122        7891.1145548610530       -87199.964895908211       -110760.91823289070       -13.264323489548596     
  0.60574736976687549        3485712.2850080114        7588.2229710373340       -57331.550125752045       -79800.744213741345       -5.0965083273599445     
  0.60574736976687527        4595063.7083806619        7931.3111947891830       -1515.4569654122442       -24781.467388825047        3.6325673292864105     
  0.60574736976687527        6057473.6976688020        8199.9333855471341       -8455.9651523673256       -32238.259562378989        2.1353061662008681     
  0.76259075691624967        7.9853055204674908       -50.172686483938605        62.396657289065772        137.56420784935747       -5355.1069453027376     
  0.76259075691684342        10.526682811796144       -48.812306307164619        60.914112672582505        134.30933623590877       -3954.4528539230132     
  0.76259075691684175        13.876870551296149       -47.441203060310293        59.675822137867790        131.22422786564636       -2900.2445626753924     
  0.76259075691348222        18.293278114240529       -45.962850465753789        58.701330518996400        128.13722290452762       -2099.0390893738304     
  0.76259075690924127        24.115237144249914       -44.270245138912124        57.784687514099289        124.63016022803720       -1493.3150729261849     
  0.76259075691441947        31.790073867509090       -42.310372741824416        56.576118949699676        120.24897434079250       -1045.6214895717603     
  0.76259075692298439        41.907479095520486       -40.118024141781234        54.814125430865296        114.80340959562241       -724.44899400953864     
  0.76259075692611245        55.244816713808262       -37.795327720496495        52.465577303826464        108.46615565280192       -499.87942319178347     
  0.76259075692183831        72.826851902883206       -35.464981756222421        49.690016666625624        101.64362241915421       -345.35464993247763     
  0.76259075692642853        96.004488269403168       -33.232314210811857        46.722980387906304        94.783454890565338       -239.71317250396453     
  0.76259075693473333        126.55856359417851       -31.168873891738794        43.781106897779893        88.246937206284287       -167.45350080760647     
  0.76259075694395217        166.83667928206225       -29.312491829951973        41.020284769538087        82.267380313550404       -117.79250876875400     
  0.76259075694766254        219.93357670302279       -27.674771446218788        38.532351082770930        76.961900594584648       -83.426009383840551     
  0.76259075696429302        289.92891952989493       -26.249828449964316        36.358781503965609        72.362694384878424       -59.457116245035550     
  0.76259075697863821        382.20075187985191       -25.021473969158443        34.507765606078884        68.448640917521487       -42.605048256590898     
  0.76259075699120149        503.83871665524066       -23.968049070987380        32.968843731716383        65.169885825052987       -30.661350352549412     
  0.76259075701585199        664.18878339785294       -23.065002862575657        31.723562129155624        62.464082961803513       -22.128281545659426     
  0.76259075701170809        875.57133938304378       -22.285597740277321        30.752519871149147        60.265441342633750       -15.981434066735279     
  0.76259075702242418        1154.2278182447758       -21.600048636754696        30.039637779548364        58.508033923006181       -11.514166474040097     
  0.76259075703204626        1521.5685992496340       -20.973275412806053        29.575126453189867        57.125267665594066       -8.2349012598689697     
  0.76259075707171486        2005.8180592410026       -20.359276527556947        29.378322936172339        56.062827569841232       -5.7891655700472029     
  0.76259075710367275        2644.1831730233953       -19.660299343115810        29.750224900886074        55.451473903042867       -3.8250248796375006     
  0.76259075714327784        3485.7122859965834       -18.505044177915092        31.943550128189667        55.836398435057504       -1.8095062425970316     
  0.76259075717674862        4595.0637098855359       -15.726002009633675        39.669488303802893        58.643179706742579        1.1125191297158583     
  0.76259075723367431        6057.4737001047879        4.0671662574925698        237.31086167222341        217.53381871345482        32.649961856948963     
  0.76259075730221881        7985.3055245091000        525.03180586048529        5346.7508062627412        4284.4485839834115        652.92965162650296     
  0.76259075728099435        10526.682816822848        28625.628851779078        214025.07431772925        156680.72377889146        21353.111250513641     
  0.76259075728192460        13876.870557939592        111905.89425917767        605236.72078525787        381273.34887618228        50592.955761024219     
  0.76259075728201642        18293.278123081083        58943.500753845925        238752.59149592640        118658.18002490813        16958.930314974968     
  0.76259075728199399        24115.237156037438        61035.375516532535        133593.00797455397       -25179.287976901272        10716.713425375390     
  0.76259075728190595        31790.073882828543        74735.312601252124        83888.633916345556       -130944.62814746455        8487.6938865914180     
  0.76259075728189196        41907.479115244008        118444.82829820071        164185.91002783671       -188740.16706870668        10978.379071701875     
  0.76259075728188486        55244.816739581802        208621.03689285621        92387.186659558414       -533247.93543418555        12002.074941034818     
  0.76259075728188686        72826.851937267726        267956.64016509365       -188175.61553583780       -992077.35499801766        8484.0770826292246     
  0.76259075728188686        96004.488314152943        258492.72610629996       -292678.44654793071       -1068221.7213822021        5325.8852503233211     
  0.76259075728188697        126558.56365179201        270460.82293466630       -167909.91640073096       -979389.29238276440        5060.7663241066930     
  0.76259075728188719        166836.67935599486        297656.94178843114       -281710.64226243604       -1174812.3254883636        3782.1181438066496     
  0.76259075728188708        219933.57679941482        249265.75738050396       -611107.58340573311       -1359069.9612385784        1101.8344929026596     
  0.76259075728188697        289928.91965064174        160779.41860783743       -478079.52398999583       -960614.95117339119        318.63525060876350     
  0.76259075728188708        382200.75203183776        149150.31893412999       -440222.81273456081       -887897.66392130940        230.84048046729254     
  0.76259075728188708        503838.71684729663        107521.09540092005       -100451.89566845866       -423256.57289384550        454.63796718639264     
  0.76259075728188719        664188.78362956259        90457.528891947790       -57258.652171072943       -328876.26799685182        321.47883633467194     
  0.76259075728188752        875571.33969325479        84274.585157194000       -129110.17012097093       -382163.34189349628        161.21000839632561     
  0.76259075728188752        1154227.8186374945        69261.173145818961       -136523.11071344462       -344495.02700904035        80.410174724154700     
  0.76259075728188752        1521568.5997481402        43941.985464798767       -204477.35903179861       -336418.36284743377       -20.373761969868575     
  0.76259075728188774        2005818.0597938236        26255.427701374792       -85983.268248046370       -164751.21253827302        4.5023442998005976     
  0.76259075728188730        2644183.1736413455        18353.491596549720       -26988.035019384813       -81888.218729842803        11.896318308837602     
  0.76259075728188730        3485712.2866301704        15424.820789608162       -101953.70132866674       -147847.93095985655       -9.8073890790237428     
  0.76259075728188730        4595063.7105190856        15046.646553473929       -40105.371224985080       -84576.716885034373        2.5472794222133448     
  0.76259075728188730        6057473.7004877934        15736.032699581141       -16335.091972056634       -62506.219263130981        5.2060341446897480     
  0.96004488313839864        7.9853055242701831       -68.572406546650114        84.706940759213424        186.24785327591724       -9152.5608242873550     
  0.96004488313886827        10.526682816806023       -66.739411695880051        82.627583366791740        181.86525794792112       -6774.5330671946067     
  0.96004488313762049        13.876870557882448       -64.946839664237757        80.759927626734537        177.70120648438734       -4999.8492177751868     
  0.96004488313738057        18.293278122998977       -63.109620553082785        79.262981601514227        173.74698721585642       -3657.7404106363147     
  0.96004488313703495        24.115237155921228       -61.077325837325226        78.121631308453459        169.68899700487162       -2633.7075539542725     
  0.96004488312439484        31.790073882260462       -58.698184519375054        76.983692524993160        164.87381819167891       -1859.4846325613496     
  0.96004488310754821        41.907479113760530       -55.912090081081239        75.333874365074934        158.66817590978195       -1289.7018970282520     
  0.96004488311473135        55.244816738040051       -52.787419287911163        72.833702834911691        150.87245693107707       -883.86956590165914     
  0.96004488312012626        72.826851935644356       -49.481273565192765        69.484044754788968        141.80366368261426       -602.55367330918671     
  0.96004488312698377        96.004488312698655       -46.170793447720030        65.541864362131960        132.07481223458387       -410.82179195313984     
  0.96004488313419911        126.55856365082600       -43.002799310379224        61.349136535970580        122.32324475679502       -281.09876030976864     
  0.96004488313781355        166.83667935534945       -40.074566710730927        57.206899151642617        113.04640841274585       -193.37447708194375     
  0.96004488313641712        219.93357679824408       -37.436167091327697        53.326867131938826        104.55831378170924       -133.83261646257318     
  0.96004488314121872        289.92891965054838       -35.101694121818852        49.831534115546930        97.012215380024628       -93.178738550227877     
  0.96004488314719050        382.20075203409198       -33.061456853887655        46.774933171146891        90.445888500062026       -65.225854824366962     
  0.96004488315683389        503.83871685532910       -31.291760181296542        44.166310292662388        84.825081504102357       -45.862288850367669     
  0.96004488315562964        664.18878363931799       -29.761406164192184        41.989945585894304        80.076733696580035       -32.345939387185993     
  0.96004488314748992        875.57133969869096       -28.435114270079463        40.219441263805791        76.110716059570379       -22.836619229729052     
  0.96004488318652903        1154.2278186915958       -27.274390574922208        38.827361754762904        72.832035968711111       -16.089966207078337     
  0.96004488322094383        1521.5685998740028       -26.236238424941536        37.790825917782293        70.144906061183804       -11.258179826336622     
  0.96004488324548665        2005.8180600110184       -25.269877121996672        37.096579590766666        67.952635853683006       -7.7584794184185535     
  0.96004488327838389        2644.1831740182720       -24.306643987407863        36.793056518578766        66.191391616317617       -5.1649793798379493     
  0.96004488335382010        3485.7122874009478       -23.179268836601178        37.461988162562527        65.143065355820013       -2.9935410809962923     
  0.96004488341384464        4595.0637118224631       -21.243432694590417        41.123987015301765        65.588145409956297      -0.49058666213594293     
  0.96004488342563488        6057.4737022803693       -16.384688724253238        57.557191155124791        73.144708316553817        4.2806944470892923     
  0.96004488354920747        7985.3055276871546        34.315697090757716        603.27474800662401        518.54423045000715        85.911216939651027     
  0.96004488354882045        10526.682821301074        1420.8972548197755        13611.897784054448        10749.053344370224        1608.2431776193284     
  0.96004488355300488        13876.870563886594        77716.578084670793        551540.89143784542        395959.74505805329        53314.001137952255     
  0.96004488355014017        18293.278130863971        164656.25607949233        840315.50886343350        510734.37513710355        68457.780854641256     
  0.96004488355013939        24115.237166297971        87447.584437718731        386969.16951963538        203264.72166313918        25531.985650967723     
  0.96004488355054141        31790.073896371534        115069.78210885641        180907.09378059546       -131754.27360527322        17517.760786968331     
  0.96004488355062600        41907.479133101609        153624.18279196040        185920.84488610862       -263780.08077120990        17139.189512344907     
  0.96004488355059570        55244.816763121489        258313.18629643906        383513.11482701101       -389285.30099134403        23356.168492262870     
  0.96004488355059248        72826.851968298637        445555.93813943624        167628.15852934908       -1168761.2489100210        24090.557257667708     
  0.96004488355058859        96004.488355059249        541527.07414037327       -437759.94498428050       -2062164.6780802174        15797.354722364464     
  0.96004488355058937        126558.56370571710        510636.91080496582       -488638.55260605074       -2020399.0897292795        10724.680502680252     
  0.96004488355058892        166836.67942708186        549437.26319966873       -392199.94769661280       -2040392.4702502429        9522.4937033689439     
  0.96004488355058881        219933.57689312581        600666.13438388868       -473065.38099724549       -2274978.9403552506        7703.8817646514699     
  0.96004488355058892        289928.91977417690        451096.63800796383       -1867392.7996146432       -3220633.4380157329       -618.26559408054345     
  0.96004488355058892        382200.75219468877        314484.48405208276       -29572.827301295416       -973010.41125435592        2868.9232310365046     
  0.96004488355058837        503838.71706197580        289880.06049416593       -1354319.7047178939       -2223970.8636287428       -522.58458788169355     
  0.96004488355058926        664188.78391256533        202218.10540232807       -1521395.0591595578       -2128075.0162988678       -1110.0034590163900     
  0.96004488355058926        875571.34006632480        179732.41930276976       -301960.09541838465       -841178.53532337514        403.19427796956131     
  0.96004488355058992        1154227.8191292973        164220.87335151495       -565224.50595525408       -1057876.3943190132        38.785349406676403     
  0.96004488355058992        1521568.6003964625        131165.93934455895        391563.31806169159       -1854.6285525953572        555.36681681945231     
  0.96004488355059014        2005818.0606484783        79073.655609709385       -62512.724234037465       -299536.21256382548        111.00650601212965     
  0.96004488355059070        2644183.1747680032        48812.730028247839       -335639.23039142310       -481701.13012469292       -55.954533724162474     
  0.96004488355059059        3485712.2881153943        35015.954980232338        46460.985978709614       -57956.297983157703        48.571562341419238     
  0.96004488355059014        4595063.7124769902        30206.180739082076       -150495.03592243497       -240137.34243221473       -8.1144016332260165     
  0.96004488355059003        6057473.7030688133        29819.208203168077       -65542.584477096825       -153569.33023477969        7.0146704452131008     
   1.2086249003728295        7.9853055277516249       -93.572374498606948        114.76398893282351        251.55354361704997       -15604.554274456750     
   1.2086249003767913        10.526682821424815       -91.092460188854361        111.95783073250317        245.73645985444745       -11560.612144603407     
   1.2086249003746397        13.876870563964530       -88.695634737923967        109.30013471507000        240.13142053985626       -8559.0964957958186     
   1.2086249003766689        18.293278131052013       -86.331661555005653        106.98014103206900        234.83030343806229       -6310.8702728219296     
   1.2086249003694940        24.115237166402721       -83.857465537672510        105.21953933170703        229.77170017028985       -4601.3328541937663     
   1.2086249003615015        31.790073896286088       -81.041017532344995        103.92455857065087        224.40079260738474       -3291.8212874990854     
   1.2086249003366543        41.907479132123733       -77.670123930609464        102.51050888094639        217.71145062947056       -2302.4272483113455     
   1.2086249003146197        55.244816760826957       -73.683344857410006        100.22926080776955        208.83549988106620       -1578.1641899826236     
   1.2086249003054987        72.826851964724511       -69.204751704243435        96.653900269410300        197.59679602945289       -1066.6117547465651     
   1.2086249002967344        96.004488349651837       -64.473383465449857        91.852985357228434        184.54429207762519       -715.59451180113160     
   1.2086249003093186        126.55856369990636       -59.744044708149907        86.230672788984890        170.59378429934236       -479.09582884342433     
   1.2086249002901768        166.83667941677956       -55.221292313233796        80.279615343156408        156.64898023050395       -321.16063851076905     
   1.2086249002794187        219.93357687758700       -51.037599993777384        74.418282665283527        143.39541989554800       -215.93337110289738     
   1.2086249002698444        289.92891975139599       -47.259424964433428        68.934478314595353        131.25635316045702       -145.70389407641380     
   1.2086249002706988        382.20075216492768       -43.903732534439108        63.992308167101932        120.43291152224879       -98.645853894738238     
   1.2086249002807403        503.83871702692926       -40.954944647239024        59.662651637630759        110.96863212257082       -66.951421360178159     
   1.2086249002990952        664.18878387645088       -38.378272704303022        55.955803732950514        102.80906055160531       -45.482208979757218     
   1.2086249003326954        875.57134004305783       -36.128494552536168        52.848330729063214        95.846722367416191       -30.850779330975676     
   1.2086249003561589        1154.2278191210316       -34.154529652702330        50.302220209185272        89.950292941953876       -20.814179930522759     
   1.2086249003922560        1521.5686004310094       -32.400505355382336        48.278481337445101        84.981483773804626       -13.877826037252902     
   1.2086249004131586        2005.8180607287090       -30.803876424790719        46.743946243520952        80.799538984031571       -9.0405394084548423     
   1.2086249003805585        2644.1831748024442       -29.290535468291626        45.681232968842124        77.263327518093661       -5.6246803981042390     
   1.2086249004061924        3485.7122882347253       -27.755660071038193        45.204132348832694        74.311060515695885       -3.1201796409307159     
   1.2086249004051386        4595.0637126302927       -25.906738959438929        46.403515655143352        72.496080099408474      -0.84470459257608610     
   1.2086249004657938        6057.4737035749013       -22.635487553613235        52.478145728619609        72.867552497694177        2.2579213555847257     
   1.2086249004149634        7985.3055280300168       -13.716691241880730        92.584669810560655        96.227259492317202        11.436203140774682     
   1.2086249004372871        10526.682821951730        120.34453746117050        1570.3490257687008        1307.1810071384671        221.57224364058908     
   1.2086249004004961        13876.870564261426        4049.1162048602464        36751.067999085419        28610.984806469227        4197.7340238586785     
   1.2086249003984215        18293.278131381270        180351.17373683272        1214010.6120827685        853105.84554087278        113790.40389717475     
   1.2086249003971905        24115.237166955365        235789.37645583219        1135568.0265236937        663341.36632181669        90235.377871495060     
   1.2086249003953733        31790.073897177037        142574.15192593969        765288.56160167663        445699.71920235059        45556.113237191719     
   1.2086249003957308        41907.479134172179        224001.93972640522        312978.99440585484       -316653.45288147102        31986.165632689525     
   1.2086249003957250        55244.816764534255        324097.08596431569        303439.79791508289       -656748.74013160705        32816.083216816864     
   1.2086249003957408        72826.851970162199        569263.92969335592        795471.27352253045       -910582.56129973778        48375.160012211105     
   1.2086249003957468        96004.488357516777        939573.91804107686       -166476.00281498663       -2984559.4806583785        41968.392329174909     
   1.2086249003957457        126558.56370895656        1085659.0185868579       -1443898.6006438779       -4700252.6402823618        24835.081302177168     
   1.2086249003957450        166836.67943135224        1017102.2755989272       -522910.87698949117       -3573603.0945338625        23660.908523973339     
   1.2086249003957446        219933.57689875521        1113977.1268824076       -779409.54751299438       -4120740.8207349358        18522.668226574697     
   1.2086249003957450        289928.91978159797        1199313.5755863534       -339466.22697169799       -3936825.6491385056        17210.385229435262     
   1.2086249003957494        382200.75220447307        812684.50898737542       -5543671.9549127379       -7981164.3833551323       -7957.0195070309501     
   1.2086249003957528        503838.71707487572        619731.42632356647       -497434.58171026752       -2356085.0940763140        4344.5402966689626     
   1.2086249003957528        664188.78392957011        555754.11171041708       -1035619.2889074602       -2702346.3898726865        1882.5863729166258     
   1.2086249003957528        875571.34008874162        385612.39713072963        676971.31237687194       -479322.52868877584        2917.0509973125409     
   1.2086249003957530        1154227.8191588477        356253.17815058556       -659131.71734581061       -1727313.1164191894        699.16099962661042     
   1.2086249003957530        1521568.6004354174        318603.81320393301       -367878.69208513695       -1323038.1309084927        650.23955423294819     
   1.2086249003957514        2005818.0606998280        245310.09677287500       -1075384.6055873425       -1810534.9697642794       -97.675757895180254     
   1.2086249003957519        2644183.1748356940        143589.89224113463        2597943.6309804269        2168153.5460176072        1431.6229929120723     
   1.2086249003957519        3485712.2882046294        90950.139756127552       -193865.49276068181       -465444.43180096714        49.877051993847118     
   1.2086249003957519        4595063.7125946265        66957.943298326951       -278505.65581000154       -477700.52209997526       -8.0368003821457634     
   1.2086249003957519        6057473.7032238888        59296.065584522337       -328359.91922959342       -504019.71174144477       -21.839276865604852     
   1.5215686004358731        7.9853055279055187       -127.46526609530007        155.11402270197624        338.85318106655421       -26543.168890169625     
   1.5215686004430518        10.526682821642845       -124.11935455208945        151.39799689322916        331.21897059589219       -19673.953254030246     
   1.5215686004457145        13.876870564300942       -120.89012127023250        147.79550036609018        323.79044028509952       -14583.966192706877     
   1.5215686004455442        18.293278131462728       -117.75976014449620        144.42540595944834        316.65477208848034       -10798.423777036956     
   1.5215686004515951        24.115237167183206       -114.63624179991139        141.59794930555148        309.94197435420142       -7950.0150110681516     
   1.5215686004567219        31.790073897632308       -111.28154363365506        139.60773471752222        303.47441759959008       -5770.6782923196079     
   1.5215686004515521        41.907479134617546       -107.34142540701417        138.20302781990964        296.29569189619735       -4094.9669144065674     
   1.5215686004563058        55.244816765294225       -102.52395392826315        136.43613468615447        286.87797961104928       -2830.8646246758121     
   1.5215686004551281        72.826851971106734       -96.778996484744241        133.23623346114152        274.05376733002595       -1911.5508318256248     
   1.5215686004378777        96.004488357673011       -90.320902793171882        128.08222858994321        257.73386383961417       -1268.5947207244853     
   1.5215686004308990        126.55856370858216       -83.510186729403884        121.16519928744671        238.83302423856020       -832.69418374808515     
   1.5215686004097484        166.83667942853961       -76.712361438096821        113.10897388971291        218.70824870008019       -543.13113599392170     
   1.5215686004122726        219.93357689541233       -70.212492834981248        104.62034368956115        198.63843903061519       -352.96524417179990     
   1.5215686004188094        289.92891977843658       -64.191409822524008        96.280289187879134        179.56846700812315       -228.75590590155645     
   1.5215686004260236        382.20075220211618       -58.737601802385790        88.481276844899128        162.07058156839923       -147.78191780668709     
   1.5215686004335043        503.83871707424424       -53.871213915142675        81.444343163861703        146.40966138379406       -94.994832413389730     
   1.5215686004379563        664.18878393068087       -49.567554582683528        75.263202706343492        132.63451683564926       -60.554849348082207     
   1.5215686004255486        875.57134008306571       -45.775313082661597        69.949082840313537        120.65956172381942       -38.062790830367696     
   1.5215686004419637        1154.2278191638172       -42.428465598059937        65.467169954555288        110.32587543471891       -23.360653269669953     
   1.5215686004472546        1521.5686004472589       -39.452466839079968        61.762418162473395        101.44062794921871       -13.742510808815659     
   1.5215686004339357        2005.8180606978826       -36.765504245308044        58.778639289407295        93.800280632059582       -7.4403330161883083     
   1.5215686004145603        2644.1831747994579       -34.275898426793965        56.467315406804076        87.196198953973550       -3.2969807115699830     
   1.5215686004777618        3485.7122883016455       -31.874508560126554        54.807420898784862        81.421913799837469      -0.54546042197692834     
   1.5215686005029858        4595.0637127986929       -29.396919089406385        54.054138720744902        76.449874145031970        1.4265069369549357     
   1.5215686005852673        6057.4737038204676       -26.324638115672318        56.191800682342297        73.292217909643441        3.5993732469545376     
   1.5215686006866527        7985.3055292216486       -20.766753052210760        66.319527285429828        73.358549185180891        7.4612069317088441     
   1.5215686007244578        10526.682823589721       -2.1189417384754829        173.87775749091355        147.01221690804616        28.355106976326869     
   1.5215686008128417        13876.870567649208        357.02676874343803        4087.9610557604301        3346.0857423903035        561.29501300235461     
   1.5215686008436768        18293.278136249362        12733.786720691947        109875.52681949180        84308.885844582313        12130.418050883216     
   1.5215686008405997        24115.237173348538        381522.25463735469        2437458.3663385897        1674149.3001830201        221626.24785517238     
   1.5215686008390144        31790.073905619553        332831.84911954391        1518214.8211942301        850457.04943225544        117637.00729643437     
   1.5215686008382816        41907.479145269011        268371.73010867019        1593860.1294363409        935220.52711291914        89342.096659145260     
   1.5215686008378546        55244.816779147477        449431.75216528459        528136.08010671823       -767484.22412769310        59348.002243958617     
   1.5215686008378353        72826.851989424322        695713.77203369909        861111.37255294970       -1214619.6365600321        71931.917794355788     
   1.5215686008378417        96004.488382909127        1256077.8108096211        1497689.0283456510       -2268765.2898017853        97883.741144724496     
   1.5215686008378395        126558.56374243009        1961224.9173888853       -695141.70186356874       -6577376.1061071204        79479.360361662795     
   1.5215686008378384        166836.67947547900        2153558.9176517446       -2539483.6587378741       -8998674.7802413516        50005.849036880696     
   1.5215686008378264        219933.57695692393        2043619.5683918984       -2625761.8461120999       -8755095.0018000491        34502.294637366751     
   1.5215686008378262        289928.91985827917        2256802.9704183317       -1536033.0290567055       -8304881.5856367797        36059.983803922296     
   1.5215686008378260        382200.75230555702        2356792.2146547069       -4644657.3251512432       -11713441.737576988        16461.656837412243     
   1.5215686008378264        503838.71720812900        1484295.2732473421       -5410905.2743686251       -9862166.2884794697        356.05073994499071     
   1.5215686008378266        664188.78410523233        1226496.4101276749       -1524712.1711568458       -5202537.8169204146        6972.3337281346830     
   1.5215686008378269        875571.34032030951        1050369.1363016507       -2354012.7881248500       -5503403.7678989209        2707.4229715716929     
   1.5215686008378269        1154227.8194641136        745077.00684019260        52371.468038645340       -2181065.5046049096        3726.4433169491167     
   1.5215686008378269        1521568.6008378363        704021.82050456200       -876356.36949125526       -2986511.3160656653        1744.9966663107173     
   1.5215686008378269        2005818.0612303221        618200.32474779396       -733291.67727469548       -2585808.8938106191        1189.5594770301536     
   1.5215686008378269        2644183.1755350204        453417.64178210573       -1261827.4615773631       -2619744.3741346402        244.80485441131503     
   1.5215686008378269        3485712.2891265214        262449.08941448334       -3224755.6151428930       -4009408.6631753058       -981.87874019286983     
   1.5215686008378269        4595063.7138099167        169822.14268410538       -755140.72844966454       -1261416.8088272235       -41.492543830624214     
   1.5215686008378295        6057473.7048259648        128411.34076732566       -618794.79094455088       -1000167.1524998900       -36.136121888205921     
   1.9155413773889969        7.9853055300406846       -173.30188701218313        209.10508758387951        455.14813648674658       -45039.700849122339     
   1.9155413773892391        10.526682824409209       -168.80946251098217        204.22927234970774        445.21454431860445       -33399.611089652957     
   1.9155413773948413        13.876870567964017       -164.46561672971478        199.46637100068122        435.49833356493332       -24772.775298015273     
   1.9155413773971472        18.293278136315667       -160.26933322161969        194.86159862030894        426.04747634148680       -18373.768879337338     
   1.9155413774071026        24.115237173610058       -156.18376846517432        190.63290882481698        417.01091529959263       -13602.293278923340     
   1.9155413774035974        31.790073905939263       -152.04260244507054        187.27866331380596        408.55901387582713       -9991.8824489279341     
   1.9155413773975170        41.907479145577625       -147.45402373824174        185.16436682661535        400.27837217157821       -7210.4210082262398     
   1.9155413774044538        55.244816779769870       -141.88277537431568        183.74262831843049        390.55587812665260       -5064.2677104580189     
   1.9155413773839272        72.826851989465311       -134.93464704781806        181.50810862751987        377.10251689282086       -3449.5384553264939     
   1.9155413773797547        96.004488382753649       -126.59536060444616        176.94982540900318        358.38321895400276       -2284.5712752986228     
   1.9155413773703831        126.55856374160615       -117.22311278928446        169.45957369981156        334.50996853652043       -1479.2315771518593     
   1.9155413773565539        166.83667947318844       -107.35776108202616        159.43815368102821        306.96607226084768       -941.10289790448178     
   1.9155413773537577        219.93357695358503       -97.522634343300851        147.83483554265331        277.74937455651900       -589.91178689246669     
   1.9155413773265650        289.92891984976183       -88.115363927698823        135.65994775006146        248.66708842067828       -364.28079272811561     
   1.9155413773323171        382.20075229547660       -79.383501598422811        123.72055403808086        221.02337107262537       -220.89514036642495     
   1.9155413773304453        503.83871719434791       -71.445274014658224        112.55380762699542        195.59461983348154       -130.57273612696457     
   1.9155413773078245        664.18878407922159       -64.324078155872570        102.45926449593748        172.73096517658871       -74.163405030749985     
   1.9155413773283012        875.57134029537997       -57.981060981367968        93.561891249271198        152.48462937165814       -39.287010829930054     
   1.9155413773304391        1154.2278194325377       -52.340096060893295        85.873503828508845        134.72186953040023       -18.008606738223307     
   1.9155413773496150        1521.5686008114428       -47.304024806151752        79.342345172533754        119.20619124213661       -5.2658556960844507     
   1.9155413773920384        2005.8180612399510       -42.763120278111799        73.888490217110913        105.65242599447789        2.1620879365531920     
   1.9155413774274372        2644.1831755965777       -38.596611188884758        69.428785273860939        93.756931117759109        6.3222291604221041     
   1.9155413774447918        3485.7122892392476       -34.668966532495922        65.892669358700829        83.208713427310073        8.5123766567134886     
   1.9155413775080519        4595.0637141102688       -30.817807188382584        63.259778491426374        73.706464774324104        9.5671071432989496     
   1.9155413775228969        6057.4737052688379       -26.777339775533683        62.080443144686356        65.331020202202865        10.229829240338244     
   1.9155413775817676        7985.3055308443063       -21.623366725732357        65.855306849875674        59.822757047147434        11.925376159850702     
   1.9155413776090249        10526.682825617043       -11.137578261759087        82.266120299573231        58.553911540482005        16.863887491150443     
   1.9155413776618160        13876.870569898107        28.287296221606983        391.01521105250458        292.18883114184848        70.275119713600958     
   1.9155413777458314        18293.278139645612        985.77764927025839        10551.731669764207        8542.0230773057810        1399.3378661139520     
   1.9155413777015957        24115.237177317544        43251.243766217507        355323.11443617975        268604.13362391386        37918.771557717599     
   1.9155413777001697        31790.073910861171        698080.35092131526        4223247.2876746608        2826712.8708135933        372999.34058879770     
   1.9155413776991221        41907.479152176056        468210.10052260192        2054022.6954037845        1109725.9412677079        154506.81064883445     
   1.9155413776981269        55244.816788239550        564373.15642235079        2860261.2934556864        1361245.0786751490        165971.56239572371     
   1.9155413776977850        72826.852001397943        926401.50055997306        802537.02299536718       -1915939.8858755394        110445.05510933099     
   1.9155413776977850        96004.488398693007        1511790.2920012802        1802334.1336223867       -2723825.7722153608        148181.91925136693     
   1.9155413776977945        126558.56376323814        2765760.0625377004        3124881.5592764062       -5169561.4968710132        203228.09723424385     
   1.9155413776977954        166836.67950290954        4049160.6992878518       -1274538.0906634801       -13419099.179411570        158553.43079148204     
   1.9155413776977954        219933.57699308611        4236110.3831156613       -6158744.5961783295       -18864007.055950481        83800.935677393514     
   1.9155413776977952        289928.91990595026        4133727.7022415232       -2779106.5320924697       -15177074.035868190        83377.369149420643     
   1.9155413776977956        382200.75236839987        4571859.3555668816       -3143377.8868127875       -16855592.495679524        69603.321231675844     
   1.9155413776977954        503838.71729097178        4542092.7174677830        4409455.9843194447       -9213306.9155270997        81092.413311036740     
   1.9155413776977959        664188.78421444038        2757229.8892268674       -912974.44366427837       -9180988.2548942622        26985.152782248548     
   1.9155413776977959        875571.34046427382        2428471.1013983227       -3059570.4947072519       -10341131.175962802        13093.928255599107     
   1.9155413776977959        1154227.8196538952        1956830.7163039178       -3542141.2175824661       -9408577.2644481957        6215.2472558548234     
   1.9155413776977965        1521568.6010880177        1455119.2627721487       -4661321.2536225887       -9022378.1686795410        952.18338587023936     
   1.9155413776977965        2005818.0615601258        1384897.7755944147       -1196991.5248016990       -5347078.3975470699        3780.5889013733795     
   1.9155413776977965        2644183.1759697865        1193765.2289147852       -3524547.5675866897       -7100845.0177002912        665.55150629129321     
   1.9155413776977965        3485712.2896996541        832617.09486551629       -2780063.4911256107       -5272406.3449950106        174.28622826677929     
   1.9155413776977965        4595063.7145654541        480065.62892113702       -6705892.4507584861       -8139912.3526049787       -2052.1838371679655     
   1.9155413776977972        6057473.7058219472        317566.02717466478       -3646936.8062735666       -4592582.4820921952       -781.12597061544250     
   2.4115237177157667        7.9853055312909005       -235.12850323881054        281.11085875016988        609.51518289342448       -76227.438484015962     
   2.4115237177143372        10.526682826049743       -229.12911834207193        274.75816614696492        596.69290226666476       -56558.700184063280     
   2.4115237177139228        13.876870570083694       -223.31379198813107        268.53131901732473        584.10440637674492       -41971.170830863550     
   2.4115237177089304        18.293278139050056       -217.68753562573548        262.44558864831981        571.78047384531442       -31151.751003056233     
   2.4115237177147884        24.115237177147936       -212.24533531125783        256.59130005383753        559.80685982997204       -23116.214420805380     
   2.4115237177191133        31.790073910718270       -206.91281970388192        251.36155784663583        548.43333801699214       -17104.180363835705     
   2.4115237177213031        41.907479152048666       -201.39327973213921        247.53972873893974        537.85537942316455       -12523.906154899509     
   2.4115237177353843        55.244816788422888       -195.04835989895744        245.53029211972611        527.20656646683585       -8968.4425442812299     
   2.4115237177415842        72.826852001839853       -187.07778791932384        244.25791325600130        513.81707284068887       -6216.8906419580962     
   2.4115237177412840        96.004488399263622       -176.96112702637845        241.37319943112681        494.30267393324846       -4154.7875086786880     
   2.4115237177384272        126.55856376383979       -164.76454137061680        234.77528372954782        466.70038761778358       -2681.3907447220208     
   2.4115237177340139        166.83667950339725       -151.07241167966808        223.80075828622029        431.51986453562665       -1676.8503428956660     
   2.4115237176953941        219.93357699020692       -136.68855533349517        209.19650362372181        391.11810648875303       -1017.4214305584219     
   2.4115237176842501        289.92891990081483       -122.36142546244677        192.39103216165609        348.42150868039391       -596.73267566401842     
   2.4115237176612601        382.20075235798629       -108.64653470867658        174.82501480828168        305.98224836391324       -334.36833977673871     
   2.4115237176311854        503.83871727096050       -95.883909594619638        157.62132573691395        265.60428724452322       -174.11715905044747     
   2.4115237176379440        664.18878418992153       -84.232026250824376        141.51829783574718        228.34508892173312       -78.448172029178352     
   2.4115237176220905        875.57134042619532       -73.717035718041899        126.92481046401997        194.66932165041669       -22.987741047727894     
   2.4115237176109492        1154.2278195983654       -64.277956528001994        114.00889953628752        164.62803424615407        7.8083514587627576     
   2.4115237176062614        1521.5686010118561       -55.801059899985475        102.78216842662775        138.01260057251682        23.725827089479239     
   2.4115237176297102        2005.8180614792286       -48.142168629780500        93.167306182019445        114.46849510299069        30.862637085563176     
   2.4115237176685769        2644.1831759057586       -41.138380117961617        85.046846738345963        93.569956069995285        32.982131802851931     
   2.4115237176764812        3485.7122896266733       -34.609885667701612        78.297794035167470        74.861286645459103        32.384878825835528     
   2.4115237176813840        4595.0637144785869       -28.354699489653154        72.815024650127796        57.873430434475523        30.458026890879854     
   2.4115237177047493        6057.4737057661223       -22.128322474391553        68.595366541648872        42.172323124983819        28.056833575178935     
   2.4115237177580910        7985.3055314310723       -15.487668235783488        66.784218784831211        28.100452821671595        26.106104550472100     
   2.4115237178037190        10526.682826439934       -5.7872768455936505        72.371551206722842        17.476478547315466        26.680153752625756     
   2.4115237180467104        13876.870571998721        11.518143403230784        103.66494207136171        17.692376521063220        33.591615445083491     
   2.4115237181205949        18293.278142172887        105.58851681712659        997.37176334959497        729.35369481808800        177.50157514380450     
   2.4115237181748395        24115.237181748493        2649.2315041582883       -6128.1466185894424       -11482.859693577613        138.64899689228520     
   2.4115237181940663        31790.073916979440        146060.34272235117        1143127.9010339715        850635.66023846110        117955.23681902347     
   2.4115237181941831        41907.479160266463        1152545.0681014683        6596130.3007632904        4290309.6178503046        566451.13969163224     
   2.4115237181938971        55244.816798926928        667340.16778454196        2975970.1485731183        1609498.9658603212        213234.26517417113     
   2.4115237181947315        72826.852015524826        1219719.1594695717        4113506.0424375804        703942.92870159238        279184.13337602449     
   2.4115237181944518        96004.488417304761        1949353.8607905121        1614189.6380768311       -4171770.6253681765        221568.19761460228     
   2.4115237181944442        126558.56378777215        3313586.3366100714        3848340.7833910966       -6084852.7231010953        308445.23220209533     
   2.4115237181944584        166836.67953525260        6058289.2065748591        4992165.1607673466       -13177500.757064067        398360.24347190728     
   2.4115237181944615        219933.57703572285        8290904.8982972289       -3289941.9830408720       -28157124.216009341        302582.02102333179     
   2.4115237181944633        289928.91996215662        8303486.3675926421       -11577524.140392251       -36482104.450864770        160986.11696459935     
   2.4115237181944646        382200.75244249450        8385877.7321910281       -3352181.3415716719       -28503575.155867048        175953.70168746304     
   2.4115237181944638        503838.71738864749        9269959.8599651698       -6660711.2024784274       -34463973.200322643        133403.19509515210     
   2.4115237181944638        664188.78434320190        8549498.2918009385       -13281091.218462350       -38922567.791799545        67411.949391013259     
   2.4115237181944638        875571.34063401422        5248048.3387983292       -16345031.753353545       -32081727.808127366        8818.2415086738656     
   2.4115237181944624        1154227.8198776562        4790880.4318099553       -5744068.7672138140       -20108789.976838049        25278.184581392270     
   2.4115237181944633        1521568.6013829922        3637348.7142647770       -16837782.786908880       -27741382.408226240       -5219.3605459899627     
   2.4115237181944633        2005818.0619489779        2872979.0686224634       -877237.42744035553       -9487126.0101313293        11804.875421103938     
   2.4115237181944633        2644183.1764823934        2713429.1829371843       -58327.006888728589       -8188860.8873614790        9159.0297847179154     
   2.4115237181944633        3485712.2903754013        2284797.5826558527       -5883180.4249092070       -12726975.670152904        1812.6204037640014     
   2.4115237181944633        4595063.7154562613        1520871.1420094238       -3913090.3223695755       -8464077.5129070003        914.68881533090689     
   2.4115237181944633        6057473.7069962583        882790.33615790959       -9044438.8565948103       -11679911.831066098       -2295.8849615335475     
   3.0359284899795029        7.9853055328763736       -318.28944249391765        376.81453497877959        813.66090748944873       -128657.15069908918     
   3.0359284899756536        10.526682828132696       -310.32379840377968        368.59669437135210        797.24851948588616       -95521.791521523061     
   3.0359284899737418        13.876870572823206       -302.58211816270494        360.51738403117503        781.07611619181694       -70925.773797624468     
   3.0359284899794163        18.293278142733502       -295.07286153872366        352.58871241412771        765.17813646461036       -52670.588266231309     
   3.0359284899868055        24.115237182003771       -287.80301693926396        344.83933170995363        749.60297664630104       -39119.918400109520     
   3.0359284899861501        31.790073917055640       -280.75757970710998        337.44835174046682        734.50562091053644       -29039.790410799764     
   3.0359284899835579        41.907479160329096       -273.78963336732591        331.11299701302039        720.29547268951069       -21464.758771668399     
   3.0359284899906891        55.244816799145816       -266.37637395271855        327.03555384665674        707.13567075274932       -15645.864223612489     
   3.0359284899963930        72.826852015925027       -257.48819861907054        325.56461087236102        693.32278663911620       -11091.917002138738     
   3.0359284900065959        96.004488418166076       -245.94167658827104        324.71405787063617        674.51159567336197       -7559.7783362614764     
   3.0359284900247321        126.55856378966406       -231.06919506137200        320.87463698028159        645.76541604103750       -4927.1384975564952     
   3.0359284900008934        166.83667953643553       -213.09500549149448        311.17095469938397        604.66424520422106       -3067.9863472018610     
   3.0359284899819734        219.93357703591141       -192.95545994731333        294.96097909742912        552.44326566986797       -1821.3957086730309     
   3.0359284899713970        289.92891996139491       -171.84202507868409        273.54822655643727        492.79017029256158       -1020.9689490204291     
   3.0359284899561563        382.20075243957137       -150.82470523671793        249.06383806469427        429.97476910734974       -525.37236725011110     
   3.0359284899230485        503.83871737929957       -130.68121633391260        223.55932704511778        367.60187607968578       -228.98514277775735     
   3.0359284898802503        664.18878432151564       -111.88028868313150        198.60068268999981        308.17369011231949       -58.690200237234478     
   3.0359284898580903        875.57134059903501       -94.634934309701592        175.20811557992280        253.13686833223818        33.860341139733691     
   3.0359284898665502        1154.2278198347612       -78.972351324847409        153.94362407171116        203.10997090469749        79.690986573840789     
   3.0359284898444545        1521.5686013153704       -64.796748667364014        135.03505081984733        158.13329147841318        98.268152456791341     
   3.0359284898669077        2005.8180618746694       -51.936912583392484        118.49209289836347        117.88106659701771        101.57565829817800     
   3.0359284898905332        2644.1831764050121       -40.177056478526040        104.19820798663984        81.817471589372303        96.854527145071771     
   3.0359284899098249        3485.7122902955421       -29.273249338291659        91.979875893771649        49.302183890863020        88.389292219583922     
   3.0359284899333492        4595.0637153865900       -18.955564093654193        81.652538198020878        19.644757211981389        78.647996658893092     
   3.0359284900139745        6057.4737070652818       -8.9205444397984284        73.059003102492454       -7.8670135413773234        68.998221494094921     
   3.0359284900363339        7985.3055330258785        2.2052238991666027        65.258516488021925       -34.844114983118963        60.229264907124382     
   3.0359284900947077        10526.682828545530        14.181413817025371        61.555899081642110       -59.389862919966703        53.536618892833147     
   3.0359284901398702        13876.870573582599        29.919458006639921        71.906930850755856       -77.209194206180854        51.919181383163362     
   3.0359284902441801        18293.278144328899        60.232446478862670        137.93538103885422       -66.063494364289710        63.649390998361937     
   3.0359284902527102        24115.237184115977        301.85144002298500        2700.9425375389210        2024.0768640129445        455.45509180075993     
   3.0359284902639359        31790.073919964478        7107.6004152321430        69265.606408878622        54960.897370682243        8534.8419661463686     
   3.0359284902481534        41907.479163981618        453969.56650898076        3382847.7963287584        2474394.0147288125        337750.70786821586     
   3.0359284902476222        55244.816803821348        1772075.9381998968        9588133.0861775205        6041803.8086745124        801366.79699396458     
   3.0359284902457504        72826.852021906830        1001318.3449627833        5126871.5311033120        2992211.3149559577        336321.34327548509     
   3.0359284902459391        96004.488425734977        2605548.5212347875        5325003.8896679226       -2185668.0812821728        466591.13129881298     
   3.0359284902458095        126558.56379888035        4158701.1981858420        4300722.8114321511       -8122174.2139774933        473700.65080432646     
   3.0359284902457868        166836.67954989377        7310137.7697195690        10196064.094021192       -11725087.356773844        681008.88262999849     
   3.0359284902457828        219933.57705502320        13135413.453059621        5831281.6207736209       -33565594.420350581        755947.09827546659     
   3.0359284902457828        289928.91998759919        16893941.473553274       -11860912.994867632       -62532699.876002043        534815.47122112778     
   3.0359284902457819        382200.75247603393        16297051.730044849       -18454105.626128398       -67334508.421515942        335656.97316140280     
   3.0359284902457517        503838.71743285627        17052204.617094453       -10581499.934807109       -61726598.984759808        319008.41323597421     
   3.0359284902457517        664188.78440148046        18768233.228851676       -17761795.313446954       -74054163.087226182        238393.74456103556     
   3.0359284902456651        875571.34071081551        15715029.124420932       -38545512.806163311       -85677387.068370655        69328.402502030614     
   3.0359284902456656        1154227.8199789007        10131923.643845540       -30152422.025288608       -60534021.999814838        19950.222567250174     
   3.0359284902456656        1521568.6015164580        9398015.4049197864       -27764482.727771737       -55943306.836403571        14440.522650248640     
   3.0359284902456656        2005818.0621249198        6770930.7682930697       -6327276.1227687383       -26623679.406408131        28584.200569384557     
   3.0359284902456660        2644183.1767143304        5693372.2639864665       -3603065.6271402147       -20665480.883865647        20200.128467382845     
   3.0359284902456660        3485712.2906811540        5301667.1943712160       -8137843.3826648425       -24023645.939379364        10101.434417048151     
   3.0359284902456665        4595063.7158593228        4351880.5711451834       -8606886.6249349564       -21641595.414828561        5013.7414796126777     
   3.0359284902456665        6057473.7075275974        2750630.1786456048       -12895780.367360614       -21124701.375087388       -1337.2573981144415     
   3.8220075247482876        7.9853055335516263       -429.80920323915802        503.56341534369648        1082.6043257292545       -216520.12021392153     
   3.8220075247447163        10.526682829026365       -419.30050772612594        493.01534970700988        1061.7879539511150       -160874.08853496137     
   3.8220075247387149        13.876870573988242       -409.05746614073956        482.61104559337292        1041.1941341632937       -119529.91753113655     
   3.8220075247247891        18.293278144168465       -399.09366375602377        472.36765614699686        1020.8703284191370       -88817.487504937395     
   3.8220075247151617        24.115237183775989       -389.42198249166955        462.30325634706787        1000.8649770955587       -66005.634540530693     
   3.8220075247085199        31.790073919343499       -380.05135468435839        452.47402694532667        981.25749766106173       -49057.353538295458     
   3.8220075247150431        41.907479163452386       -370.94373702976867        443.23134720173488        962.32895703899840       -36423.487363718828     
   3.8220075247138361        55.244816803115903       -361.81439456721603        435.79080308613499        944.73177378901107       -26874.747049492551     
   3.8220075247184080        72.826852021108905       -351.75299590382400        431.94799992971639        928.44837076408385       -19466.993544003410     
   3.8220075247384035        96.004488425179389       -339.11532636528540        431.77860742217990        910.27504597776442       -13619.600729636208     
   3.8220075247414775        126.55856379825514       -322.17161990168313        431.76714327530590        883.24699747475836       -9078.8456422109393     
   3.8220075247673324        166.83667955019945       -300.09826350207834        426.44908361894943        840.26284168006191       -5719.1357665094156     
   3.8220075247845093        219.93357705641483       -273.40894369305948        411.95712874920150        778.49120972639707       -3379.8948219559857     
   3.8220075247607639        289.92891998763241       -243.58323513712776        387.82398579070366        700.42799260505899       -1842.8973362172849     
   3.8220075247281660        382.20075247281807       -212.38110191659163        356.22636237390191        611.76798225242419       -883.45432466585248     
   3.8220075247289929        503.83871742873077       -181.33262867023754        320.33895206087311        518.73981855939053       -313.02733667978714     
   3.8220075247108451        664.18878439288812       -151.52937408207674        283.06561757823079        426.42306863527409        7.3571687555959215     
   3.8220075246817871        875.57134069285655       -123.61985270533711        246.60283757068424        338.30531155612528        173.12267557480078     
   3.8220075246786118        1154.2278199542668       -97.890877709240826        212.36829367721251        256.37446497691968        246.66768316253018     
   3.8220075246490266        1521.5686014722055       -74.366573923717965        181.14000599982506        181.45577552475169        267.48203725485308     
   3.8220075246626681        2005.8180620737423       -52.896003018453641        153.22916224230346        113.55989204781068        259.86199994305889     
   3.8220075246868945        2644.1831766636255       -33.219308399093741        128.64016638102092        52.176696083828894        238.34898983227259     
   3.8220075246877792        3485.7122906151176       -15.010809946661366        107.19472677053230       -3.5109753209449810        211.37192796497229     
   3.8220075247279910        4595.0637158206137        2.0979074594868798        88.637104037805429       -54.471112409920963        183.62531855708471     
   3.8220075247082512        6057.4737074452805        18.515184160579011        72.684962661172605       -101.76047001086629        157.55318809020355     
   3.8220075247855152        7985.3055336294301        35.700609501305394        58.104606458818111       -147.46521620513943        134.29896835394135     
   3.8220075247822631        10526.682829129804        53.234189351679703        46.129678684700650       -191.41131376665624        114.44170896607785     
   3.8220075248749197        13876.870574482808        73.448191685255566        40.248432293052701       -232.62696660279596        99.603094179438827     
   3.8220075249850329        18293.278145414115        100.44582241013971        57.624768596959299       -263.93475629829726        94.069798327507570     
   3.8220075250263137        24115.237185739275        155.44153463391405        221.09453427580263       -200.59565284874742        120.40317344267334     
   3.8220075250649739        31790.073922308406        800.99859635176654        7428.1077144797746        5729.5374749529765        1174.9084729126212     
   3.8220075251835284        41907.479168589292        19704.196863076151        183773.78955592873        144174.13686182408        21838.926289490744     
   3.8220075251713697        55244.816809729338        1233162.4518711970        8737452.2111591194        6270518.1312076868        844872.49240816664     
   3.8220075251728116        72826.852029767455        2602146.6091568256        13320277.189879563        8107991.3626119299        1084169.1075494653     
   3.8220075251716401        96004.488436061903        1717166.7673253543        11728658.845991012        7747967.8401190583        679280.92072964844     
   3.8220075251713643        126558.56381249017        5529486.4302782575        7218956.8265078319       -9024078.8621965647        830704.38614861784     
   3.8220075251713572        166836.67956783593        9000547.3603641465        10608771.991714455       -16354788.495634791        1010478.3126735021     
   3.8220075251713350        219933.57707867454        16150093.622741295        24091265.075167753       -24343751.849622414        1464104.7565163174     
   3.8220075251713328        289928.92001877754        28079761.368498284        10597288.440798957       -73625581.378752068        1518680.8381300224     
   3.8220075251712387        382200.75251712580        34139200.452081695       -27595809.237641342       -129995722.11086084        995861.08206842712     
   3.8220075251710939        503838.71748701186        32189161.178549461       -30804762.402485438       -127353182.50171176        675970.95176798617     
   3.8220075251711036        664188.78447287309        34636322.097918510       -24718800.515301988       -128607214.34591310        600257.06146189885     
   3.8220075251711032        875571.34080495418        37867679.833175361       -29820165.196736019       -143401033.73605648        485621.60822074191     
   3.8220075251710677        1154227.8201029890        28429461.796495225       -117795589.10782690       -203060037.08102509       -39381.604861367174     
   3.8220075251710672        1521568.6016800376        19808645.101514068       -1836602.8055427261       -61236663.251739070        180715.62955900776     
   3.8220075251710668        2005818.0623405594        18254751.843085743       -85422365.144551635       -140158608.45050266       -33218.106477807291     
   3.8220075251710663        2644183.1769985990        12721729.273660664       -95964242.790885359       -134099044.73042044       -70237.430156357179     
   3.8220075251710663        3485712.2910558926        11300346.853311278       -19023532.605587505       -52891530.576719455        25273.811825328528     
   3.8220075251710650        4595063.7163533224        10317998.677739279       -35635025.787358806       -66552979.896170035        2308.7075764526089     
   3.8220075251710650        6057473.7081788136        8227361.7045612317        24733494.936410524        90870.201051233336        34924.539154756101     
   4.8116223975033119        7.9853055344298260       -578.86684153853730        670.80284225991056        1435.5046031497991       -363276.10443606559     
   4.8116223975002219        10.526682830187134       -565.10640853215523        657.38275275006481        1409.3724821582509       -270137.98730189470     
   4.8116223974990824        13.876870575536936       -551.64744373317058        644.09474831087243        1383.4016837272584       -200865.60328591484     
   4.8116223974956442        18.293278146263628       -538.51345304428207        630.96594562024870        1357.6615374504463       -149356.77718602482     
   4.8116223974921954        24.115237186581403       -525.72520865622471        618.02076718199271        1332.2176849444841       -111064.08785380956     
   4.8116223974798231        31.790073923015253       -513.30204128875096        605.28708855238688        1307.1388957817301       -82599.962445389654     
   4.8116223974854755        41.907479168270420       -501.25348922595600        592.87851360576951        1282.5615498018735       -61430.328002982882     
   4.8116223974738173        55.244816809350887       -489.49100687711586        581.47548025669710        1258.9936626101730       -45605.668087775550     
   4.8116223974711065        72.826852029200069       -477.47214300353261        573.16016513175543        1237.4385793785229       -33555.938474720620     
   4.8116223974798391        96.004488435517601       -463.62974530490646        570.52834809558215        1217.3665075049366       -24098.713517235163     
   4.8116223974767598        126.55856381170076       -445.36397465860335        572.94071831796998        1192.9503774222508       -16567.798218664106     
   4.8116223975073149        166.83667956785510       -420.17830776325872        574.37011725714933        1153.1841497028233       -10720.845693309344     
   4.8116223975065324        219.93357707866531       -387.11381250354606        566.65663388209305        1088.0044614249780       -6435.6334939129474     
   4.8116223975242711        289.92892001983444       -347.19116613097430        544.70304368793632        994.36617919566788       -3502.7557130364162     
   4.8116223975434282        382.20075252005012       -302.72286342168763        508.49819074141601        876.88522334260472       -1623.3745979790824     
   4.8116223975293853        503.83871748941527       -256.30195193435145        461.59207427416345        744.28922642379848       -492.53492700567153     
   4.8116223974922621        664.18878447091527       -210.11816192422290        408.64157278206324        605.59873769501439        141.72709530394832     
   4.8116223974877439        875.57134080155095       -165.70785740808492        353.80627568450490        468.02861381268877        463.33704017138666     
   4.8116223974310541        1154.2278200849137       -123.97140509768725        300.16352313525738        336.44213996404898        597.07604462332586     
   4.8116223974399217        1521.5686016590141       -85.295062617088959        249.69497923435449        213.58271810389851        623.64008475546677     
   4.8116223973692396        2005.8180622833797       -49.691132467419514        203.48513319060282        100.55201358589099        593.28244123891818     
   4.8116223973502104        2644.1831769127630       -16.920701297702468        161.96153129423925       -2.7046353603722615        536.19322229230352     
   4.8116223973862917        3485.7122909688765        13.413899096805688        125.11673562114905       -96.989203718440820        469.80121536129809     
   4.8116223973721821        4595.0637162251387        41.808048657719240        92.671848319967580       -183.56045414810421        403.63717087102839     
   4.8116223973534460        6057.4737079862471        68.823152764880220        64.256764834490170       -263.88369002805894        342.54241661557217     
   4.8116223973226706        7985.3055341300624        96.081061182039605        38.426847372419559       -340.59544640604469        288.56315661762568     
   4.8116223973737924        10526.682829910567        124.28362910163820        14.842177266013593       -415.35428715046964        242.26197241434915     
   4.8116223973205594        13876.870575022109        152.34970251342727       -3.8319412995691380       -487.20160021163406        203.78337389878186     
   4.8116223972288870        18293.278145249489        185.65219909379073       -12.133503746979301       -555.22435022848322        175.43427761685626     
   4.8116223971914440        24115.237185074133        233.04536379695278        16.015801838298330       -610.75359242913862        163.32360801925944     
   4.8116223972068592        31790.073921211868        336.40121987995616        475.33118337893001       -344.36216277245040        235.58929959401627     
   4.8116223972166461        41907.479165929086        2096.7725580400997        20259.156001697531        15939.290372357556        3017.4682153389053     
   4.8116223972560519        55244.816806850693        59235.071970703182        528504.50055349094        409602.43164529192        60599.599634739650     
   4.8116223972574463        72826.852025966262        2860851.2049932126        19245065.095672086        13522579.827778995        1804055.6479676953     
   4.8116223972589980        96004.488431111327        3716992.8616110925        18092256.808240607        10627348.462151960        1432995.6702455385     
   4.8116223972619112        126558.56380604980        3691778.4952803273        32398733.980316438        22855612.139424160        1701788.3371560173     
   4.8116223972622052        166836.67955935642        11767884.769176919        14292136.891358644       -20672380.325383373        1667821.5236536860     
   4.8116223972622061        219933.57706749765        19681306.565217126        18041052.048085373       -40971969.627543837        1998363.4399652549     
   4.8116223972621857        289928.92000404251        35795300.724425122        50163976.264169976       -57195844.989703476        3045485.8807111317     
   4.8116223972621803        382200.75249771023        59227035.579910345       -10460081.505478375       -188112974.59891197        2646086.3940396267     
   4.8116223972621643        503838.71746143448        68442229.824689537       -91056634.700781241       -296352793.34971952        1565443.0196795443     
   4.8116223972621652        664188.78443915397        64113522.783451341       -32943369.701809525       -225250878.67430103        1491648.4509111696     
   4.8116223972621626        875571.34076050343        70222766.076738343       -49124567.735852212       -259757038.22150892        1167682.5624065564     
   4.8116223972621635        1154227.8200444023        75603847.196295217       -21363388.177139312       -248136063.30805379        1085073.0142386088     
   4.8116223972621617        1521568.6016028051        51205686.647647850       -349724132.51531082       -503298979.28269184       -502729.75203142251     
   4.8116223972621617        2005818.0622387475        39027289.390243925       -31325789.095996678       -148361746.32200739        273569.70764003944     
   4.8116223972621608        2644183.1768643837        34986159.794875994       -65280921.985337384       -170189389.51342189        118330.19793547125     
   4.8116223972621617        3485712.2908789632        24245701.510198370        42778012.900818832       -29904512.633256607        183680.26279906664     
   4.8116223972621421        4595063.7161200671        22386874.383160196       -41522894.315644525       -108623827.86925444        43804.843928670991     
   4.8116223972621350        6057473.7078713151        20003397.965021640       -23144707.464574318       -83089462.074534982        40769.497752447838     
   6.0574737078728917        7.9853055340317152       -777.36902675336739        890.59539193650414        1896.6458824960769       -607539.09805225627     
   6.0574737078713214        10.526682829666351       -759.51643077018525        873.69989116734860        1864.2337222673857       -452201.80900866876     
   6.0574737078751308        13.876870574862425       -741.97672184188866        856.88954265381892        1831.8414284908904       -336531.55993122800     
   6.0574737078711820        18.293278145375591       -724.79427362648767        840.21063880065083        1799.5770869151020       -250429.33369744325     
   6.0574737078713454        24.115237185428683       -708.00488408738886        823.70177788184299        1767.5365041676287       -186354.73335397104     
   6.0574737078666905        31.790073921552992       -691.64000548668446        807.39767860988900        1735.8101640601692       -138682.83132491785     
   6.0574737078681054        41.907479166303325       -675.72817852559956        791.34353546133923        1704.4975266390898       -103218.27824021349     
   6.0574737078530685        55.244816806754486       -660.27474412928768        775.77297661783177        1673.8427179286232       -76809.100521356377     
   6.0574737078534300        72.826852025822717       -645.08435900456129        761.98464053467035        1644.7555645568946       -56992.827698978741     
   6.0574737078394323        96.004488430669298       -629.13964433940748        753.47997328855308        1618.7078580761531       -41758.304734403879     
   6.0574737078335588        126.55856380526772       -609.77229783108419        753.85959448675362        1593.9743455862165       -29639.613080999396     
   6.0574737078222531        166.83667955800388       -582.91226257016319        760.92797800074675        1560.2362808175722       -19905.874499491507     
   6.0574737078223242        219.93357706571717       -545.00689666432959        764.61102523285774        1500.3353824743092       -12363.490148096760     
   6.0574737078342062        289.92892000226533       -495.04361977992119        752.88708712975722        1400.2461419536940       -6902.2249683282316     
   6.0574737078472891        382.20075249619333       -434.90472621973544        719.20109421370239        1257.1917535953507       -3241.6432958983478     
   6.0574737078622096        503.83871746067757       -368.17315768875312        664.48839929051837        1079.2705765354062       -968.60513611369925     
   6.0574737078934309        664.18878444157929       -298.66246937782410        594.40577966228170        879.74477518713468        332.68274835731881     
   6.0574737078897973        875.57134076317561       -229.51025261456871        515.79539309225891        671.69782204994704        1000.5862255066696     
   6.0574737078680236        1154.2278200437754       -162.88525731517674        434.59027072865308        465.36436845210471        1279.1813483053745     
   6.0574737078527976        1521.5686015981541       -100.04126163613479        355.13173249208427        267.56242324816651        1332.2970849203016     
   6.0574737078048448        2005.8180622167374       -41.497410884243727        280.20610838924262        82.092388151429105        1264.5118348498131     
   6.0574737077977785        2644.1831768322841        12.763192146939485        211.33453582794579       -89.577584930721414        1139.7367189570195     
   6.0574737077597423        3485.7122908147585        63.120710102298531        149.10698545232123       -247.63289506925793        995.26328951144978     
   6.0574737076604892        4595.0637159601547        110.18869057139806        93.491695486088318       -393.34025682938102        851.62876688620509     
   6.0574737076710337        6057.4737076710635        155.72566230449067        43.053491165385395       -529.64558000536010        719.14589332582841     
   6.0574737076814520        7985.3055337793758        199.59571656300881       -1.7616793695714819       -657.80159850533573        602.25444577404869     
   6.0574737077038465        10526.682829375346        242.75042421704421       -41.640539706660803       -780.33558901378592        501.95854341971040     
   6.0574737076148288        13876.870574266151        287.27131343231582       -78.067797638800556       -900.78754568250997        417.63397804567899     
   6.0574737077046947        18293.278144872860        334.64676523004016       -109.38845597980634       -1020.3088412884059        348.66116489440299     
   6.0574737076972989        24115.237184735855        390.13683703752065       -121.15430220129997       -1132.7094278730474        298.43796219707895     
   6.0574737076232417        31790.073920275427        469.99410297089406       -70.691006679889028       -1225.4109183333896        276.00712929344144     
   6.0574737077010914        41907.479165147961        682.76278184727471        1296.4688162540940       -262.41995918065754        490.82376559390781     
   6.0574737077087875        55244.816805438728        5491.6605977744721        54317.881061046755        43168.810100519011        7668.7490359989688     
   6.0574737076918650        72826.852023880376        196133.07219126017        1674528.9830486779        1281407.0215153536        185305.40339655144     
   6.0574737076950642        96004.488428381315        6049828.6994389743        38650352.135287113        26548599.586808577        3514185.6223919648     
   6.0574737076964515        126558.56380240328        5244267.0185346082        24759100.871908430        14148399.416173764        1897503.8567391476     
   6.0574737076988212        166836.67955460440        9572690.6038439386        80779185.494402394        53964181.872079134        4165106.2916993904     
   6.0574737076989997        219933.57706123980        25258842.193472952        26633773.565218613       -48875210.873856336        3318891.5541922767     
   6.0574737076989651        289928.91999579262        43170393.572415188        53464416.495769262       -76005418.815405056        4476814.8097211020     
   6.0574737076989660        382200.75248683518        79131463.175560400        94550126.248018429       -142800204.77531689        6170672.2535650581     
   6.0574737076989633        503838.71744709986        123641482.37359886       -43780943.279092312       -414657592.15218288        5011601.6828206703     
   6.0574737076988878        664188.78442024894        135770254.33363777       -160145398.54412961       -567404264.97345829        3152537.2629279676     
   6.0574737076988860        875571.34073558182        128826483.94620764       -165583425.92278650       -552006470.94706202        2174806.4476855947     
   6.0574737076988878        1154227.8200115494        142269978.71384504       -96820336.813550562       -523568890.17901933        2273478.3199037677     
   6.0574737076988878        1521568.6015594972        148570900.00131172       -292955378.76702923       -738601191.66590333        1037223.2086339100     
   6.0574737076988869        2005818.0621816560        93511441.809160575       -341296365.08871680       -621757699.97288334        21285.075839240453     
   6.0574737076988869        2644183.1767891231        77235960.672878861       -96088221.974394694       -327716328.65788722        438952.95308088767     
   6.0574737076988834        3485712.2907797480        66112485.111572556       -148407645.84119573       -346657764.03720623        170024.81875207523     
   6.0574737076988807        4595063.7159892926        46837767.909137316        3430846.1423824206       -136986669.79113114        234458.45426530440     
   6.0574737076988825        6057473.7076989319        44233301.339900829       -55162036.504479103       -187756679.40440950        109549.54930762851     
   7.6259075818838618        7.9853055337884031       -1040.6104953717233        1178.2202119939707        2496.5752626450048       -1012555.4899606199     
   7.6259075818886846        10.526682829354989       -1017.7321055316565        1157.2327335943619        2456.9731472877847       -754479.21645576123     
   7.6259075818862918        13.876870574438890       -995.10987979746164        1136.2099556231158        2417.0982694203590       -562038.76393337944     
   7.6259075818874633        18.293278144832001       -972.83531606432416        1115.2385164308471        2377.1350062600795       -418613.13825630897     
   7.6259075818893596        24.115237184717436       -950.97543970566960        1094.3843589453645        2337.2327859571269       -311759.41799761046     
   7.6259075818887645        31.790073920637330       -929.58424701314573        1073.7021798096685        2297.5233820333979       -232176.40653213253     
   7.6259075818706483        41.907479164986910       -908.70893605867445        1053.2413801694217        2258.1312365852355       -172918.25546932427     
   7.6259075818604858        55.244816805082628       -888.39075707995687        1033.0801426807061        2219.2047463878298       -128796.63257704634     
   7.6259075818496962        72.826852023511393       -868.61767839534843        1013.7014556682516        2181.1951206797035       -95888.320124398611     
   7.6259075818363362        96.004488427676037       -848.97468548440372        997.54546477715735        2145.7088866046547       -71066.606350938790     
   7.6259075818203987        126.55856380118006       -827.58112210794047        990.38674915487968        2114.7627485130470       -51749.447411505171     
   7.6259075818083870        166.83667955266384       -799.94237883566007        996.94357639211978        2084.1005773687266       -36147.155487138516     
   7.6259075818041921        219.93357705855414       -759.75139423099802        1011.9354425996347        2035.8541738084750       -23514.693562426641     
   7.6259075818203153        289.92891999286684       -702.03410893540365        1018.8775447300436        1943.6247368908748       -13766.886587023899     
   7.6259075818324886        382.20075248358842       -625.92209304120183        1000.2971556096118        1788.2363362827309       -6815.0995420696854     
   7.6259075818420996        503.83871744345498       -534.73011934749684        948.02757092698937        1568.1695224922598       -2273.0277227805555     
   7.6259075818721405        664.18878441806862       -433.97080671489914        864.77681388717929        1297.1436042830719        435.69893767582653     
   7.6259075819133182        875.57134073743566       -329.24600483919562        759.42082965417649        995.19076295284526        1880.8365493723920     
   7.6259075819172137        1154.2278200145820       -225.05825729354783        641.98871773643577        681.27788854020616        2518.7710763008390     
   7.6259075819370006        1521.5686015674426       -124.47768596954697        520.96069253555174        369.95645459717639        2674.7805250309348     
   7.6259075819386846        2005.8180621925728       -29.254117684048634        402.49018115957682        70.820282878461441        2564.7532069472372     
   7.6259075819309858        2644.1831768008442        59.918151013491872        290.51669587368690       -210.85023981688164        2324.4951069735062     
   7.6259075818736797        3485.7122907690068        143.11834357619111        187.18531673210882       -473.10813484088646        2035.1893536391935     
   7.6259075818112532        4595.0637159375174        220.95471261360780        93.312403765253521       -716.38702744062584        1742.5296005205394     
   7.6259075817620436        6057.4737075915882        295.38128370739355        7.8178376966698693       -943.69814405713578        1470.1320201648414     
   7.6259075817046353        7985.3055336007610        366.56879371361549       -68.954382277266973       -1157.0418131832603        1228.3823806981443     
   7.6259075816443502        10526.682829017751        436.85296660867743       -138.92180849579211       -1360.9775249736044        1020.2356908254797     
   7.6259075816947739        13876.870574090430        506.70336490034975       -202.06359155233486       -1558.3488607993079        844.63860393510640     
   7.6259075816504449        18293.278144263491        579.80048450942331       -261.05815937267232       -1755.0591714050702        698.76624403700316     
   7.6259075816579385        24115.237183985686        657.61312168919449       -311.10802251812117       -1951.0269925473599        580.77452084619108     
   7.6259075818014992        31790.073920273622        750.79552928508326       -327.90573968929726       -2136.9032575847846        495.73879363062468     
   7.6259075817834789        41907.479164507982        884.70359089483509       -227.93151386343425       -2281.3149220306232        459.02311733872853     
   7.6259075819031441        55244.816805391769        1370.6658716940981        3899.1981147056695        910.23400471127457        1102.3334384186558     
   7.6259075819408322        72826.852024381864        14429.851701481597        143080.45779637020        113997.92042792919        19260.392011280215     
   7.6259075819491366        96004.488429096251        681346.04419337772        5567521.4252885003        4203454.5977203138        594815.81255956250     
   7.6259075819491562        126558.56380331704        11061360.826728629        66964798.966824770        44834109.715952873        5913192.6583045479     
   7.6259075819470885        166836.67955569847        7464691.8408936951        36338902.595935881        20920206.104687721        2642579.7994834976     
   7.6259075819470654        219933.57706267486        25488723.386911560        154970904.25959903        80666502.327856913        8598178.3326068651     
   7.6259075819474322        289928.91999770002        54730231.106832802        43227273.425452501       -120796637.26739195        6496580.0175392348     
   7.6259075819474145        382200.75248934870        94810110.353340492        113272409.59634788       -171090133.57348341        9307106.8646600246     
   7.6259075819474225        503838.71745041403        174329982.88947627        197292425.36697891       -325623865.76896477        12816157.985909928     
   7.6259075819474198        664188.78442462580        255298504.40622625       -80279063.877515763       -846094481.12336552        9998758.4304733519     
   7.6259075819474180        875571.34074135195        267080688.33050448       -388441355.78270936       -1189596219.4389913        5283138.9419885930     
   7.6259075819474189        1154227.8200191555        260606282.80143285       -175189809.91341361       -956913588.97684073        5257185.0625058487     
   7.6259075819474047        1521568.6015695210        288234924.42806143       -198162483.77352363       -1062763453.8229637        4388731.6502150316     
   7.6259075819474065        2005818.0621948713        286339887.92420632        278400862.59683639       -580505281.93205452        5114159.3284438048     
   7.6259075819475797        2644183.1768066045        173704229.41949788       -57409268.089250162       -578397604.72505379        1700643.9703254835     
   7.6259075819475894        3485712.2908027992        152940662.81198305       -192837597.40910622       -651523130.42856121        824511.34687651775     
   7.6259075819475886        4595063.7160196807        123159591.47919686       -223272350.60667354       -592601122.16176629        390778.18160283793     
   7.6259075819475903        6057473.7077389918        91478326.324220583       -293873894.34190023       -568143677.08949792        58932.478551131673     
   9.6004488429198762        7.9853055338653176       -1387.9670322667628        1552.8193958592503        3273.3495147623589       -1681316.3131145909     
   9.6004488429237824        10.526682829454009       -1359.1680538857149        1527.2321183841329        3225.9359392562201       -1254392.9537554015     
   9.6004488429236563        13.876870574573593       -1330.3961318065601        1501.3313051318873        3177.6573789033328       -935501.16569249460     
   9.6004488429294277        18.293278145017762       -1301.8554486927842        1475.2953185443419        3128.8633631604989       -697483.57088018092     
   9.6004488429310459        24.115237184960385       -1273.6826248465652        1449.2474416650418        3079.8089472041315       -519927.35080924572     
   9.6004488429239743        31.790073920936663       -1245.9778888411377        1423.2810588549085        3030.6995216179994       -387529.85137799149     
   9.6004488429269443        41.907479165494031       -1218.8219193697164        1397.4732860259846        2981.7153994636933       -288838.39676132740     
   9.6004488429220931        55.244816805796837       -1192.2849087490363        1371.8947979842194        2933.0275553782676       -215290.80543757588     
   9.6004488429243917        72.826852024573398       -1166.4245871507769        1346.6906811478088        2884.8677683045084       -160478.66837476808     
   9.6004488429392314        96.004488429392623       -1141.1792569816382        1322.8562130332052        2838.0868678578145       -119509.48530354080     
   9.6004488429146910        126.55856380338395       -1115.6922499391189        1304.9019905445816        2795.4691951005857       -88385.854445637597     
   9.6004488428947603        166.83667955548557       -1086.5340983634035        1302.1538038193842        2759.4835027389790       -63789.954768010371     
   9.6004488428740853        219.93357706192120       -1046.2134466113980        1320.2726560774297        2720.8322884265272       -43587.000643309373     
   9.6004488428680030        289.92891999650891       -985.05955544985363        1348.2086436171896        2649.1699373678312       -27117.437675319386     
   9.6004488428911401        382.20075248870040       -896.24185044418380        1359.4797757245149        2504.4128379600234       -14495.445952504804     
   9.6004488429067489        503.83871745037817       -779.44419366109628        1329.0445625634629        2260.9436979666525       -5661.9688452876999     
   9.6004488429303017        664.18878442620837       -640.32355210795424        1247.1665689862839        1920.3630127266920       -69.939752410105939     
   9.6004488429646546        875.57134074657120       -487.31351872072349        1119.6859322945668        1505.3407734501397        3091.6032979384554     
   9.6004488429618284        1154.2278200256956       -328.63693006098970        960.36797222138227        1045.9912574760124        4607.4036327115464     
   9.6004488429703319        1521.5686015794931       -170.76566752043539        783.89328612831162        569.81041087481117        5095.9160163979495     
   9.6004488430186719        2005.8180622181153       -18.056821526838782        602.41608657042013        97.538851772152981        4992.6018087762695     
   9.6004488429590680        2644.1831768207685        127.04442798931674        424.69461937478115       -357.28334631345024        4582.9970085248951     
   9.6004488429584338        3485.7122908212355        263.61802030292040        256.33204161709045       -787.30064482341095        4043.8096062757677     
   9.6004488429386932        4595.0637160345359        392.86685294974706        99.364557571316084       -1190.9564792455208        3477.9389660589309     
   9.6004488429727672        6057.4737077800710        514.76936047888876       -44.076482402453962       -1568.1401188088821        2940.7552569113873     
   9.6004488429465553        7985.3055338875402        630.81970447717720       -174.16780723432748       -1922.0644420794511        2458.4255999582506     
   9.6004488428394534        10526.682829361584        743.83626545079005       -292.93081101200266       -2258.4060040551872        2039.9667956277435     
   9.6004488427182846        13876.870574276791        855.89746886839998       -401.78341996438365       -2582.7126827277543        1685.1297348363830     
   9.6004488425933214        18293.278144377386        969.28771066172123       -502.21404239655840       -2900.9529209001453        1388.9655559392043     
   9.6004488426918488        24115.237184359627        1087.6451332913969       -596.04167763272221       -3220.0499380309648        1144.8898908597339     
   9.6004488426351973        31790.073919980521        1216.1620274979907       -676.04842692630700       -3540.8811422024082        949.21960745607953     
   9.6004488424958687        41907.479163612428        1370.5144828572722       -697.48068203512548       -3845.5724591818444        809.46817789360705     
   9.6004488427710033        55244.816804927534        1599.4935941526730       -470.69340205068647       -4037.2712369881801        759.32655430200793     
   9.6004488428896657        72826.852024310108        2814.8850289064585        11860.560544994190        5923.4107497330015        2645.7498578282962     
   9.6004488431675501        96004.488431675985        38157.523795097717       -418921.32894024375       -495562.12600120739       -31112.636186658649     
   9.6004488433705220        126558.56380939324        2313592.2111745179        18069346.091030154        13440217.722306997        1865271.1479407074     
   9.6004488433683459        166836.67956371588        18227869.101195466        104524348.58421668        68035397.919894353        8971502.6905232873     
   9.6004488433677260        219933.57707323032        11268941.015679972        66211944.509646252        41670071.398632720        4355561.4433123525     
   9.6004488433686941        289928.92001163011        63270002.969224803        225669730.69163483        37974670.783475585        15214925.925308533     
   9.6004488433688699        382200.75250772003        119126613.90069342        94926797.663886100       -262328171.90983567        13530597.768536635     
   9.6004488433689001        503838.71747463325        208622433.11211783        242804439.88770276       -382950632.49893111        19435720.431863323     
   9.6004488433689019        664188.78445655340        381949045.24981999        315204524.41459000       -830520451.19643867        25124394.255076375     
   9.6004488433689037        875571.34078344097        522794059.55048084       -207343861.26529676       -1775592942.5587823        19083044.409328654     
   9.6004488433689037        1154227.8200746395        523562242.25978792       -730236656.47305250       -2300778150.8758535        10150451.282644264     
   9.6004488433689019        1521568.6016426659        528732954.45668691       -211233197.42753208       -1797273327.3816826        11096074.003320884     
   9.6004488433688966        2005818.0622912932        584484450.30430150       -419966670.84823292       -2173246229.9152741        8412328.3352794014     
   9.6004488433688966        2644183.1769336532        538993233.39200139       -837662549.39518905       -2454451624.5879927        4249390.3274621433     
   9.6004488433688966        3485712.2909702770        330649360.33003837       -1030960282.3145878       -2022698895.0762746        553059.21463334770     
   9.6004488433689055        4595063.7162404647        301763697.32390338       -362059457.55163854       -1267119938.8276813        1592171.6215129914     
   9.6004488433689072        6057473.7080300422        228935897.28821516       -1061998319.6050290       -1748551648.5624523       -331631.94509002531     
   12.086249013562234        7.9853055342488437       -1843.4672127806689        2037.9948419614841        4273.7547289288777       -2780308.4290036266     
   12.086249013567203        10.526682829959638       -1808.2425850510940        2007.6928645501962        4218.6986924926568       -2077603.4320690746     
   12.086249013574927        13.876870575249193       -1772.3951587817965        1976.4506260616363        4161.5622357551310       -1551520.4519997716     
   12.086249013573655        18.293278145895457       -1736.4048892151488        1944.6627821370857        4103.0710733269989       -1158141.6467119369     
   12.086249013570532        24.115237186107116       -1700.5724596764608        1912.5821276231673        4043.7083147677654       -864236.02642766433     
   12.086249013571017        31.790073922473042       -1665.0997266312627        1880.3827954092826        3983.8242031730542       -644781.95663261926     
   12.086249013574465        41.907479167518360       -1630.1350063906391        1848.1961191945184        3923.6991936123759       -480994.76463179302     
   12.086249013577381        55.244816808506670       -1595.7976687442645        1816.1301804516759        3863.5785823565020       -358798.11465435481     
   12.086249013576417        72.826852028122403       -1562.1910777995329        1784.2874814116551        3803.6977720313998       -267655.53566203814     
   12.086249013566492        96.004488433843889       -1529.3917143107421        1752.9546765935081        3744.4402575812237       -199658.61588973753     
   12.086249013543137        126.55856380933081       -1497.2139379723103        1724.1644249582905        3687.4241909146313       -148683.83577742591     
   12.086249013522686        166.83667956338911       -1463.9304384479947        1706.1139301977223        3637.3649868020648       -109577.77304479998     
   12.086249013502563        219.93357707244755       -1423.3677697128530        1713.5195750753646        3596.6354895574968       -78083.693858037062     
   12.086249013503089        289.92892001058169       -1363.1700600205784        1752.1311445220249        3546.3199678852970       -51745.142358203382     
   12.086249013478971        382.20075250556823       -1268.6736881633174        1800.5431530908518        3435.7715898035299       -30166.117770473815     
   12.086249013458040        503.83871747092252       -1130.7219114832324        1816.9144139036482        3204.9455933816625       -13793.398244206892     
   12.086249013461451        664.18878445184885       -950.32733776257453        1765.8921716549748        2820.6133295278250       -2598.1551459131806     
   12.086249013476554        875.57134077833325       -736.92674492847470        1636.6265582377378        2290.8273783455274        4214.0051369293396     
   12.086249013491701        1154.2278200693524       -503.36259354011656        1440.2886271567938        1652.3579150500655        7793.0961190767348     
   12.086249013506638        1521.5686016375769       -261.70024038655578        1198.0364419516541        950.30347685498532        9225.5839888517439     
   12.086249013566871        2005.8180622945813       -21.256992318516868        931.34802212671707        224.53702442173542        9353.6300008554517     
   12.086249013585967        2644.1831769421647        211.77130201066129        657.69307933177208       -495.31145762049198        8762.8901559041242     
   12.086249013622856        3485.7122909921359        433.96815407208805        389.59661671393712       -1190.0771360383719        7832.4157328992133     
   12.086249013593374        4595.0637162580661        645.13237695881583        134.05902757495119       -1850.5118063542236        6792.4528546309321     
   12.086249013593736        6057.4737080534233        844.70190249961433       -103.60769879518114       -2472.3086432851987        5772.9926171889510     
   12.086249013532221        7985.3055342290481        1035.2586457519108       -322.83415912813098       -3058.1733250634602        4840.0895883516941     
   12.086249013395253        10526.682829809921        1218.1575075290336       -522.99772897175376       -3612.2787563774446        4021.0054402355772     
   12.086249013384899        13876.870575031064        1397.2402576807253       -706.64678749433813       -4142.8988647576753        3320.8514651736155     
   12.086249013221716        18293.278145362841        1576.7599951873140       -877.01859928509657       -4659.7553081020033        2733.1686737230871     
   12.086249013087896        24115.237185144211        1760.2920331131261       -1036.3427646370808       -5172.1216957226825        2246.2245106247610     
   12.086249012986530        31790.073920935778        1953.0283356520970       -1186.3462641276724       -5689.8892194914797        1847.2253118813308     
   12.086249012943615        41907.479165331089        2165.2397820661458       -1313.0787961349665       -6213.2675978105908        1529.8567050227343     
   12.086249013438929        55244.816807873969        2422.0774561669618       -1339.8394458313071       -6713.2092603007277        1304.9114105837152     
   12.086249013482933        72826.852027559260        2810.2989932348387       -736.93917089280421       -6820.4222247702983        1261.4422563549738     
   12.086249013440312        96004.488432841783        6062.4904567898548        35311.816064154060        22823.688336112187        6637.2162619053724     
   12.086249013600154        126558.56380992812        103005.17020606992        979415.75405993895        772835.10289891262        121295.94416161107     
   12.086249013612946        166836.67956463539        7196751.5631300518        53602743.466997296        39206170.140081987        5352171.2242890205     
   12.086249013613088        219933.57707445923        27912438.346661974        151810931.36696675        95852394.053852513        12670680.220170477     
   12.086249013610953        289928.92001316970        20174863.027076200        166454778.82885015        117765772.57527240        9624242.5357808098     
   12.086249013610148        382200.75250971719        146628624.15841264        292688034.64752883       -145581178.56760114        26485254.750749074     
   12.086249013610221        503838.71747726743        259109412.48684368        266447268.50823960       -510710188.20231879        29546384.526940651     
   12.086249013610225        664188.78446002596        460725016.64017713        643632576.05651748       -738357736.93587101        42946088.322635353     
   12.086249013610232        875571.34078801901        828269425.02832806        368299823.32970989       -2116307108.9428182        47680341.863023296     
   12.086249013610226        1154227.8200806743        1065373700.9198550       -747972706.31592965       -3943874078.5568919        33730777.831585877     
   12.086249013610233        1521568.6016506222        1027665777.6333885       -1163943543.4455628       -4246700648.0401311        21167101.923880935     
   12.086249013610235        2005818.0623017831        1075261510.8388700       -667181831.47264981       -3892703263.8680615        20118599.123261061     
   12.086249013610239        2644183.1769474824        1183479330.4686303       -1120190915.0263479       -4670340188.9482574        15033762.190580970     
   12.086249013610235        3485712.2909885067        990773130.02890193       -2431515282.9226885       -5403517223.3671436        4367779.5749566145     
   12.086249013610239        4595063.7162644938        638434331.42029667       -1901904024.3265328       -3816857268.2581568        1253315.1918431618     
   12.086249013610239        6057473.7080617165        592051586.89973855       -1751188636.1487730       -3526957293.6396437        906574.85549901891     
   15.215686016518879        7.9853055342872565       -2435.9078906884961        2662.1480601667377        5554.2112899135200       -4576059.8879669216     
   15.215686016524703        10.526682830009978       -2394.9599213520592        2628.0239583068496        5493.4989743057940       -3426513.3010657560     
   15.215686016529435        13.876870575311003       -2351.7635367628072        2591.5751888905334        5428.1953260355076       -2563130.0730670579     
   15.215686016543028        18.293278145995199       -2307.4427233077886        2553.6854712992317        5359.8526487037170       -1915968.9134538607     
   15.215686016544959        24.115237186247899       -2262.6917806446722        2514.9085880768198        5289.4674415837526       -1431520.7075277152     
   15.215686016553374        31.790073922674924       -2217.9486395565027        2475.5997217558806        5217.7018846879309       -1069203.4011674188     
   15.215686016551899        41.907479167768486       -2173.5082028558677        2436.0027604024649        5145.0332325993077       -798404.88663744135     
   15.215686016556111        55.244816808838372       -2129.5874968302251        2396.3009160074143        5071.8414082626787       -596109.10853667848     
   15.215686016540438        72.826852028490450       -2086.3612869289068        2356.6446402198844        4998.4577994813535       -445046.47344308865     
   15.215686016524979        96.004488434310360       -2043.9800008977695        2317.1867778986752        4925.2092536669206       -332272.90781923453     
   15.215686016493159        126.55856380992567       -2002.5346111032006        2278.5202052674599        4852.7708050789606       -248031.48215519325     
   15.215686016468165        166.83667956418151       -1961.5518032516493        2244.7440838710741        4784.2166873390988       -184611.94091465959     
   15.215686016467370        219.93357707384686       -1917.6179654447208        2230.4951526299828        4727.3103043664651       -135307.31230458306     
   15.215686016429714        289.92892001169616       -1859.7574727493516        2258.3924243068950        4682.7349787931544       -94684.616279224239     
   15.215686016429846        382.20075250780332       -1767.8045718073738        2332.0032980662395        4613.8236347470411       -60078.986981244409     
   15.215686016391935        503.83871747348616       -1619.7908412959764        2411.9106664369410        4437.3918456299307       -31657.537432697020     
   15.215686016380493        664.18878445454152       -1403.8224490570908        2433.0198784490703        4064.7672775980345       -10387.862746998988     
   15.215686016336086        875.57134077823321       -1123.6463670175294        2346.2495536344586        3454.5396805494433        3746.4284637093333     
   15.215686016365142        1154.2278200699786       -794.73477019745576        2140.8870209981683        2626.9722761297780        11923.415292683359     
   15.215686016389345        1521.5686016389420       -436.56797499302223        1836.5975663833008        1640.5056540951259        15782.034324443859     
   15.215686016428785        2005.8180622915834       -66.845090860932430        1466.7210895334904        563.51034827780836        16844.633528649181     
   15.215686016452031        2644.1831769380751        301.00231218161019        1061.6408507481497       -547.20910093831117        16253.204779564847     
   15.215686016474640        3485.7122909812852        659.15294389921542        645.88973773505495       -1649.8908941201926        14802.446241126212     
   15.215686016515223        4595.0637162672274        1001.8417591378535        238.44975988212002       -2716.3601562747153        12997.236876515446     
   15.215686016526998        6057.4737080700061        1327.5368136692250       -149.21656255599169       -3732.3550269741918        11137.817174262847     
   15.215686016471698        7985.3055342625294        1638.1101199104346       -511.97293112490229       -4694.6999848239720        9387.5583594001873     
   15.215686016402104        10526.682829925203        1935.1314546568115       -846.63934323888111       -5605.5374215609208        7823.4948622971015     
   15.215686016332215        13876.870575131188        2224.3306472589638       -1156.0371059137551       -6475.2884110176892        6470.8497366535539     
   15.215686016263906        18293.278145659689        2509.1807097039296       -1441.3293508103538       -7314.1361662138152        5326.6266689951117     
   15.215686016129148        24115.237185588958        2796.7964792063030       -1708.2089398127953       -8137.9866524574145        4373.0544218645719     
   15.215686015941989        31790.073921397663        3093.8174662963320       -1960.9037384922331       -8962.2139621295337        3587.0720356673746     
   15.215686015605767        41907.479165162746        3409.0023351655523       -2201.3259060804285       -9801.9605196587381        2945.9341116822252     
   15.215686015596940        55244.816805355971        3757.1711420262354       -2397.9834045951757       -10650.860950188184        2439.6761160472101     
   15.215686015167773        72826.852021920640        4186.1910908908994       -2430.4311978278570       -11471.290880676866        2083.1279667077220     
   15.215686015074352        96004.488425157717        4880.2191656668610       -585.94575303585952       -10905.249047304302        2166.6457899975853     
   15.215686015124072        126558.56379853831        13847.590841052293        102015.42644788431        73926.673786021885        16998.221761793560     
   15.215686015006574        166836.67954815572        294529.53324536764        2704710.0378006054        2113812.5309735839        322499.93947515730     
   15.215686014997265        219933.57705259760        19551759.079185743        138581514.19751155        99469891.498301283        13398755.269647073     
   15.215686014998228        289928.91998442000        40701265.621709667        211447640.50226170        129523526.87229517        17139523.241310652     
   15.215686014998280        382200.75247184437        48621902.063730083        540719671.47555363        408978280.40118819        28227572.972793091     
   15.215686014997631        503838.71742731699        327874542.99970376        406334909.86688983       -576393658.57372463        49138761.567211241     
   15.215686014997505        664188.78439417260        565638030.68640828        667308402.86582160       -1029328257.0553405        63561182.033227026     
   15.215686014997509        875571.34070120705        1018190894.5651070        1520625495.9052954       -1533644516.1898971        92346569.810983866     
   15.215686014997516        1154227.8199662350        1770835594.5758162        669261775.53921986       -4642914757.1860657        95795777.001339659     
   15.215686014997518        1521568.6014997610        2153085088.5024452       -1740510414.7618172       -8199404746.0205336        62812620.623709552     
   15.215686014997418        2005818.0621028962        2029963129.4446623       -1942928094.9523220       -8032422282.3104525        42632648.936014757     
   15.215686014997416        2644183.1766852969        2184277158.7464066       -1558871355.5315163       -8111269218.0573969        37858495.406005122     
   15.215686014997415        3485712.2906428799        2388060909.0765162       -1880682352.8716688       -9044388329.6550827        30628013.967021242     
   15.215686014997370        4595063.7158088535        1792437379.4066560       -7431488004.6852827       -12808274865.484371       -2495367.2742538135     
   15.215686014997374        6057473.7074610675        1248375747.4883819       -114893204.52198982       -3859440478.1542683        11393557.757615650     
   19.155413782152106        7.9853055334849161       -3198.0835984750101        3458.3359731666669        7181.1135253237153       -7489979.4822802152     
   19.155413782143590        10.526682828943578       -3154.8647094444877        3423.3812471414981        7120.2807772243468       -5623905.3288884768     
   19.155413782148184        13.876870573904226       -3105.8194016660359        3383.2749336658408        7049.9728528419109       -4215949.2717286237     
   19.155413782151506        18.293278144127541       -3053.3147454766654        3339.8111615402004        6973.2339884494977       -3156998.5146795092     
   19.155413782154874        24.115237183787020       -2998.9297915618845        3294.2006736826092        6892.1514610848753       -2362256.9862298570     
   19.155413782157638        31.790073919417868       -2943.6566133971637        3247.2124315478632        6808.0800239233267       -1766660.2115166429     
   19.155413782161741        41.907479163487885       -2888.1255468060072        3199.3407376089590        6721.9193406071718       -1320745.7904024939     
   19.155413782159464        55.244816803173570       -2832.7622639802876        3150.9239647429708        6634.3138199403656       -987133.15517284151     
   19.155413782161986        72.826852021107399       -2777.8805012379603        3102.2153083477760        6545.7737065040201       -737674.11045560299     
   19.155413782156188        96.004488424646084       -2723.7331879758317        3053.4226578402995        6456.7434181047611       -551219.90692123119     
   19.155413782143551        126.55856379736683       -2670.5359221007975        3004.7852234656748        6367.6854131021319       -411894.12868797296     
   19.155413782123912        166.83667954772875       -2618.3706638997369        2957.5622334781065        6279.8557129269630       -307650.02716762444     
   19.155413782129273        219.93357705223096       -2566.1268276945211        2919.8974167236829        6199.0460212330845       -228692.30516013544     
   19.155413782092268        289.92891998335818       -2507.1773599089092        2917.4515574693210        6137.5975238701058       -166205.69359227223     
   19.155413782117822        382.20075247095326       -2422.2433253506038        2983.9207180388871        6090.7059885707422       -113329.47960945075     
   19.155413782056833        503.83871742455949       -2278.7626466196052        3115.6660686282130        5989.8195634232234       -67469.187994677486     
   19.155413782046583        664.18878439018772       -2044.2560957347184        3242.7365643311373        5700.3715387850289       -29837.771865705952     
   19.155413782026628        875.57134069504173       -1703.9427627645052        3265.3529160490252        5093.4283444711418       -2179.5237304837210     
   19.155413782014541        1154.2278199573784       -1266.7639792459220        3116.6828303914094        4120.3593325658021        15566.158462671588     
   19.155413781978854        1521.5686014852511       -757.74358509179308        2788.8398736660988        2823.3442362436931        25175.295094631736     
   19.155413781981984        2005.8180620841083       -206.33138529129556        2316.2266882494455        1295.2957663911830        29008.268452416869     
   19.155413782043041        2644.1831766689579        362.51659005793613        1746.8840373987953       -364.53729979280183        29179.490768725514     
   19.155413782088221        3485.7122906295617        927.42131607318549        1128.8107842861796       -2070.2071718974112        27273.384395601875     
   19.155413782161421        4595.0637158088684        1477.8212000420469        496.41985999434655       -3762.9111958080966        24363.412944032916     
   19.155413782193385        6057.4737074711920        2007.0960056327958       -124.39130982663232       -5404.0930114933817        21123.927073250339     
   19.155413782216606        7985.3055335118406        2512.3631281691501       -716.16109859493417       -6972.9687143652773        17946.364177046649     
   19.155413782286814        10526.682829022331        2996.2802545162963       -1271.1450746256062       -8465.4604726198086        15034.480972354328     
   19.155413782338560        13876.870574042197        3463.0407099173003       -1786.3079336746691       -9887.2054655411011        12475.081024862993     
   19.155413782253554        18293.278144225063        3919.5681193688843       -2264.5208953481642       -11253.134524363060        10285.217812629728     
   19.155413782176428        24115.237183814239        4373.9766622715224       -2709.1405766494318       -12580.943504916813        8447.3449461145810     
   19.155413782173191        31790.073919443788        4836.3230061450586       -3128.7898648394994       -13895.350110905893        6923.5705023911405     
   19.155413782007969        41907.479163151598        5316.5910439686058       -3528.7962709385574       -15219.471468757478        5672.5543111941297     
   19.155413781837684        55244.816802245696        5829.8694143037383       -3910.4183762123866       -16576.354425048576        4655.9802312994534     
   19.155413781653110        72826.852019172889        6403.9764153007673       -4215.1686272736824       -17952.436059544740        3858.8091837091351     
   19.155413782390760        96004.488425821954        7117.5589731046393       -4243.8643110107896       -19288.496774031646        3300.8758256235851     
   19.155413782590774        126558.56380032185        8445.1189603344392        1655.6086110205597       -15857.192651651863        3937.2615824491650     
   19.155413782836913        166836.67955393903        33408.894418883923        285897.93980679708        218718.89519579333        43669.693587858244     
   19.155413782961190        219933.57706178300        916975.47179722006        8107931.2852772661        6270055.5753922882        931481.58756536536     
   19.155413782956622        289928.91999644105        45365851.983591355        305480949.12002224        214715617.51288578        28629046.437937636     
   19.155413782957929        382200.75248771603        57647538.216827236        293183665.54530877        175878128.61640379        22925180.462045901     
   19.155413782959965        503838.71744831477        151183891.79833162        1799687882.9592681        1361024970.5297041        89323602.796703249     
   19.155413782959840        664188.78442185430        721494621.00309598        856255440.17428243       -1307687295.1634450        102208749.66701812     
   19.155413782959752        875571.34073769441        1240135030.1395638        1138504529.1059954       -2581447886.9912472        125985899.07268739     
   19.155413782959755        1154227.8200143343        2257180553.2029490        3166078079.9080138       -3604969490.6820445        192106727.62513229     
   19.155413782959759        1521568.6015631689        3735505151.6880865       -658965039.65031433       -11864940858.984007        166914949.21961236     
   19.155413782959762        2005818.0621864968        4316814687.5858173       -5744181483.6793861       -18694035096.287361        98738047.871182024     
   19.155413782959755        2644183.1767955036        4043547943.8424640       -2077392116.2565701       -14207388469.500269        94087756.998500258     
   19.155413782959752        3485712.2907881597        4428855520.7346067       -3098258181.4135752       -16384113295.130844        73651693.800560489     
   19.155413782959755        4595063.7160003847        4768201172.4524899       -1346538502.5666666       -15650358527.026163        68443344.250507653     
   19.155413782959755        6057473.7077135528        3228583219.2655401       -22064578659.133739       -31749463574.426170       -31736950.887612712     
   24.115237184790725        7.9853055338184360       -4165.6578869221494        4464.1800774453277        9231.6884752100159       -12180487.195503624     
   24.115237184784494        10.526682829385203       -4127.9976570009567        4434.5088937188557        9181.2660615232744       -9178348.9421513099     
   24.115237184781066        13.876870574481098       -4078.2904338886474        4395.0201011847830        9113.6128151707799       -6900260.9169195034     
   24.115237184772756        18.293278144878535       -4020.2714576996491        4348.4439498687289        9033.2173376166593       -5178790.4520790093     
   24.115237184797586        24.115237184797614       -3957.0836203831227        4297.1108466233327        8943.9672084732319       -3882207.7764006122     
   24.115237184800531        31.790073920749382       -3890.9096353698051        4242.6553648165473        8848.6296483851693       -2907888.3582248501     
   24.115237184809637        41.907479165250002       -3823.1483938280421        4186.1332122803260        8749.0272791275329       -2176866.9938934459     
   24.115237184818334        55.244816805522994       -3754.6958906962946        4128.2253146923549        8646.3707893556839       -1628971.3327679755     
   24.115237184838115        72.826852024254691       -3686.1587211661381        4069.3963185898610        8541.5222768298045       -1218640.6449022400     
   24.115237184863656        96.004488428925754       -3617.9845190150477        4009.9924412200112        8435.1603448977057       -911513.15645885910     
   24.115237184878733        126.55856380317117       -3550.5346838704095        3950.2989595803751        8327.8761707716931       -681736.07498013659     
   24.115237184873102        166.83667955551243       -3484.1116458353813        3890.7180769457632        8220.3486745865084       -509863.73177413997     
   24.115237184856873        219.93357706228230       -3418.7155009592216        3833.9518529048564        8115.0121966685065       -380986.07424197980     
   24.115237184843878        289.92891999701231       -3351.8710499181761        3795.9154763799688        8022.6275788317716       -282504.01450768032     
   24.115237184866633        382.20075248880363       -3270.9206952872510        3820.7418443019178        7961.9422364774164       -202724.81849401945     
   24.115237184877003        503.83871744991166       -3142.4001816193572        3956.7061692895495        7914.4760693455792       -133146.22686094043     
   24.115237184843796        664.18878442304936       -2914.3061246561024        4182.8493423842547        7755.7242574581069       -71811.686962846725     
   24.115237184843107        875.57134073924863       -2539.3319759908154        4378.5858600556103        7271.1867450884374       -21731.824546566721     
   24.115237184825382        1154.2278200155345       -2000.3191293231673        4393.2046057882344        6276.6279418428521        14239.801805460549     
   24.115237184766439        1521.5686015610315       -1315.6028274711118        4137.8215250744552        4720.4033199262876        36339.541497419545     
   24.115237184724034        2005.8180621801521       -525.20694272635376        3612.5759456571909        2682.6536786042457        47276.888565740963     
   24.115237184702263        2644.1831767847530        327.48396278740404        2873.9582887808133        307.83112213095444        50462.399446724943     
   24.115237184657769        3485.7122907675566        1203.4256225791491        1997.1165293709669       -2254.1708499123574        48866.601585224897     
   24.115237184698184        4595.0637159809230        2074.6541258843486        1049.4168836249569       -4881.5347342152982        44677.324321733831     
   24.115237184726606        6057.4737076950341        2924.3015643807157        82.632727911580332       -7488.0454675581250        39356.274175439365     
   24.115237184733772        7985.3055337996166        3743.2290268293541       -865.86158683717667       -10019.044110342555        33805.894008822856     
   24.115237184759728        10526.682829374440        4528.2624494025904       -1771.3951638712833       -12446.240459552355        28535.734118393011     
   24.115237184781364        13876.870574481331        5284.4609006469991       -2623.4889742621331       -14765.825439760425        23797.090166927508     
   24.115237184872814        18293.278144954507        6018.6968133093560       -3417.9081265405371       -16987.734868817839        19682.438465721909     
   24.115237184952203        24115.237184952322        6741.3692381440596       -4159.1615271453065       -19135.572926880435        16190.122403971720     
   24.115237184945386        31790.073920940449        7466.9929167173814       -4853.3407615334309       -21238.600194275117        13276.374397084493     
   24.115237184808326        41907.479165247867        8209.2101854530556       -5511.9122226393938       -23333.522013162219        10870.295558708136     
   24.115237184553159        55244.816804915688        8986.5296295513963       -6144.6012490994708       -25458.815916451633        8901.1020602465469     
   24.115237184338703        72826.852022746694        9823.5159432668825       -6747.8164705220406       -27647.464573162244        7306.5978092545320     
   24.115237184156399        96004.488426110373        10768.726949054020       -7214.3678339421649       -29872.363573291066        6064.1714378063571     
   24.115237183220231        126558.56379446751        11951.219553302333       -7191.2305209166188       -32008.592079008751        5203.7318838600722     
   24.115237183462625        166836.67954575465        14749.719341852620        11695.466530403968       -18398.778082303012        7774.9414606010359     
   24.115237183244162        219933.57704757460        83979.280492597260        779451.36235286784        611293.12780196010        111426.61011160444     
   24.115237183299161        289928.91997844115        3091444.1554638338        26292309.659802176        20101208.675311770        2911931.8434887058     
   24.115237183301961        382200.75246400567        95938827.962364241        613981970.48155916        421951782.83914179        55802096.543181919     
   24.115237183302224        503838.71741701040        81486968.219256103        438038293.11855239        267218265.28727853        32294892.385572832     
   24.115237183304341        664188.78438064980        496494537.14360827        4811602908.0674191        3334672065.9905276        241449371.96707731     
   24.115237183304323        875571.34068337979        1577331002.1828566        1649928621.5404396       -3081377258.2224569        207289415.32129598     
   24.115237183304316        1154227.8199427330        2721766565.8527565        3374742564.5429144       -4789820604.4444733        282368437.68049634     
   24.115237183304320        1521568.6014687796        4990620921.5822506        5967261103.9718018       -9003797462.6611214        389264049.08634508     
   24.115237183304330        2005818.0620620684        7798813545.3144064       -2760713389.4464235       -26156274788.782585        316145049.54622072     
   24.115237183304330        2644183.1766314758        8563866154.4557219       -10102677087.052223       -35793312432.702179        198857043.97734755     
   24.115237183304327        3485712.2905719299        8125497898.0198669       -10445642910.173767       -34821079247.893364        137175481.79615188     
   24.115237183304281        4595063.7157153273        8973450813.5621777       -6106820340.4690990       -33026009522.089325        143408742.66817167     
   24.115237183304309        6057473.7073377827        9370705555.4138279       -18481922889.237747       -46592756757.370850        65412504.391907252     
   30.359284901498967        7.9853055333245457       -5379.1282788256358        5724.3943233957098        11799.619044662815       -19674094.127489511     
   30.359284901499613        10.526682828737075       -5358.1303822062910        5708.1747242491574        11773.030175924796       -14883374.503053356     
   30.359284901499290        13.876870573628524       -5318.0727318864811        5677.1224104964476        11721.204133134441       -11229198.685130896     
   30.359284901493503        18.293278143757433       -5261.9872075269823        5633.3265946354286        11647.414116977714       -8452594.0480400510     
   30.359284901485704        24.115237183288691       -5194.3082514175239        5579.9594250792197        11556.787136112811       -6351310.6123320581     
   30.359284901485836        31.790073918756494       -5119.1045764491546        5519.9756742210666        11454.171719550788       -4766434.9245174965     
   30.359284901500462        41.907479162627233       -5039.3399512950500        5455.5465312726619        11343.180974474997       -3573953.0272211190     
   30.359284901509884        55.244816802062729       -4956.9592351116680        5388.1039478243620        11226.239484433234       -2678195.9709041463     
   30.359284901495421        72.826852019598732       -4873.2195390864244        5318.5760006441096        11104.961209281337       -2006093.5694212706     
   30.359284901505806        96.004488422719177       -4788.9737447994685        5247.5938200269557        10980.488626192808       -1502214.1532021645     
   30.359284901534817        126.55856379503111       -4704.8516428644007        5175.6253364378954        10853.714587686569       -1124685.2248501505     
   30.359284901577723        166.83667954505651       -4621.3623427707480        5103.0605134757670        10725.420407746991       -841958.90994942724     
   30.359284901574178        219.93357704862103       -4538.9163222768902        5030.6372153113261        10596.663325825972       -630242.18623262993     
   30.359284901590435        289.92891997931474       -4457.2414250261590        4964.1447839825214        10472.275333024163       -470989.52431304875     
   30.359284901557814        382.20075246470242       -4371.0180971739637        4934.1498020595864        10371.889610659808       -347735.44436052372     
   30.359284901588577        503.83871741843387       -4256.4363487782657        5015.0238527020338        10322.238199759540       -244860.78269289568     
   30.359284901609470        664.18878438292506       -4056.0899228208618        5272.3948340587704        10274.596272233306       -152156.42632965307     
   30.359284901585674        875.57134068569360       -3687.8751405905423        5648.7998705774489        10008.290668473273       -69354.965391337348     
   30.359284901541834        1154.2278199441166       -3084.0755956702633        5941.3277366768789        9186.3979656540032       -2401.4954336570518     
   30.359284901510456        1521.5686014690311       -2227.0653592622161        5925.7433318662133        7550.9641513366350        44333.925120159787     
   30.359284901513185        2005.8180620625794       -1150.6047140963440        5486.3588141978225        5056.8141375429423        71531.658894107866     
   30.359284901478937        2644.1831766291662        80.891776708856682        4641.8078534365513        1849.1564787345726        83357.997835023751     
   30.359284901440272        3485.7122905644455        1400.7338910977614        3486.2058603562737       -1846.1750389187091        84762.930919703998     
   30.359284901359608        4595.0637156932598        2753.2172801000124        2131.2670290157421       -5808.6134056007786        79936.492035200397     
   30.359284901312208        6057.4737072992248        4100.0232089528163        673.67987038809770       -9863.5215879360585        71910.812238938146     
   30.359284901333346        7985.3055332810236        5413.8049720404088       -807.93541478631414       -13883.860874364911        62681.867268333415     
   30.359284901380317        10526.682828695759        6683.0671756684196       -2260.6009394298917       -17793.345580384055        53458.214404473241     
   30.359284901435991        13876.870573599655        7905.5785554995073       -3650.2692983344596       -21554.646277049469        44900.946347202917     
   30.359284901492654        18293.278143757001        9089.8717104250100       -4962.0831062631860       -25164.810849407811        37314.976386722657     
   30.359284901537166        24115.237183329667        10246.257635483131       -6189.1657353750597       -28640.184008032185        30789.079063994817     
   30.359284901596833        31790.073918872848        11391.781121225642       -7338.0580384950372       -32017.770011703211        25286.572927901161     
   30.359284901600049        41907.479162764852        12548.945203758532       -8421.8598093945511       -35347.802246967723        20713.518584822767     
   30.359284901681235        55244.816802374720        13741.995564898978       -9455.4835663351823       -38685.547197978747        16950.920210766195     
   30.359284901712780        72826.852020120365        15000.594577815400       -10453.392946117940       -42092.353102771522        13879.690735917538     
   30.359284901626200        96004.488423100163        16365.514775862255       -11399.301872848406       -45614.637693860510        11401.596172395070     
   30.359284901497020        126558.56379487384        17923.421376535280       -12110.860288868555       -49209.809108138346        9480.5396540840429     
   30.359284901226136        166836.67954312480        19876.166090149818       -11817.919575497956       -52468.303652654184        8187.5717164461930     
   30.359284901191998        219933.57704585281        26466.600641832323        47438.115316739262       -5842.0016082501679        16884.329791853655     
   30.359284900514702        289928.91996904206        216867.63892991902        2079031.4653524256        1645464.0014720664        281661.62692730391     
   30.359284900535496        382200.75245183276        10793002.031262817        88127141.930874914        66521392.110576093        9416888.7021932844     
   30.359284900538395        503838.71740100574        175068737.62682608        1063525452.4716036        712769268.06562567        93836539.058919758     
   30.359284900545862        664188.78435965662        122795705.08633484        821853752.28201914        545110584.60225368        54672507.053817675     
   30.359284900546477        875571.34065572370        1479293034.5034943        9469348976.4979210        5038972595.8725357        519209837.35906374     
   30.359284900546708        1154227.8199062843        3443554764.2705412        2716177658.1002407       -7613389755.5684032        408885545.59890318     
   30.359284900546697        1521568.6014207301        5978732622.7804070        7149348556.1704063       -10785653777.401512        587090012.78784585     
   30.359284900546683        2005818.0619987249        10995794560.739346        12450845568.192696       -20535232069.099327        808521485.84930098     
   30.359284900546662        2644183.1765479711        16104227939.127682       -5062524736.6359367       -53373779310.886093        630776383.62217379     
   30.359284900546669        3485712.2904618508        16847260940.295067       -24506025267.386436       -75046241398.110962        333258019.75721639     
   30.359284900546680        4595063.7155702254        16438337698.648781       -11050513546.166889       -60363804806.701958        331634540.64296502     
   30.359284900546687        6057473.7071464937        18181121744.858437       -12499715345.936121       -67041183752.299355        276850480.29832166     
   38.220075245203773        7.9853055330754463       -6891.9222122115871        7297.7854966751165        15007.954445740928       -31588450.629982840     
   38.220075245213195        10.526682828411069       -6896.8730776664142        7301.4699478042685        15015.299730627263       -23978967.710136402     
   38.220075245208861        13.876870573197341       -6879.3721637497492        7288.1263551879301        14994.246001140205       -18159163.897945281     
   38.220075245202977        18.293278143189692       -6838.3247212902734        7256.7893585322581        14943.034345247330       -13717118.553608160     
   38.220075245194863        24.115237182541335       -6776.4340496775239        7209.2468545876509        14864.376361153285       -10337951.249861440     
   38.220075245192234        31.790073917768964       -6698.7310519402072        7149.0211800475408        14763.868976610062       -7777122.9878964731     
   38.220075245180496        41.907479161292358       -6610.3348287363642        7079.7576638317169        14647.401484120608       -5842986.2724046893     
   38.220075245173767        55.244816800276141       -6515.1915516563240        7004.2890415819338        14519.611700623493       -4385857.9871347835     
   38.220075245177128        72.826852017284651       -6415.9650952214261        6924.5329700512848        14383.689226631850       -3290013.0554362331     
   38.220075245200761        96.004488419695150       -6314.3958556974994        6841.7408229143393        14241.765926191649       -2466866.0437845462     
   38.220075245221281        126.55856379099167       -6211.6666393953255        6756.7604326268320        14095.341212422891       -1849089.4723450635     
   38.220075245216066        166.83667953947295       -6108.6506133324237        6670.2164955931066        13945.578514327222       -1385745.5491383930     
   38.220075245239755        219.93357704142244       -6006.0537450708453        6582.6445690278942        13793.506557839146       -1038400.2760763995     
   38.220075245262329        289.92891996984116       -5904.4027555939119        6495.5172969227369        13640.907695069895       -777950.72485573357     
   38.220075245287077        382.20075245287200       -5802.6959866601828        6421.1253440930723        13497.456828306509       -581129.91859227302     
   38.220075245315790        503.83871740270632       -5689.8191661237606        6417.1226894880529        13398.199817613120       -426007.88587218610     
   38.220075245308195        664.18878436160310       -5521.6306348251137        6606.1079736685224        13377.640845995758       -291650.79599784059     
   38.220075245277123        875.57134065755997       -5200.8117074560350        7070.5915989477544        13324.780384431106       -166440.80646238127     
   38.220075245233900        1154.2278199073910       -4599.3062754021175        7681.7455333095695        12856.803517704118       -53635.153395434158     
   38.220075245258833        1521.5686014231819       -3622.1862708804706        8105.2483111311758        11452.401943423030        36215.061719434947     
   38.220075245260276        2005.8180620020341       -2254.9974727440926        8011.7670651573335        8758.2632974195385        96768.488717867571     
   38.220075245256346        2644.1831765520637       -561.50885790699556        7260.3626324697734        4760.6543845970164        129658.24713691880     
   38.220075245208207        3485.7122904628545        1359.6372818275267        5901.7486013999878       -291.25621024552765        141319.89193305111     
   38.220075245187623        4595.0637155690711        3407.5618788448915        4088.5921488378303       -6048.4453652662069        138962.43984222176     
   38.220075245151534        6057.4737071392501        5500.8496966826615        1988.6645275398414       -12185.167079814972        128515.09835928740     
   38.220075245080949        7985.3055330498282        7583.4901741403637       -255.43147450272954       -18447.683842766492        114191.89154348191     
   38.220075245064265        10526.682828370103        9618.6894857473835       -2531.5545916809642       -24656.249573424127        98721.894773034495     
   38.220075245147981        13876.870573175302        11590.601413014065       -4762.6113172861296       -30702.909931915285        83723.245237039373     
   38.220075245233794        18293.278143204523        13498.524607561312       -6900.7125490097551       -36538.251893599358        70048.427547359155     
   38.220075245290595        24115.237182601846        15352.327499840949       -8920.1528788905362       -42157.539648751277        58058.652104190463     
   38.220075245379242        31790.073917924637        17175.698592926954       -10818.061482530818       -47596.059767610786        47820.127132620459     
   38.220075245480302        41907.479161621246        18993.804965349209       -12602.647749250320       -52910.742106715290        39231.117468605815     
   38.220075245620599        55244.816800922206        20841.596563854866       -14292.947622057221       -58180.526425888806        32118.894642726395     
   38.220075245643891        72826.852018174293        22758.827901178607       -15910.658247386895       -63492.241196472867        26283.342859514967     
   38.220075245638654        96004.488420795387        24796.763782168273       -17476.557411050733       -68944.404328050005        21531.641633351694     
   38.220075245687305        126558.56379253516        27025.931521924060       -18947.387700891522       -74603.456370265587        17711.675526388746     
   38.220075245253796        166836.67953963808        29588.599800861473       -20031.826088751201       -80408.068238755761        14756.838694127056     
   38.220075244631339        219933.57703792187        32819.169617775711       -18569.416994072250       -84789.734641059535        12932.530655065313     
   38.220075244758711        289928.91996602144        49866.108274293831        162143.91425464561        62777.753807977322        39850.402420151484     
   38.220075244622620        382200.75244622817        572553.49915540102       -38961458.937842220       -40105723.580983154       -3734920.2381374300     
   38.220075244623182        503838.71739357698        36678482.388066590        286656670.97218281        213240930.54656503        29587742.647578016     
   38.220075244623757        664188.78434971033        286557731.27064651        1656056726.2919872        1080537063.6379185        141877254.35614109     
   38.220075244626067        875571.34064264700        230108570.41054574        2281977405.8566227        1694799082.5236998        132945635.78798771     
   38.220075244629733        1154227.8198891478        3862287800.1294632        13955175053.912830        2372126409.0779839        938493968.45048249     
   38.220075244629790        1521568.6013981425        7509931924.5744734        5990521310.6107664       -16537501548.424580        853285036.51522708     
   38.220075244629811        2005818.0619689510        13157651099.386400        15323741170.677389       -24147274933.319633        1226079914.6329656     
   38.220075244629854        2644183.1765087266        24093317348.600105        19892188727.459770       -52385646682.614235        1585050016.9185200     
   38.220075244629861        3485712.2904101154        32979479356.538010       -13078047633.837860       -112014167093.70262        1203898773.2447519     
   38.220075244629591        4595063.7155019911        33027326027.883583       -46069981323.916702       -145149415380.39444        640316743.08436716     
   38.220075244629591        6057473.7070565419        33352879078.108562       -13322668586.458652       -113378507232.05962        700003336.46680915     
   48.116223966160099        7.9853055329572626       -8779.5625178257924        9264.7534083327100        19022.450974005980       -50499702.694843709     
   48.116223966164206        10.526682828253575       -8814.2473663673063        9290.6593235076980        19066.939132975524       -38425249.327197477     
   48.116223966178325        13.876870572995369       -8828.7017887834299        9301.3914116783908        19086.407294449808       -29188965.897271961     
   48.116223966184450        18.293278142928589       -8817.1481327900055        9292.6695751838997        19073.843391795039       -22125467.343937155     
   48.116223966189295        24.115237182204687       -8777.1203044819995        9262.5458330594047        19025.928041280036       -16731869.651035510     
   48.116223966189416        31.790073917327433       -8710.5999848086249        9212.2362872140257        18944.397571928734       -12624950.652188398     
   48.116223966194525        41.907479160727625       -8622.9929314743422        9145.4430762776774        18835.035897755097       -9508699.8960390110     
   48.116223966178872        55.244816799523434       -8520.5357576483329        9066.5259060114604        18704.784571017841       -7151961.0443010917     
   48.116223966189935        72.826852016302738       -8408.3708837128943        8979.1082710646751        18559.488292153259       -5374222.6156109544     
   48.116223966184528        96.004488418330581       -8290.0904039460911        8885.7241764913288        18403.294196509309       -4035685.1970569370     
   48.116223966178353        126.55856378910863       -8168.0718429759963        8788.0431359815830        18238.995368419561       -3029115.4461947293     
   48.116223966220986        166.83667953716119       -8043.9333888379369        8687.1919617805852        18068.542559893704       -2272864.7300701062     
   48.116223966261821        219.93357703842526       -7918.8677118068226        8583.9944380434190        17893.436334369093       -1705066.3624825706     
   48.116223966293816        289.92891996591175       -7793.8365844817590        8479.2034670511202        17715.042762802914       -1278967.8848701161     
   48.116223966329954        382.20075244773147       -7669.4448317343013        8375.9508951720127        17536.630701801412       -958938.20755049423     
   48.116223966351299        503.83871739577489       -7542.9191769031786        8299.9699555278512        17377.520019413336       -715389.06620319432     
   48.116223966362767        664.18878435275599       -7391.5773980557033        8357.9916972310639        17298.690387165188       -518503.30399413826     
   48.116223966403965        875.57134064735862       -7134.7309757131879        8747.2494911900794        17336.790327268034       -340284.93398226262     
   48.116223966394458        1154.2278198950203       -6609.3710642355845        9558.1339182066258        17258.813015406005       -168760.60847490319     
   48.116223966414907        1521.5686014065286       -5618.3841811789634        10529.188285169379        16413.539599441840       -13783.820009509102     
   48.116223966416023        2005.8180619800512       -4031.1370806508030        11119.041154247752        14006.068240041124        107099.93058257656     
   48.116223966465164        2644.1831765260563       -1849.0226792338776        10856.346984417967        9571.3449402598435        185153.01605259799     
   48.116223966453866        3485.7122904321427        819.36670906331210        9575.1870308772886        3165.2820804515618        223881.57540173433     
   48.116223966447819        4595.0637155304821        3818.6696602382162        7389.6116964161029       -4789.6394731545970        233244.97814018617     
   48.116223966455401        6057.4737070950550        6998.8680107427408        4541.9576649901119       -13759.972466105986        223766.45713079316     
   48.116223966395928        7985.3055329964463        10243.310050196975        1281.3419684747732       -23268.495980661435        203854.35179151554     
   48.116223966388944        10526.682828302799        13467.834421029482       -2179.6210553021610       -32945.125203403644        179373.77649944846     
   48.116223966374385        13876.870573051983        16623.237847506782       -5680.7212745741163       -42536.183987852652        154056.97335884249     
   48.116223966231637        18293.278142946616        19689.256045778096       -9111.2938212969329       -51891.194667644013        130064.25466259899     
   48.116223966198902        24115.237182209607        22665.984777977286       -12401.152367856339       -60943.097262669879        108485.26312272438     
   48.116223966329862        31790.073917420359        25574.866082407232       -15516.865136405970       -69695.063148874644        89732.670049900204     
   48.116223966364622        41907.479160875948        28448.862475851307       -18451.243193368748       -78202.716139013617        73814.058304450446     
   48.116223966345260        55244.816799714681        31333.038418117630       -21218.262385419177       -86558.369715146051        60518.396224464974     
   48.116223966541504        72826.852016835124        34285.213437360821       -23850.567531322158       -94891.924942032754        49541.777258363989     
   48.116223966715253        96004.488419389847        37370.123486755168       -26375.902317273423       -103337.67316273754        40557.805560048779     
   48.116223966872596        126558.56379093506        40672.347782462850       -28816.297740922757       -112049.32156911297        33260.280138202914     
   48.116223966619792        166836.67953854450        44319.267421823919       -31079.017070866841       -121128.59130548607        27415.974916999621     
   48.116223966387636        219933.57703900096        48517.944784679261       -32757.796402831002       -130494.99435309152        22876.612975437543     
   48.116223966507249        289928.91996719840        53599.718624902438       -27034.471395738550       -133859.73636342800        20517.300342136161     
   48.116223966373909        382200.75244808139        100705.52912787988        507761.22085733549        308349.02602636267        99411.912076489069     
   48.116223966466464        503838.71739698184        1565803.4089680538        14726232.522758072        11597011.879652193        1827408.1446692727     
   48.116223966477961        664188.78435434739        114119503.22463797        851187783.41249251        622743809.24224150        84967451.323047042     
   48.116223966478316        875571.34064871341        432186014.07463449        2398638969.8421268        1525164464.1039071        199180139.30975741     
   48.116223966478799        1154227.8198970458        624586556.24498844        8139882235.9695482        6363634778.4888535        432643914.13198453     
   48.116223966478515        1521568.6014085431        9152839864.3058071        18283332675.791847       -9171695888.6630077        1656476603.8232703     
   48.116223966478444        2005818.0619826573        16340343833.932453        16817364541.659817       -32200800010.023289        1863812692.8413262     
   48.116223966478607        2644183.1765268007        29060752374.764229        40616667195.916893       -46562456166.342308        2709356369.8314590     
   48.116223966478636        3485712.2904339437        52250406700.413666        23244850278.922913       -133502943675.29099        3008127910.0952644     
   48.116223966478643        4595063.7155334363        67209752129.559334       -47186632904.297493       -248812133139.54630        2128019600.9188938     
   48.116223966478636        6057473.7070979942        64829509995.405891       -73432014600.945389       -267916420556.47003        1335346162.2662680     
   60.574737071005281        7.9853055330135323       -11145.023818351810        11732.173974749743        24060.873333226780       -80522813.383500606     
   60.574737071016486        10.526682828328802       -11208.253829417639        11779.086849646576        24140.108285582570       -61345701.359288856     
   60.574737071027066        13.876870573092889       -11257.773110879982        11815.673641501129        24202.393214033600       -46693857.981731020     
   60.574737071042044        18.293278143059339       -11284.871208831431        11835.615445491449        24237.540950892329       -35490366.288973108     
   60.574737071044972        24.115237182375783       -11282.309574504479        11833.647356071993        24237.064705632190       -26924114.749335080     
   60.574737071058550        31.790073917560029       -11246.005589390252        11806.693747477977        24195.901060868207       -20381614.560997758     
   60.574737071076157        41.907479161041984       -11176.782774158240        11755.109548100807        24114.388301238734       -15396236.814030403     
   60.574737071098475        55.244816799976164       -11080.068287994351        11682.522873483495        23998.096222525604       -11609244.411869189     
   60.574737071098973        72.826852016883407       -10963.187949237385        11593.965901496722        23854.932188200211       -8741686.9644211363     
   60.574737071084606        96.004488419084069       -10832.686711405806        11493.973353713947        23692.115475347244       -6575983.0477665327     
   60.574737071072036        126.55856379009190       -10693.329799383841        11385.847125319602        23514.974515245613       -4943433.1512899930     
   60.574737071081763        166.83667953833640       -10548.322916227915        11271.792150413905        23327.139602092160       -3714401.1376336855     
   60.574737071074402        219.93357703976108       -10399.851403759676        11153.291492517432        23131.134079447354       -2790012.1174756750     
   60.574737071122193        289.92891996770857       -10249.520808673098        11031.419382305623        22928.877553311926       -2095235.9413261376     
   60.574737071179548        382.20075245017506       -10098.614741299873        10907.295985926885        22722.234702197158       -1573271.8321044652     
   60.574737071249835        503.83871739935728       -9947.6499667467597        10787.827557683713        22517.642572088902       -1180363.8987453859     
   60.574737071260799        664.18878435744034       -9789.7937236694561        10726.003294968748        22353.278329666718       -878142.81202865124     
   60.574737071297939        875.57134065332116       -9579.6995087958876        10915.613182674428        22332.115457771157       -625237.73047262023     
   60.574737071336131        1154.2278199038360       -9171.9051672564219        11665.272512927346        22474.166934570701       -384573.67681371595     
   60.574737071311169        1521.5686014168762       -8296.7266155133329        13045.391771546729        22316.340293135901       -146311.91037323739     
   60.574737071317578        2005.8180619938580       -6654.1343591873110        14556.207806626393        20770.058099250957        68129.581325516570     
   60.574737071348871        2644.1831765429229       -4073.1327581228334        15340.029034439209        16646.965167444574        230905.11172415238     
   60.574737071350064        3485.7122904552639       -587.58769940695231        14732.015388739106        9358.0831405630397        330657.50389430014     
   60.574737071303197        4595.0637155579852        3617.9325023965830        12558.558030708669       -893.24727663203521        374374.88415662013     
   60.574737071252507        6057.4737071252857        8301.0228908289300        9023.2655679573418       -13428.424415469739        377246.40665033169     
   60.574737071281184        7985.3055330499483        13241.388087140294        4570.6850095866466       -27374.312308036733        355305.40643782326     
   60.574737071208752        10526.682828362269        18268.849050533980       -492.45280882539737       -42097.174982186087        319828.68508962437     
   60.574737071188423        13876.870573129925        23263.851944301034       -5834.2758002708906       -57043.988710620426        279197.45453816664     
   60.574737071120090        18293.278143082996        28158.658224071085       -11223.553291118085       -71856.054044972552        238506.42374074692     
   60.574737070985606        24115.237182352263        32925.671305034877       -16499.217558469558       -86322.872771000490        200625.47753190683     
   60.574737070831681        31790.073917441110        37573.320865485810       -21564.497409727235       -100360.98615195497        166929.20853857175     
   60.574737070866313        41907.479160896983        42134.277201076096       -26365.820046218723       -113980.38742906204        137862.51181780075     
   60.574737070925032        55244.816799818196        46667.831780221073       -30905.855024840082       -127287.04693124301        113306.24602786824     
   60.574737070932400        72826.852016683391        51247.001650028375       -35188.231125788414       -140412.20427650280        92881.361137855740     
   60.574737071111130        96004.488419126428        55963.708189109399       -39273.644966572909       -153575.06791214601        76060.090234462987     
   60.574737071032303        126558.56379000928        60928.842536586730       -43192.457849494458       -166983.69876189105        62325.301257734594     
   60.574737071343023        166836.67953905641        66291.235343643173       -46963.569766286208       -180885.83150520321        51198.540550077756     
   60.574737071402886        219933.57704095432        72270.007244606153       -50403.812048883148       -195440.46211375028        42318.652738589211     
   60.574737071724719        289928.91997059307        79080.804812558563       -53094.369216403356       -210510.34739036165        35312.872378687789     
   60.574737071483888        382200.75245209615        88071.441514168633       -30454.830911286641       -203982.45315747027        34120.769621078114     
   60.574737071064227        503838.71739781427        220188.65482515190        1502907.0125865226        1067913.3118219145        254680.50211787183     
   60.574737071061293        664188.78435525380        4607034.4560932545        42055473.411304362        32801352.003437873        5022535.1585179921     
   60.574737071068817        875571.34065001016        310301153.40233660        2204180920.7431636        1582798407.1008520        213020831.31574002     
   60.574737071070260        1154227.8198987714        614344074.84328270        3384626672.4848576        2121714083.1732569        270091114.05531913     
   60.574737071069677        1521568.6014108120        2247882815.9514561        31417460953.997383        24743597566.889526        1581654173.1831760     
   60.574737071069976        2005818.0619856606        20635299733.626408        25584794256.796673       -36316371133.218033        3094387377.4245715     
   60.574737071070004        2644183.1765307523        35675896790.894089        42113636551.262360       -64909419479.011185        4009772901.8794780     
   60.574737071070047        3485712.2904391540        64228807752.219307        95955021389.566498       -96726336947.836029        5826119229.5751915     
   60.574737071070061        4595063.7155403048        111716115204.05634        42238407255.487915       -292904397462.52997        6043842405.9362183     
   60.574737071070054        6057473.7071070485        135832906857.14186       -109807027122.24319       -517299668571.21820        3962822739.4740777     
   76.259075811529982        7.9853055330230784       -14123.736411570419        14838.587666879657        30403.567659509186       -128234774.19357881     
   76.259075811537926        10.526682828340535       -14210.347801028578        14902.505798432732        30510.792138241544       -97725494.006474569     
   76.259075811546808        13.876870573107549       -14293.094675207918        14963.285991567169        30612.840603489589       -74459158.134802133     
   76.259075811552293        18.293278143075455       -14361.239212010207        15013.135351174989        30697.145797556084       -56689835.073336303     
   76.259075811556997        24.115237182397351       -14404.762241160679        15044.873662923310        30752.266211741895       -43108096.847965099     
   76.259075811572202        31.790073917587680       -14414.925094993981        15052.244338602697        30768.268135324433       -32726353.898897666     
   76.259075811584509        41.907479161073006       -14385.849952899982        15030.948359233840        30738.243469744513       -24796896.658638682     
   76.259075811600027        55.244816800007953       -14316.766519726860        14980.201304494187        30660.743473807051       -18751509.208269369     
   76.259075811601690        72.826852016926310       -14212.645277339461        14903.228594619019        30540.631126713030       -14155006.184276547     
   76.259075811615006        96.004488419180163       -14081.739362344442        14805.604826725750        30386.564816351987       -10670500.321634049     
   76.259075811612320        126.55856379024036       -13932.165056255904        14692.868786811548        30207.264443302538       -8035764.5975433579     
   76.259075811607900        166.83667953849564       -13770.136518710886        14569.259879943365        30009.495595225682       -6047392.5041650133     
   76.259075811595139        219.93357703996097       -13599.922054591229        14437.662666496588        29797.945498442539       -4548839.4757626513     
   76.259075811580047        289.92891996768594       -13424.438521702656        14300.013121199905        29575.864571600563       -3420519.9936576867     
   76.259075811558660        382.20075244967614       -13245.818453906635        14157.700770866832        29345.697904099248       -2571559.7781866365     
   76.259075811576551        503.83871739823309       -13065.731166885778        14012.566674944992        29110.150676314348       -1933004.6106511434     
   76.259075811596915        664.18878435601550       -12884.119868331729        13880.037459088775        28882.501062184951       -1450776.5222600033     
   76.259075811617805        875.57134065114599       -12685.215704618544        13867.251901233640        28736.999262013622       -1073814.4577380694     
   76.259075811690579        1154.2278199013422       -12380.050571922840        14319.014255989565        28841.401262463274       -743709.84203517425     
   76.259075811705756        1521.5686014145188       -11709.990034499202        15702.615470508186        29151.669250409886       -412356.48092768184     
   76.259075811763978        2005.8180619920693       -10233.581977690481        18001.623629094287        28783.222893803788       -77119.838033253327     
   76.259075811744054        2644.1831765385082       -7504.5972820041316        20305.520431241097        25951.974024361149        221215.93564676380     
   76.259075811740786        3485.7122904492257       -3308.3160364225755        21277.115120126022        18913.334304963584        440103.47106253152     
   76.259075811749213        4595.0637155540890        2255.8569695642673        20000.666555576558        6968.4991697571131        565886.00216235884     
   76.259075811735968        6057.4737071241680        8876.7078953186010        16337.369401536742       -9394.4096274225358        611773.43234050204     
   76.259075811692483        7985.3055330401412        16187.183980936410        10695.262382430956       -29043.207687155867        601552.42888293555     
   76.259075811606479        10526.682828350058        23858.608266113908        3668.3307746159699       -50758.612015510262        557680.04539305205     
   76.259075811593320        13876.870573116086        31644.653687565442       -4190.0184188892272       -73523.084316765424        497077.49861879396     
   76.259075811558631        18293.278143077070        39379.644648911337       -12432.374020668067       -96582.398158159602        431080.76853460085     
   76.259075811505554        24115.237182381203        46968.964054554381       -20723.850395119080       -119430.99560513905        366615.34901302087     
   76.259075811461798        31790.073917541802        54381.415523930016       -28836.248499559228       -141782.84666253912        307463.95010357571     
   76.259075811374728        41907.479160957904        61633.627982495360       -36627.436456830314       -163529.57822018833        255328.72429457575     
   76.259075811138175        55244.816799673601        68787.452731569691       -44020.649452061429       -184704.61479313194        210641.80377174306     
   76.259075811176160        72826.852016520206        75937.332904906332       -51045.167703122104       -205505.94249924918        173027.07519609586     
   76.259075811167719        96004.488418617388        83206.292465529623       -57638.535728056988       -226085.11564633518        141885.10765839746     
   76.259075811484550        126558.56379002874        90748.694731834839       -63952.052036606663       -246850.74773607435        116283.73901683356     
   76.259075811604120        166836.67953848789        98753.038662308318       -69988.514688893280       -268110.22875013488        95432.087260167027     
   76.259075811988538        219933.57704109614        107480.51917707488       -75738.967564132603       -290263.59431202494        78592.624415835046     
   76.259075812286540        289928.91997037269        117297.11695695817       -80920.135186794752       -313594.08694729127        65175.358764160395     
   76.259075812637803        382200.75245508557        128154.37072374488       -85410.142562958310       -337623.17493744020        54253.278170293335     
   76.259075812379805        503838.71740354114        145544.33828098368       -3792.1070955940813       -287539.01639271388        60477.473670546759     
   76.259075811553913        664188.78435564227        517865.23554604792        4267624.8077774206        3243904.8061767705        656246.00207959348     
   76.259075811551725        875571.34065038862        14532946.744538253        128280563.50975010        99089465.889218405        14748654.054732284     
   76.259075811555846        1154227.8198993043        720947857.61172152        4871479533.9098053        3426536851.7610183        456231699.74492931     
   76.259075811559129        1521568.6014115948        850734015.65537739        5124692873.6686478        3293934583.2900600        382851550.33057207     
   76.259075811555817        2005818.0619865961        8642411612.3087673        111050740131.66127        85164223460.715439        5444851486.6467400     
   76.259075811555704        2644183.1765319798        45495575264.223381        54046260994.381111       -82433357181.534088        6447255051.3564901     
   76.259075811555647        3485712.2904407666        78225400185.670044        71849799290.462219       -162818918877.61810        7948140999.0023899     
   76.259075811555590        4595063.7155424263        142394608459.93634        199782250413.99469       -227393396218.92346        12120256036.442556     
   76.259075811555746        6057473.7071098601        235668354005.26578       -41560325344.868103       -748556435385.99109        10530905792.253532     
   96.004488419127327        7.9853055330276046       -17891.559789567920        18762.095699382666        38409.192024392993       -204159487.02611318     
   96.004488419129231        10.526682828345614       -17991.970644097506        18835.865381095016        38532.646248892328       -155525524.33940342     
   96.004488419148032        13.876870573115342       -18101.976272087533        18916.304646851611        38666.960934868548       -118521412.21793550     
   96.004488419145773        18.293278143083985       -18208.769123197326        18994.035254299004        38796.894301679524       -90309153.512734354     
   96.004488419154157        24.115237182409217       -18300.114493222511        19060.261736981520        38908.393619275907       -68770279.002934754     
   96.004488419166975        31.790073917601223       -18364.631577830878        19106.917562748666        38988.755781128100       -52314034.938063778     
   96.004488419170414        41.907479161085604       -18392.076142700022        19126.768724218979        39026.655650897737       -39739229.782632545     
   96.004488419176170        55.244816800016629       -18374.675241770638        19114.251725013415        39013.334609788086       -30135541.731658332     
   96.004488419180220        72.826852016939213       -18309.678510143072        19067.206815164562        38945.248825658404       -22811286.990415428     
   96.004488419183915        96.004488419184113       -18201.028641222289        18988.077000687546        38826.005709418219       -17238170.308095090     
   96.004488419205771        126.55856379027884       -18057.581271833016        18882.745208889082        38664.657076366253       -13008971.994123869     
   96.004488419212521        166.83667953856778       -17889.115997112433        18757.795144507836        38471.481649199064       -9807607.3580495752     
   96.004488419204520        219.93357704007451       -17703.591291113175        18618.584661556804        38254.953989360642       -7388952.6245625019     
   96.004488419193507        289.92891996785977       -17506.622423454421        18468.854119929383        38021.103482459104       -5564146.2226252407     
   96.004488419150007        382.20075244983929       -17302.063909065288        18311.114901883473        37774.106099477394       -4188707.5541547216     
   96.004488419129302        503.83871739822138       -17092.715971844962        18147.162451651038        37517.085150194354       -3152699.1753764367     
   96.004488419149737        664.18878435596412       -16880.669023529594        17980.434849532128        37254.378469224335       -2372413.1519633336     
   96.004488419137587        875.57134065072739       -16664.054362666662        17845.287444048085        37013.960673836264       -1780240.7733067393     
   96.004488419171381        1154.2278199000955       -16408.030813195663        17954.195927180543        36937.438182038197       -1306084.4826629416     
   96.004488419190437        1521.5686014128744       -15941.111143572765        18907.668729266887        37286.102534086720       -866472.95678723918     
   96.004488419222952        2005.8180619890488       -14809.803736915936        21384.906685573042        37846.303796808592       -401200.47323157784     
   96.004488419213942        2644.1831765349698       -12302.516323023940        25144.683330071803        36984.755614941256        75660.766181603714     
   96.004488419256845        3485.7122904462681       -7766.0280963793048        28580.728470553873        31826.802683514910        492048.50223755999     
   96.004488419315123        4595.0637155524710       -951.82542673411649        29647.310587729844        19869.833635334602        785150.46469362383     
   96.004488419346927        6057.4737071250956        7915.1286254375036        27123.274740225566        375.87499230910998        940509.22889433638     
   96.004488419366183        7985.3055330475199        18324.728153338703        20984.571343471838       -25656.376185760044        982119.19867333560     
   96.004488419379825        10526.682828373152        29716.416204744921        11950.681161208748       -56416.445542232963        946560.09087566938     
   96.004488419372663        13876.870573147889        41611.673542479315        934.85843054516590       -90089.662315353489        866554.03862030222     
   96.004488419299335        18293.278143113344        53658.354339369391       -11247.552618593611       -125210.75407244294        766021.94163695257     
   96.004488419229872        24115.237182428358        65622.858025570342       -23947.690508912521       -160712.14060464533        660638.56527695665     
   96.004488419126716        31790.073917588048        77380.349024962867       -36689.154900333066       -195894.42780028895        559752.14264191198     
   96.004488419161618        41907.479161081959        88894.383673436081       -49144.764239915632       -230369.38515638345        468292.41578991659     
   96.004488419025989        55244.816799930450        100205.90046941472       -61112.525220180389       -264007.82191479323        388313.48375003570     
   96.004488418860618        72826.852016697070        111420.62004278731       -72470.384484027396       -296878.95040259819        320145.31912286044     
   96.004488418554857        96004.488418555411        122693.08846686262       -83287.030531123863       -329321.86166948907        262960.59022848104     
   96.004488418620767        126558.56378950810        134239.88714099553       -93419.377711222260       -361572.92133902712        215794.22246990920     
   96.004488418706160        166836.67953768835        146311.04351978720       -103108.67457903581       -394281.76552298851        177103.00493915091     
   96.004488419052365        219933.57703972666        159239.92688370289       -112301.01385443303       -427936.31950824684        145679.69282821228     
   96.004488419377907        289928.91996841744        173497.60479541769       -120913.70691958195       -463203.82101493346        120398.21345465972     
   96.004488419665975        382200.75245189440        189599.81212029394       -128749.38154544758       -500634.39559371211        100162.39586152545     
   96.004488420088833        503838.71740325814        206523.05736854702       -136166.05051751563       -538099.70822659344        82994.760440441925     
   96.004488419750800        664188.78436012380        244448.26137880920        140010.22671396905       -332154.42081487505        117583.24749674049     
   96.004488419643437        875571.34065534233        1286484.0483488739        11734867.250768319        9186407.5082954206        1681661.5951398916     
   96.004488419562378        1154227.8199047979        49187100.192168549        418761325.43555671        319982749.14045119        46387563.582878783     
   96.004488419564126        1521568.6014187981        1525681772.8888025        9821092100.2473869        6757992904.9579268        891543087.57190132     
   96.004488419566115        2005818.0619962208        1273182454.9235504        10194906202.351255        7149138658.9434786        681355656.71664310     
   96.004488419566925        2644183.1765446942        30571876447.513546        302160319212.71997        210479509160.34497        15105329111.094149     
   96.004488419567082        3485712.2904575355        99489834656.759018        104138344701.74141       -194319993628.50061        13077455486.146620     
   96.004488419567053        4595063.7155645350        171696488878.62180        212956095382.96164       -302121297497.55554        17814649822.813900     
   96.004488419567124        6057473.7071389947        314848231474.37335        376534887574.22198       -567996614195.90210        24559573531.167259     
   120.86249011773974        7.9853055330673364       -22675.520162799476        23730.766082579237        48535.226678972656       -325152813.11121315     
   120.86249011773791        10.526682828397620       -22774.984679217956        23803.552065828157        48657.321886751495       -247474396.37502638     
   120.86249011775224        13.876870573182831       -22901.229577197671        23895.529083246387        48810.746889527742       -188513309.08438349     
   120.86249011775979        18.293278143174525       -23039.920797571729        23996.106704735783        48978.170807938790       -143655106.32208005     
   120.86249011775756        24.115237182526016       -23176.270562559377        24094.548977630577        49142.297619296500       -109462677.71254101     
   120.86249011776287        31.790073917752352       -23296.386323360155        24180.956634871960        49287.457735475095       -83367070.565799654     
   120.86249011776427        41.907479161283817       -23387.467423688668        24246.347650970805        49399.667871516111       -63437191.246386312     
   120.86249011776707        55.244816800275892       -23437.784481669045        24282.540259188223        49466.302833998299       -48213464.438263781     
   120.86249011778375        72.826852017287976       -23437.650339482680        24282.719059676881        49476.826039232597       -36588747.895456336     
   120.86249011779911        96.004488419652361       -23382.041311656270        24243.181546954576        49425.412168483082       -27721599.062600881     
   120.86249011780775        126.55856379087636       -23273.262728873277        24165.194939174497        49313.869214693179       -20970471.118252888     
   120.86249011782392        166.83667953936603       -23120.275136531447        24054.609532818846        49151.154933240323       -15842708.182843093     
   120.86249011783984        219.93357704117415       -22935.491427810499        23920.015319968526        48950.051954042123       -11957141.019734507     
   120.86249011787261        289.92891996942120       -22726.909208443332        23766.068638899007        48719.036517835193       -9018458.5983431581     
   120.86249011790763        382.20075245218158       -22502.831129336537        23598.578694153035        48466.824947329871       -6798968.7360195136     
   120.86249011791318        503.83871740144087       -22268.310653119999        23420.789442625868        48198.798530119166       -5124273.2348537836     
   120.86249011789573        664.18878435997101       -22026.992483348629        23235.053643485266        47919.000218792353       -3861496.4093114212     
   120.86249011788337        875.57134065603088       -21781.324395779659        23048.578994640611        47635.271760626951       -2908879.3269561306     
   120.86249011782623        1154.2278199061348       -21524.678418467887        22936.936416108674        47406.714398320531       -2180306.2307410552     
   120.86249011780326        1521.5686014202445       -21181.547117791717        23312.077469779313        47496.347050110009       -1576273.0366181075     
   120.86249011779522        2005.8180619979519       -20428.990689225775        25198.145906502865        48289.449388395718       -976894.07776880311     
   120.86249011781223        2644.1831765473257       -18481.092104604671        29527.877106750049        49183.030791309473       -311396.03124815231     
   120.86249011791780        3485.7122904640446       -14209.383149458641        35567.566280355117        47247.036916907928        372595.48750011134     
   120.86249011800108        4595.0637155762815       -6680.5589642482264        40564.466825461117        37935.673465512256        954064.85844349256     
   120.86249011809807        6057.4737071593381        4357.2561783186275        41446.255204076042        17753.713955177609        1343440.8463117834     
   120.86249011806615        7985.3055330889511        18447.981431043405        36657.757220611558       -13892.719299263797        1529273.3743301774     
   120.86249011799963        10526.682828420480        34770.986001678626        26444.238236046585       -55121.037505918794        1553785.8037727445     
   120.86249011805685        13876.870573217888        52481.591650213675        12030.943326555891       -103086.04808646132        1472913.7046102225     
   120.86249011805026        18293.278143218591        70886.930930170143       -5189.8720589495351       -155116.47574549750        1334120.7728593103     
   120.86249011800187        24115.237182574896        89486.798926804782       -24025.569215132142       -209125.88412330014        1171033.8692848727     
   120.86249011800180        31790.073917815360        107962.64425451604       -43549.054082283503       -263628.03835148970        1005172.7304784511     
   120.86249011792864        41907.479161341005        126149.82289650349       -63084.758069269636       -317665.36122987117        849024.55305155087     
   120.86249011796613        55244.816800367138        144016.43364227377       -82171.065752486480       -370724.65830793610        708915.63881950476     
   120.86249011787731        72826.852017344660        161641.60909410924       -100506.91906675023       -422650.10548235010        587238.42018318851     
   120.86249011790386        96004.488419735964        179213.64817180115       -117901.30886438239       -473584.06493148394        484054.21688922722     
   120.86249011783087        126558.56379090107        196987.54484732461       -134373.39665887805       -523990.96850174322        397881.32011356158     
   120.86249011763466        166836.67953910536        215338.40768187080       -149963.38504562285       -574555.90107338736        326845.21735042689     
   120.86249011761566        219933.57704076695        234687.88032492404       -164686.86188685056       -625991.73786299385        268810.64463705028     
   120.86249011762587        289928.91996883019        255637.72372990483       -178456.27575582700       -679191.02331839968        221841.91135683542     
   120.86249011796711        382200.75245237077        279045.13187488186       -191038.68366707797       -735314.22776729544        184217.97218010214     
   120.86249011792957        503838.71740151045        305219.91798143327       -203372.09821554495       -795424.20801632782        153477.35125578786     
   120.86249011814387        664188.78436133615        331179.94607211428       -213562.02670050273       -850931.92335484351        126786.93753037359     
   120.86249011817307        875571.34065813129        424287.72596506000        675752.24515121174       -138124.35380207183        253927.97516538488     
   120.86249011799718        1154227.8199077693        3315281.2389676729        31542775.237019368        24959922.467107903        4276407.8081387756     
   120.86249011797729        1521568.6014224377        171730330.88679779        1405882719.6658502        1061067720.4364496        150201373.02030510     
   120.86249011795528        2005818.0620006104        2765274521.7710972        17004163509.125986        11429929624.114655        1496418389.8573151     
   120.86249011795164        2644183.1765503790        2618558605.6291881        30220979091.885750        23010809916.560875        1800509201.0565648     
   120.86249011794997        3485712.2904649759        92905004245.136902        597533619483.68262        318857815374.02197        32719799563.140938     
   120.86249011795026        4595063.7155743549        217221166754.15680        171422423071.25287       -480223216136.33624        25796157078.523666     
   120.86249011795034        6057473.7071519401        377175295312.46698        451132473418.72723       -680373977834.00024        37040415853.892334     
   152.15686014221660        7.9853055330816503       -28765.973718702990        30034.656516972707        61361.903866511027       -518208103.56977367     
   152.15686014223030        10.526682828417599       -28845.350370429671        30092.600231163829        61460.451298568063       -393944192.20656818     
   152.15686014223127        13.876870573207610       -28970.696334371725        30183.656451093531        61613.019871086311       -299826111.33916056     
   152.15686014222732        18.293278143205573       -29128.712843128695        30297.931637867376        61803.366831034728       -228380163.97919434     
   152.15686014221950        24.115237182566155       -29302.591641567367        30423.113715973261        62011.512704914261       -174027008.22165638     
   152.15686014222467        31.790073917804943       -29475.271908344184        30546.918750498258        62217.839246836083       -132605841.04795545     
   152.15686014222624        41.907479161353088       -29631.019579160733        30658.228745469831        62404.925851458029       -101003185.53853790     
   152.15686014223138        55.244816800367808       -29755.548642177015        30747.112317880117        62557.493467216176       -76876332.423220068     
   152.15686014224212        72.826852017404221       -29835.683979029167        30804.480738274302        62661.718411712573       -58453208.255120322     
   152.15686014224579        96.004488419795720       -29860.880569993453        30823.327893579128        62706.446290703381       -44388650.497154437     
   152.15686014224985        126.55856379105968       -29821.672951385346        30796.327703874111        62681.536004960726       -33659862.323586844     
   152.15686014225179        166.83667953958746       -29719.151330817887        30724.210554613790        62587.530607052249       -25487767.424162574     
   152.15686014224968        219.93357704143406       -29562.730261381799        30613.362292942667        62433.688534024375       -19275909.217565056     
   152.15686014226333        289.92891996971122       -29363.260591793711        30470.235424517730        62231.125509688842       -14564374.460859718     
   152.15686014229334        382.20075245252855       -29134.042806160749        30303.945221846872        61993.601748329063       -10997400.110812820     
   152.15686014230107        503.83871740190079       -28885.467410423989        30121.623098645716        61731.952371907035       -8300615.3180216830     
   152.15686014233626        664.18878436082673       -28622.121967567982        29925.448414041257        61451.140689012500       -6263663.5114404215     
   152.15686014234720        875.57134065731134       -28349.721571997867        29719.643442840854        61157.575743224981       -4726051.3818470072     
   152.15686014231383        1154.2278199081154       -28070.726422545340        29520.458118920513        60867.016290729269       -3563616.7315680664     
   152.15686014225346        1521.5686014225410       -27766.035418584681        29490.249660880647        60702.173057620865       -2663603.1345164813     
   152.15686014225048        2005.8180620010737       -27281.530158601832        30415.871405729980        61143.932232051564       -1880233.4405020026     
   152.15686014217596        2644.1831765497741       -26011.784201856852        33994.230074227948        62706.607771064417       -1041933.5895500731     
   152.15686014220159        3485.7122904648136       -22618.514957440595        41408.718886808972        63973.619862174397       -74783.181132624275     
   152.15686014223280        4595.0637155750728       -15342.259491803001        50938.021056723890        59820.751427733165        911422.91422827891     
   152.15686014227623        6057.4737071546106       -2885.1614055993423        57979.767594092649        43197.444289302090        1721307.6445235885     
   152.15686014233171        7985.3055330877396        14924.409993203513        58026.262722012441        9398.2158084242656        2231988.3904117015     
   152.15686014241982        10526.682828430772        37232.840545055478        49219.276225998423       -41648.830582980932        2443073.1319761127     
   152.15686014234933        13876.870573218463        62735.813354537982        32359.418510401141       -106573.62466232172        2426910.9383537676     
   152.15686014236525        18293.278143222262        90176.728317997462        9478.5819797941949       -180982.83172850806        2268374.1798578096     
   152.15686014244184        24115.237182601526        118566.72747181548       -17329.628880627541       -261006.13467863770        2035812.4949221178     
   152.15686014239191        31790.073917840054        147210.19521677305       -46344.690153788324       -343722.93501829728        1776096.3036922233     
   152.15686014239702        41907.479161400341        175674.00260699532       -76256.334523509009       -427096.86316178052        1518426.7007845298     
   152.15686014238068        55244.816800422268        203752.71694891845       -106115.93981136801       -509838.39311222581        1279280.7171424082     
   152.15686014235698        72826.852017459518        231430.42166020034       -135271.45072257079       -591279.21456317150        1066603.0886003904     
   152.15686014234791        96004.488419860558        258863.78291946420       -163264.21964696812       -671238.53935283294        883048.64905637351     
   152.15686014228626        126558.56379109046        286381.66620073683       -189797.61809255948       -750003.57061243546        728100.98421654524     
   152.15686014215743        166836.67953948467        314413.88891958445       -214868.17087905348       -828308.81507769926        599134.94198145391     
   152.15686014204644        219933.57704114108        343607.05279280449       -238500.88321907434       -907293.92508689547        493131.43610162381     
   152.15686014172621        289928.91996868874        374705.40258496342       -260557.83428684840       -988045.78964320756        406811.53265629814     
   152.15686014215822        382200.75245219038        408809.26210821210       -280680.83718939638       -1072035.9067288577        337266.16083660570     
   152.15686014224380        503838.71740171255        447466.14902132255       -298478.79320638470       -1161411.0210191358        281782.33768087119     
   152.15686014284483        664188.78436304850        488956.88307269127       -319909.41263199830       -1257853.2447248143        233962.90027946324     
   152.15686014346778        875571.34066376172        529229.19104089239       -323228.14691581228       -1330278.4413035023        194812.45971301774     
   152.15686014336802        1154227.8199161147        778421.40923329419        2423556.3676030859        934847.31977544515        600419.88109227736     
   152.15686014294829        1521568.6014294922        8806743.1103344243       -4167008808.5926161       -4184530092.0286317       -414228184.50390488     
   152.15686014298143        2005818.0620107136        583174053.65064609        4573532071.7448711        3402476738.2021990        471894589.11645925     
   152.15686014298637        2644183.1765638632        4416048325.1676073        26281853121.345173        17288943434.572155        2236684449.1911926     
   152.15686014298461        3485712.2904827585        8397018247.6271429        120123415417.17793        95306097800.911972        6594443413.3219681     
   152.15686014298547        4595063.7155978121        243498880871.59427        881403891402.95630        150951709548.32980        59226344351.201904     
   152.15686014298558        6057473.7071828637        473760113842.02893        378038067257.31213       -1043213530607.2780        53834180025.520874     
   191.55413781284904        7.9853055331233893       -36529.536752687338        38039.195190947416        77619.479732454813       -826490771.75175345     
   191.55413781284628        10.526682828471523       -36568.565770955189        38067.935036851311        77672.000115048635       -627537920.18158686     
   191.55413781287174        13.876870573280453       -36670.587687781721        38141.991368068440        77798.288265084222       -477077456.45787412     
   191.55413781288109        18.293278143302967       -36828.105304618337        38255.707646588628        77989.041932163498       -363091983.55955797     
   191.55413781288644        24.115237182696450       -37025.289636177004        38397.412326023412        78225.270534804295       -276556434.87050354     
   191.55413781288391        31.790073917975210       -37242.439291708499        38552.796305857075        78483.964271074161       -210727380.60133994     
   191.55413781289573        41.907479161579701       -37460.888053669420        38708.814106227837        78743.905007023684       -160570109.49085480     
   191.55413781290596        55.244816800667614       -37660.854815121427        38851.002021017026        78983.754067386151       -122312966.84733090     
   191.55413781290935        72.826852017795602       -37827.496557370774        38969.442729448514        79187.945520522509       -93115643.178473458     
   191.55413781292472        96.004488420317074       -37947.247450898241        39055.191325226500        79342.600266248744       -70828248.728675142     
   191.55413781295371        126.55856379176269       -38004.828140360769        39097.155121014148        79432.172303042607       -53817869.683318526     
   191.55413781296832        166.83667954052484       -37991.305301697248        39089.399426045733        79447.323968461686       -40842338.106831215     
   191.55413781297895        219.93357704268499       -37905.083064954866        39030.836820103439        79386.031392340636       -30955859.091543522     
   191.55413781299973        289.92891997136570       -37752.280200757246        38924.904062424597        79254.223165103962       -23435944.480002392     
   191.55413781299603        382.20075245462687       -37545.795689511455        38779.651333499976        79065.024013579779       -17727301.457531061     
   191.55413781299907        503.83871740464929       -37302.425643645518        38606.769257602034        78835.734058286500       -13401266.422626790     
   191.55413781311117        664.18878436468503       -37032.108652215698        38412.005251942246        78576.855443257722       -10127324.519831035     
   191.55413781315161        875.57134066251945       -36744.400403782915        38201.735280843757        78298.451260681235       -7651888.5521572297     
   191.55413781318310        1154.2278199154241       -36446.372453823438        37981.801125217447        78009.212906357483       -5781151.0665057842     
   191.55413781324063        1521.5686014332362       -36136.420600283192        37786.927711729462        77739.959597404784       -4362465.0578127215     
   191.55413781324901        2005.8180620152998       -35772.169834350178        37965.152093405108        77747.484339318660       -3242657.6842479981     
   191.55413781322761        2644.1831765695274       -35036.203604289265        39977.396760897507        78877.531033012870       -2202652.7197030582     
   191.55413781321653        3485.7122904900643       -32822.354499179790        46566.414082585266        81722.145186451206       -1000162.8429771317     
   191.55413781312481        4595.0637156052180       -26885.083062690173        59032.498133646499        83253.790982366176        422656.71089622367     
   191.55413781312822        6057.4737071927293       -14526.083411663354        73781.446127353716        74715.528490137251        1846979.1716411344     
   191.55413781322085        7985.3055331389387        5988.8810038825050        83303.533773588031        45411.403888616347        2967912.0304710125     
   191.55413781323193        10526.682828492780        34581.898421081336        81158.592666723373       -10687.252802533112        3624782.8856362863     
   191.55413781330424        13876.870573311870        69723.609408342701        65373.360271573227       -92394.669600134177        3843735.3983342163     
   191.55413781346937        18293.278143359254        109382.35613868848        37789.376627690857       -193927.35147207012        3745822.8142781239     
   191.55413781348628        24115.237182772111        151717.27857827322        1696.1063328836462       -308635.12778834481        3458499.1659242609     
   191.55413781354207        31790.073918084618        195340.12770249104       -39808.258766846964       -431020.55061070400        3079148.4202950024     
   191.55413781349125        41907.479161710216        239298.99529132902       -84280.585141808464       -557079.67744148581        2672286.0747082890     
   191.55413781354619        55244.816800852539        283028.37273276539       -129903.49243361418       -684085.30352462316        2276976.3078477615     
   191.55413781354486        72826.852018037564        326276.89616010967       -175357.24752770216       -810330.83377680799        1914550.7283704225     
   191.55413781356256        96004.488420637179        369077.55547390284       -219719.91121271453       -934961.97426544863        1594739.3297636944     
   191.55413781347997        126558.56379211093        411724.42719474103       -262244.59736180928       -1057752.2933554316        1320301.4175258535     
   191.55413781327738        166836.67954079472        454802.21341411269       -302543.95678625378       -1179339.6957912534        1089540.8754369146     
   191.55413781304631        219933.57704276315        499044.38246222952       -340334.54328009899       -1300687.4332528992        898243.03067804547     
   191.55413781288962        289928.91997120011        545583.25204384536       -375722.42683257937       -1423856.8279994321        741449.62550061254     
   191.55413781261367        382200.75245386525        595755.10611171497       -408064.02949567349       -1550430.4944018542        614294.47930334613     
   191.55413781208097        503838.71740223595        651641.63892534224       -436377.14132514643       -1682940.7122664705        512467.16119104554     
   191.55413781246162        664188.78436243476        715789.23870624090       -460701.63870894565       -1825577.4648593056        431234.42905779503     
   191.55413781174397        875571.34065608773        778434.72139586834       -503064.45666666387       -1979411.9897409608        353720.35365545959     
   191.55413781199579        1154227.8199082722        834972.73573213082       -460128.66341579321       -2029825.0613815975        298908.86254785000     
   191.55413781283215        1521568.6014299945        1543832.7478924568        7728810.7151864385        4770110.1103924559        1505798.4462114787     
   191.55413781292262        2005818.0620118862        24371782.851324596        229089963.04020679        180531930.55997381        28418926.436265007     
   191.55413781293404        2644183.1765654804        1815255206.5053713        13599538980.430084        9952371404.7841282        1356786627.6310010     
   191.55413781293410        3485712.2904849323        6316502371.9446907        38049162207.094101        24825203520.982540        3098382622.3414245     
   191.55413781293248        4595063.7156006135        33500259796.684387        493211286856.82391        392934388513.51013        25755243019.599400     
   191.55413781293319        6057473.7071865741        577339662445.15735        1154492024336.8638       -577472240940.60706        104530064776.52975     
   241.15237182705883        7.9853055331280718       -46424.204215137805        48201.302653254068        98221.524996505992       -1318885315.7171791     
   241.15237182705999        10.526682828477897       -46406.198081663017        48189.442493361603        98211.024795430538       -1000364568.9174739     
   241.15237182707520        13.876870573287885       -46461.055696274867        48229.750899420360        98285.172858315113       -759641497.58976460     
   241.15237182708896        18.293278143312914       -46591.907483505522        48324.331414569686        98447.381996425334       -577535384.63562584     
   241.15237182709447        24.115237182709450       -46790.597360575164        48467.344605090526        98687.550413104487       -439545087.28706694     
   241.15237182710754        31.790073917994484       -47036.289724596405        48643.025477283321        98981.481080326470       -334775322.38474548     
   241.15237182707605        41.907479161597053       -47306.911635108721        48835.757280657555        99303.723253599179       -255078536.05543685     
   241.15237182706423        55.244816800684831       -47580.820017729820        49030.497838738920        99630.152432974952       -194364854.64003661     
   241.15237182708609        72.826852017823612       -47835.963268831292        49211.302843464502        99937.387261908065       -148067460.56012014     
   241.15237182710371        96.004488420353283       -48056.869124213459        49368.235186856626        100209.59168432537       -112744519.66973144     
   241.15237182711473        126.55856379179707       -48226.654213918970        49489.558161380628        100430.01206261537       -85789446.803281873     
   241.15237182710797        166.83667954055278       -48329.489977115903        49564.237142407801        100583.02554048560       -65221589.825093538     
   241.15237182710820        219.93357704270980       -48355.097817102869        49585.842701530702        100658.41537077833       -49533659.413448691     
   241.15237182713034        289.92891997139367       -48296.900688277485        49549.312146098760        100649.48951721244       -37578008.392799944     
   241.15237182713278        382.20075245467490       -48159.961467505149        49457.655031033362        100561.30109369841       -28479290.003109850     
   241.15237182712787        503.83871740469425       -47958.643683011978        49320.137149578230        100408.56152196982       -21566627.016264427     
   241.15237182715350        664.18878436442640       -47709.317346486576        49147.070556335901        100208.30878713634       -16323330.631445499     
   241.15237182719179        875.57134066213257       -47428.982919006812        48950.147493427343        99978.380291340829       -12351303.292144094     
   241.15237182719008        1154.2278199147161       -47127.729455591776        48735.277949588301        99729.671090675984       -9344969.8432461601     
   241.15237182730442        1521.5686014325672       -46812.319284158330        48509.835350426009        99473.236203201435       -7070179.8159856386     
   241.15237182729874        2005.8180620142830       -46480.202246834917        48361.492553008458        99283.670287776913       -5336696.6161540961     
   241.15237182729203        2644.1831765684092       -46027.999628014695        49006.265073602633        99674.005955321569       -3927180.2569123548     
   241.15237182726074        3485.7122904883399       -44829.219848837682        53106.224028899451        102095.51358714176       -2506985.2958331909     
   241.15237182728089        4595.0637156055263       -40886.354800640533        64945.592968616045        106992.19283294653       -742413.91931853816     
   241.15237182719110        6057.4737071907739       -30496.719730817629        85526.081922217534        108293.35813715501        1367171.7171021504     
   241.15237182712696        7985.3055331303776       -9612.0432308632062        107868.57145178606        91380.150145176536        3419758.4237919184     
   241.15237182720574        10526.682828484323        23963.321011279382        120006.59167094223        40427.384917027208        4954697.2610630393     
   241.15237182718522        13876.870573294302        69574.863328079315        113048.94476880584       -51725.522227706475        5775553.1989789102     
   241.15237182727446        18293.278143327101        124591.01313440970        85387.924482005241       -181327.60713212390        5962930.4511423083     
   241.15237182747171        24115.237182747311        185902.03231917950        39352.320681087935       -340164.97038873925        5701101.9657726940     
   241.15237182753455        31790.073918050952        250873.19734241787       -15761.548192534305       -514308.80167782842        5219979.4889282398     
   241.15237182769002        41907.479161703966        317590.78865274217       -79567.659654215036       -700254.81026008260        4615167.5007642983     
   241.15237182765674        55244.816800820852        384794.80873461312       -147312.14860480692       -891302.02339692554        3987679.9192212699     
   241.15237182756701        72826.852017969199        451758.24427096773       -216513.21619172319       -1083880.0379277652        3388774.8314060010     
   241.15237182752395        96004.488420521026        518206.98559855780       -285368.95609135658       -1275787.2383978399        2845452.4118341599     
   241.15237182753580        126558.56379201861        584268.92020368215       -352537.89356007543       -1465920.5527269372        2369277.7248127093     
   241.15237182746313        166836.67954079920        650506.43377952906       -416731.60783283436       -1653962.0638384493        1962886.2996190684     
   241.15237182726827        219933.57704285663        717944.34705833625       -477716.96030076535       -1841468.1361639302        1622121.6433371736     
   241.15237182732957        289928.91997163417        787882.28375461476       -533807.26284159778       -2028959.9247539877        1341326.3213416187     
   241.15237182729723        382200.75245493680        862314.38131833787       -585850.33102845517       -2220731.4242732110        1111729.8852779015     
   241.15237182708415        503838.71740460454        943729.24292864336       -631740.77986294380       -2418884.4032571325        926552.36659157625     
   241.15237182677873        664188.78436339600        1036119.6090157240       -669151.76370123238       -2627982.2191663450        779462.04680589226     
   241.15237182650620        875571.34065964562        1142425.9725524792       -702305.19146554009       -2856506.8381584501        660322.23009010323     
   241.15237182649457        1154227.8199113896        1230481.0658781051       -792195.50285641849       -3098690.3374285148        529431.77392726415     
   241.15237182812226        1521568.6014377307        1336127.2858591229       -504934.81251081068       -2988853.2749712211        489436.28838271333     
   241.15237182797438        2005818.0620199062        3346357.8203881308        23067546.791846178        16612333.353940472        3880819.5064078732     
   241.15237182829350        2644183.1765793939        74641376.249619082        682046035.27379370        530128300.44513196        81599788.498272479     
   241.15237182829921        3485712.2905033538        4952900189.4625940        35413462818.496391        25448007461.751705        3419165178.6042585     
   241.15237182829952        4595063.7156249415        8467034790.6852226        59056094126.166428        39933683889.545975        4455520404.1582422     
   241.15237182830106        6057473.7072186610        137740440059.96664        1972348128941.6570        1559407979445.5042        98941363453.370438     
   303.59284900912218        7.9853055331701990       -59020.096411619052        61091.132603790145        124309.50420735906       -2105131673.8349295     
   303.59284900910046        10.526682828532628       -58936.241571153281        61033.545045349492        124229.14534863326       -1595551817.5142312     
   303.59284900909188        13.876870573358767       -58924.321622220174        61026.830799081428        124231.72997589025       -1210421149.2704055     
   303.59284900909825        18.293278143405693       -59000.569617289322        61082.835321878658        124335.88625377035       -919260712.16214323     
   303.59284900908960        24.115237182830519       -59169.388406605627        61204.816484474526        124546.31975998319       -698932283.82727003     
   303.59284900908489        31.790073918151872       -59417.592984425457        61382.505894800655        124847.78082354464       -531942013.42247748     
   303.59284900909694        41.907479161811665       -59724.791702671340        61601.686461965961        125216.40158149143       -405140801.64264643     
   303.59284900911962        55.244816800974583       -60062.001214128832        61841.089256200103        125619.83650470721       -308687452.50530994     
   303.59284900911564        72.826852018198011       -60405.195163441807        62084.423501148274        126031.76479658991       -235218419.63953596     
   303.59284900909989        96.004488420834846       -60730.818924214254        62315.129613167475        126427.68089490393       -179206415.00770301     
   303.59284900912343        126.55856379243595       -61019.710228314318        62520.230131697077        126788.55213144618       -136482612.88666880     
   303.59284900914395        166.83667954141089       -61254.770769540919        62688.284914663709        127097.97531831285       -103888427.52167639     
   303.59284900915634        219.93357704384982       -61419.872606457255        62808.507386306017        127340.73324000419       -79023164.112551317     
   303.59284900915287        289.92891997286654       -61500.665806789722        62871.188977023943        127503.20450680550       -60059189.457423292     
   303.59284900917839        382.20075245664481       -61488.530239118336        62870.294332772450        127577.25513654873       -45604785.544669874     
   303.59284900917311        503.83871740729262       -61386.818176545574        62808.010605958247        127566.71325932149       -34599397.717306770     
   303.59284900916663        664.18878436776686       -61207.627298917621        62691.353962256871        127484.41868825794       -26232065.917100888     
   303.59284900918493        875.57134066645006       -60971.831571617840        62534.214058524085        127352.35657010620       -19879728.737749465     
   303.59284900923740        1154.2278199206150       -60698.050116066523        62348.578612869598        127190.50618428193       -15062853.594855271     
   303.59284900925297        1521.5686014397004       -60400.643175842837        62143.352765918986        127014.65383781922       -11413307.615661474     
   303.59284900925775        2005.8180620237652       -60088.352892676165        61934.294329401295        126844.99527541967       -8647700.0629208982     
   303.59284900927315        2644.1831765811166       -59746.532282170352        61921.431195121695        126845.58633481481       -6523608.3486096729     
   303.59284900930527        3485.7122905059127       -59148.538470192121        63556.013312442577        128029.09286059591       -4718534.5833612038     
   303.59284900923336        4595.0637156272205       -57070.082158198784        71559.546864884367        132784.74321784085       -2718295.6466343990     
   303.59284900921847        6057.4737072213293       -49977.861672968094        92380.989221710741        140835.81464916735       -81480.351287741680     
   303.59284900921517        7985.3055331726946       -31875.793315430783        125735.36986085887        140573.52946881263        3055836.8595670359     
   303.59284900922466        10526.682828536999        3165.6331379436224        158740.40234081261        108151.26003284247        5995172.0828711605     
   303.59284900920534        13876.870573364040        57689.622095654391        172813.04129672225        20856.584455911048        8063676.3459545858     
   303.59284900927713        18293.278143416588        129887.54575785408        156226.93958458188       -128762.42369158614        9046032.3026907574     
   303.59284900933227        24115.237182849942        215374.01898787130        108778.99857201520       -332173.32872203580        9125161.5796822049     
   303.59284900938809        31790.073918183807        309507.05443085020        37309.470181579876       -574046.36272968585        8617327.7964936737     
   303.59284900957755        41907.479161878247        408604.12691602734       -50221.550070944708       -840306.60401382169        7797255.1286835913     
   303.59284900981288        55244.816801101028        510116.43026526470       -147483.15108156868       -1120779.0892604813        6853065.2799779996     
   303.59284900996818        72826.852018402889        612419.81326580176       -249910.91938265326       -1408601.6715870746        5900336.2363055749     
   303.59284900998375        96004.488421114831        714624.01194450015       -354209.25174744002       -1699247.6790174060        5004695.4047206761     
   303.59284901000029        126558.56379280206        816463.36397423898       -457926.14787028386       -1989914.4379620419        4199430.9851275925     
   303.59284900987456        166836.67954181312        918268.95389379142       -559032.67473743577       -2279136.5198496161        3497893.8450822029     
   303.59284900987279        219933.57704436974        1021104.3285567717       -655151.38680836628       -2566361.2171478113        2902379.2298438568     
   303.59284900968623        289928.91997337696        1126739.0862624932       -747360.76184441522       -2855718.2925704508        2403302.6218433692     
   303.59284900960847        382200.75245718757        1237652.6119654558       -828470.15716044744       -3144293.3016447085        1996494.5952304099     
   303.59284900956101        503838.71740793809        1357298.6617079896       -902957.78266789974       -3442529.4737911588        1664203.0109297652     
   303.59284900915810        664188.78436775028        1490480.8038748116       -964624.19453430851       -3752524.8484823895        1398248.5530849344     
   303.59284900902048        875571.34066597815        1644918.4383144572       -1008665.7640254279       -4083034.9694710812        1189208.9973463463     
   303.59284900922012        1154227.8199205522        1817860.8908139823       -1060175.2345895877       -4450892.0298381839        1009650.0254310241     
   303.59284901057862        1521568.6014463480        1932505.9378264491       -1245272.7632787325       -4824512.5427795965        786015.90436357493     
   303.59284900924348        2005818.0620236748        2155383.8384612752       -59895.360447145067       -4027008.9939279943        862744.05988874903     
   303.59284900916828        2644183.1765802079        7864785.8492265288        65813989.766424693        50512259.666928940        10055788.954964366     
   303.59284900914793        3485712.2905041119        236311835.19668290        2093206757.8229003        1611842274.1247866        240987231.12958649     
   303.59284900914651        4595063.7156259110        11573001510.981474        79070295799.923355        55708046179.116646        7391383881.4368200     
   303.59284900914588        6057473.7072198885        13152036017.449978        129042794994.23514        94532220453.282379        8698198652.2466259     
   382.20075245660956        7.9853055331709575       -75030.006584908086        77423.045145306125        157314.25219945196       -3359884278.5377803     
   382.20075245660394        10.526682828534225       -74875.462691089138        77302.982689633252        157149.23185434233       -2545998498.6104860     
   382.20075245663810        13.876870573362504       -74786.461100395070        77257.060056067916        157086.59404918106       -1929733212.5569832     
   382.20075245663816        18.293278143410244       -74785.183625275182        77259.135440761616        157110.78340849100       -1464202659.3384721     
   382.20075245662332        24.115237182836260       -74891.575317086754        77337.668785679736        157258.19740010664       -1112145247.6952147     
   382.20075245661127        31.790073918158942       -75108.268815984760        77494.045116165566        157531.82324516552       -845654884.81144190     
   382.20075245663196        41.907479161821584       -75420.618821384152        77717.286359057442        157914.89843869861       -643632390.13501084     
   382.20075245669875        55.244816800993178       -75804.053707738407        77990.323243305451        158379.41378822963       -490212852.06977022     
   382.20075245671478        72.826852018226546       -76226.084338578512        78289.861795336474        158889.64338261844       -373512294.82478094     
   382.20075245672723        96.004488420880577       -76656.870270888074        78595.104154309869        159413.86321205468       -284630204.25692964     
   382.20075245672507        126.55856379248569       -77072.129185788261        78889.755630802712        159927.41411508917       -216879196.07373822     
   382.20075245671853        166.83667954146236       -77448.981647468521        79157.809566127646        160408.24791536899       -165212036.17027247     
   382.20075245671370        219.93357704390590       -77771.270658297144        79389.255068252052        160841.73076623445       -125803196.95047994     
   382.20075245671330        289.92891997294345       -78019.901953560300        79570.805826521610        161210.60070786835       -95744427.496605933     
   382.20075245672086        382.20075245672160       -78180.890036518089        79693.801970872853        161502.61244065041       -72821263.389280200     
   382.20075245672047        503.83871740740216       -78241.791241716433        79749.430901662170        161706.86454233981       -55347124.581331581     
   382.20075245672246        664.18878436792897       -78202.831406590762        79737.833250887867        161824.92538961122       -42037228.114332207     
   382.20075245672342        875.57134066661308       -78075.072099579484        79665.300229652450        161869.46284101199       -31910904.871433090     
   382.20075245673183        1154.2278199206560       -77881.671696987571        79547.166624290519        161865.66358022497       -24216442.535290670     
   382.20075245673252        1521.5686014396790       -77645.461805812156        79398.064282044070        161838.67242976115       -18376098.845433000     
   382.20075245675724        2005.8180620238352       -77383.036543179274        79227.651757524480        161807.83916291894       -13946380.091365810     
   382.20075245678748        2644.1831765812840       -77108.043131658254        79075.015757282061        161816.51535700186       -10582953.974007199     
   382.20075245676702        3485.7122905055776       -76775.841931635150        79388.837870421237        162222.98937707581       -7966423.0543873571     
   382.20075245680954        4595.0637156283783       -75898.728898763817        83032.656122346103        164968.74704598184       -5599270.3190316446     
   382.20075245689071        6057.4737072244407       -72144.094506837340        98173.406523759084        173826.81029284350       -2695082.8771034400     
   382.20075245697444        7985.3055331786300       -59372.009381112359        144503.61225206038        196950.87640820455        1793638.3572204849     
   382.20075245693010        10526.682828543275       -28060.015421303167        187047.97152880594        181648.27674195595        5950650.2943819929     
   382.20075245684319        13876.870573370039        30206.792260095674        234332.91588914147        121311.29072771923        10114633.562723082     
   382.20075245674383        18293.278143415413        117926.60300046833        247867.87290442671       -25895.668172984486        12839964.412203638     
   382.20075245674968        24115.237182844387        231153.75894069584        213209.60647552001       -265623.29886365763        13938728.060559716     
   382.20075245664918        31790.073918162285        362826.96136389498        133531.22588212538       -581045.60096291476        13774233.431672325     
   382.20075245674161        41907.479161833857        506212.36815294350        20750.112119019439       -948537.48513444001        12838863.218809349     
   382.20075245686633        55244.816801017718        656342.16590899881       -113324.23918669799       -1348696.9299219758        11523157.110360771     
   382.20075245702844        72826.852018286707        809944.81680104719       -260107.30809076596       -1768545.1018984388        10079228.498951042     
   382.20075245720972        96004.488421002257        965014.00677622738       -413665.89117709792       -2199632.2025459930        8655861.1622071378     
   382.20075245741418        126558.56379271450        1120517.6567061748       -569756.37871516356       -2636412.7393486463        7334612.9290945008     
   382.20075245739156        166836.67954175692        1276272.1078827092       -725022.72351914214       -3075322.8662941237        6155407.6465360206     
   382.20075245737928        219933.57704428988        1433002.9109059419       -876153.79759767617       -3514226.7417546869        5133466.1937291408     
   382.20075245726093        289928.91997336003        1592758.3686570975       -1018623.5203402014       -3952090.6863225233        4270722.0961169377     
   382.20075245703930        382200.75245704153        1758427.0327892485       -1154927.5080121066       -4396313.6046550721        3548801.9009020585     
   382.20075245721733        503838.71740805899        1935310.1625008583       -1270661.0208191895       -4841898.8506621644        2965767.3711869544     
   382.20075245714099        664188.78436865844        2129056.6046615625       -1372734.1966058100       -5305438.1217921209        2491502.2827171520     
   382.20075245717300        875571.34066764580        2349325.9225804461       -1447645.4581009541       -5790508.7154059978        2116123.2996982089     
   382.20075245644136        1154227.8199197820        2610656.4056404335       -1487371.0283559610       -6314977.3102473263        1824466.4715475985     
   382.20075245671001        1521568.6014395934        2876938.7416882566       -1598471.1533556434       -6908459.3833124619        1533071.4523753528     
   382.20075245659365        2005818.0620229810        3022005.5447458304       -1938309.6814736188       -7469132.3130464125        1164069.6566407948     
   382.20075245721239        2644183.1765842289        3546621.5372980926        2253008.1251885947       -4228570.0144660762        1689564.7438141627     
   382.20075245663770        3485712.2905044048        19626259.242269099        181676634.59035131        143181512.54139388        25907632.205539286     
   382.20075245666845        4595063.7156266896        798611789.06638622        6837766169.6414108        5211596939.8635435        758070453.59673476     
   382.20075245666521        6057473.7072208719        24601600091.523842        161596108359.25000        111607203142.39178        14614543227.878464     
   481.16223967457069        7.9853055331724905       -95346.026720090667        98092.058290310830        199031.85035978723       -5360983745.8100100     
   481.16223967457546        10.526682828536506       -95124.668351042390        97941.441260453998        198818.53154997047       -4060885733.2395597     
   481.16223967458643        13.876870573364588       -94953.872200678976        97826.128844133302        198663.53131698605       -3077323800.1532745     
   481.16223967458808        18.293278143413048       -94863.222753886745        97767.532525905321        198600.17847143693       -2333433067.4895091     
   481.16223967462673        24.115237182842836       -94880.620876666551        97785.050879984279        198660.43043792475       -1770863207.9388378     
   481.16223967462184        31.790073918168282       -95027.162375734610        97893.513807058625        198868.28340186615       -1345281091.3499634     
   481.16223967462952        41.907479161832292       -95306.660840150347        98095.409124813086        199228.14397447032       -1023039692.8625318     
   481.16223967470211        55.244816801005982       -95702.520265416038        98378.738922854885        199721.43717597460       -778697247.66940391     
   481.16223967468710        72.826852018238085       -96183.295864097847        98645.469836026241        200237.80197077640       -593615564.04107106     
   481.16223967471564        96.004488420898355       -96713.353499540404        99097.928772527914        200965.79850148858       -451947586.64688540     
   481.16223967472649        126.55856379251270       -97257.605064207906        99484.530691369611        201642.06888853852       -344437716.89707828     
   481.16223967471967        166.83667954149848       -97787.854068839952        99861.844181271736        202314.62228326808       -262497813.65788487     
   481.16223967474099        219.93357704396604       -98281.548568728846        100214.90727279425        202962.77501265530       -200019512.83295396     
   481.16223967473695        289.92891997302058       -98720.726744266081        100532.35075512769        203571.36651483027       -152371637.23243156     
   481.16223967474247        382.20075245682017       -99086.787294677808        100801.73837431356        204124.91474008950       -116032683.03871168     
   481.16223967473093        503.83871740752051       -99362.739984875661        101011.92755638754        204609.75147359454       -88321108.731737003     
   481.16223967475577        664.18878436811553       -99534.871021292522        101153.75529109682        205015.15901997793       -67194032.162848175     
   481.16223967475952        875.57134066686388       -99600.249238123826        101225.36060593880        205341.25299524717       -51095682.089572571     
   481.16223967478874        1154.2278199210311       -99568.266802121623        101231.94290362817        205600.62478078494       -38839838.504117012     
   481.16223967478891        1521.5686014401715       -99464.061055393118        101190.10204399194        205822.05741939871       -29519063.813561611     
   481.16223967484069        2005.8180620245705       -99315.328790672531        101117.42284817557        206037.26660623180       -22437097.779554158     
   481.16223967486206        2644.1831765821612       -99144.145790300419        101027.94071755464        206274.14698022482       -17059452.842755347     
   481.16223967492164        3485.7122905073534       -98961.754483565324        101006.50308627155        206618.32620782690       -12964625.465692993     
   481.16223967497677        4595.0637156307348       -98659.120318369227        102042.99960202949        207844.94510846469       -9712595.1668708958     
   481.16223967502458        6057.4737072268608       -97221.525455772309        109647.36440510812        213577.21473552537       -6514450.1919990946     
   481.16223967511729        7985.3055331816095       -90292.499681149595        137546.81667681588        229453.57035754994       -2184827.7821565219     
   481.16223967526662        10526.682828551689       -67404.781313760061        198146.58868647343        248518.55400773289        3883864.8197269002     
   481.16223967542345        13876.870573388813       -13777.807905304559        280501.34614287602        232832.10697664513        10750230.889660010     
   481.16223967545022        18293.278143445936        82060.129641748281        345656.06068099273        123607.15354332603        16557303.321728159     
   481.16223967540429        24115.237182881952        221646.33258827034        352706.18026225804       -120434.41188608293        20038354.195821628     
   481.16223967528521        31790.073918212303        397326.18672470708        285793.64521636901       -498892.99031007482        21131919.731496386     
   481.16223967527890        41907.479161889110        598133.52485628345        154925.51930426084       -981435.88265074114        20502444.624338888     
   481.16223967515231        55244.816801057998        814657.35715309926       -20204.452201786451       -1533187.3869105140        18894082.224991940     
   481.16223967523672        72826.852018321690        1040495.6339078972       -222805.12578345381       -2128755.5872186990        16845507.436218433     
   481.16223967528492        96004.488421012473        1271664.2170036507       -441844.13013653434       -2752638.6642028010        14683234.256738909     
   481.16223967541413        126558.56379269421        1505814.4259637701       -669955.03059429489       -3394983.4267884078        12592415.417564683     
   481.16223967570886        166836.67954184226        1741822.3470424172       -901846.04431990115       -4049204.4091793131        10670959.714361014     
   481.16223967607567        219933.57704457710        1979724.6592617230       -1132776.6192790950       -4710629.8584922068        8965761.7343361881     
   481.16223967617969        289928.91997389117        2221033.9201911543       -1356808.0632203540       -5375678.8404752184        7494899.1358923465     
   481.16223967618453        382200.75245796714        2469734.7537313029       -1565379.9693839899       -6042622.3156755660        6260270.8698993586     
   481.16223967600968        503838.71740886144        2730967.8385338420       -1756080.9520575651       -6717774.9240261428        5236597.1199670220     
   481.16223967579100        664188.78436954704        3014686.1239142176       -1922219.3007212249       -7412288.7175926808        4405315.7272185246     
   481.16223967536473        875571.34066796815        3331658.3331331946       -2051736.4162546920       -8132888.7450155402        3739913.1201744815     
   481.16223967535302        1154227.8199223885        3701143.9986798489       -2123382.5093975198       -8893040.8617263157        3221953.9853566475     
   481.16223967461423        1521568.6014396234        4147824.1962627568       -2131600.4468497951       -9731135.4264771007        2821199.2846272346     
   481.16223967462491        2005818.0620236760        4511535.9732220490       -2440868.6024781042       -10683261.738906771        2293266.7754821475     
   481.16223967560870        2644183.1765862708        4719238.8959092656       -2947690.9482477661       -11488434.561868940        1734512.5998836788     
   481.16223967425026        3485712.2905024965        6069499.4874293907        10757986.313018516       -316408.83707580995        3711842.7206965550     
   481.16223967343194        4595063.7156159896        50983642.426360533        490832498.61068112        390192710.00122356        66310438.919841483     
   481.16223967347139        6057473.7072073165        2776827376.1811385        22916855258.531590        17266312067.677753        2448786342.0826631     
   605.74737072073049        7.9853055331542757       -121093.75706371860        124221.04723152661        251720.42464471416       -8550808238.4540901     
   605.74737072073265        10.526682828512428       -120807.60797488852        124025.80739294374        251450.61351654353       -6477323435.9947357     
   605.74737072075345        13.876870573333008       -120560.31095409022        123869.21815443251        251237.75202184421       -4907362901.8434267     
   605.74737072076073        18.293278143371573       -120377.08557545875        123749.01211992968        251090.74863544834       -3719724209.6105270     
   605.74737072075266        24.115237182785901       -120291.20037078811        123677.27208045620        251036.00523296162       -2821733542.0249653     
   605.74737072076812        31.790073918094361       -120338.17455481408        123738.95160258774        251173.28923066211       -2141533917.1079326     
   605.74737072080950        41.907479161737051       -120540.78454492515        123889.67249525260        251469.14364985708       -1627176944.1379395     
   605.74737072082496        55.244816800873494       -120904.98480655860        124153.92396387566        251950.34962261986       -1237598381.1672437     
   605.74737072082553        72.826852018065793       -121409.69138448076        124516.36248039662        252594.18579986942       -942125311.17494345     
   605.74737072083224        96.004488420666590       -122017.84143278077        124950.89711540854        253360.94793550257       -717676035.32047999     
   605.74737072081052        126.55856379219978       -122688.00084918787        125429.02916234810        254207.11974644032       -546933325.41535592     
   605.74737072077880        166.83667954107958       -123380.43791940631        125923.25565159923        255092.88734278354       -416903319.41829872     
   605.74737072083042        219.93357704342282       -124063.94647599354        126412.65574841780        255988.95526257402       -317806366.14414138     
   605.74737072100470        289.92891997239030       -124715.48327343531        126882.50025819009        256875.76307534234       -242252408.86437377     
   605.74737072099333        382.20075245597769       -125314.70870537401        127319.41311409496        257737.53364825461       -184636720.02245891     
   605.74737072100379        503.83871740643076       -125845.18137532112        127713.31929837160        258563.12239778074       -140697386.46914262     
   605.74737072101084        664.18878436665250       -126288.80827943582        128052.26315404348        259339.86789905568       -107188453.18756127     
   605.74737072099674        875.57134066490801       -126630.57448061027        128326.45129572830        260058.38422032341       -81637083.920836478     
   605.74737072098969        1154.2278199183693       -126864.91449324704        128532.44958676407        260718.77334032260       -62159840.662419595     
   605.74737072097832        1521.5686014366333       -126999.31121106168        128674.27737189380        261334.47696890647       -47321714.888337232     
   605.74737072098264        2005.8180620197047       -127060.66193415585        128769.67384832790        261938.98675152019       -36026780.687640630     
   605.74737072104563        2644.1831765759048       -127081.33711890601        128838.40310954666        262571.50086443161       -27435599.383132923     
   605.74737072097344        3485.7122904982575       -127090.47353958667        128902.90256196487        263274.53108111292       -20903359.171022877     
   605.74737072103358        4595.0637156186740       -127094.21154869832        129161.58992742232        264234.35882610350       -15907299.953451104     
   605.74737072106882        6057.4737072107109       -126831.84352574270        131729.54327610956        267077.24878515792       -11808958.144223111     
   605.74737072109838        7985.3055331591659       -124246.55155196185        146922.89512046101        278363.51325409947       -7340116.5655200519     
   605.74737072114726        10526.682828519681       -111375.37479478517        197101.74006097842        305919.75432974211       -757025.79830795061     
   605.74737072124515        13876.870573344328       -70765.911014118523        297322.50356682326        333096.92468828283        8470519.9311718531     
   605.74737072128733        18293.278143387539        19963.551431573629        422147.80544507765        294586.43141604902        18478023.332991842     
   605.74737072138373        24115.237182811103        175619.23321570168        527255.90994077420        121927.61986943454        26907421.327151261     
   605.74737072141602        31790.073918128444        394946.17958371207        495809.08420474356       -295174.15056026698        30669188.733297486     
   605.74737072144444        41907.479161781062        664250.77203766082        373878.70398959087       -882946.87301243178        31514191.739804786     
   605.74737072131745        55244.816800918488        967182.31409316976        164003.05160432449       -1610354.5801982398        30083162.369565755     
   605.74737072119001        72826.852018109697        1291227.7911177534       -102975.51385892695       -2428562.9541410403        27461692.599243768     
   605.74737072111338        96004.488420711234        1628642.9695371946       -404496.00575312367       -3306685.8574916450        24364476.311035827     
   605.74737072111316        126558.56379226310        1974905.1467895575       -727332.02161148028       -4227825.0321175251        21196798.087000310     
   605.74737072129017        166836.67954122048        2327439.5743533955       -1063129.8736042329       -5181487.6586503461        18178721.191404663     
   605.74737072165328        219933.57704372163        2685132.3599397764       -1405178.9107022719       -6159707.5468150955        15425185.044177400     
   605.74737072210758        289928.91997291817        3048497.0586851630       -1746392.9208637169       -7155940.9799696067        12990947.248823166     
   605.74737072244272        382200.75245689217        3420631.6984882657       -2075056.2029270807       -8163253.2013891805        10900786.833255913     
   605.74737072237951        503838.71740757470        3809380.2040393692       -2376067.0448776865       -9180138.8773259521        9156534.9188177753     
   605.74737072263815        664188.78436843620        4224041.5125127221       -2642083.1999826762       -10215143.891339358        7718689.2976389611     
   605.74737072256289        875571.34066717071        4683629.1029482875       -2859681.6564569087       -11289360.279090153        6561076.9146214379     
   605.74737072231676        1154227.8199208963        5209283.6430472918       -2999223.1030638679       -12410763.451146679        5647893.7600395782     
   605.74737072249593        1521568.6014404430        5839860.1373580880       -3015922.6251863129       -13605854.251059195        4954995.0691105276     
   605.74737072199366        2005818.0620230483        6602873.9076967807       -2948684.5751560507       -14959374.865636941        4399323.2002535593     
   605.74737072105631        2644183.1765759457        6995090.6525932904       -3807887.8045180715       -16461543.177078135        3364057.0560092852     
   605.74737072098901        3485712.2904983391        7385877.9134532800       -1387419.5850421032       -14625936.686896231        3132779.7529950729     
   605.74737072087919        4595063.7156174900        11089301.532284375        38325474.674769297        17961983.646221951        8953269.4276657291     
   605.74737072154119        6057473.7072154181        136777366.45378464       -364033824543.06079       -364305047745.40857       -36365060679.080688     
   762.59075812883589        7.9853055331648015       -153690.63075225917        157246.44168246779        318247.50195510173       -13630946768.781418     
   762.59075812885771        10.526682828526567       -153346.26586169182        157022.05249758702        317943.71486159490       -10326216998.824001     
   762.59075812885214        13.876870573351072       -153027.77909876680        156811.54176391463        317668.97499371786       -7824099463.0525560     
   762.59075812885828        18.293278143395312       -152758.50913539692        156624.35620284933        317442.31031564996       -5930272359.6049118     
   762.59075812885135        24.115237182817296       -152568.33164956333        156516.55587056911        317333.61231435207       -4495943616.5436773     
   762.59075812884680        31.790073918134745       -152499.39114215659        156482.16224316097        317353.95817724726       -3410888827.8558812     
   762.59075812886852        41.907479161788615       -152591.92797922197        156561.00501827235        317560.98442412989       -2589794495.7145720     
   762.59075812888682        55.244816800941400       -152876.05934442245        156774.39847266354        317988.97573307704       -1968229923.3283086     
   762.59075812888352        72.826852018154923       -153353.87984914344        157075.31161851267        318594.16203637206       -1497804138.8709221     
   762.59075812886226        96.004488420780334       -154004.26360142630        157592.99158805748        319497.67480554158       -1140040878.5589020     
   762.59075812886113        126.55856379235406       -154780.77238438820        158150.93345905902        320508.02354168403       -868604603.97169399     
   762.59075813393133        166.83667954240096       -154100.20660039241        157604.10471134781        319896.37942694029       -658024544.59823251     
   762.59075813391405        219.93357704514099       -154654.72642860736        158127.04696898785        320843.97408927628       -500610972.97867048     
   762.59075813389484        289.92891997456462       -157420.83444487338        160051.94282169821        324027.71334098064       -384974254.28634608     
   762.59075813391178        382.20075245885977       -158289.09162413195        160684.58539091339        325261.66591361840       -293593809.72351635     
   762.59075813393304        503.83871741023523       -159113.73524562179        161292.60311537763        326499.22441612277       -223907965.47294328     
   762.59075813396032        664.18878437168382       -159880.50187027719        161868.06366578428        327734.69153184351       -170760302.37467998     
   762.59075813394020        875.57134067153777       -160571.51789360886        162399.18128410494        328959.15770756395       -130223378.88435034     
   762.59075813393872        1154.2278199271202       -161172.00344787393        162876.65713206888        330167.51933368796       -99304987.127477586     
   762.59075813390780        1521.5686014481364       -161675.05683547122        163296.44831107007        331362.74998576799       -75725753.143697962     
   762.59075813390268        2005.8180620348410       -162087.76239939383        163662.81834308727        332562.70645947958       -57749747.005408347     
   762.59075813390461        2644.1831765955899       -162436.98466468684        163992.75381933138        333805.88276290626       -44052808.716473088     
   762.59075813391632        3485.7122905246761       -162760.98759443511        164308.38868532245        335142.14898223733       -33622421.510596536     
   762.59075813395486        4595.0637156532775       -163098.84823972787        164651.53931676361        336642.30337860412       -25679005.331771608     
   762.59075813398226        6057.4737072561938       -163436.50134259756        165480.81483924153        338716.27943310339       -19560175.887668479     
   762.59075813404354        7985.3055332193817       -163182.84238089857        171189.11592017830        344685.69227953337       -14291342.549925542     
   762.59075813407287        10526.682828598621       -158274.54543740922        200544.62608804228        366049.67653773038       -7832932.3506539017     
   762.59075813406582        13876.870573446025       -134490.93546799169        297810.92015301943        421621.22326670750        2792338.3971281247     
   762.59075813416246        18293.278143522664       -63378.128714375700        450779.93184155202        448638.93627502897        16230699.869480554     
   762.59075813423647        24115.237182987737        87946.862440958459        634543.55250663578        365446.07763265923        30580109.051115852     
   762.59075813430707        31790.073918362566        337121.22579469718        737891.70470154472        34679.743333113962        41117246.511634484     
   762.59075813438619        41907.479162092088        676880.49672006327        685567.78637779877       -599122.17832284817        46036900.947500333     
   762.59075813444394        55244.816801344321        1084281.8462946175        473870.90511187329       -1495902.1737900691        46218204.012129031     
   762.59075813434833        72826.852018677237        1536149.0549564969        145944.87676828424       -2575608.3441867810        43512057.902041480     
   762.59075813424579        96004.488421458649        2016926.6258952045       -252706.59633698082       -3774384.0891709547        39435610.454929382     
   762.59075813419963        126558.56379324076        2518090.1691046986       -694106.48334914586       -5058676.4243454300        34890776.906361260     
   762.59075813408117        166836.67954243463        3034995.2592433007       -1164166.9685346780       -6412796.5321237314        30353753.569414094     
   762.59075813418895        219933.57704522141        3565041.7292758822       -1654120.7866601064       -7826429.0529321618        26075101.308571156     
   762.59075813427205        289928.91997470945        4107286.6914762692       -2155465.2086188770       -9289698.8866141029        22186612.186711617     
   762.59075813458128        382200.75245919701        4663197.7383537963       -2656277.8573533082       -10792096.770343473        18755991.193599213     
   762.59075813487482        503838.71741085965        5239218.5695015853       -3131836.7710235394       -12318992.154179551        15825686.098231319     
   762.59075813538732        664188.78437292948        5850782.4293817841       -3560068.2635149574       -13875490.278373919        13392437.196875736     
   762.59075813532058        875571.34067312593        6515434.2270826101       -3910036.4973654570       -15461104.238544583        11411038.744439228     
   762.59075813506502        1154227.8199288293        7269776.8929390088       -4164270.4778643264       -17125657.878758892        9833144.8226717245     
   762.59075813505683        1521568.6014504340        8156504.3298883094       -4250294.1882000677       -18874222.060677376        8617560.0248177834     
   762.59075813442496        2005818.0620362207        9253960.8362670951       -4079079.5707781017       -20763630.489076063        7731233.1119406996     
   762.59075813404513        2644183.1765960846        10518949.805157484       -3936998.5912786862       -22978233.616831996        6888083.5613967683     
   762.59075813339257        3485712.2905222918        10748046.862243127       -6027735.1972804395       -25291859.461390879        4862118.6423488371     
   762.59075813388915        4595063.7156528914        11283323.875797292       -5856021.1310288776       -25861250.383954942        3917371.2667665612     
   762.59075813291713        6057473.7072477452        22165032.381929256        121728815.61003098        80435616.363630891        22838640.932821952     
   960.04488421289523        7.9853055332074314       -194927.42689121750        198955.70692438725        402205.36901603430       -21718810656.552589     
   960.04488421289943        10.526682828582508       -194528.52649865163        198691.17308157298        401864.84182581399       -16456858476.262909     
   960.04488421283770        13.876870573424023       -194147.37223349416        198441.20487515864        401553.31785483914       -12470864990.239096     
   960.04488421285589        18.293278143491680       -193800.89575363661        198216.42882345253        401289.31124655111       -9451866563.7752247     
   960.04488421286237        24.115237182944718       -193516.50814670415        198035.35318863607        401103.50764930120       -7165695024.8875647     
   960.04488421284134        31.790073918302216       -193334.03845102282        197942.14981898825        401056.77669088950       -5434319277.6185188     
   960.04488421286908        41.907479162009402       -193300.99894853253        197941.41063247446        401174.72089307115       -4124086988.5082440     
   960.04488421287601        55.244816801231522       -193467.73016746435        198052.31984477196        401498.01940317202       -3132766915.0755568     
   960.04488421289000        72.826852018538744       -193867.54487150430        198346.17809799901        402113.79424003896       -2381702299.3217154     
   960.04488421288988        96.004488421288997       -194504.77426338877        198853.44409756910        403056.81693335390       -1811967494.3870120     
   960.04488421290978        126.55856379302742       -195351.74145369144        199470.19828284459        404215.21110765240       -1379999771.5334930     
   960.04488421293581        166.83667954218387       -196357.94033170669        200199.60520933408        405576.71201664780       -1051736536.0410252     
   960.04488421296571        219.93357704486669       -189183.99960429975        195271.63401644351        398173.61789499619       -778204217.02634978     
   960.04488421297231        289.92891997421231       -192973.89844067249        197973.63515016038        402731.24049930309       -599515213.13104832     
   960.04488421290637        382.20075245836051       -199813.91746069756        202714.08219917159        410393.93734389194       -466723669.75329053     
   960.04488421292831        503.83871740957460       -200989.57282904460        203581.69771837260        412146.85806294967       -356166964.47979432     
   960.04488421292785        664.18878437078899       -202140.73416696550        204441.80324080819        413955.02383783436       -271847105.01258242     
   960.04488421294297        875.57134067039487       -203253.93205167807        205286.84304284054        415818.88188619789       -207527040.28772515     
   960.04488421292774        1154.2278199255977       -204316.52635567341        206109.69467130242        417740.16603572411       -158455668.57513222     
   960.04488421296287        1521.5686014462465       -205315.36199902403        206902.28635327556        419721.80567486421       -121013384.47429070     
   960.04488421297231        2005.8180620323826       -206244.62101681842        207661.70053682715        421775.15939191135       -92442626.952541396     
   960.04488421297424        2644.1831765923480       -207111.76314313992        208392.70883284952        423926.44760294375       -70643375.469172880     
   960.04488421297037        3485.7122905203355       -207945.85111738998        209113.14427350054        426224.77708187432       -54015086.614103243     
   960.04488421289761        4595.0637156469738       -208793.21796934828        209848.18770505505        428736.88861792936       -41335825.840870865     
   960.04488421286283        6057.4737072474472       -209702.81219711667        210680.46220851585        431586.25027489057       -31659478.152364265     
   960.04488421296139        7985.3055332080303       -210608.63410919922        212656.33316701849        435678.88767292973       -24119030.755672965     
   960.04488421307383        10526.682828584480       -210218.12236426619        224621.86898673556        447595.09124071919       -17165395.364363801     
   960.04488421316228        13876.870573428787       -200719.02777468419        279714.14357840735        486807.75444461062       -7554504.6987728253     
   960.04488421311260        18293.278143496660       -157303.35770173979        431005.67952264170        563018.09378400201        8068276.6532469755     
   960.04488421319923        24115.237182953279       -34736.807975152362        686765.38852362067        606235.35935941630        28871138.337321922     
   960.04488421324584        31790.073918315727        213587.46732608590        948115.42644136830        440358.87605725985        49017845.476201333     
   960.04488421332462        41907.479162029420        606068.02742763725        1059098.3758083773       -113184.45720189554        62552381.234700873     
   960.04488421337282        55244.816801260247        1124263.1722970444        928655.28422208130       -1103410.9767967875        67768014.319933355     
   960.04488421337874        72826.852018575970        1732091.9001911031        577091.05536653753       -2446234.9200455649        66661516.990893319     
   960.04488421332690        96004.488421332848        2398750.6943810116       -4350.1897095711902       -4107847.4040830201        61237182.255457141     
   960.04488421324118        126558.56379307131        3106755.3899200116       -436888.74211652949       -5696090.7542765085        56510568.106135309     
   960.04488421311180        166836.67954221467        3848085.2603933662       -1138117.9402182112       -7629666.6356372312        49543322.858716942     
   960.04488421300744        219933.57704487647        4618691.1424140064       -1700145.4927550643       -9502621.1753768884        43693449.709648840     
   960.04488421286487        289928.91997418005        5416198.5967645505       -2524396.5874399212       -11715265.514879607        37234179.206033058     
   960.04488421318365        382200.75245847111        6240050.8616382992       -3056456.9518972915       -13711221.870502895        32319286.177275456     
   960.04488421349799        503838.71740987373        7093701.0182142770       -3985298.6399079487       -16182823.254610464        27044401.907644466     
   960.04488421377232        664188.78437137313        7990897.4428296089       -4659862.8706099186       -18501389.232003912        22996061.352039546     
   960.04488421451549        875571.34067182895        8961480.3854182549       -5263908.7367920093       -20904012.156779930        19637884.836473335     
   960.04488421521785        1154227.8199283504        10041384.410265060       -5668325.7059863685       -23325693.589597583        16983093.632173520     
   960.04488421524638        1521568.6014498645        11300333.457462236       -5888364.3950943174       -25911272.938886475        14894542.762493446     
   960.04488421538190        2005818.0620374146        12826928.686350575       -5744681.5183257703       -28645522.659305662        13349624.553249909     
   960.04488421541225        2644183.1765990593        14775148.668087881       -5078094.7585332412       -31658999.565934073        12290112.457565479     
   960.04488421477129        3485712.2905268678        16678731.457815101       -5216001.0449044909       -35319969.799940854        10690905.706197284     
   960.04488421420456        4595063.7156532202        16462461.994534567       -9525108.2218593769       -38806471.662381925        7008145.1133659473     
   960.04488421517840        6057473.7072620438        17754150.770620022       -5471901.4725570846       -36785611.622992113        6455996.8010554267     
   1208.6249012015062        7.9853055332266045       -247062.36720226481        251609.19716400193        508129.67491082184       -34590000165.134857     
   1208.6249012015110        10.526682828607779       -246615.10551706186        251315.21790717787        507773.99651685799       -26215175953.661194     
   1208.6249012014587        13.876870573457628       -246179.66097234943        251033.53155915232        507446.52215035271       -19869240914.080887     
   1208.6249012014816        18.293278143535986       -245769.15238474467        250779.10822418603        507169.56774224737       -15060705699.101496     
   1208.6249012015153        24.115237183003629       -245405.88428855114        250553.71783158637        506955.09446756041       -11418309349.346886     
   1208.6249012015078        31.790073918380369       -245124.63599660943        250387.00160595818        506848.27721601195       -8659395940.0180225     
   1208.6249012015339        41.907479162112125       -244971.85857121908        250310.50933023755        506901.51282016921       -6570029725.0889311     
   1208.6249012015369        55.244816801366674       -245007.33451829749        250365.73797001893        507182.11026111722       -4987930940.8469124     
   1208.6249012015207        72.826852018714874       -245289.27180976077        250592.47719703399        507756.36806339159       -3789894116.8107471     
   1208.6249012015435        96.004488421523007       -245860.33497994638        251060.26161495375        508713.30324055557       -2881828721.0911121     
   1208.6249012015153        126.55856379333034       -246723.39044460992        251650.78143497207        509941.60341182689       -2194231469.7135539     
   1208.6249012015417        166.83667954258232       -247846.86281438486        252461.32750330877        511531.18456185661       -1671893095.3318925     
   1208.6249012014644        219.93357704537104       -249170.69315568299        253500.47605817474        513475.49575217336       -1274347775.8224778     
   1208.6249012014459        289.92891997487072       -236254.77693560356        244592.30142365908        499999.49445737270       -932684972.07707369     
   1208.6249012014280        382.20075245924903       -242080.59076465585        248625.29731436912        506977.03448638599       -721646278.71825075     
   1208.6249012014641        503.83871741074955       -249651.84473048372        253897.45657230070        515774.90020214545       -560626698.26161814     
   1208.6249012014957        664.18878437235537       -255401.12362332357        258110.30920721157        522772.95350965462       -432681618.11652881     
   1208.6249012014900        875.57134067244203       -257033.07074965778        259346.36343116866        525460.08433447522       -330590615.72677445     
   1208.6249012014935        1154.2278199283178       -258666.62270986015        260600.92239888324        528304.04210979887       -252689060.74176553     
   1208.6249012014864        1521.5686014497678       -260296.56041485278        261872.86783856319        531323.51035749400       -193231066.35681665     
   1208.6249012014864        2005.8180620370051       -261916.12607846074        262329.26159879816        533708.43041794631       -148338533.69061494     
   1208.6249012014841        2644.1831765984311       -263522.72829139302        264458.58762925357        537974.89841937169       -113175854.36848141     
   1208.6249012014796        3485.7122905283559       -265128.03319033200        265779.33254818816        541677.43327611848       -86702507.265038043     
   1208.6249012014382        4595.0637156577368       -266767.57380199811        267142.36593125737        545715.74124556896       -66483358.640388198     
   1208.6249012013520        6057.4737072614244       -268498.89590764797        268577.99844529346        550184.53237628494       -51042269.298853375     
   1208.6249012013798        7985.3055332258182       -270379.06610913214        270259.27124851116        555313.29164888151       -39224256.577504553     
   1208.6249012014030        10526.682828606903       -272213.74871935841        274514.03307430417        563074.24848772213       -29842997.749148589     
   1208.6249012013748        13876.870573456750       -271284.37246184895        298606.98906552722        586106.38580857380       -20375249.633794598     
   1208.6249012013957        18293.278143534793       -252963.07305652901        399201.65417609725        656149.29319614090       -5765435.2700128406     
   1208.6249012013848        24115.237183001173       -175046.03795973235        652526.98284193047        777622.28825917386        18233102.468276560     
   1208.6249012013641        31790.073918376791        32420.816581525665        1045440.0774061629        820134.40534493816        48763679.410340212     
   1208.6249012014127        41907.479162108182        432643.70922766707        1401969.6639870987        508319.82621262886        76333538.775726825     
   1208.6249012014835        55244.816801364577        1040015.3822568345        1517662.3385439089       -371077.45455687214        93509385.739602774     
   1208.6249012015255        72826.852018715610        1817461.1434604018        1228286.1642930689       -1907109.8679650668        97837860.500488266     
   1208.6249012016588        96004.488421532747        2711946.6992975716        669318.73777005542       -3879855.9104214804        94618305.832070887     
   1208.6249012017040        126558.56379335083        3685994.0786615745       -63668.106707299128       -6153792.5546066295        87452830.802184537     
   1208.6249012015305        166836.67954258173        4723105.6054494157       -893149.30308148079       -8652343.5946049895        78833781.705261126     
   1208.6249012013409        219933.57704534972        5818041.0093142539       -1792862.8120752946       -11362398.634037644        69916450.566828251     
   1208.6249012012929        289928.91997483547        6968317.7555155540       -2757376.5638634833       -14285150.667698629        61230547.714437589     
   1208.6249012010405        382200.75245912839        8171998.9316136781       -3780329.2740505598       -17412531.624332406        53067283.879370242     
   1208.6249012008354        503838.71741048974        9429276.7076526135       -4842718.8564749388       -20722165.796063244        45621640.760322735     
   1208.6249012009216        664188.78437204275        10747986.122977836       -5896492.9867680464       -24174597.043622881        39055531.228449956     
   1208.6249012011274        875571.34067218297        12158282.558864251       -6461901.8991020964       -27341494.761994295        34055511.290500224     
   1208.6249012013745        1154227.8199282086        13715218.482836951       -7686236.9770346824       -31469686.576606672        28944525.642143067     
   1208.6249012017820        1521568.6014501452        15501847.625820136       -7362578.2582921665       -34505588.324131928        26057374.025286786     
   1208.6249012024712        2005818.0620386461        17645438.395338789       -7965415.2921674382       -39161952.168121800        22914024.090384524     
   1208.6249012026158        2644183.1766009154        20334799.190673493       -6060064.8648815416       -42359888.877713636        21601618.493783474     
   1208.6249012027383        3485712.2905319957        23846440.440485768       -3906526.4573992454       -46881825.229909971        20453875.198546313     
   1208.6249012030949        4595063.7156640468        26067891.208376136       -7409174.7606562674       -54361861.111050725        16129235.770194158     
   1208.6249012033925        6057473.7072716644        25310070.136032455       -14794338.471856268       -59585097.277153179        10218465.048276423     
   1521.5686014521648        7.9853055332390701       -312945.18027577666        318065.00493355171        641747.72230179631       -55065189505.866867     
   1521.5686014521880        10.526682828624329       -312456.27216409642        317745.29516361962        641394.89573274064       -41742435753.003906     
   1521.5686014521857        13.876870573480026       -311976.54118813819        317444.01363410201        641081.18626536196       -31644091700.063984     
   1521.5686014521891        18.293278143565203       -311516.39064258756        317157.44725181733        640809.75272506103       -23991222027.461742     
   1521.5686014521787        24.115237183041309       -311093.79546502751        316908.32145781833        640612.82427007798       -18191266112.120998     
   1521.5686014521434        31.790073918429506       -310738.72545546229        316703.50124508643        640511.52146917628       -13796810794.294336     
   1521.5686014521343        41.907479162175747       -310491.05795346055        316575.34475569567        640558.01405949052       -10467385782.353065     
   1521.5686014521143        55.244816801449666       -310410.05827248102        316582.80048310565        640837.27609847160       -7944700436.4347305     
   1521.5686014521416        72.826852018826571       -310567.26148989389        316744.32995633647        641400.37417564541       -6034213662.3200388     
   1521.5686014521300        96.004488421667688       -311034.07540087728        317122.97817780252        642343.76251461729       -4586957158.9646101     
   1521.5686014521852        126.55856379352866       -311859.15220046032        317752.24966042768        643726.31324265071       -3490152805.6423821     
   1521.5686014522021        166.83667954284195       -313049.58062034193        318637.19199041615        645563.82045692392       -2658237516.7001247     
   1521.5686014522432        219.93357704573327       -314566.91273971007        319751.17735299451        647824.39274545189       -2026482830.1243150     
   1521.5686014522516        289.92891997535429       -316344.51569507964        321048.07307449804        650449.76191877609       -1546106790.5818720     
   1521.5686014522719        382.20075245989733       -296330.83921971411        307320.91954334441        629629.39940623334       -1122160013.0890014     
   1521.5686014522721        503.83871741158907       -304557.70329134120        313289.89900856634        639939.16514422407       -869978969.32823968     
   1521.5686014522398        664.18878437343074       -314311.15308116277        319994.13687515643        651467.63606637472       -676977010.77712381     
   1521.5686014522157        875.57134067384982       -324908.48171630455        327571.53273520310        664019.13129148190       -526644686.89607209     
   1521.5686014522148        1154.2278199301697       -327264.26009512838        329379.21839470766        668082.48767275224       -402927655.99826109     
   1521.5686014522066        1521.5686014522096       -329694.70557450887        331266.06223769835        672476.63142643473       -308475815.63008422     
   1521.5686014522230        2005.8180620402456       -332204.23074376473        333237.71165108518        677246.32139094337       -236341311.93882099     
   1521.5686014522171        2644.1831766026980       -334799.59441378724        335301.24560127186        682442.71915932966       -181228940.73193669     
   1521.5686014522259        3485.7122905340138       -337489.38888513873        337463.52904620412        688123.93665683665       -139103624.39552179     
   1521.5686014521934        4595.0637156652556       -340295.71099801851        339739.19261206378        694367.47525411937       -106891693.71308851     
   1521.5686014521816        6057.4737072717189       -343265.63510605006        342153.10917053703        701278.47768034227       -82252800.245942146     
   1521.5686014521752        7985.3055332391741       -346474.76000233757        344749.83024598402        709006.40187651583       -63401169.723472737     
   1521.5686014523214        10526.682828625319       -349987.01615043497        347909.21411813324        718003.77300609648       -48913285.595218718     
   1521.5686014523405        13876.870573481523       -353305.46324226150        356651.63320000825        732460.33859989420       -37079800.470584095     
   1521.5686014524142        18293.278143568023       -350902.41607477574        403584.80766984855        775864.85598342144       -23758106.148304552     
   1521.5686014524695        24115.237183046069       -316133.95207527233        582362.69678741693        897795.89521458454       -1289295.9244771749     
   1521.5686014526016        31790.073918439273       -179085.45956650417        995775.36865460710        1085714.3445527214        35177034.224109344     
   1521.5686014526332        41907.479162189746        165164.42716517480        1581722.8094576299        1108110.9483977593        79053739.113669679     
   1521.5686014526714        55244.816801470246        797704.22467186174        2043766.3477949118        549404.48898396466        115667335.99505553     
   1521.5686014527428        72826.852018855803        1720134.9479255108        2092951.8828643393       -858459.07138998574        135711350.66774285     
   1521.5686014527319        96004.488421706279        2867293.9395579058        1615301.1919569862       -3111127.2092804876        139128803.50989044     
   1521.5686014527912        126558.56379357981        4167159.6328814966        733560.50901340647       -5987927.9736880399        132369239.15877548     
   1521.5686014529142        166836.67954292102        5580019.8812036719       -310046.89370667282       -9226171.1794393361        121973466.06416914     
   1521.5686014531134        219933.57704586029        7095975.6772213737       -1464265.0165520022       -12804147.152564827        110270919.16267768     
   1521.5686014533819        289928.91997557122        8715951.0963876545       -2720712.2196417786       -16744888.571031433        98361503.037483245     
   1521.5686014532550        382200.75246014621        10440119.189416811       -4086868.2960586529       -21067204.828497924        86736458.353075445     
   1521.5686014532100        503838.71741190215        12267005.975444270       -5558284.0986026479       -25761881.467755333        75716125.004615039     
   1521.5686014530515        664188.78437378816        14198442.045838831       -7098155.1440710584       -30786740.457691938        65588235.010544434     
   1521.5686014529117        875571.34067425423        16252575.709147533       -8598295.2931635454       -36057164.877633139        56669580.030627549     
   1521.5686014527951        1154227.8199306147        18496790.514721945       -9809201.1534617618       -41443626.260939367        49351356.067503199     
   1521.5686014531420        1521568.6014531509        21023079.991059024       -10369517.430096393       -46751590.253704250        43716017.275854751     
   1521.5686014536486        2005818.0620421323        24048769.686871633       -10812163.284836899       -52927874.890530676        39072905.101397291     
   1521.5686014543778        2644183.1766064614        27782987.394870728       -9988152.8758962862       -59214988.993355513        35980571.487391904     
   1521.5686014555995        3485712.2905417532        32638301.251622956       -7481388.8856586069       -65985687.049616106        34187205.338545047     
   1521.5686014556795        4595063.7156757964        38970079.691699095       -1888736.6321057379       -72496108.115878165        33523532.388743222     
   1521.5686014566231        6057473.7072894173        39879952.852703542       -10091176.444849212       -81753419.597377926        23838680.724670127     
   1915.5413781618811        7.9853055332625686       -396170.12024265248        401926.45514757832        810280.29531839513       -87625562103.005768     
   1915.5413781618836        10.526682828655161       -395649.29149479576        401588.50527092634        809957.80721974676       -66440106952.279648     
   1915.5413781618754        13.876870573520630       -395138.55226186890        401272.50376622600        809686.44239559257       -50378729542.279419     
   1915.5413781618590        18.293278143618533       -394647.76384526346        400976.60763128410        809471.90466395533       -38203539867.072685     
   1915.5413781618920        24.115237183112193       -394190.98695283063        400717.02345313923        809339.32794798305       -28973879909.005886     
   1915.5413781619036        31.790073918523884       -393793.40921343979        400507.75949914305        809318.27432742366       -21977917589.003735     
   1915.5413781618965        41.907479162300248       -393488.46977034362        400361.11533505289        809437.97769632435       -16675803322.640404     
   1915.5413781619050        55.244816801614775       -393330.50976549438        400335.31473311858        809783.71993844118       -12657032257.944138     
   1915.5413781618920        72.826852019042420       -393390.56045919505        400454.26311871037        810413.45920450951       -9612015504.3746109     
   1915.5413781618877        96.004488421952757       -393757.23673232808        400790.11766576901        811441.41238601564       -7304636008.9775276     
   1915.5413781619168        126.55856379390175       -394517.32831431192        401402.51288244798        812969.45777744439       -5555973586.2039633     
   1915.5413781619470        166.83667954333455       -395729.89069221611        402331.89716278593        815072.37260137813       -4230141971.5377884     
   1915.5413781619352        219.93357704637538       -397403.63708190073        403641.37465216802        817829.91922831303       -3223532791.2967844     
   1915.5413781619020        289.92891997619409       -399497.02367310016        405205.82892962074        821118.91395952599       -2459155523.4588971     
   1915.5413781618502        382.20075246098895       -366976.57136934175        382508.44702802628        786348.27633132343       -1761253486.1303842     
   1915.5413781618377        503.83871741302482       -372828.65136234683        386880.08071754512        794556.54775677493       -1354935975.7977555     
   1915.5413781620039        664.18878437539513       -384143.59894326958        395115.32050481305        809057.94918318628       -1053132379.0281442     
   1915.5413781620468        875.57134067647303       -396984.24286757869        404482.96587673889        825173.09606901091       -819898962.05412400     
   1915.5413781620994        1154.2278199336602       -409947.93346556765        413597.68987514952        840953.50300605106       -638400713.39424694     
   1915.5413781620823        1521.5686014568055       -417457.97897954372        418990.48419624002        851258.72508143284       -492565140.70552462     
   1915.5413781620580        2005.8180620462572       -421129.04003262776        421865.90994696994        858133.87351227633       -377882769.97664768     
   1915.5413781620525        2644.1831766106247       -425024.85690639919        424942.41235220252        865725.76730092161       -290222136.04035193     
   1915.5413781620693        3485.7122905444739       -429174.92268135957        428243.28254859627        874138.50378097466       -223177789.51759145     
   1915.5413781620521        4595.0637156791017       -433609.79946511239        431789.93658552686        883487.83425451163       -171868176.31259111     
   1915.5413781620023        6057.4737072898615       -438375.02672092139        435611.74357230909        893914.58148062369       -132573526.85260016     
   1915.5413781619357        7985.3055332628455       -443542.22278317902        439740.93583434727        905590.22582114022       -102462946.75734927     
   1915.5413781620027        10526.682828655881       -449217.46474337258        444259.74886635889        918771.31591089116       -79370344.139884025     
   1915.5413781620041        13876.870573521650       -455460.46631830564        453631.38518266322        938007.01438714424       -61015271.670910664     
   1915.5413781620102        18293.278143620089       -461106.87725520151        467462.54806092154        961069.04280234617       -46307207.671923891     
   1915.5413781620339        24115.237183114132       -455280.74659311888        556164.17049303045        1041017.5502309445       -26987974.852476213     
   1915.5413781619932        31790.073918525559       -390811.91583015397        865366.44162774005        1247963.6286419285        7642592.9880280271     
   1915.5413781619638        41907.479162301970       -155061.14346360101        1522021.6282826504        1529450.1382866548        62173545.990315191     
   1915.5413781620075        55244.816801618072        404045.99263675575        2382045.6095188321        1506199.5734139450        124205999.10196030     
   1915.5413781620773        72826.852019049911        1383218.9772532466        2928627.0791963651        531669.72997446451        170717166.14553520     
   1915.5413781621344        96004.488421965711        2757393.9309789934        2804920.5475544292       -1679833.6908816718        192317685.63382161     
   1915.5413781622347        126558.56379392353        4423507.4759334838        1993988.0478835497       -4980444.5092239846        193086045.70181268     
   1915.5413781623552        166836.67954337114        6293350.9198417794        759277.68301395420       -9016680.3207696266        183003566.22170150     
   1915.5413781625866        219933.57704645148        8335224.2440245133       -675192.86326834280       -13592426.060827963        168984283.68478233     
   1915.5413781628795        289928.91997634369        10555021.328536501       -2169468.6246511759       -18645350.778866120        154354783.26774958     
   1915.5413781630239        382200.75246122520        12964196.501898939       -3982246.7713892218       -24489774.287094057        138446833.79487267     
   1915.5413781633913        503838.71741343604        15566583.495165255       -5781040.7964739539       -30807289.131788261        123693129.65647785     
   1915.5413781634390        664188.78437589586        18360945.105621684       -8030704.5328195989       -38050715.464925282        108490858.97860053     
   1915.5413781633536        875571.34067707439        21353379.616020154       -10027445.795945255       -45510765.544356644        95338254.947363377     
   1915.5413781633654        1154227.8199344280        24587325.502596229       -12337596.244761011       -53819396.705040939        82899556.171760499     
   1915.5413781631146        1521568.6014576317        28214102.696828954       -13774470.263033874       -62068747.782309763        73434446.893345356     
   1915.5413781630548        2005818.0620473088        32415108.432863269       -14379138.761821017       -70635366.093390137        66047991.762004972     
   1915.5413781632221        2644183.1766122486        37631365.062497407       -12949173.156867363       -79165341.870060802        61472497.690198071     
   1915.5413781634056        3485712.2905469174        44300023.076697163       -10686222.602734715       -89690654.141783908        57924882.647668451     
   1915.5413781645545        4595063.7156851189        53282027.607244320       -2965907.0763060972       -99248477.945817202        57447430.450038761     
   1915.5413781657473        6057473.7073017210        64281393.364814498        4970343.2274607942       -112401091.50478590        55625432.289720617     
   2411.5237183160534        7.9853055332786047       -501269.21577140928        507735.72968154977        1022832.2829067920       -139389886227.46786     
   2411.5237183160320        10.526682828676192       -500732.29798302980        507381.82032955805        1022570.3699169478       -105715342284.42879     
   2411.5237183160434        13.876870573548482       -500210.48781891912        507066.16884642356        1022389.1211795199       -80178750098.313126     
   2411.5237183160557        18.293278143655499       -499713.33672181779        506782.89895471290        1022292.1613008232       -60815980592.458687     
   2411.5237183160320        24.115237183160271       -499254.56159436790        506539.87714150286        1022298.2480249143       -46134748568.227158     
   2411.5237183160257        31.790073918586980       -498855.44196483749        506344.08640002145        1022428.4998062074       -35003878283.191902     
   2411.5237183160521        41.907479162384043       -498545.37424370012        506235.07080668415        1022743.0845907179       -26563774283.127441     
   2411.5237183160534        55.244816801725030       -498370.85486183519        506214.83539208409        1023268.5706694610       -20165626981.699306     
   2411.5237183160780        72.826852019188991       -498398.01045796223        506341.47281143256        1024100.3590460254       -15315143538.235884     
   2411.5237183160916        96.004488422146736       -498716.72292328521        506696.10769821180        1025363.6028395561       -11637585321.783106     
   2411.5237183160989        126.55856379415592       -499436.28277055686        507346.22121186275        1027182.0933253670       -8849585487.5685120     
   2411.5237183161817        166.83667954367274       -500663.35966990871        508335.60583573062        1029655.1220516257       -6736037944.9298401     
   2411.5237183161912        219.93357704682339       -502471.11624958878        509779.98962268012        1032946.7325409896       -5132212444.0108576     
   2411.5237183162085        289.92891997679180       -504875.57718885376        511614.23764032661        1037020.2925123189       -3914862983.6063042     
   2411.5237183162417        382.20075246179249       -507830.29551145918        513920.71782158152        1041970.1039354282       -2988984898.9104381     
   2411.5237183162531        503.83871741408973       -460680.76091355627        480854.62849307642        991415.08905071998       -2123919423.3456752     
   2411.5237183163031        664.18878437675517       -470423.49927992397        488288.91908921511        1005279.7399778691       -1640763205.6244774     
   2411.5237183162894        875.57134067824131       -485845.79949402233        499616.41568031238        1025619.4041263396       -1278486986.3408291     
   2411.5237183162926        1154.2278199359610       -502926.95007804880        511895.87648658676        1047471.0053089529       -998043592.58522224     
   2411.5237183163285        1521.5686014598746       -519562.10697799927        523651.15198779432        1068571.6744853375       -778292905.49966085     
   2411.5237183163408        2005.8180620503390       -533848.07851868251        533698.38163079938        1087347.3196820645       -605032981.51330066     
   2411.5237183163622        2644.1831766160367       -539479.92365751183        538004.44453909469        1098104.2509265342       -465524695.68358892     
   2411.5237183163381        3485.7122905515430       -545590.53102258453        542668.34915049956        1110118.3636259881       -358762724.30442578     
   2411.5237183163708        4595.0637156885232       -552244.64903660351        548675.52103414561        1124521.3042677322       -276496678.87682313     
   2411.5237183163576        6057.4737073024071       -559518.17694670998        554457.98823261005        1139917.0437172991       -213818954.38359165     
   2411.5237183164022        7985.3055332798085       -567500.35428601212        560792.84219551424        1157283.5823562546       -165726177.76869234     
   2411.5237183163836        10526.682828677793       -576310.98073527205        567726.53941260814        1176914.8631095462       -128792146.56735854     
   2411.5237183163854        13876.870573550534       -586110.70037686743        575429.76550840458        1199279.1114732169       -100380769.71289343     
   2411.5237183164077        18293.278143658281       -596923.02660407987        585760.11705912463        1226317.5781462463       -78213751.833851621     
   2411.5237183164177        24115.237183164274       -606188.18058932049        619811.90905683127        1275268.6096921482       -58208270.086606495     
   2411.5237183163840        31790.073918591901       -593183.76109785808        789219.26716615679        1425879.7438144018       -29023625.650609598     
   2411.5237183164295        41907.479162390860       -476771.34277829545        1311533.2801723336        1770380.3146239407        24037039.870403383     
   2411.5237183164932        55244.816801735433       -80766.162093806342        2316665.5024881470        2168665.1672729389        103472657.65004830     
   2411.5237183164490        72826.852019200654        807040.11713570321        3508870.1702584424        2012418.1813883740        187954499.19413459     
   2411.5237183165436        96004.488422165305        2290658.9467831375        4137954.9783941815        429050.03419758659        246165243.31591773     
   2411.5237183165732        126558.56379418158        4299453.9600456879        3754028.1645592004       -2889210.3580873013        268525707.27051699     
   2411.5237183167451        166836.67954371270        6686144.8310430693        2504083.0006363885       -7597197.2778875427        265570589.58213982     
   2411.5237183168751        219933.57704688711        9358655.5881943405        808226.51628927514       -13236396.952309579        251475395.99601993     
   2411.5237183171084        289928.91997690173        12312184.876836112       -1078124.8564727511       -19671908.647214949        234042023.97677821     
   2411.5237183173372        382200.75246196822        15581883.404665478       -3232011.5478515234       -27131007.255040869        215012425.67328453     
   2411.5237183174004        503838.71741433215        19194803.873692628       -5513263.3685374483       -35557619.774839610        196217456.13709885     
   2411.5237183175855        664188.78437711170        23158913.890570771       -8355047.8213853389       -45396711.489792570        176015034.60346916     
   2411.5237183179088        875571.34067883331        27473518.205826193       -11230821.790059982       -56097832.279307529        157072627.74122792     
   2411.5237183180698        1154227.8199368168        32156676.052913375       -14607150.168083038       -68133093.699184150        138321814.48898691     
   2411.5237183181462        1521568.6014610280        37314881.537549578       -17037849.379832406       -80235288.431476176        123177685.44655791     
   2411.5237183179511        2005818.0620516862        43284434.496726319       -18325032.198828954       -92841889.032194719        111433135.53302725     
   2411.5237183179602        2644183.1766177989        50427650.778345071       -17701140.410101160       -105866879.70611426        102923180.62141088     
   2411.5237183188246        3485712.2905551493        59644811.684572019       -14183707.866638288       -120074177.23816159        98026113.571544111     
   2411.5237183194899        4595063.7156944824        71863857.008961663       -5775516.8024611324       -135250275.53481299        96431083.322999448     
   2411.5237183203221        6057473.7073123846        88847727.656094953        11377333.879742131       -150966203.97958487        98629631.323086023     
   3035.9284901377973        7.9853055332926886       -633960.52765274164        641225.15747917199        1290889.5341252135       -221664584880.07446     
   3035.9284901378128        10.526682828694907       -633430.30315838731        640862.14093564649        1290734.8123486489       -168156278799.59952     
   3035.9284901378237        13.876870573573136       -632926.37584272807        640560.18621353444        1290704.4576658094       -127569503337.42209     
   3035.9284901378742        18.293278143688209       -632458.24253671966        640315.85401209246        1290805.8247624747       -96786454895.905991     
   3035.9284901379028        24.115237183203860       -632041.00104032445        640123.69063342712        1291047.4629502948       -73441410327.259064     
   3035.9284901379056        31.790073918644548       -631694.14543460612        640003.14915374783        1291467.2042555055       -55736354217.657784     
   3035.9284901379206        41.907479162459687       -631446.58661127149        639971.16454809846        1292102.6964381004       -42308735673.628532     
   3035.9284901379001        55.244816801824342       -631336.92835668905        640045.99667348736        1293001.9557503678       -32125544990.178783     
   3035.9284901378937        72.826852019319006       -631427.53240899951        640277.83142970642        1294252.2177215172       -24402458337.366089     
   3035.9284901378969        96.004488422317692       -631802.10413064470        640710.05672153318        1295947.3394365562       -18545667105.083702     
   3035.9284901378951        126.55856379438083       -632574.19657713815        641471.02389197564        1298277.2271346110       -14102830683.177296     
   3035.9284901379092        166.83667954396427       -633881.33094804594        642585.00051997544        1301339.9559240930       -10733862051.772919     
   3035.9284901378533        219.93357704720279       -635856.64626481000        644211.22409165162        1305374.1136785350       -8177518021.5665302     
   3035.9284901379378        289.92891997729799       -638594.27307903324        646353.60537571122        1310450.7089207065       -6237459169.1604033     
   3035.9284901379206        382.20075246245227       -642118.51383843704        649119.96366635349        1316728.0301250373       -4762980635.0166578     
   3035.9284901379770        503.83871741496648       -646388.79936672561        652377.77616287442        1324105.3529916615       -3641766229.9345570     
   3035.9284901380397        664.18878437791079       -580713.63737339480        606385.71607523190        1254002.7360342552       -2572469705.8087831     
   3035.9284901380588        875.57134067977518       -595392.70382268017        617587.60226329265        1275246.5304412593       -1995128185.7660768     
   3035.9284901381716        1154.2278199380244       -616407.16672510118        633110.60846311494        1303791.7520578844       -1559040436.5684578     
   3035.9284901382075        1521.5686014625908       -639346.24783764558        649950.39180460235        1334411.0802489906       -1219817545.9163649     
   3035.9284901382298        2005.8180620539233       -661571.07378209243        665841.21421474800        1363897.3662791294       -953622057.21288121     
   3035.9284901387127        2644.1831766211590       -684968.55676396762        682328.79826459300        1394745.0366159207       -746321301.21838856     
   3035.9284901387455        3485.7122905583674       -693748.07570983574        689703.78495934512        1412633.9496429814       -575695194.07042527     
   3035.9284901387468        4595.0637156974608       -703437.81014789734        696615.40690657299        1431621.1252159928       -445801988.28645873     
   3035.9284901386809        6057.4737073140896       -714175.52497912070        705865.00272667210        1454772.5004898510       -345258925.73305720     
   3035.9284901386541        7985.3055332949916       -726111.46193266346        715279.72400005872        1480224.4601723938       -268410482.25432229     
   3035.9284901386436        10526.682828697853       -739419.55650712631        725716.44761751581        1509204.0857192122       -209303002.23413095     
   3035.9284901386254        13876.870573576884       -754314.51507465064        737257.97495100857        1542243.4417251283       -163784630.52654833     
   3035.9284901386768        18293.278143693158       -771054.01563648926        750255.51877563319        1580210.1019421576       -128633998.81466699     
   3035.9284901386745        24115.237183210134       -789550.24599270814        768764.01238887245        1627195.4658384696       -100838732.57686286     
   3035.9284901386950        31790.073918653012       -804434.66402507632        838974.16842952394        1721644.5396697009       -73317034.206227943     
   3035.9284901388164        41907.479162472308       -777479.50349743047        1124102.0335454110        1970151.0340767279       -30599116.950809211     
   3035.9284901389665        55244.816801844070       -573161.85638755409        1984339.8785699070        2531469.5516679725        50219724.679031789     
   3035.9284901391120        72826.852019348691        75748.566478508423        3494892.6951555009        3087941.9724020264        164270199.18567598     
   3035.9284901391416        96004.488422357652        1453077.9189838571        5086234.4196391860        2673788.9339656113        276142037.17178863     
   3035.9284901392070        126558.56379443631        3653301.9301477941        5702378.4186101807        144405.39238966163        345635258.18416208     
   3035.9284901392371        166836.67954403826        6538839.4003999168        4904501.9144965867       -4715056.8659328083        367378967.92643112     
   3035.9284901392975        219933.57704730879        9922401.9386619739        3095225.2355945706       -11314366.357758142        360538653.03165233     
   3035.9284901393216        289928.91997743188        13736358.741596762        871739.44840279967       -19145474.008424677        343545020.01312912     
   3035.9284901393544        382200.75246263505        18033540.123623963       -1538883.8107099496       -28257643.571896732        323996550.41125178     
   3035.9284901393826        503838.71741520264        22896520.329746332       -4270633.5162770078       -39036726.820028409        302710209.12279999     
   3035.9284901394026        664188.78437821264        28373259.964624375       -7527163.3221438006       -51800450.590077028        279288753.05212551     
   3035.9284901396641        875571.34068024263        34476207.146285228       -11393749.900629863       -66636201.341133341        254192989.32062790     
   3035.9284901401561        1154227.8199387845        41208136.380387403       -15771614.410726521       -83408577.694562376        228648613.01070094     
   3035.9284901406268        1521568.6014638098        48620923.843160525       -20226074.178473599       -101737462.03692544        204507092.27813172     
   3035.9284901405467        2005818.0620554627        56978049.411233157       -23389920.589707568       -120730161.07079263        184762743.55852202     
   3035.9284901398028        2644183.1766221193        67007571.639744289       -23482942.094298065       -140005289.21672013        171574617.64832664     
   3035.9284901397914        3485712.2905595815        79465409.453270778       -19200361.952037506       -159701555.97029126        163706663.42432466     
   3035.9284901393580        4595063.7156984024        96177822.126629099       -9688393.4717709124       -182529892.77384239        160923081.13243520     
   3035.9284901404390        6057473.7073176177        119142322.45307520        11971687.355017483       -205447739.35527775        164736991.74784964     
   3822.0075246276801        7.9853055332996092       -801455.82737058087        809645.10420598218        1628957.1671293005       -352395898382.96478     
   3822.0075246276583        10.526682828703917       -800968.98141603929        809263.97294853709        1628960.1955969720       -267408219201.48132     
   3822.0075246276861        13.876870573585064       -800525.51815576968        808999.39651312784        1629170.1262025288       -202919567240.89658     
   3822.0075246276742        18.293278143703574       -800138.30297358672        808825.06999715534        1629578.2827879281       -153996515484.07599     
   3822.0075246276633        24.115237183223815       -799823.63017239282        808735.96972272557        1630197.2704198316       -116884682115.68176     
   3822.0075246276538        31.790073918670750       -799603.66415183945        808743.02848798467        1631062.9959511734       -88732745209.232895     
   3822.0075246276974        41.907479162494489       -799506.87255096587        808863.84466618358        1632218.0318099917       -67376649682.456558     
   3822.0075246276674        55.244816801870158       -799573.41900938877        809120.25313208729        1633719.4703601641       -51175651112.656929     
   3822.0075246276820        72.826852019379842       -799858.77077023778        809556.29267322342        1635655.4222506077       -38884409894.458748     
   3822.0075246277047        96.004488422398367       -800442.89747386833        810230.50018247601        1638138.7796699214       -29558778921.620113     
   3822.0075246277129        126.55856379448753       -801436.19241269340        811206.91413649218        1641305.5651350226       -22483311721.477013     
   3822.0075246277993        166.83667954410791       -802985.42662629194        812621.05998902919        1645377.6114948904       -17113818455.354023     
   3822.0075246278411        219.93357704739861       -805264.01209279057        814530.87792632682        1650517.1623410545       -13039619921.704807     
   3822.0075246278925        289.92891997755191       -808442.54741020373        817162.73608476704        1657064.8053839998       -9945721343.9810181     
   3822.0075246279398        382.20075246279401       -812644.64698984497        820474.00737125403        1665077.0752187576       -7596266311.1331673     
   3822.0075246279393        503.83871741540747       -817914.88086855423        824620.49202407815        1674796.0794788403       -5809328456.8946457     
   3822.0075246279216        664.18878437847548       -824225.99988127628        829474.78773555753        1686167.1344278599       -4449315898.9053640     
   3822.0075246279384        875.57134068051789       -734862.70618900470        767088.18749800546        1591584.9376483504       -3129716544.4118795     
   3822.0075246279553        1154.2278199389657       -756249.12693472020        783344.27435404167        1623185.7448438630       -2437315251.8371596     
   3822.0075246280062        1521.5686014638334       -785022.49354395468        804737.43842499563        1663590.0408564331       -1910844914.8207226     
   3822.0075246279584        2005.8180620555218       -816168.72582956357        827685.99420619267        1706698.9023649916       -1500070155.0296700     
   3822.0075246279612        2644.1831766228479       -846461.98185489897        849497.24216954259        1748741.7055649501       -1176769946.9492700     
   3822.0075246279534        3485.7122905605493       -875068.86785393162        870410.41743592790        1790191.2664425583       -921584054.60953915     
   3822.0075246279348        4595.0637157003121       -896615.41168386035        886304.04208002950        1825881.2366920421       -718770811.41427910     
   3822.0075246278975        6057.4737073179213       -912164.73564655916        898368.79351189430        1857983.2599048875       -558942359.11679745     
   3822.0075246278948        7985.3055333001066       -929631.89070422703        911830.77361920278        1894679.1908060010       -436034040.05400050     
   3822.0075246279330        10526.682828704739       -949307.52729330363        928229.74582697928        1938076.9525668265       -340872692.88182032     
   3822.0075246279121        13876.870573585968       -971522.43718840170        945400.52669558639        1986689.3338821100       -267845500.77978465     
   3822.0075246279212        18293.278143704865       -996672.37800680997        964562.53637368837        2042565.4076911833       -211410901.21956784     
   3822.0075246279453        24115.237183225741       -1025186.3740985447        986410.35683295876        2107326.3668514453       -167615607.94714457     
   3822.0075246279553        31790.073918673454       -1056706.7526376026        1023758.5144509620        2193664.4383251034       -131807445.48208901     
   3822.0075246279425        41907.479162497439       -1080436.6853447412        1140775.4564117026        2350833.0496052383       -94811327.689798877     
   3822.0075246279280        55244.816801874265       -1028065.8185891948        1651279.3603396998        2795391.8600698095       -28836878.442618132     
   3822.0075246280890        72826.852019388039       -679847.73936455324        3007621.4063738165        3665949.9776046732        90754979.929356590     
   3822.0075246284268        96004.488422417096        356794.80836892646        5220314.6048386786        4420564.5721243517        250974239.63310662     
   3822.0075246283718        126558.56379451013        2443943.8982210681        7262989.4075377658        3555107.6528921975        394952029.29766524     
   3822.0075246283750        166836.67954413407        5640084.0137540409        7749801.1441220278       -341260.80662819929        475277697.85698128     
   3822.0075246283459        219933.57704742902        9723715.0824451726        6392791.7095001247       -7267246.4708530810        495925668.48982245     
   3822.0075246284455        289928.91997759568        14493413.942973418        3937995.9787302110       -16394057.792468125        486704624.76073885     
   3822.0075246284391        382200.75246284611        19958674.556972735       -3319993.4509061836       -31764384.129409764        425057334.74894410     
   3822.0075246293181        503838.71741559205        26276448.352785330       -1694341.8972180896       -40211056.807757437        452187639.70719433     
   3822.0075246294982        664188.78437875293        33599629.271030061       -5241786.8467677906       -56177153.127266675        429737960.58700788     
   3822.0075246297056        875571.34068092715        42002886.897711121       -9734864.0476646684       -75578507.024294525        402236296.84662879     
   3822.0075246298202        1154227.8199395344        51505427.932029128       -15415916.485465616       -98643969.618564352        370119579.40382034     
   3822.0075246300298        1521568.6014646462        62125399.316834725       -21761256.288537189       -124816029.35388790        336771577.78308243     
   3822.0075246307219        2005818.0620569810        74007732.807997584       -27591385.964293368       -153129483.75650206        305932177.45004767     
   3822.0075246314836        2644183.1766252960        87802380.245011926       -30222202.099521443       -182120914.20123088        282829977.14812577     
   3822.0075246312390        3485712.2905635592        105016668.55045258       -28559739.866923407       -213622539.41713291        268283780.59728014     
   3822.0075246310898        4595063.7157041216        127368403.09079942       -13771972.581291363       -242129793.51143724        267122147.17753983     
   3822.0075246305423        6057473.7073221328        158466127.29815611        11561884.010632694       -277295484.74646890        272920553.57909399     
   4811.6223968258619        7.9853055333054979       -1012851.7357458828        1022164.7604731459        2055363.8699640003       -560066944779.33447     
   4811.6223968258973        10.526682828711817       -1012462.3943453173        1021730.5071260609        2055569.5226983204       -425140949832.52380     
   4811.6223968258792        13.876870573595326       -1012142.0395267006        1021518.2227727141        2056128.4546338345       -322708267863.47394     
   4811.6223968258682        18.293278143717114       -1011910.6420995133        1021462.1589828552        2057003.5836531878       -244976012897.74164     
   4811.6223968258537        24.115237183241661       -1011787.8663915793        1021544.9246789016        2058195.0883544432       -185993592395.61664     
   4811.6223968258628        31.790073918694418       -1011800.3100834833        1021765.6812234721        2059741.4306904790       -141241590329.56552     
   4811.6223968258091        41.907479162524744       -1011980.3899442662        1022141.3877927839        2061687.3114306373       -107284266665.72658     
   4811.6223968257800        55.244816801910140       -1012371.3408377718        1022709.5434315525        2064122.0139267989       -81515909718.076523     
   4811.6223968258064        72.826852019432678       -1013030.6572196892        1023495.6436064932        2067120.9685133034       -61960773504.069305     
   4811.6223968258046        96.004488422467404       -1014036.8524189905        1024566.5133609249        2070818.0424168543       -47118552456.201935     
   4811.6223968257746        126.55856379457745       -1015498.3676201388        1026002.8448453888        2075377.1525673652       -35852038451.125473     
   4811.6223968257573        166.83667954422211       -1017562.1137601765        1027896.1963409685        2080994.3505800231       -27299161928.707478     
   4811.6223968257173        219.93357704754490       -1020421.0079180099        1030396.6345647632        2087953.3251788095       -20805101626.210091     
   4811.6223968256727        289.92891997773819       -1024300.0513279540        1033637.9892065754        2096530.7752581181       -15873418119.181480     
   4811.6223968256954        382.20075246303662       -1029422.9368005965        1037837.5993425080        2107116.5001313090       -12125968650.677588     
   4811.6223968256436        503.83871741572204       -1035959.5459432277        1043106.5751759637        2119976.0382035123       -9276526444.2213268     
   4811.6223968256345        664.18878437889191       -1043989.8133730842        1049454.6009477491        2135267.4912387491       -7108080339.0674763     
   4811.6223968256381        875.57134068106370       -1053518.6085819569        1056852.9131245958        2153107.2767077703       -5455927851.0252199     
   4811.6223968256381        1154.2278199396799       -933869.47753963806        973273.41368463496        2027649.5306469577       -3829786714.5801854     
   4811.6223968256581        1521.5686014647613       -964695.39934536128        996806.53199287434        2074554.9411625839       -2995450369.9843245     
   4811.6223968256672        2005.8180620567741       -1004448.4193705803        1026718.6599193616        2132603.9799155900       -2357254738.8308797     
   4811.6223968257073        2644.1831766245182       -1047292.6134338070        1058433.3580421244        2194353.5761944721       -1858107774.1633964     
   4811.6223968257527        3485.7122905627912       -1089333.2236456673        1088932.3470531723        2255598.5728653977       -1464044623.1791151     
   4811.6223968257800        4595.0637157033161       -1129123.2511510104        1118116.5688601260        2316542.2952010436       -1151941857.4754772     
   4811.6223968257900        6057.4737073219530       -1166354.3985204923        1145219.8577283137        2377317.4050839720       -906209049.13037550     
   4811.6223968258455        7985.3055333055199       -1191609.7411872046        1164567.5946156802        2430277.7809207467       -709414083.20277250     
   4811.6223968258673        10526.682828711817       -1220299.1865500067        1187410.3315491306        2492372.0979660447       -557139701.38492751     
   4811.6223968258855        13876.870573595428       -1252968.7591543433        1212196.0635107497        2563091.4351034313       -439856694.52196681     
   4811.6223968258528        18293.278143717169       -1290245.5001339056        1241936.5420933331        2646720.8830501158       -348543037.50086677     
   4811.6223968258810        24115.237183241945       -1332866.3852636560        1271282.0674000492        2739457.7980858441       -278553181.78052795     
   4811.6223968258328        31790.073918694416       -1381582.6979690369        1313865.0486902830        2856631.4502494480       -222504428.65093717     
   4811.6223968258910        41907.479162525713       -1435422.1174284769        1370133.7565723499        2998201.8581102528       -177419549.38017246     
   4811.6223968259055        55244.816801911918       -1473511.5372405411        1596583.3304247812        3293040.0073331883       -123603442.71683887     
   4811.6223968258946        72826.852019434460       -1377545.3851426756        2446635.7701438409        4032818.6896626111       -24642695.189595133     
   4811.6223968259455        96004.488422470793       -801632.92174536840        4553868.2255906360        5377161.0330648869        150541107.19331989     
   4811.6223968259428        126558.56379458267        812290.50597421476        7676118.3531955350        6332811.6944020595        369158005.29706198     
   4811.6223968258992        166836.67954422804        3902430.3291118392        10169132.608740669        4708181.5077884886        549046079.75583327     
   4811.6223968258555        219933.57704755259        8457630.3603820764        10391347.047152776       -1079417.0264010858        640591101.33011866     
   4811.6223968258219        289928.91997774900        14173304.535084035        8376922.2799699046       -10713118.430654485        662379298.64980698     
   4811.6223968258901        382200.75246305444        20897778.880084790        5387182.4532880187       -23125952.461426869        657397723.34323192     
   4811.6223968259346        503838.71741575544        28805929.866608832        2298133.6006074436       -38210229.452877581        648920595.18815708     
   4811.6223968260774        664188.78437895677        38224792.024455875       -1183889.7594163120       -57140088.665573582        637071071.41633928     
   4811.6223968260683        875571.34068114660        49406794.666049160       -5827512.2433904037       -81245378.241667777        616486295.47622561     
   4811.6223968260419        1154227.8199397826        62461908.651077144       -12138344.436487056       -111205274.96843562        585433707.53368926     
   4811.6223968263630        1521568.6014649915        77426498.274751648       -20000089.051617265       -146882471.92559507        546542166.36709189     
   4811.6223968264312        2005818.0620571016        94371837.025036573       -28996636.892925516       -187894682.46762806        503478755.90815878     
   4811.6223968267250        2644183.1766250888        113690933.95837216       -36533032.193757489       -232319436.63625067        464372766.02286994     
   4811.6223968271433        3485712.2905638129        136969063.17948353       -35626789.204496786       -276226386.15516162        441853201.87202781     
   4811.6223968278746        4595063.7157053333        167111323.57735398       -29745265.226979584       -328754719.92144430        428470596.52044559     
   4811.6223968279510        6057473.7073246948        208489366.67344102        11245499.022228688       -368340811.07862413        448607189.96911514     
   6057.4737073245469        7.9853055333088152       -1279627.9076507532        1290493.2134409924        2593371.5858121943       -889785984269.67310     
   6057.4737073245651        10.526682828716142       -1279414.4463882735        1289822.5434151317        2593707.9083201364       -675762071136.91003     
   6057.4737073245124        13.876870573600959       -1279310.9479745335        1289664.6908378182        2594758.4467833866       -513121630765.07416     
   6057.4737073245687        18.293278143724756       -1279343.7520330236        1289782.9937283429        2596308.6581323827       -389645658056.22137     
   6057.4737073246506        24.115237183252130       -1279540.6273152272        1290125.1323363625        2598342.3113665478       -295926543936.66064     
   6057.4737073246461        31.790073918708135       -1279934.9328818012        1290679.7095657550        2600894.5755184907       -224799014971.92255     
   6057.4737073246270        41.907479162543162       -1280569.3013684421        1291461.9776767422        2604027.2689771634       -170815198355.35904     
   6057.4737073246861        55.244816801935293       -1281493.1340937326        1292503.5317187114        2607834.8510657409       -129839586814.18172     
   6057.4737073246479        72.826852019464980       -1282773.4658299636        1293849.2773979469        2612435.5691432571       -98734253642.308792     
   6057.4737073246624        96.004488422510235       -1284493.6432644613        1295559.7285013604        2617967.9352622489       -75117576612.590866     
   6057.4737073244987        126.55856379463131       -1286766.7628294737        1297725.2066098358        2624629.3730996810       -57183416632.528175     
   6057.4737073244405        166.83667954429211       -1289743.7189590035        1300433.0950109449        2632644.6360228797       -43563118404.390884     
   6057.4737073244269        219.93357704763849       -1293626.8625806840        1303883.7688171631        2642360.7824498238       -33214889303.077515     
   6057.4737073244023        289.92891997786313       -1298675.3775461181        1308205.7720980551        2654110.0832632743       -25352403000.831131     
   6057.4737073243941        382.20075246319891       -1305188.9079589688        1313647.2681029823        2668368.8757433733       -19375867247.900993     
   6057.4737073243523        503.83871741593805       -1313468.4221152682        1320393.4330378829        2685564.4799654596       -14830804561.551228     
   6057.4737073243559        664.18878437917829       -1323758.7309776519        1328655.9309716392        2706172.8227789626       -11371223625.507021     
   6057.4737073243859        875.57134068144467       -1336203.8479742459        1338486.3081221087        2730501.5641097585       -8735278640.7329235     
   6057.4737073243477        1154.2278199401751       -1350871.5742496715        1350086.7699446164        2759024.1571130296       -6723261881.7156792     
   6057.4737073242941        1521.5686014653941       -1192680.1663458419        1239443.6139553452        2595324.7182011325       -4718951174.6533079     
   6057.4737073243277        2005.8180620576154       -1237142.5098378100        1273793.1835252715        2665484.8049182426       -3708563157.3898740     
   6057.4737073243668        2644.1831766256232       -1292739.2178274756        1315550.3887112732        2749593.9041848835       -2933157000.3735027     
   6057.4737073244250        3485.7122905642482       -1352592.9635289158        1360207.7297323409        2839884.8872088911       -2323547869.0548754     
   6057.4737073244933        4595.0637157052615       -1412047.3238717727        1403922.3366438139        2931313.4779243516       -1840542920.7091618     
   6057.4737073244769        6057.4737073244887       -1469302.7404344797        1445514.4161643130        3023342.4956263704       -1457731793.7581673     
   6057.4737073248989        7985.3055333093280       -1529940.3228649043        1489903.2164237117        3124207.8609636705       -1157097278.5219755     
   6057.4737073248325        10526.682828716674       -1571466.3706401193        1521350.2982806219        3212706.5995883066       -913414801.12832153     
   6057.4737073247106        13876.870573601498       -1619096.9988753935        1558091.4679539741        3316543.7399966130       -724295556.21791267     
   6057.4737073247024        18293.278143725271       -1673854.7721893378        1600235.6199366637        3437796.7597735785       -577444248.91173923     
   6057.4737073246824        24115.237183252404       -1736922.4218016965        1646593.6885446759        3577675.9130180408       -463607465.64489007     
   6057.4737073246542        31790.073918708375       -1809682.8757613485        1701731.2321896919        3743647.8279616088       -374256571.09113729     
   6057.4737073242704        41907.479162540956       -1893505.0003586411        1767395.2054119816        3940665.5371076660       -303804118.18208104     
   6057.4737073242077        55244.816801931272       -1986126.9971188640        1875342.6226245330        4199266.0222964548       -243811423.09452346     
   6057.4737073241176        72826.852019459053       -2048661.0919065850        2275284.0471289596        4719882.4052534644       -166024828.16763330     
   6057.4737073240958        96004.488422501861       -1882404.8159682341        3670373.5406222204        5944811.1152919484       -17677298.115557581     
   6057.4737073240331        126558.56379462236       -958724.02652707708        6839471.7442655470        7957737.5351303769        232797300.94118321     
   6057.4737073235974        166836.67954426992        1489580.4514967445        11112802.241093542        9100466.7785978504        524013114.47264004     
   6057.4737073235628        219933.57704760850        5962818.6610161094        14052758.129159097        6336936.8629847514        744563763.43045878     
   6057.4737073236001        289928.91997782653        12348514.271581339        13858956.900009437       -2005582.9914720263        849056700.42980790     
   6057.4737073236329        382200.75246315327        20300413.515445486        11249457.499056861       -15102482.387751639        879976321.58550429     
   6057.4737073237129        503838.71741588786        29841738.181132656        8050278.2650699802       -31888857.047964234        892422782.66450834     
   6057.4737073237829        664188.78437911929        41451115.555421092        5019943.6491340920       -53076107.566991627        905901872.57538247     
   6057.4737073239285        875571.34068138350        55718126.879054360        1042550.8514090255       -81183062.444623262        910291933.14614630     
   6057.4737073238703        1154227.8199400904        73032461.178611547       -4978875.4559540302       -118094335.13651173        897299039.12568784     
   6057.4737073238721        1521568.6014652958        93560433.463016465       -13995380.688396662       -164987654.97276005        863677824.50741434     
   6057.4737073239821        2005818.0620575109        117389987.70828238       -25413840.327878624       -221293702.04033515        815934513.95434165     
   6057.4737073240321        2644183.1766254893        144751579.43598318       -37931344.921642706       -286007515.60455078        761667743.84692395     
   6057.4737073246852        3485712.2905644132        176682268.44976723       -45485381.499981984       -354973558.79948276        717139913.23105228     
   6057.4737073248807        4595063.7157055745        216982656.45993957       -32720936.159226716       -420257372.47857946        707449055.92478430     
   6057.4737073253937        6057473.7073254287        270599619.08705318       -8775179.6140468121       -500672345.38934785        709037500.43689501     
