   7.6259075437569435E-002   7.9853054938646082      -0.26873323416884770       0.26928104064408054       0.53663824787155123       -2.3146974720787195     
   7.6259075440971366E-002   10.526682777188116      -0.27665210771362347       0.27702303069476975       0.55202129243526787       -1.8074553093776822     
   7.6259075445427607E-002   13.876870506484808      -0.28500226055486610       0.28519491650509882       0.56828453644718890       -1.4124768421801333     
   7.6259075449641556E-002   18.293278056259116      -0.29379842743848850       0.29383804815349457       0.58547917806029526       -1.1045023076647249     
   7.6259075454476050E-002   24.115237069478436      -0.30304824152018051       0.30297549163524901       0.60362364312050132      -0.86408601292301568     
   7.6259075460274453E-002   31.790073771142389      -0.31275394656579358       0.31261679779077345       0.62271189752744938      -0.67622160719643687     
   7.6259075464019291E-002   41.907478970071686      -0.32291310924529210       0.32276240248941718       0.64271940003303030      -0.52929706282565547     
   7.6259075468953386E-002   55.244816551782357      -0.33351821072944571       0.33340636317093419       0.66360515123218033      -0.41430496865511895     
   7.6259075461339365E-002   72.826851682428284      -0.34455514733536624       0.34453724477475073       0.68530969988801926      -0.32424432787819174     
   7.6259075452533423E-002   96.004487967123083      -0.35600062224124429       0.35613735896468540       0.70774925603457794      -0.25366493679727969     
   7.6259075442368901E-002   126.55856317744860      -0.36781825315143374       0.36818054837153685       0.73080572731428206      -0.19831837354178458     
   7.6259075441051205E-002   166.83667872780555      -0.37995298175914910       0.38062857454005905       0.75431187173939884      -0.15488932340646891     
   7.6259075438035714E-002   219.93357596260330      -0.39232286433573810       0.39342744133638774       0.77803100569226702      -0.12078727910085255     
   7.6259075436517901E-002   289.92891854173865      -0.40480505043227677       0.40651315069197308       0.80163430738930042       -9.3981395617749292E-002
   7.6259075439126162E-002   382.20075058309095      -0.41717142224730625       0.42065321999728045       0.82541289536938545       -7.2685683055894845E-002
   7.6259075453188344E-002   503.83871503038415      -0.41800159998158160       0.62134528163929437        1.0120007103904336       -2.2947717337023409E-002
   7.6259075455871558E-002   664.18878125777496       0.42295753389878582        11.196108475698166        9.8881465198980081        1.4704986437274883     
   7.6259075459239989E-002   875.57133660530417        25.604305762842642        240.50020934718916        188.78826395571494        27.269092869259900     
   7.6259075461283576E-002   1154.2278145977132        709.09035893007490        4825.4534842393996        3406.5546303317933        450.84301804561392     
   7.6259075461029766E-002   1521.5685944176064        918.11199219490766        4506.7479877715650        2669.7702693672140        355.54105109603347     
   7.6259075460476666E-002   2005.8180527522632        425.85186424970482        1478.5429082150058        625.40785618828420        101.87445724513114     
   7.6259075460858680E-002   2644.1831643720084        213.63786832452746        481.82822389872246        50.192090645177473        31.368450403624806     
   7.6259075460872877E-002   3485.7122744114536        110.84766220813557        158.86949690515721       -67.440542423493497        10.399464171267280     
   7.6259075460884188E-002   4595.0636944123617        75.198538055995414        152.96700231130828       -16.175997253847783        6.3371729431686017     
   7.6259075460884646E-002   6057.4736792550320        83.564060637765593       -69.144089763891216       -288.23729081879270        2.6877134205363951     
   7.6259075460883952E-002   7985.3054963059476        58.433079295885506       -133.60953840316279       -289.57448639031838       0.63541936770186602     
   7.6259075460883632E-002   10526.682779936789        34.986188676133864       -65.754487479506622       -156.82306579900626       0.37655115286475027     
   7.6259075460883757E-002   13876.870509297391        24.448338902856740       -29.422397802473775       -90.600321620869067       0.27814181849237685     
   7.6259075460883938E-002   18293.278058956017        20.248214068289091       -29.335988500496249       -77.717095691829542       0.14537201736315114     
   7.6259075460883868E-002   24115.237071504824        18.959633714807296       -26.598402397818575       -69.994115244918277       0.10053351725562212     
   7.6259075460883730E-002   31790.073771396455        19.196902574127012       -15.010003716074543       -57.534549185735955       0.10273144968635732     
   7.6259075460883730E-002   41907.478968348682        20.365866745252568       -15.508825044736437       -59.649053549699865        8.1820633722201608E-002
   7.6259075460883563E-002   55244.816545936446        21.977490317809146       -12.723575845392039       -59.519282807188802        7.1467295674471062E-002
   7.6259075460883563E-002   72826.851681993241        24.153998816996818       -14.163981596715926       -64.993649768734940        5.8822366376580414E-002
   7.6259075460883591E-002   96004.487977635668        26.819739676300863       -15.598437651283142       -71.568821395984372        4.9309649639406920E-002
   7.6259075460883605E-002   126558.56320817584        29.977054986357292       -16.902732711356311       -79.073866609097635        4.1916649885880362E-002
   7.6259075460883591E-002   166836.67877119480        33.659605595119970       -25.168376205837546       -94.639370594199406        3.2733930699850762E-002
   7.6259075460883591E-002   219933.57602849821        37.936902917832256       -21.168901175320965       -99.176500046016670        3.0390565494398780E-002
   7.6259075460883577E-002   289928.91863437573        42.900712935469777       -22.276418407344366       -110.25151978962131        2.6450060064609354E-002
   7.6259075460883591E-002   382200.75069213822        48.621339293889683       -19.340242741964396       -118.83179753470145        2.3879542352968991E-002
   7.6259075460883577E-002   503838.71508122864        55.192800682110892       -29.760070431287339       -142.49282229822921        1.9353011933145387E-002
   7.6259075460883591E-002   664188.78130143159        62.741084600240256       -26.194381809042753       -154.14942788644805        1.7544861015391326E-002
   7.6259075460883591E-002   875571.33662418020        71.408271813705539       -34.697876690481344       -180.14337522450995        1.4707547303074943E-002
   7.6259075460883577E-002   1154227.8145916658        81.378208898290822       -93.341402549400101       -258.93774375197927        9.1506787864923996E-003
   7.6259075460883591E-002   1521568.5944146991        92.791540934363979       -66.239088078395014       -254.88623248967599        9.9215636040189837E-003
   7.6259075460883577E-002   2005818.0527629785        105.86440953706935       -62.578792467085314       -277.61634150950738        9.0741043046487623E-003
   7.6259075460883591E-002   2644183.1643728879        120.84598167904655       -110.29488580262009       -355.57088241660017        6.7317341556896552E-003
   7.6259075460883591E-002   3485712.2744119647        138.00811421004499        28.113256516336577       -251.79104297332916        9.1984067694020691E-003
   7.6259075460883605E-002   4595063.6944123544        157.59434253818603       -109.23973751565784       -428.57927121036772        5.6179212124581514E-003
   7.6259075460883605E-002   6057473.6792549873        179.94742735541701       -87.817968860300383       -452.06882974445574        5.3264562477718389E-003
   9.6004487985087997E-002   7.9853054969257844      -0.31791124225040285       0.31885269348998307       0.63518360355208781       -3.4442889072748573     
   9.6004487986923487E-002   10.526682780955191      -0.32687957711115673       0.32761034418795015       0.65250533893170459       -2.6856499825074467     
   9.6004487989734752E-002   13.876870511046231      -0.33635512226450914       0.33682856397501981       0.67081985441262293       -2.0962345308269938     
   9.6004487993290671E-002   18.293278061938956      -0.34636864261614647       0.34658889811289761       0.69024460574966140       -1.6375701276500472     
   9.6004487996721039E-002   24.115237076298786      -0.35693897338538150       0.35694483151904305       0.71084419523888953       -1.2801317369395349     
   9.6004487994570786E-002   31.790073777004171      -0.36807619387811624       0.36792570961949728       0.73264069996255121       -1.0012293649660142     
   9.6004488010015016E-002   41.907478982482729      -0.37978406267928144       0.37954380304313035       0.75562567660153745      -0.78337632233401433     
   9.6004488021789916E-002   55.244816571344614      -0.39206102579676838       0.39180042416106597       0.77976836916230075      -0.61305519689385612     
   9.6004488021030204E-002   72.826851714911399      -0.40489970283174836       0.40468961917983509       0.80501844366226050      -0.47978913877887719     
   9.6004488011867714E-002   96.004488011867693      -0.41828491519433536       0.41819933023854405       0.83130325779199721      -0.37544051028451120     
   9.6004488021991269E-002   126.55856326664784      -0.43219023171998472       0.43231035734835360       0.85851992370704044      -0.29367789121798715     
   9.6004488023771331E-002   166.83667885136924      -0.44657278226082336       0.44699338683829193       0.88652189842681750      -0.22956845661079150     
   9.6004488016552189E-002   219.93357611765063      -0.46136575104197441       0.46220422985845006       0.91509901836286756      -0.17926450704619087     
   9.6004488009594477E-002   289.92891873088951      -0.47646710750951643       0.47788031356733751       0.94395106527026118      -0.13976001268693675     
   9.6004488011063802E-002   382.20075082521748      -0.49171912002650070       0.49395598531780227       0.97266141068145773      -0.10869559606451815     
   9.6004488002600419E-002   503.83871521224472      -0.50670664175533575       0.51382594436291218        1.0037558857755418       -8.3467059715719591E-002
   9.6004488005479019E-002   664.18878149405930      -0.48380732301540014        1.1276916192984625        1.5521453323478216        3.7323671211937623E-002
   9.6004488010149616E-002   875.57133692070897        1.8470789262712279        28.729810846255806        24.471047487420503        3.7769827210813669     
   9.6004488011310118E-002   1154.2278149965191        68.488406342048535        605.12572172996306        467.49827325708293        66.430088267463319     
   9.6004488011644393E-002   1521.5685949536969        1500.6663267210506        9684.3623030088856        6682.1133145375843        877.84686886253303     
   9.6004488010533420E-002   2005.8180534503042        1289.6934516957178        5980.7453507959890        3400.4027340685270        460.20247125089821     
   9.6004488011628530E-002   2644.1831653091217        598.88458528839612        1966.1691488489651        764.65327086900891        132.76952458604569     
   9.6004488011457736E-002   3485.7122756399599        302.57910926810297        626.35337202225878        13.337196492870078        40.925962453486612     
   9.6004488011492653E-002   4595.0636960328375        159.57688803008850        241.74804296309199       -87.523052777011088        14.635677775024943     
   9.6004488011499189E-002   6057.4736813916115        126.69779210891002        262.75798650414845       -38.613281007586210        10.512407258710880     
   9.6004488011497732E-002   7985.3054991224590        148.84028740660764       -189.30314934942172       -592.32104696246938        3.9161081013841743     
   9.6004488011497593E-002   10526.682783649703        96.274014933733113       -244.39236599098774       -506.42567133619190       0.82054186645665128     
   9.6004488011497038E-002   13876.870514191862        57.698804654120451       -188.55678834203553       -341.45985799849478        5.5851267639564828E-002
   9.6004488011496997E-002   18293.278065408129        41.062645847929019       -73.684016976742996       -177.99281310387349       0.32619825943870773     
   9.6004488011497191E-002   24115.237080010440        34.203248931544792       -43.806177968881713       -126.41518661272455       0.26059042517783210     
   9.6004488011497191E-002   31790.073782609103        31.946745423493745       -36.511686690354033       -110.20212974263492       0.18842006259538543     
   9.6004488011497163E-002   41907.478983129819        32.184201837644700       -31.504459124115932       -103.23680802888853       0.15087027820918147     
   9.6004488011497163E-002   55244.816565421912        33.924834401819268       -26.836683325190467       -100.70092089191381       0.12894960450342102     
   9.6004488011497177E-002   72826.851707680078        36.422286117792709       -23.465249114796144       -101.28507944035579       0.11029296919684421     
   9.6004488011497191E-002   96004.488011497480        39.888961178789110       -25.888284969476594       -110.06249498914573        9.0483135486221972E-002
   9.6004488011497108E-002   126558.56325281427        44.165921106690028       -28.291361276685763       -120.66585854500292        7.5712089926042336E-002
   9.6004488011498065E-002   166836.67883004140        49.263032021022497       -31.186113136131418       -133.54872776068973        6.3923174424906637E-002
   9.6004488011498051E-002   219933.57610607316        55.220990139070786       -39.724051761431802       -153.88428641340013        5.2043744545198958E-002
   9.6004488011498065E-002   289928.91873663949        62.171699602278828       -32.564847732839958       -160.61298595014446        4.8329940165528551E-002
   9.6004488011498121E-002   382200.75082694826        70.244093614324257       -42.305373057209245       -186.58696992322655        3.9948041301230419E-002
   9.6004488011498204E-002   503838.71525894344        79.557926387309465       -28.805501447784408       -191.87485972646414        3.7903553571252240E-002
   9.6004488011498204E-002   664188.78153570520        90.264107917205294       -47.569367166503518       -232.26127511759063        3.0427908743091207E-002
   9.6004488011498204E-002   875571.33693301294        102.55006430683058       -55.887716805767937       -265.40212023237177        2.5989992110491363E-002
   9.6004488011498204E-002   1154227.8149987857        116.69228437092148       -93.971019358735788       -332.11172302509203        1.9887548434993366E-002
   9.6004488011498204E-002   1521568.5949513877        132.93301611287058       -75.518427338345433       -346.55774356307791        1.9161330171466845E-002
   9.6004488011498190E-002   2005818.0534704714        151.53832760150215       -45.199992041911102       -353.91281975305344        1.8515389187395447E-002
   9.6004488011498190E-002   2644183.1653055451        172.83858005915448        75.191552219715049       -276.62231927363717        2.0611782227406474E-002
   9.6004488011498162E-002   3485712.2756414451        197.23242926807998        83.037056138920804       -318.11382246089602        1.7758264658079653E-002
   9.6004488011498162E-002   4595063.6960331248        225.16817769952632       -61.409475788475334       -519.03443727837657        1.2108857868182343E-002
   9.6004488011498162E-002   6057473.6813915772        257.01246016886830       -103.64508851904810       -625.47283331800509        9.9453798531772657E-003
  0.12086248960154637        7.9853054989627932      -0.37693546648531340       0.37840568030437310       0.75361109101610180       -5.1377733845124416     
  0.12086248960074844        10.526682783369742      -0.38705057115971092       0.38833979922111184       0.77308583507729001       -3.9990089583398345     
  0.12086248960201416        13.876870513968203      -0.39773868772081189       0.39871024494120338       0.79358543183876606       -3.1164849710399292     
  0.12086248960359995        18.293278065353316      -0.40905765789668197       0.40965715420053844       0.81533383441182328       -2.4313973161355587     
  0.12086248960577721        24.115237080372538      -0.42104618619637230       0.42128747534355665       0.83848189218760560       -1.8986493055340403     
  0.12086248961705587        31.790073786053021      -0.43372749582443282       0.43366927640633635       0.86310894937475580       -1.4837124892833462     
  0.12086248962568426        41.907478990661573      -0.44711398501171778       0.44683879092734924       0.88923918724317108       -1.1601002524842434     
  0.12086248962947435        55.244816577083085      -0.46121064193283295       0.46081068297178152       0.91685870404117997      -0.90742837210714800     
  0.12086248962794367        72.826851722130158      -0.47601644898019696       0.47558647459401221       0.94592673000398253      -0.70995639622405249     
  0.12086248964596133        96.004488044858292      -0.49152373223917756       0.49115949796289260       0.97637923889256872      -0.55549467675829767     
  0.12086248965372942        126.55856330492664      -0.50771557256047850       0.50751641345360821        1.0081252113261874      -0.43458164980120467     
  0.12086248965661296        166.83667890271758      -0.52456124441371088       0.52463580520039765        1.0410359626551808      -0.33986007076464869     
  0.12086248965404935        219.93357619721399      -0.54200932850065964       0.54248421951278780        1.0749271489814234      -0.26560077812997673     
  0.12086248964751023        289.92891884110014      -0.55997765661978982       0.56101002667163347        1.1095320796027148      -0.20733678910618439     
  0.12086248963672076        382.20075093053464      -0.57833775040063073       0.58014157942169853        1.1444680331900339      -0.16157817948108039     
  0.12086248963697301        503.83871539654780      -0.59688416825081314       0.59982923970455138        1.1792158287089316      -0.12557837097244773     
  0.12086248964550836        664.18878176400813      -0.61460426956384839       0.63369878147610537        1.2253109565935061       -9.4343622106109956E-002
  0.12086248962579878        875.57133709119137      -0.51083324391460294        2.4913768637032958        2.8509663422810103       0.22828975098807053     
  0.12086248962894955        1154.2278152373960        5.7618933590659678        72.736474357610859        60.522264683834919        9.3819006636128801     
  0.12086248962487604        1521.5685952146546        196.08214886388595        1639.7231918553448        1246.6845049707183        174.19050767566597     
  0.12086248962500391        2005.8180538196457        2743.5311121571353        16779.684491167744        11291.452014799474        1476.8698802160968     
  0.12086248962499480        2644.1831657656476        1796.5666912341346        7865.1848396543573        4270.8128372581477        590.90869228095767     
  0.12086248962487280        3485.7122762444606        846.92984512245948        2611.4599275290720        907.20387165551438        173.60811413510291     
  0.12086248962494167        4595.0636968306717        428.37925485298058        804.34292162609574       -66.854465471225126        53.244790169148075     
  0.12086248962491913        6057.4736824418205        232.64535694958872        364.93697842701602       -124.37132525403578        20.794188105235996     
  0.12086248962493698        7985.3055005082033        228.15973981302423        520.06266719812493       -56.484052580143867        19.253784006949196     
  0.12086248962493670        10526.682785476462        264.33835566783370       -325.24723736197160       -1059.7008071497826        6.9627605653561710     
  0.12086248962493649        13876.870516600056        160.52231226920387       -362.99346655687572       -807.78861864595876        1.7565513979570886     
  0.12086248962493634        18293.278068582735        97.568450636679984       -221.19447700265300       -484.07632830917277       0.76134321049275566     
  0.12086248962493064        24115.237084194196        69.984775187629978       -137.50318173601829       -317.59525559282991       0.48172634946862458     
  0.12086248962493149        31790.073788124591        58.479320799008434       -96.782620502904493       -239.62934139359410       0.34783618414851392     
  0.12086248962493173        41907.478990400748        54.146796851052692       -49.945256207387196       -176.04403512008636       0.34255818407076499     
  0.12086248962493169        55244.816575006829        54.126716616848498       -46.301315802404851       -167.95694151288632       0.25895279327501092     
  0.12086248962493151        72826.851720315361        56.612305753688389       -36.317489199356075       -160.41421372023709       0.22081088087991124     
  0.12086248962493143        96004.488028153952        60.458119564831023       -46.628586555585237       -176.52987865568559       0.16600263716769303     
  0.12086248962493140        126558.56327477185        65.946548425098555       -45.773743540243672       -185.58270271411686       0.14058079953380231     
  0.12086248962493115        166836.67885898513        72.819089514646478       -46.333288716039306       -199.25336529496892       0.11984503587143569     
  0.12086248962493118        219933.57614422849        81.037036712689883       -46.671517462976688       -215.64784393729292       0.10325926151364223     
  0.12086248962493121        289928.91878693801        90.684068057376734       -59.776867072374358       -247.84283375092599        8.4119196440427368E-002
  0.12086248962493119        382200.75089325436        101.96262380484480       -79.388332722516395       -289.99835397902501        6.7653448946012759E-002
  0.12086248962493121        503838.71534635156        115.13274481227938       -50.347697345764374       -287.52311406643975        6.7236317973116300E-002
  0.12086248962493121        664188.78165093146        130.32670395443452       -129.76012887387648       -397.67512868997335        4.4400661673331371E-002
  0.12086248962493119        875571.33708491060        147.76788679555503       -83.713222829486796       -386.93295485721899        4.6873224783623456E-002
  0.12086248962493119        1154227.8151990271        167.78076654148845       -129.86308357784287       -473.60659516066170        3.6675706107970912E-002
  0.12086248962409425        1521568.5952048192        190.88352425663436       -94.450510907486716       -485.12569032939331        3.5856668058126574E-002
  0.12086248962409422        2005818.0538045592        217.39538079860944       -109.22813569708984       -553.78193352115431        3.0856967020894081E-002
  0.12086248962409424        2644183.1657459592        247.74452514254293       -111.28481844108140       -617.46954783008584        2.7260273773832552E-002
  0.12086248962409424        3485712.2762220241        282.47024471579084       -107.35642543194234       -683.99361339606457        2.4238934529109718E-002
  0.12086248962409424        4595063.6967984773        322.28200544924550       -159.07594778040786       -816.48728652125942        2.0004341190718710E-002
  0.12086248962409425        6057473.6824005088        367.77847994124278       -140.96609735477998       -890.54984957658712        1.8114985766725291E-002
  0.15215685952300650        7.9853055005850511      -0.44801075012435931       0.45008800539071192       0.89632131192920950       -7.6862421340893041     
  0.15215685952361538        10.526682785619913      -0.45940314620973421       0.46146232903324025       0.91831017371242440       -5.9702789257529094     
  0.15215685952760238        13.876870517152804      -0.47140652848411441       0.47316787398823706       0.94121330908453649       -4.6437451401856533     
  0.15215685952894611        18.293278069472969      -0.48412056296271061       0.48540799627371878       0.96539509225929176       -3.6168328236846787     
  0.15215685953171038        24.115237085806985      -0.49761904326188205       0.49837140333730667       0.99115112772343550       -2.8203646393197910     
  0.15215685953792030        31.790073791547872      -0.51194969894722675       0.51219699574901401        1.0186725912435506       -2.2014451902358321     
  0.15215685954676275        41.907478997348825      -0.52714013196978970       0.52697006825586945        1.0480541816779219       -1.7196758523664557     
  0.15215685955317879        55.244816586495716      -0.54320452234937577       0.54273398886016178        1.0793190807992374       -1.3441270770911395     
  0.15215685956894279        72.826851743005861      -0.56014835670408092       0.55950488059872938        1.1124429460965213       -1.0510301197092846     
  0.15215685958030636        96.004488065235833      -0.57797035082611237       0.57728313582856350        1.1473690976686848      -0.82205132617141852     
  0.15215685959284242        126.55856333408235      -0.59666161294823583       0.59606001619399041        1.1840132275279442      -0.64300499879301565     
  0.15215685960163455        166.83667894681224      -0.61620224021010650       0.61581961862655998        1.2222582697402649      -0.50288783597397180     
  0.15215685963128389        219.93357630286346      -0.63655529970915548       0.63653697567098466        1.2619400606070623      -0.39314867706469697     
  0.15215685964126127        289.92891901507096      -0.65765769467076474       0.65817279687780283        1.3028232342429478      -0.30713194533858595     
  0.15215685964576472        382.20075120530436      -0.67940669902978690       0.68066582041351398        1.3445657934954638      -0.23965031371776693     
  0.15215685964496306        503.83871575505862      -0.70163823678101200       0.70393579532313133        1.3866773886877450      -0.18664987581825665     
  0.15215685964414272        664.18878218613133      -0.72407852687444840       0.72802309874789006        1.4285603392140511      -0.14491531958415413     
  0.15215685962712339        875.57133769250538      -0.74359381765450527       0.80456673141746626        1.5154842379639781      -0.10165816824923898     
  0.15215685961392927        1154.2278158999052      -0.38499087126929787        6.2897662167945265        6.2531059202131827       0.78279214391217800     
  0.15215685961102221        1521.5685961102238        16.113078258951411        174.74620480417391        141.67347976377906        22.090985731457856     
  0.15215685961769088        2005.8180550860250        599.70044405018803        4761.4170739445553        3560.8109006602454        489.43528031297660     
  0.15215685961792788        2644.1831674393784        4525.5531095592778        26217.245426234338        17164.653116435566        2242.3843888138927     
  0.15215685961629027        3485.7122784168705        2494.0421458009532        10302.931472942921        5313.0762099103422        756.51952834910139     
  0.15215685961630654        4595.0636996923386        1202.3519813784615        3440.6377301131870        1009.9411743640162        226.87686458852698     
  0.15215685961643108        6057.4736862203199        606.13880551597742        1027.2710485942043       -212.29213503523522        69.320606693914101     
  0.15215685961642106        7985.3055054875331        348.23419782031550        604.29836524891721       -152.74029281775807        31.257059968088683     
  0.15215685961642786        10526.682792040989        436.98933875770450        794.00190086506836       -372.44232209475268        33.112813880438281     
  0.15215685961642561        13876.870525253606        467.07039459565050       -751.46911582122425       -2075.7434003625594        10.075151894196949     
  0.15215685961642511        18293.278079990301        272.15159170975454       -795.72189429310151       -1561.4189009746110        1.4319488533322904     
  0.15215685961642472        24115.237099233371        167.34143184525900       -331.70809805420811       -788.36174649448617        1.5809169592903212     
  0.15215685961642453        31790.073807949822        120.97767022598032       -200.99644141893691       -515.86252429190608       0.98633782696823391     
  0.15215685961642461        41907.479016535421        100.74001961357256       -158.50328135229063       -407.47789618787198       0.61164243456834499     
  0.15215685961642481        55244.816609459143        92.322065784350627       -113.76633273299268       -331.27094754929612       0.48525379837427673     
  0.15215685961642489        72826.851765732485        91.516083023283727       -86.840095756281301       -294.80828860200086       0.40457185775215315     
  0.15215685961642486        96004.488088025420        94.742693027501929       -99.583639832740914       -309.10261282312808       0.29404904256337183     
  0.15215685961642489        126558.56335369790        100.60796203319791       -60.578512658851658       -278.40193438723804       0.28607689399985975     
  0.15215685961642481        166836.67896303016        109.26663411033056       -101.55345802054222       -334.72351251440693       0.20025605368971330     
  0.15215685961642475        219933.57628138646        120.27180285820498       -67.057323624557398       -321.07414353329500       0.19649349308774566     
  0.15215685961642475        289928.91896774736        133.50631926671710       -93.610891048749181       -373.39265038828478       0.15435166005147605     
  0.15215685961642469        382200.75113160739        149.16891920873550       -89.383377660655896       -400.18060368811450       0.13622528471725617     
  0.15215685961642472        503838.71566056204        167.50648851361845       -113.71880778949293       -461.22071131756127       0.11159785421239826     
  0.15215685961642472        664188.78206514160        189.02699405735319       -54.853002552149746       -445.92712222135862       0.11214075956460666     
  0.15215685961642475        875571.33763094631        213.78472227393851       -176.35234092598768       -617.63361690328327        7.6183422547052362E-002
  0.15215685961642489        1154227.8159188433        242.26717958276816       -151.17094986504509       -650.30428667642184        7.1794804604431689E-002
  0.15215685961642486        1521568.5961642580        274.95807342770883       -148.03187798827673       -713.59537561239370        6.4080909615112869E-002
  0.15215685961642486        2005818.0550693460        312.73625483318267        101.08633609482860       -541.52918236995879        7.5684542378228095E-002
  0.15215685961642486        2644183.1674132724        356.09096553121827       -141.98729037509557       -873.06586338427655        5.0545323917966636E-002
  0.15215685961642486        3485712.2784199719        405.66720387878883       -7.6254801307921412       -839.73633034517979        5.0378953984198588E-002
  0.15215685961642486        4595063.6996959364        462.32781767037733       -831.65845753000212       -1779.0699556031648        1.6275339428771358E-002
  0.15215685961642486        6057473.6862201039        527.42030933913486       -311.22458656621836       -1391.2291833193744        3.0080107197826268E-002
  0.19155413714732120        7.9853055053795874      -0.53383075338693031       0.53645545556535035        1.0686021682065978       -11.535867665952805     
  0.19155413714943770        10.526682792014531      -0.54669090232512652       0.54966618193700434        1.0936924384153308       -8.9408896361537256     
  0.19155413715735889        13.876870525792770      -0.56015018017483431       0.56302773899355285        1.1194042514449283       -6.9386099182594281     
  0.19155413716411118        18.293278081345957      -0.57436189516682845       0.57676316258515348        1.1462223076529070       -5.3929350672752117     
  0.19155413716610059        24.115237101270981      -0.58945655888336923       0.59115715021544923        1.1746442591323301       -4.1977711708682266     
  0.19155413717338687        31.790073811845168      -0.60552727609441093       0.60646197866180274        1.2050571849383944       -3.2716665916959329     
  0.19155413717664499        41.907479022383257      -0.62263171994591948       0.62285643213540198        1.2377002307085840       -2.5525418373994873     
  0.19155413716891539        55.244816614938763      -0.64080136502346352       0.64044575014464966        1.2726827599693900       -1.9931109347623814     
  0.19155413717952663        72.826851776990253      -0.66005099830873359       0.65928004118209038        1.3100214962414956       -1.5572458070480821     
  0.19155413718621753        96.004488106219469      -0.68038519220018046       0.67937500690852537        1.3496738582605903       -1.2172254051476099     
  0.19155413720091061        126.55856338738987      -0.70180089333690299       0.70072755485068028        1.3915583533594171      -0.95169211696484923     
  0.19155413721147424        166.83667901664541      -0.72428631985144865       0.72332453261281893        1.4355606240661496      -0.74413500435923308     
  0.19155413723281770        219.93357637657070      -0.74781646948846903       0.74714524348083267        1.4815263687410449      -0.58175610396643407     
  0.19155413725075421        289.92891912037260      -0.77234516712188739       0.77215886373425613        1.5292420570461578      -0.45461525441605705     
  0.19155413726925427        382.20075136971917      -0.79779294962357983       0.79831748200435071        1.5784026647605496      -0.35497953472310800     
  0.19155413725384454        503.83871593392246      -0.82402898636518374       0.82554714729034528        1.6285650780783447      -0.27682382158156388     
  0.19155413722414105        664.18878232250768      -0.85084027926433847       0.85376177075357096        1.6790982956830129      -0.21543618746494025     
  0.19155413719557801        875.57133783966219      -0.87784508339579148       0.88341803107823413        1.7295621631704754      -0.16698121765894805     
  0.19155413722043405        1154.2278163437556      -0.89425051341462303        1.1013208905569070        1.9450235450468023       -9.2859798504611540E-002
  0.19155413719716638        1521.5685965395810       0.23024437126388572        16.835399745576414        15.392489766377935        2.3134897764631752     
  0.19155413716741404        2005.8180552525732        43.000070676338169        446.83386907459885        359.78837580362574        54.331945068019159     
  0.19155413716450861        2644.1831676147071        1801.8425785010727        13592.930944944681        9987.6004357969505        1352.5692234607397     
  0.19155413716400804        3485.7122786764053        6951.2675844272153        38121.018268078769        24216.601027866174        3171.1878254046223     
  0.19155413716246864        4595.0636999970529        3461.8300304633549        13496.300948865835        6569.1757992974317        969.31564272706237     
  0.19155413716241912        6057.4736866154881        1709.0260864411550        4458.7903299979771        983.00863004353573        294.91353533220706     
  0.19155413716245007        7985.3055060102815        857.38830073904626        1375.5706606433173       -392.86949913059368        92.110408530002701     
  0.19155413716247061        10526.682792730764        548.77148550504694        1486.2270557852137        229.26181567770254        57.813781876303509     
  0.19155413716247333        13876.870526163308        870.86412885000141        830.69632609485552       -1594.3688305825017        53.904360445834442     
  0.19155413716247333        18293.278081189579        823.64655754512410       -1939.3799862522424       -4311.0661773833190        10.882080037666682     
  0.19155413716247416        24115.237100814498        468.82326921207084       -1189.2966396103852       -2523.5568531650897        3.9070110524410220     
  0.19155413716247385        31790.073810034140        290.92562405221872       -614.30239294469652       -1415.7244889263420        2.4392348363058849     
  0.19155413716247358        41907.479019283011        211.30876567124918       -313.11620925237071       -868.94726028361924        1.8431274544660377     
  0.19155413716247349        55244.816613081071        174.40628661052540       -297.48369373463709       -733.80971629791577       0.94790089029549818     
  0.19155413716247355        72826.851770507099        158.10800862053523       -224.08726057293717       -601.40688782237476       0.72821942892986291     
  0.19155413716247366        96004.488094319691        156.12864172320647       -270.85867916165842       -630.70443464504638       0.42346128868400024     
  0.19155413716247369        126558.56336199532        159.14896310188584       -127.62335198677138       -483.35705882229598       0.53694000973486633     
  0.19155413716247363        166836.67897396834        168.03952630524162       -126.59495512220371       -493.94147629015657       0.43081405283399238     
  0.19155413716247355        219933.57629580577        181.64494409047336       -123.65078546899667       -514.58383580186444       0.35988577724104470     
  0.19155413716247360        289928.91898675577        199.23967081698220       -128.52865087043978       -552.51892922384798       0.30124814148995960     
  0.19155413716247355        382200.75115666550        220.52461693352359       -134.56150974663208       -599.80878562100781       0.25495223012906310     
  0.19155413716247358        503838.71569359495        245.93508642506328       -146.62960350122643       -662.21186209923803       0.21586179787950455     
  0.19155413716247358        664188.78210868745        275.88124181468538       -157.27401950206831       -733.01025600638059       0.18507790185369977     
  0.19155413716247358        875571.33768835058        310.98869979596265       -188.60150287370709       -835.62741849338772       0.15539420659382058     
  0.19155413716247360        1154227.8159945160        351.50823901128581       -59.193990859726910       -788.75661871926104       0.15852543605263303     
  0.19155413716247358        1521568.5962640159        398.04069678168690       -199.50640925229078       -1023.9217350401743       0.11929771189348734     
  0.19155413716247360        2005818.0552008529        451.50995025709562        354.25208993204706       -579.26401733628722       0.15795333167446235     
  0.19155413716247358        2644183.1675866321        513.56954823335855        338.20816939346787       -722.65654592677333       0.13153596276802770     
  0.19155413716247358        3485712.2786485041        584.51963006932749       -584.71202471787467       -1790.9736563030601        6.0221014571812934E-002
  0.19155413716247358        4595063.6999971997        665.68596270411285        287.30655670817191       -1085.1183675454095        9.1711543634312748E-002
  0.19155413716247360        6057473.6866172468        758.32372539411426        164.34771405819583       -1397.3306433937566        7.4049325349606482E-002
  0.24115237100954065        7.9853055060575091      -0.63767401995404238       0.64058521806425317        1.2768149878823918       -17.370175376914826     
  0.24115237100747836        10.526682792701871      -0.65228122640905861       0.65613372605041842        1.3058467408194754       -13.435719409532217     
  0.24115237101065107        13.876870526307595      -0.66741205284239780       0.67166236874593810        1.3350811738269113       -10.401536954849677     
  0.24115237102013287        18.293278082099057      -0.68326561300898281       0.68727875267640159        1.3649723076916360       -8.0644816306951128     
  0.24115237102460946        24.115237102460963      -0.70004941868314263       0.70331709577316359        1.3962137243611541       -6.2631278723645289     
  0.24115237102386342        31.790073812106304      -0.71793328431119896       0.72017292334115113        1.4294807456604470       -4.8719825405805306     
  0.24115237102337128        41.907479021929177      -0.73703342274862982       0.73818131043238022        1.4652765047254492       -3.7950615658229703     
  0.24115237103398832        55.244816619001632      -0.75741800182667529       0.75757043058053197        1.5038962056697902       -2.9594677027259371     
  0.24115237103865708        72.826851779721821      -0.77912107418092102       0.77846804659922797        1.5454610225073486       -2.3098349167926808     
  0.24115237104917756        96.004488110655259      -0.80215589757290273       0.80092956161860684        1.5899722758414638       -1.8039543395730633     
  0.24115237105714657        126.55856338771194      -0.82652370679414133       0.82496695024461064        1.6373573097681424       -1.4094916643653126     
  0.24115237106043205        166.83667901014246      -0.85221714243507196       0.85056977878836670        1.6874966603759973       -1.1015649490751080     
  0.24115237107917953        219.93357636059048      -0.87921875760514645       0.87771668468055442        1.7402316863976088      -0.86095617329297436     
  0.24115237109936372        289.92891909642520      -0.90749505594582869       0.90637854292419873        1.7953547382833406      -0.67277961218217397     
  0.24115237109829063        382.20075129953722      -0.93698595734233259       0.93651492939380743        1.8525831804786941      -0.52548015927285696     
  0.24115237113361143        503.83871595573214      -0.96758869980959039       0.96806494498805262        1.9115162177689946      -0.41007276641154722     
  0.24115237115691024        664.18878251842159      -0.99913342284425666        1.0009380167445405        1.9715744389867411      -0.31955810121602490     
  0.24115237114494492        875.57133818504167       -1.0313385898148730        1.0350501171614448        2.0319435445408383      -0.24845534372068312     
  0.24115237112628474        1154.2278165599689       -1.0636133751788408        1.0727020343540374        2.0935527152750719      -0.19189720344866118     
  0.24115237114156848        1521.5685971058613       -1.0580220512681162        1.7616602410023445        2.7280767138267810       -2.7651340549449593E-002
  0.24115237115027804        2005.8180563830635        2.2868651225971108        45.576587816296296        39.806557894023221        6.3847723899134348     
  0.24115237111277907        2644.1831687339209        113.23051069298261        1103.5284036455848        875.75579495362206        129.84461588329160     
  0.24115237111409141        3485.7122801798923        4855.3421776210680        34786.360083142070        25073.486406571759        3353.0988117777160     
  0.24115237111156590        4595.0637019678406        10197.888502641301        52908.709839822623        32510.546099445626        4284.5700568882903     
  0.24115237111089108        6057.4736891981056        4816.9836915968326        17779.756415107044        8134.7835886106650        1248.4786367227503     
  0.24115237111069082        7985.3055094069150        2426.8224309999182        5687.4422229849097        715.77885524303974        381.46890584224735     
  0.24115237111072230        10526.682797208645        1214.5362849807243        1915.4215321609245       -624.86500192605899        124.58003219998808     
  0.24115237111071514        13876.870532065695        939.64840900124273        3315.9118123958169        1009.7632848779408        110.36730184401128     
  0.24115237111071539        18293.278088970459        1755.8109196585835        1517.9980114438615       -3515.1726895285174        103.44431543411567     
  0.24115237111071394        24115.237111071445        1463.0150899087050       -3875.6843625050769       -8136.0452444931789        14.583843197705452     
  0.24115237111071558        31790.073823555696        821.98458736066186       -2193.3182531511948       -4551.1744280816229        5.8491193182553722     
  0.24115237111071619        41907.479037108067        513.18820477596205       -877.93076369937501       -2302.7113972137404        5.3506886735901542     
  0.24115237111071616        55244.816636579082        371.99285370766779       -739.72462913786171       -1728.5959228178251        2.3169278262248385     
  0.24115237111071575        72826.851801483368        303.39520446560823       -646.89070411017065       -1415.5943294850958        1.1753989170815162     
  0.24115237111071536        96004.488135154141        272.39006868236982       -258.46639950303489       -917.76930351449846        1.5397365675826888     
  0.24115237111071525        126558.56341582553        266.40490833067423       -268.56355593861809       -891.22054093645056        1.0739188000993245     
  0.24115237111071558        166836.67904493067        268.55086674703904       -308.73433010843621       -916.48205712010986       0.74010695974561869     
  0.24115237111071555        219933.57638935241        281.78870786452063       -172.06426374160520       -795.11840952057901       0.74104882223778501     
  0.24115237111071547        289928.91911007406        303.17674442872033       -228.48460936780452       -887.77377572685498       0.56038932241547101     
  0.24115237111071541        382200.75131923065        331.23361661853414       -196.50228794139898       -907.98191504080989       0.49290179339899076     
  0.24115237111071539        503838.71590789751        365.40198489661771       -202.55379103939919       -979.90159786684421       0.41600746016955370     
  0.24115237111071541        664188.78239119332        406.69550687435992       -279.01434106275985       -1138.2557453379400       0.32982228184972628     
  0.24115237111071541        875571.33806076588        455.74427161036590       -254.35734993681939       -1212.6146308388843       0.29527525763950579     
  0.24115237111071541        1154227.8164854550        513.12559292097353       -404.35814594872545       -1479.5775787191849       0.22684208076450946     
  0.24115237111071550        1521568.5969111999        579.41751668251959       -439.55001727501838       -1650.3729997627936       0.19653416574977861     
  0.24115237111071552        2005818.0560540077        655.72837957005834        142.70269927033860       -1224.5011909363327       0.24534626160003919     
  0.24115237111071558        2644183.1687113098        743.62593177067106       -423.11025441934413       -1970.8148156143047       0.15748535922900861     
  0.24115237111071566        3485712.2801311193        845.40243784264351       -1719.7993263854958       -3477.4435092794020        4.9994170287071309E-002
  0.24115237111071569        4595063.7019516686        961.97732928689868       -1012.4619556849436       -3010.4599957821051        9.2625286934850073E-002
  0.24115237111071561        6057473.6891937358        1095.1140921633710       -757.42097673431658       -3029.4362957580925        9.5629087277252889E-002
  0.30359284810535353        7.9853055093986862      -0.76353568743540778       0.76629812344675818        1.5287306049843175       -26.233059544474269     
  0.30359284811040033        10.526682797371414      -0.78027054967193277       0.78466585265084343        1.5626921148251318       -20.261352031342025     
  0.30359284812247966        13.876870532832811      -0.79740760124956167       0.80304374009378443        1.5965362379156680       -15.650105749136845     
  0.30359284812342874        18.293278090038886      -0.81513975283877471       0.82119726707740714        1.6303553094030407       -12.101052500442862     
  0.30359284812847076        24.115237112880550      -0.83374824060343500       0.83933564367825231        1.6648574904595845       -9.3726887002930201     
  0.30359284812039089        31.790073825094275      -0.85351270455829675       0.85795278407292175        1.7010274736865640       -7.2731789663800015     
  0.30359284811647880        41.907479038596172      -0.87465279997486067       0.87759443015058758        1.7397763446401415       -5.6538967388676467     
  0.30359284813565501        55.244816642030273      -0.89731202159109047       0.89870299459176650        1.7817535280128167       -4.4016428807844372     
  0.30359284813321302        72.826851808083759      -0.92156890852259421       0.92156729099074408        1.8273183161082560       -3.4307769483549353     
  0.30359284814201914        96.004488146640000      -0.94745758956825554       0.94633969269025398        1.8765974168979538       -2.6764558372924712     
  0.30359284814568932        126.55856343249688      -0.97498624078313889       0.97307780032760804        1.9295627298147051       -2.0893613666253570     
  0.30359284815886178        166.83667907414630       -1.0041488663453451        1.0017844501279716        1.9860939662878700       -1.6317781050895939     
  0.30359284817370746        219.93357643862086       -1.0349297690806829        1.0324358337390140        2.0460145758680803       -1.2747198797653501     
  0.30359284818335180        289.92891918423288       -1.0673014729564021        1.0649964797501481        2.1091011926351459      -0.99581979112481700     
  0.30359284817199766        382.20075140269694       -1.1012167597881026        1.0994231740339897        2.1750699138832026      -0.77776558536415186     
  0.30359284818773891        503.83871604405130       -1.1365946638437643        1.1356600599704283        2.2435412108948034      -0.60712623006257282     
  0.30359284822869653        664.18878266028435       -1.1732990147419489        1.1736266665140458        2.3139822161576884      -0.47346264699513224     
  0.30359284826910082        875.57133853202401       -1.2111051309745289        1.2132114299182901        2.3856298723237748      -0.36864291555848594     
  0.30359284825569388        1154.2278170557220       -1.2496336907737731        1.2543529060110583        2.4574347812673771      -0.28628528748444798     
  0.30359284826538169        1521.5685977115111       -1.2877494058657368        1.3072272971280663        2.5370390262899534      -0.21907081119679131     
  0.30359284821997901        2005.8180568090502       -1.1943034637309728        3.5300954576578123        4.5200942031852342       0.21738648910859357     
  0.30359284821997057        2644.1831697065750        8.3926762000429616        122.08121404798581        103.83885155826951        16.883516897341519     
  0.30359284821024063        3485.7122813314177        304.79712597822282        2806.9360743865618        2195.6420990833672        319.39696116050999     
  0.30359284821095800        4595.0637035448244        11246.394055382176        76467.250881926171        53971.611702558585        7145.6412113218212     
  0.30359284820944182        6057.4736912636754        14547.556746132215        71357.908234546281        42259.725963734578        5630.5722397226646     
  0.30359284820746874        7985.3055120845984        6738.6464493788508        23782.675553806803        10259.761803857444        1627.5347711884833     
  0.30359284820724897        10526.682800729524        3437.6346516822869        7005.1051844484227       -100.42729831061570        487.37179868649031     
  0.30359284820728444        13876.870536709153        1734.1491268247339        2355.8724517129858       -1358.7031644093688        163.31997541074475     
  0.30359284820728716        18293.278095091879        1787.5646570740150        7351.8910020134408        2638.8689800958286        222.74654664638544     
  0.30359284820728311        24115.237119140864        3516.3642537223386       -4794.8025065240499       -15061.410216507204        101.34371800579797     
  0.30359284820728460        31790.073834193205        2596.9293475341269       -8252.1659652036215       -15868.095685107890        12.078340062072606     
  0.30359284820728588        41907.479051131100        1455.9173122684738       -3818.1581464863079       -8016.1772139021650        10.520024832484310     
  0.30359284820728721        55244.816655065297        916.15931263733512       -1501.3903847411118       -4063.7073803565586        9.5781902177802358     
  0.30359284820728755        72826.851825853140        659.19036777488259       -1482.5784025502683       -3253.5528813445280        3.2755789532591075     
  0.30359284820728688        96004.488167279691        530.53964546309089       -1283.2692815567989       -2644.9930433085419        1.5323171941475660     
  0.30359284820728683        126558.56345817533        472.17401452819564       -514.00524900896198       -1674.0894966401449        2.4282083959640892     
  0.30359284820728699        166836.67910075843        456.88673496111392       -499.36287152331477       -1583.3019617097200        1.7149110949214486     
  0.30359284820728705        219933.57646294776        455.65741733436226       -270.54150534132725       -1316.1981779382124        1.5670420053709981     
  0.30359284820728699        289928.91920709173        475.08579255075352       -300.94433940018081       -1365.3267033277109        1.1950476840230597     
  0.30359284820728688        382200.75144712481        508.32265767348463       -322.55696649666152       -1441.3765307367394       0.95505952239407677     
  0.30359284820728694        503838.71607649489        552.98231236749734       -326.25697567938312       -1527.2104779025703       0.79413555710527606     
  0.30359284820728694        664188.78261344787        608.26439414921560       -757.99603421767620       -2065.3972886153319       0.47454926255387997     
  0.30359284820728688        875571.33835375425        675.20501063685970       -402.95049728687275       -1843.0978823418109       0.54812256596496756     
  0.30359284820728688        1154227.8168716889        755.76041740497521       -355.26624104371859       -1959.0408540366786       0.48862950231330449     
  0.30359284820728688        1521568.5974203551        849.97922782887122       -35.324680700045860       -1832.2817577191122       0.48832201134901398     
  0.30359284820728694        2005818.0567252047        958.77301882121344       -538.40088467760052       -2559.1462329011474       0.34152963200654574     
  0.30359284820728710        2644183.1695961212        1084.3454265063788       -136.42933996264310       -2416.2523016227369       0.34667479364211939     
  0.30359284820728710        3485712.2812975268        1229.0852751752852       -469.99249796974709       -3049.1430151889663       0.27022196156326639     
  0.30359284820728710        4595063.7034892915        1397.0657171018083       -3937.3103331993238       -6865.7329468402222        7.9667621553393686E-003
  0.30359284820728710        6057473.6912207203        1588.5446978369557       -1960.2251645112942       -5285.7479631050192       0.13281259024191905     
  0.38220075144407895        7.9853055120162120      -0.91632234971598325       0.91849257088012692        1.8340659921163684       -39.713808555145846     
  0.38220075145055743        10.526682800825425      -0.93564040866220244       0.93995262127487911        1.8738477028311913       -30.652665822751214     
  0.38220075145363425        13.876870536945665      -0.95526321543026393       0.96187187188791412        1.9136470910776016       -23.636635010362031     
  0.38220075145554477        18.293278095494941      -0.97526924455613639       0.98349031977010437        1.9527945851090014       -18.229300700340549     
  0.38220075145232846        24.115237119469594      -0.99595009424237568        1.0045657459376929        1.9915594042236449       -14.076824271223675     
  0.38220075145539428        31.790073834881404       -1.0177012095235207        1.0254700945181536        2.0310268780723293       -10.891327690761676     
  0.38220075146347571        41.907479052924238       -1.0408979000102316        1.0469246277621984        2.0725850346337911       -8.4443987592304310     
  0.38220075146771249        55.244816658041259       -1.0658227114095844        1.0696776931620333        2.1174564247057424       -6.5597948290552521     
  0.38220075147095078        72.826851830393181       -1.0926508288612640        1.0943102083032996        2.1664736388723322       -5.1039146462616385     
  0.38220075148298344        96.004488176287282       -1.1214699080229111        1.1211847441902416        2.2200671713964573       -3.9761068027939221     
  0.38220075147931232        126.55856346883401       -1.1523098475068123        1.1504793244657252        2.2783577481776698       -3.1004171408686623     
  0.38220075149072713        166.83667911979191       -1.1851681381851766        1.1822481358652226        2.3412665486443514       -2.4192216087476592     
  0.38220075150510313        219.93357649631122       -1.2200255589273583        1.2164764037053322        2.4086000641875360       -1.8885338701885954     
  0.38220075152130423        289.92891926336313       -1.2568519186467320        1.2531177956328410        2.4800972940364492       -1.4745934559316880     
  0.38220075153885597        382.20075153885665       -1.2956031019210872        1.2921138448155227        2.5554411890854549       -1.1513750801308722     
  0.38220075153730637        503.83871619537803       -1.3362103607312281        1.3333986960534536        2.6342394038034884      -0.89874975407099533     
  0.38220075152628707        664.18878275101702       -1.3785616171206196        1.3768922842174611        2.7159768130436612      -0.70111010919872341     
  0.38220075152974614        875.57133854302992       -1.4224727343689028        1.4224850183567161        2.7999385034493853      -0.54633053635167095     
  0.38220075157912470        1154.2278172703232       -1.4676413871215066        1.4700409785540662        2.8851151145419935      -0.42496260884327891     
  0.38220075159141770        1521.5685979947962       -1.5135458653503593        1.5195814727856913        2.9701764485555588      -0.32956088855276539     
  0.38220075163764927        2005.8180577250919       -1.5572383367920526        1.6135298700506546        3.0912924784409110      -0.24512507605384223     
  0.38220075163159872        2644.1831708723666       -1.1583672635620461        8.6741972366810032        9.2896328374930945        1.0055392893661459     
  0.38220075162991130        3485.7122829645555        25.508286195040981        320.90577753627593        268.11296252710184        43.243206106002141     
  0.38220075160635325        4595.0637054036342        879.72650870240807        7690.6125943740299        5928.8397296887906        845.99716406415939     
  0.38220075160353012        6057.4736936995678        23803.705913761452        153533.87233825357        105922.82262702349        13918.791594801831     
  0.38220075160273098        7985.3055153309288        20417.512622843398        94625.315590613609        53786.063551292304        7282.3679803671275     
  0.38220075160056777        10526.682804957065        9513.7502435490642        32376.883300307152        13169.283697022074        2154.6163856762887     
  0.38220075160012085        13876.870542264287        4850.9267152448492        8680.3020121378759       -1460.8663495003029        626.46881337411492     
  0.38220075160012812        18293.278102415152        2534.2487403944574        5250.2324165829905       -400.10825775715193        269.90571348179947     
  0.38220075160013650        24115.237128795674        3751.9588661991615        13731.039012366346        3256.5801056716814        427.92610320085612     
  0.38220075160013650        31790.073846920564        6928.2065293282030       -12316.164729659537       -32762.393197984031        158.57766255381364     
  0.38220075160013844        41907.479067909066        4584.7770203077062       -15042.032264552123       -28539.290312997298        16.476730653023594     
  0.38220075160013861        55244.816677182745        2583.0745994174258       -11363.278901025198       -18839.342134188977       -13.748728150352974     
  0.38220075160013900        72826.851855009620        1645.2270630661483       -4088.1492249387989       -8721.7673060613088        9.2748213929939958     
  0.38220075160013933        96004.488205715723        1174.8286536951546       -2170.4038862621028       -5359.6584852431833        7.5729882486759870     
  0.38220075160013894        126558.56350884374        934.59004848974394       -1657.8740373286246       -4088.6794692242270        4.4858272403460919     
  0.38220075160013911        166836.67916755241        824.07532035760869       -1276.3941886332327       -3332.6578011603742        3.2439729287022030     
  0.38220075160013789        219933.57655099861        788.00388953848255       -906.13360360685715       -2805.1144552124460        2.7932094466195538     
  0.38220075160013800        289928.91932316549        778.49205231487338       -607.24678639128024       -2421.6278933014514        2.3990033447232069     
  0.38220075160013828        382200.75160014024        806.08149624966654       -662.15322036627072       -2495.1826512122925        1.8094574094376346     
  0.38220075160013828        503838.71627820848        857.15878250309834       -702.17100378122905       -2615.0422986274052        1.4360350723289641     
  0.38220075160013822        664188.78287935816        928.20477026926073       -757.46924397720545       -2799.4282017870974        1.1659002535496661     
  0.38220075160013822        875571.33870429243        1017.0429252394572       -1150.6612798846877       -3362.8325618349782       0.81908138387026252     
  0.38220075160013822        1154227.8173337881        1126.5656891818699       -532.48326497406663       -2962.8473136630018       0.92794939366517271     
  0.38220075160013822        1521568.5980295204        1258.6939165461670       -956.48005665299934       -3656.6952986952929       0.69219709743980551     
  0.38220075160013794        2005818.0575282394        1413.8722366474249        113.66594675754118       -2907.0073023223113       0.81404816404130131     
  0.38220075160013800        2644183.1706547253        1593.4844252733885       -819.96826805344972       -4213.1277735267449       0.55745008329268664     
  0.38220075160013800        3485712.2826930387        1800.0429438171655       -1057.8249787766597       -4879.9122210273345       0.46217070256864212     
  0.38220075160013800        4595063.7053289311        2040.3338250535476       -3131.5723464496941       -7455.8112660226871       0.23604258114478904     
  0.38220075160013789        6057473.6936458349        2317.4410381208691       -1589.7747125580172       -6494.5483860184913       0.32710386890825205     
  0.48116223858624779        7.9853055151108503       -1.1021275568268303        1.1034874842988858        2.2051443703094593       -60.233586381799718     
  0.48116223859179613        10.526682804847907       -1.1244937197102003        1.1280176844792951        2.2513151901396338       -46.491710417111953     
  0.48116223859156382        13.876870542129918       -1.1471988312251966        1.1538959776799951        2.2983279993132553       -35.823391048163934     
  0.48116223859558649        18.293278102390609       -1.1700806552783447        1.1799794094744158        2.3446407926444479       -27.574075172348120     
  0.48116223859199370        24.115237128582724       -1.1932911268001332        1.2052511004572217        2.3894600355062465       -21.230333211208176     
  0.48116223859278867        31.790073846692366       -1.2172673616455703        1.2295011553908044        2.4333630755728044       -16.370988638585619     
  0.48116223859629392        41.907479067913314       -1.2425629737540909        1.2533552691802607        2.4779886823451678       -12.651911285109097     
  0.48116223859916152        55.244816677517548       -1.2696797583370665        1.2778557775106616        2.5252806408958310       -9.8006090298680597     
  0.48116223859225954        72.826851854406243       -1.2989792021705862        1.3040230288796402        2.5768712102182549       -7.6078376785095898     
  0.48116223860144458        96.004488206752853       -1.3306725581595800        1.3326158420495018        2.6338206696813349       -5.9158077075495292     
  0.48116223860027341        126.55856350990301       -1.3648535403835211        1.3640855489060721        2.6966355369337931       -4.6061883044944425     
  0.48116223860814245        166.83667917167713       -1.4015408671302751        1.3986349692532281        2.7654112151740398       -3.5900065698844106     
  0.48116223859545659        219.93357655063821       -1.4407128107318594        1.4363055156713622        2.8399865308126158       -2.7999441851541125     
  0.48116223859914731        289.92891932491409       -1.4823279660016906        1.4770519382558858        2.9200580226588224       -2.1847162797355280     
  0.48116223861478902        382.20075161486955       -1.5263325184063736        1.5207918214424572        3.0052415641755701       -1.7050168026257855     
  0.48116223865136348        503.83871633592355       -1.5726559769743333        1.5674306214044935        3.0950859031705202       -1.3305769485090329     
  0.48116223865598245        664.18878296181742       -1.6211966863523188        1.6168672274962752        3.1890455446794408       -1.0380035585865419     
  0.48116223867843999        875.57133885386054       -1.6717967480868026        1.6689845403030850        3.2864164602016568      -0.80916865932047932     
  0.48116223869963626        1154.2278175818035       -1.7242033150928775        1.7236306333684237        3.3862337452149234      -0.62999338647814174     
  0.48116223871072122        1521.5685983915214       -1.7780033242148565        1.7806463484619677        3.4871606108043425      -0.48949900375784855     
  0.48116223875483261        2005.8180581893378       -1.8324607138502640        1.8403553334958467        3.5876420096273085      -0.37895007533785424     
  0.48116223878317838        2644.1831716819934       -1.8778817761302480        2.0714790964315197        3.8365355930658045      -0.25660878788421737     
  0.48116223882398529        3485.7122843428601      -0.48338829955317636        23.881799214267311        22.779233881095553        3.3681686630093788     
  0.48116223878496994        4595.0637071312294        71.866429834128965        826.78281914270644        680.87866040637653        107.98207804852130     
  0.48116223879196612        6057.4736961098042        2791.6085654245358        23229.931907657818        17643.405211161094        2470.1682852400090     
  0.48116223879351849        7985.3055185506955        43510.956657612784        266019.03549140075        178992.47272744428        23415.716144524646     
  0.48116223879434633        10526.682809279233        28402.447698895943        124299.00909543710        67486.611108836776        9339.3354888640461     
  0.48116223879236164        13876.870547921004        13586.232847766460        43560.818476347733        15803.322448917654        2856.0054404136777     
  0.48116223879208464        18293.278109861276        6815.4440085910774        10155.471696949387       -4315.3205890019017        792.22047069537177     
  0.48116223879208730        24115.237138611184        3903.1559010026340        10068.530661697492        817.96282533180056        446.47879600168278     
  0.48116223879209152        31790.073859860207        8400.3044077124196        29421.584474880452        5106.3040384761207        906.85422735518762     
  0.48116223879209452        41907.479084966886        13342.665459549960       -20680.574943075255       -60278.392973359878        328.84843887902593     
  0.48116223879209524        55244.816699669376        8140.0406749682452       -22201.461242861817       -46218.517943948704        67.595334548661953     
  0.48116223879209563        72826.851884652773        4645.5108185038134       -13108.449916303085       -26602.733797595050        25.094797815040451     
  0.48116223879209163        96004.488244792126        2949.9216212464894       -7782.3854653644885       -16142.633638101939        13.851981491582169     
  0.48116223879209274        126558.56356035690        2105.4966201260472       -5143.1222528978687       -10916.387702275189        8.3949046791912227     
  0.48116223879209286        166836.67923545989        1656.6128291195860       -2095.0291501642191       -6460.5308747867639        10.175354752271582     
  0.48116223879209280        219933.57664051885        1448.4594896434151       -1756.8759130829308       -5428.2608969757366        6.6234073436586991     
  0.48116223879209263        289928.91944117600        1368.3312372696123       -1003.9808167959441       -4355.4720734448674        5.6585041857381073     
  0.48116223879209274        382200.75175570813        1340.1266730764428       -1515.0319095834022       -4691.0485986262211        3.4128088085363735     
  0.48116223879209297        503838.71648328716        1376.5966040492565       -1302.4217436812623       -4483.9169263370350        2.8315037092372566     
  0.48116223879209308        664188.78314970469        1455.5662309618072       -1156.9307567548954       -4456.3647212858541        2.3881543180193301     
  0.48116223879209297        875571.33906067838        1567.8749279706308       -971.92078353738282       -4472.0181943153821        2.0751852297635698     
  0.48116223879209308        1154227.8178035964        1711.1117629723769       -1562.9752890380200       -5336.6481836118082        1.4911314123068622     
  0.48116223879209302        1521568.5986488482        1889.2479288497905       -2530.5447314824428       -6659.6661231182688       0.98362957473014523     
  0.48116223879209308        2005818.0583446745        2108.6180621465242       -389.22597519940882       -4971.2938568362742        1.4111747396741892     
  0.48116223879209313        2644183.1717309966        2366.0411256768075       -5045.7821002706114       -10164.884659693787       0.35876919887261044     
  0.48116223879209308        3485712.2841118393        2662.4207149268927       -1734.5878248748429       -7473.0990895157556       0.84782719033942067     
  0.48116223879209308        4595063.7071992792        3003.1333414431383       -4181.1053598502058       -10632.464820677855       0.49046129633578051     
  0.48116223879209291        6057473.6961114341        3403.5957569897400       -1413.0211090683417       -8711.1225208343421       0.68485258674958605     
  0.60574736960605746        7.9853055184600406       -1.3285742448856508        1.3292364238669248        2.6575016917527998       -91.501721476617902     
  0.60574736960848252        10.526682809183757       -1.3544024915006794        1.3567110662550654        2.7103737105650927       -70.644333005750170     
  0.60574736960987940        13.876870547884382       -1.3808104410843614        1.3864985145119650        2.7653847535904119       -54.442123425860373     
  0.60574736961263853        18.293278109906854       -1.4073527578117488        1.4177038981047521        2.8206660702082020       -41.868544430461533     
  0.60574736960804254        24.115237138488165       -1.4338435244068708        1.4486190759081312        2.8740476730652387       -32.162165822301098     
  0.60574736960570408        31.790073859575031       -1.4605577340249265        1.4779177132551613        2.9246560333984646       -24.717196627833147     
  0.60574736959808440        41.907479084063532       -1.4881453313889310        1.5054950523470003        2.9735812162052953       -19.030432757996092     
  0.60574736959731790        55.244816698408542       -1.5173780891051112        1.5323642024279773        3.0232659698038509       -14.689283994735243     
  0.60574736958750219        72.826851881810484       -1.5489244989144699        1.5600176598385456        3.0764159336760830       -11.368033505512079     
  0.60574736959674624        96.004488242511101       -1.5832445816835310        1.5898393478418997        3.1352000632355836       -8.8179602458072956     
  0.60574736959697717        126.55856355739787       -1.6205895520259133        1.6228155378124738        3.2009594762312923       -6.8525892639363599     
  0.60574736960083231        166.83667923262087       -1.6610533525198599        1.6595030639225803        3.2742771179487935       -5.3327742552214232     
  0.60574736961106057        219.93357664048989       -1.7046327531432721        1.7001255233156547        3.3551922557578551       -4.1543015051844900     
  0.60574736962009468        289.92891944546182       -1.7512741411276787        1.7446967022024116        3.4434152240499643       -3.2385528581465364     
  0.60574736962519182        382.20075176457385       -1.8009008387525427        1.7931217696183388        3.5384805341338748       -2.5257631187717196     
  0.60574736962906328        503.83871649819417       -1.8534221749686357        1.8452624878505739        3.6398269167980049       -1.9701972697900314     
  0.60574736964317966        664.18878318483394       -1.9087272681132033        1.9009693060068968        3.7468128848806366       -1.5366746983362514     
  0.60574736966656773        875.57133914079395       -1.9666653125582867        1.9600877246555088        3.8586785328913531       -1.1980278981052170     
  0.60574736966821408        1154.2278179123459       -2.0270117700438410        2.0224452765292420        3.9744583483779099      -0.93321612606670712     
  0.60574736969916698        1521.5685988699577       -2.0894157478469846        2.0878305965619557        4.0928465178533857      -0.72590257650747814     
  0.60574736971361187        2005.8180586839840       -2.1533050550521491        2.1560743411128134        4.2120766845996087      -0.56332902921811068     
  0.60574736971377019        2644.1831721789840       -2.2175954994320137        2.2287417512650793        4.3310179452810065      -0.43504176048729082     
  0.60574736969821719        3485.7122846129037       -2.2469835533850673        2.9477480511224621        5.0203549097054765      -0.20548621255912353     
  0.60574736959773523        4595.0637070975754        2.2564948685410502        68.246291131523535        61.216360403981220        10.136119443179984     
  0.60574736959210806        6057.4736959210941        194.91196757081275        1716.7500538664681        1324.2542425831573        226.82919795732258     
  0.60574736960932862        7985.3055185031781        9172.4326651344181        72681.308934672823        54331.736003089150        7474.0031333987572     
  0.60574736960971198        10526.682809205144        71742.835294480014        415498.70429160655        272007.10970508523        35540.380312400303     
  0.60574736960946096        13876.870547874823        39340.640103340440        162669.31364269278        83965.284328298236        11939.672355930772     
  0.60574736960869158        18293.278109787694        19565.125515086271        56687.686991084542        16006.784595832651        3748.9452619443850     
  0.60574736960837861        24115.237138501594        9534.9417588217511        11489.444564134959       -9212.4876164651578        1000.5998564127351     
  0.60574736960831832        31790.073859712295        6649.0220362084920        21562.655279930397        4532.4615734980753        832.41327891441597     
  0.60574736960831532        41907.479084771425        19330.081337185176        46335.906794674818       -10688.006000882568        1698.0898635809863     
  0.60574736960831588        55244.816699411691        25139.661683981558       -47104.357731282566       -121909.86174797713        504.43654727497204     
  0.60574736960831765        72826.851884313219        14528.048700030979       -49000.647117020038       -91936.171447479908        37.758107461196744     
  0.60574736960831743        96004.488244345266        8322.1028722699830       -19584.473816251673       -43834.936784918063        67.967421021419625     
  0.60574736960831754        126558.56355976756        5303.1748145748697       -11243.522756199927       -26360.650180418699        37.311093449782163     
  0.60574736960831743        166836.67923468296        3786.4848679412207       -8431.9003084509895       -18911.996117494618        17.707390304720093     
  0.60574736960831754        219933.57663949468        2962.1173642494941       -5454.3474462278655       -13362.359437503861        12.926025272480285     
  0.60574736960831799        289928.91943982616        2574.9672220117350       -3579.6199910384798       -10213.332296567594        10.494279363668300     
  0.60574736960831821        382200.75175392872        2394.4821350484035       -4184.6323717806918       -10148.051459955905        5.7505280425226069     
  0.60574736960831832        503838.71648094134        2325.5686426866187       -1497.6690902212526       -7107.0895753645964        7.1231007097902266     
  0.60574736960831832        664188.78314661211        2369.6895324606567       -3826.0376003813089       -9399.3563838716291        3.2902493952009739     
  0.60574736960831843        875571.33905660198        2489.1346425471047       -1356.5819116315424       -7095.3744819866852        4.3910099996561822     
  0.60574736960831843        1154227.8177982226        2665.6214320501153       -2697.6231251815525       -8744.9639865958925        2.8668864622922410     
  0.60574736960831843        1521568.5986417644        2899.2230106877387       -2048.6487905858703       -8543.6499675583054        2.6880471000733022     
  0.60574736960831843        2005818.0583353355        3191.2495184895470       -3146.7249702444487       -10227.642943115694        1.9564442248609926     
  0.60574736960831876        2644183.1717186864        3557.4242880719203        1068.3652847552048       -6778.4190020569731        2.6930393165647706     
  0.60574736960831876        3485712.2840956124        3982.4884465826326       -6023.7209348131055       -14764.276851842371        1.0254103447454328     
  0.60574736960831876        4595063.7071778877        4475.8197982151414       -3776.8770155782113       -13560.070779302037        1.2639654705564309     
  0.60574736960831799        6057473.6960832300        5043.4678295035392       -2824.2423913091220       -13808.880091257626        1.2200098527460577     
  0.76259075671827437        7.9853055183944344       -1.6051935721242026        1.6054601124729651        3.2104107923209497       -139.24034841298618     
  0.76259075671186849        10.526682808966703       -1.6348542243061148        1.6360241150645440        3.2704206970956138       -107.49740437908675     
  0.76259075671426613        13.876870547609878       -1.6655052792754630        1.6694016638474451        3.3337235917974057       -82.889533921039572     
  0.76259075670351839        18.293278109203847       -1.6965484130045427        1.7056763887403228        3.3991141797361015       -63.762892501893425     
  0.76259075669432841        24.115237137453772       -1.7273541993700354        1.7432816776543942        3.4636666397535811       -48.928357537905612     
  0.76259075669947340        31.790073858548645       -1.7577332794824272        1.7797205362857293        3.5243968733618365       -37.500052969383326     
  0.76259075671224763        41.907479083939641       -1.7881608110643537        1.8133123439260457        3.5804576687677789       -28.760625290255881     
  0.76259075672398979        55.244816699165774       -1.8195956621932281        1.8441813787234884        3.6337645938914784       -22.106402217109419     
  0.76259075671421961        72.826851883055767       -1.8531093311335884        1.8739221895709237        3.6879179348040263       -17.041198979979253     
  0.76259075672103938        96.004488243546206       -1.8895893191867814        1.9046542900754593        3.7466627226608447       -13.174908202094043     
  0.76259075672853527        126.55856355995815       -1.9296178971019835        1.9382455961150085        3.8128681297657616       -10.211539971609458     
  0.76259075673928511        166.83667923728598       -1.9734889281088643        1.9759718422793582        3.8882187222693156       -7.9305937323932394     
  0.76259075673675603        219.93357664219670       -2.0212865968750275        2.0185134149001573        3.9733666527866847       -6.1684277385692932     
  0.76259075674334509        289.92891944589286       -2.0729695151137060        2.0661056370973236        4.0682476688883913       -4.8030068692395362     
  0.76259075672679111        382.20075175362933       -2.1284337490676086        2.1187118671838876        4.1723772854791656       -3.7425644428277689     
  0.76259075674294174        503.83871649121710       -2.1875485768187284        2.1761597959875365        4.2850550031861090       -2.9175033801953525     
  0.76259075674017973        664.18878315775248       -2.2501676556076942        2.2382270356314287        4.4054678083711813       -2.2746544622154126     
  0.76259075677504706        875.57133911132053       -2.3161199330455249        2.3046821050585935        4.5327074949595190       -1.7731674310241421     
  0.76259075677068267        1154.2278178637496       -2.3851826828912954        2.3752914625230606        4.6657168600454550       -1.3815231876644491     
  0.76259075677720611        1521.5685987411609       -2.4570356525649899        2.4498019373414976        4.8031715560604695       -1.0753247250954907     
  0.76259075674050580        2005.8180583698340       -2.5311885259840494        2.5279229606304732        4.9433056988318862      -0.83563088756166359     
  0.76259075677636623        2644.1831718885032       -2.6068381050535896        2.6095153786321306        5.0837996913182213      -0.64761202792023975     
  0.76259075676930055        3485.7122842871772       -2.6822277567620514        2.7016099377450642        5.2274970247739292      -0.49786716450596896     
  0.76259075685296740        4595.0637079345606       -2.6269045912241928        5.1439074983153930        7.4523907533680163        6.9614097177086665E-002
  0.76259075700998102        6057.4736983279290        11.249078270348113        194.58768332287403        169.02799238056940        28.837050597431791     
  0.76259075705855683        7985.3055219576454        520.29645263481541        5274.6372163532842        4230.7064174724128        643.99649747664512     
  0.76259075704655888        10526.682813586738        28319.242786196432        213462.22167964897        156817.26272359909        21244.103874219214     
  0.76259075704842438        13876.870553690587        110133.82527303848        603834.57549624087        383559.31708649948        50234.363199422281     
  0.76259075705153279        18293.278117552167        54428.099297338835        213331.16937446830        104368.42480520418        15289.314635808494     
  0.76259075705240498        24115.237148777196        28220.170098967134        69180.698372227242        9210.4540998822522        4803.2181674535077     
  0.76259075705238377        31790.073873260466        13344.051960963177        17002.727291645213       -12958.566604022959        1381.0139098246123     
  0.76259075705238843        41907.479102631849        13137.734668824198        73115.576838199311        36894.012375461964        2168.4463028044893     
  0.76259075705238077        55244.816722955700        44109.740045184139        48775.850246450180       -82446.500899222112        2928.0294338364215     
  0.76259075705238544        72826.851915350504        46550.023108880378       -121212.82104258455       -259906.20747117675        537.77310827871111     
  0.76259075705238555        96004.488285260435        25960.229424892950       -73055.803669727888       -149888.12044949713        180.43870000154186     
  0.76259075705238588        126558.56361370430        14898.855048078045       -36609.362859744549       -80148.283577119539        107.55611637691433     
  0.76259075705238577        166836.67930578542        9573.9897554072704       -17424.399529403985       -44864.810568145520        78.082206311505047     
  0.76259075705238732        219933.57673322636        6831.3234565889870       -16216.528596582761       -35288.127515961503        27.543565936216055     
  0.76259075705238843        289928.91956338886        5325.2988348408635       -11333.668651790205       -25726.870109637304        18.594932268083696     
  0.76259075705238855        382200.75191681605        4655.3827765780525       -14000.256576220818       -26200.878357690297        3.4734883808773986     
  0.76259075705238866        503838.71669566853        4223.5694425979236       -4640.5725646706114       -15336.976155945340        14.079107973063826     
  0.76259075705238899        664188.78342967806        4073.0423436041910       -4209.9314992602867       -14216.086711519369        10.281617108986085     
  0.76259075705238899        875571.33942975523        4117.4367943950929       -3607.9596425111026       -13474.225483601851        8.2516606227296059     
  0.76259075705238899        1154227.8182901344        4295.5535887132664       -3441.2107369377200       -13529.175840086571        6.6204657095537769     
  0.76259075705238910        1521568.5992902305        4570.8671766083753       -3280.0034169063556       -13835.757641683223        5.4539416777362426     
  0.76259075705238877        2005818.0591901797        4950.6361011575318       -3421.9221525204680       -14706.552462304437        4.4794548236309053     
  0.76259075705238832        2644183.1728455876        5437.6136175660895       -3384.5114347692779       -15659.606860709508        3.8087997624843375     
  0.76259075705238832        3485712.2855811575        6044.8084561048872       -4549.0842264655894       -18106.382303924373        3.0222112543868720     
  0.76259075705238832        4595063.7091362178        6757.7582883274799        4546.6677589659166       -10531.024290274050        4.1496866167080277     
  0.76259075705238821        6057473.6986648170        7579.7150492828969       -3239.5189889610228       -20073.926004786827        2.4720627898597898     
  0.96004488284644485        7.9853055218418172       -1.9438482437672671        1.9439744626999491        3.8875976937508812       -212.30676698582846     
  0.96004488283701783        10.526682813496299       -1.9777466719433276        1.9782136330305164        3.9556263046229496       -163.82011358179585     
  0.96004488282706246        13.876870553393520       -2.0130837714006051        2.0151491590958699        4.0275366122638019       -126.35823778934183     
  0.96004488281990985        18.293278116949697       -2.0493531053653942        2.0558889207078361        4.1033221381624427       -97.289075381919119     
  0.96004488280625355        24.115237147612376       -2.0856258747373606        2.1001931543504830        4.1807741299115051       -74.680621598888138     
  0.96004488279690370        31.790073871416208       -2.1210344909913461        2.1454427764975366        4.2554174104132692       -57.160410757591350     
  0.96004488279919264        41.907479100300321       -2.1554296827361465        2.1880617762229160        4.3232472898670196       -43.696981395245189     
  0.96004488280732747        55.244816720350805       -2.1896047259075817        2.2259937944262638        4.3836537862119931       -33.437133994184357     
  0.96004488280508971        72.826851911746388       -2.2249637631556243        2.2597939438585772        4.4398486412442777       -25.653453014332563     
  0.96004488280625033        96.004488280625310       -2.2629885585120797        2.2919170735177392        4.4970854543284231       -19.747339051025978     
  0.96004488279723410        126.55856360640537       -2.3048534898333077        2.3253508964282017        4.5605210358227257       -15.250635056374529     
  0.96004488279807920        166.83667929631039       -2.3512915103880085        2.3626051542682740        4.6339345475652234       -11.810697930558291     
  0.96004488280715805        219.93357672281519       -2.4026394915188343        2.4053222451761402        4.7194265586195598       -9.1666628841241273     
  0.96004488281378697        289.92891955166556       -2.4589557600052792        2.4543246002904433        4.8176988443310833       -7.1260833201113929     
  0.96004488283785194        382.20075191094207       -2.5201368834149611        2.5098424622908584        4.9285125811042256       -5.5461171742425046     
  0.96004488284293088        503.83871669059045       -2.5860022006641912        2.5717545646704987        5.0510942753324999       -4.3197326085956584     
  0.96004488284798939        664.18878342648304       -2.6563404443533667        2.6397709280877710        5.1844071710389539       -3.3659660835821805     
  0.96004488285043132        875.57133942777034       -2.7309233069501624        2.7135448253623671        5.3272846145919655       -2.6230801027841513     
  0.96004488282893186        1154.2278182616694       -2.8094921514962450        2.7927251593001170        5.4784487357751619       -2.0437034573242778     
  0.96004488283153011        1521.5685992568237       -2.8917209359710676        2.8769637861101498        5.6364345474130735       -1.5913188323320504     
  0.96004488282584854        2005.8180591342702       -2.9771534901267271        2.9658932319674207        5.7994305856939583       -1.2376761341370468     
  0.96004488294145152        2644.1831730902832       -3.0651013644878384        3.0591263658330146        5.9650590160019599      -0.96083763374687881     
  0.96004488301713542        3485.7122861785197       -3.1544207085813603        3.1566562807044134        6.1303089535410553      -0.74355577898711100     
  0.96004488308879476        4595.0637102666760       -3.2416294818806062        3.2897137058062258        6.3186012581083890      -0.56495126932429485     
  0.96004488312705072        6057.4737003964301       -2.8527362303314829        11.643048260371707        13.765687965956481        1.0874961610434020     
  0.96004488318316750        7985.3055246425665        38.400856528881462        544.74209542012898        464.21546541924613        78.905954593956906     
  0.96004488325547244        10526.682818084577        1403.2610511890061        13478.320777324971        10667.492921411354        1590.1418984768729     
  0.96004488325564474        13876.870559588431        76855.675866169651        550423.14170549018        396703.17053772113        53060.116117931830     
  0.96004488325246828        18293.278125191951        161421.46839953403        837317.25499779556        514464.06605899299        67809.843386313674     
  0.96004488325406834        24115.237158861000        75479.775605090981        284846.77155324712        133334.00002699456        19825.507843385647     
  0.96004488325426696        31790.073886560964        40526.093789014354        78711.031895362030       -9645.8158981320594        6025.4082148952702     
  0.96004488325427351        41907.479120165350        18993.848472965852        30211.518973257764       -14651.350930592300        2061.0642041307938     
  0.96004488325424964        55244.816746068551        29998.230647534958        184639.23753282215        97852.224123831766        5100.3407451710982     
  0.96004488325424575        72826.851945818446        97342.759419620590        93210.072778618895       -197336.71691699571        5992.1328786063323     
  0.96004488325424653        96004.488325425045        85586.594725437462       -242035.57742718988       -497257.36988970113        754.50911670425671     
  0.96004488325424697        126558.56366665156        46595.134732290775       -135185.14894810857       -273276.67000472144        279.78502426182240     
  0.96004488325424686        166836.67937558351        26866.359065487530       -51924.780301076345       -130653.13241144952        267.44041297848503     
  0.96004488325424731        219933.57682523786        17380.577857844572       -42888.340854008959       -92958.759278808211        87.247612938813134     
  0.96004488325425241        289928.91968468472        12373.399831734048       -36669.319233421862       -71490.178958049015        24.315113562792078     
  0.96004488325425230        382200.75207671500        9642.9581219751071       -11753.939355877676       -38123.780411725682        54.882738084846430     
  0.96004488325425230        503838.71690645645        8382.2565689895400       -11930.786671694732       -34222.299613614719        31.832641822939092     
  0.96004488325425230        664188.78370755026        7509.0735841458809       -13943.993457441560       -33277.628198896491        16.090675604129938     
  0.96004488325425241        875571.33979606233        7191.1672381210046       -4728.4832315530348       -22721.572397030715        20.626491329132289     
  0.96004488325425197        1154227.8187730208        7221.1009560671300       -7614.2312108756269       -25254.475296721401        13.004765415919634     
  0.96004488325425152        1521568.5999267977        7480.4098091536871       -4827.4739856936903       -22738.793321247169        11.942468923348681     
  0.96004488325425152        2005818.0600293390        7905.3105402743777       -4331.1940675708547       -22936.559464434438        9.8020299320790514     
  0.96004488325425152        2644183.1739518172        8527.0056345574158       -8151.3823668399182       -27956.384439590318        6.6700579827060826     
  0.96004488325425164        3485712.2870394527        9347.7651400091199       -5446.2408286314530       -26950.705707252611        6.4561692926637813     
  0.96004488325425164        4595063.7110586250        10361.117580758031       -13594.062061451517       -37264.011477865388        3.8179943608275471     
  0.96004488325425175        6057473.7011990454        11554.445051587199       -14305.584159312431       -40552.718853681203        3.3437379401773337     
   1.2086249000035247        7.9853055253116523       -2.3592669184088284        2.3593664636902298        4.7184121304294608       -324.41354218573895     
   1.2086248999984803        10.526682818129865       -2.3979209373795078        2.3981129568521071        4.7957354335826246       -250.10669451528008     
   1.2086248999886047        13.876870559532255       -2.4383921635761099        2.4392283095284557        4.8771528612079695       -192.85863765799795     
   1.2086248999938500        18.293278125257814       -2.4804318596718122        2.4840663753881893        4.9634098186899651       -148.59981003216166     
   1.2086248999931843        24.115237158894356       -2.5231735572086778        2.5340684438099115        5.0540922875028116       -114.21314482030770     
   1.2086248999880600        31.790073886463578       -2.5652058260566015        2.5883334477360953        5.1453416187084731       -87.452071341010338     
   1.2086248999710001        41.907479119445156       -2.6053642585368935        2.6426329745672850        5.2304552254981260       -66.738827014690742     
   1.2086248999701743        55.244816745082765       -2.6436221732024650        2.6919458258149898        5.3042028325816526       -50.870447280790899     
   1.2086248999661209        72.826851944274978       -2.6812689880414680        2.7338681589079514        5.3665919028417299       -38.826849815037001     
   1.2086248999710361        96.004488323780706       -2.7203465390501727        2.7697045102954498        5.4228293244177497       -29.727346878110190     
   1.2086248999710847        126.55856366448893       -2.7628962223592599        2.8031674347948039        5.4805133194780087       -22.847449196548585     
   1.2086248999612974        166.83667937138156       -2.8104671148278451        2.8384403344465259        5.5467104323846961       -17.624208540055768     
   1.2086248999643592        219.93357682025561       -2.8639765589564261        2.8788811296992014        5.6263780255270550       -13.637015920130150     
   1.2086248999758691        289.92891968087622       -2.9238007764596490        2.9265944522563783        5.7221149918058973       -10.577123261043024     
   1.2086248999800937        382.20075207303029       -2.9899472698567680        2.9825621719712503        5.8346338304497536       -8.2182456352337301     
   1.2086248999621070        503.83871689410074       -3.0622159451130933        3.0469809472988301        5.9634165773133976       -6.3932970930050406     
   1.2086248999658888        664.18878369334038       -3.1403120963625546        3.1195944777722384        6.1072682902113469       -4.9775750649344825     
   1.2086248999927733        875.57133979680600       -3.2239070253936410        3.1999378110993475        6.2646768243653632       -3.8770240099496802     
   1.2086249000268081        1154.2278188065040       -3.3126543134579256        3.2874833828912586        6.4339842205081839       -3.0200735427395555     
   1.2086248999893709        1521.5685999238071       -3.4061703858679473        3.3817087452383228        6.6134065774637643       -2.3518870206398979     
   1.2086249000189384        2005.8180600744663       -3.5039832259801957        3.4821029044032286        6.8009263201580579       -1.8302344658088046     
   1.2086248999986184        2644.1831739668505       -3.6054453340765584        3.5881426370574410        6.9940795928175312       -1.4224624362527125     
   1.2086249000838620        3485.7122873051144       -3.7095850728779274        3.6993433104494922        7.1896902273265155       -1.1031933806349432     
   1.2086249001707523        4595.0637117391807       -3.8147432166819204        3.8160910614788994        7.3839489503980404      -0.85233386050321136     
   1.2086249001733302        6057.4737021091114       -3.9116524691220773        4.0737792143992220        7.6926748693321461      -0.62373457233710905     
   1.2086249001840357        7985.3055265042931       -2.3313971014538395        31.991861530031279        32.296225495690194        4.4474351923811435     
   1.2086249002285248        10526.682820133485        116.62270970218343        1489.3594265351655        1251.5784755078473        209.19759864486895     
   1.2086249003021128        13876.870563131835        3993.3077892829874        36465.727943615508        28473.231006062320        4156.3416131542044     
   1.2086249003024021        18293.278129927960        178273.31490603182        1211867.1997006033        855309.32821652479        113250.55446942779     
   1.2086249003017646        24115.237165051367        229887.61637152580        1127467.2452620193        667675.38058392704        88967.321123918809     
   1.2086249002991358        31790.073894645731        105724.97205932284        399940.73928158113        185790.14739595054        26622.665458985015     
   1.2086249002990577        41907.479130820167        57753.756032458892        73026.231290142925       -56831.319479422986        7174.6424365118146     
   1.2086249002990843        55244.816760116919        28738.841717471561        32763.743348496562       -40074.275061671971        2793.4377900998961     
   1.2086249002990739        72826.851964337446        74796.805259129702        437038.31015996635        215827.25397912200        11830.068846780003     
   1.2086249002990748        96004.488349837848        206137.54344483049       -302648.09912891936       -918788.43728474120        5832.9479980414444     
   1.2086249002990721        126558.56369883359        155125.98429745482       -516135.45274119946       -979031.03876953083        569.05341363556954     
   1.2086249002990719        166836.67941800764        83709.200507437796       -235746.38364900835       -484138.80340042582        533.60068886483623     
   1.2086249002990861        219933.57688116629        48902.406703980079       -89115.688998515994       -232801.55215070138        496.47016377977320     
   1.2086249002990848        289928.91975841083        31724.090616698410       -87408.623400032433       -179234.80559244307        115.68404608200447     
   1.2086249002990850        382200.75217390509        22506.008335176630       -74248.095598531916       -138050.76222432300        19.702125157059498     
   1.2086249002990852        503838.71703457797        17569.331851819938       -25051.936466239615       -73623.901558208352        87.919398795173166     
   1.2086249002990852        664188.78387644736        15173.979688498552       -23383.453266091681       -64289.403647738567        52.695869603809278     
   1.2086249002990876        875571.34001871385        13461.937131293857       -8101.8568848081150       -43323.394279686676        51.575450124738637     
   1.2086249002990885        1154227.8190665338        12818.727951386812       -9061.1901846551173       -41726.125258701621        35.013450405875545     
   1.2086249002990885        1521568.6003137240        12776.809215378371       -9332.9024118347897       -41154.546322333757        25.702652575974419     
   1.2086249002990885        2005818.0605394077        13145.131222475062       -8320.7100558268867       -40425.631699417536        20.484392111059599     
   1.2086249002990881        2644183.1746242167        13826.805904663182       -34138.548388482159       -67347.091402729420        4.5079129327812932     
   1.2086249002990879        3485712.2879258473        14834.113232302225       -10109.069835181099       -45260.607394060731        12.712923043121375     
   1.2086249002990879        4595063.7122271201        16229.722934734495       -5237.1188142718347       -43338.650800912001        11.997298916900103     
   1.2086249002990892        6057473.7027394278        17947.169129744208        17084.383192810070       -24751.420565026681        14.574282740267357     
   1.5215686003117483        7.9853055272541029       -2.8697551207867269        2.8698539548906701        5.7393899629620577       -496.79591079870113     
   1.5215686003165789        10.526682820767867       -2.9138162905755025        2.9139487948327440        5.8274732734034878       -382.63062709058767     
   1.5215686003310340        13.876870563255043       -2.9600015336111563        2.9603090418249174        5.9199134828855371       -294.82669356799795     
   1.5215686003298479        18.293278130071752       -3.0082979156178538        3.0098152576872725        6.0174430279937781       -227.17769055287235     
   1.5215686003164828        24.115237165041819       -3.0582041387611318        3.0645692741754833        6.1210284386688105       -174.82553585556059     
   1.5215686002991069        31.790073894339262       -3.1082800839222435        3.1263304791038080        6.2294002769989980       -134.08650493366883     
   1.5215686002865956        41.907479130074265       -3.1564217456679788        3.1929651021922041        6.3360538222314444       -102.36380261637342     
   1.5215686002825930        55.244816758987092       -3.2011128189173887        3.2578364493518954        6.4311457129104861       -77.851358532611684     
   1.5215686002683801        72.826851962168419       -3.2425949269441201        3.3140313713899459        6.5080604212637443       -59.142240473528474     
   1.5215686002599724        96.004488346447957       -3.2829192621654557        3.3589190801024196        6.5680698743915968       -45.009416064634713     
   1.5215686002532476        126.55856369380575       -3.3250355876088027        3.3950448342898008        6.6194026397102901       -34.381278011725513     
   1.5215686002473523        166.83667941073324       -3.3717462542763581        3.4279410678660782        6.6729607762206058       -26.378075084042756     
   1.5215686002658579        219.93357687424898       -3.4250884207852863        3.4634300908894757        6.7383846036664856       -20.321503636311107     
   1.5215686002860047        289.92891975313120       -3.4862032435094892        3.5059870441675960        6.8221513741599935       -15.709339503308371     
   1.5215686002654352        382.20075216177815       -3.5554961022704905        3.5582964596472442        6.9274490929561843       -12.176038796550312     
   1.5215686002618711        503.83871701741117       -3.6328859838413270        3.6215133763665448        7.0549326483066297       -9.4556187778338501     
   1.5215686002792808        664.18878386141648       -3.7180266136187914        3.6957549892601178        7.2036531133973565       -7.3528185772446006     
   1.5215686003069522        875.57134001482063       -3.8104571033871792        3.7805565859095536        7.3718093646624929       -5.7225579847845349     
   1.5215686003568762        1154.2278190992718       -3.9096806460988556        3.8751972409879940        7.5572242546141135       -4.4557745819791972     
   1.5215686003468494        1521.5686003468536       -4.0151838115233804        3.9788901407869770        7.7575648597011249       -3.4696770832287021     
   1.5215686003086575        2005.8180605327336       -4.1264079369741413        4.0908708708150119        7.9703626163338868       -2.7009343840596558     
   1.5215686003757958        2644.1831747320925       -4.2426776876896062        4.2104034645748687        8.1928624866234632       -2.1008278308180786     
   1.5215686004113447        3485.7122881494925       -4.3630770208988920        4.3367648482060348        8.4217410920618683       -1.6316994994427467     
   1.5215686004628877        4595.0637126775982       -4.4862223323272374        4.4694223159150992        8.6528063392751111       -1.2642290941410470     
   1.5215686005705327        6057.4737037618079       -4.6096390891488088        4.6099434401434110        8.8816285023546069      -0.97487283134308667     
   1.5215686006287770        7985.3055289179119       -4.7018231108460311        5.3239749414084505        9.6096022796049496      -0.62343995864667134     
   1.5215686006363336        10526.682822980050       0.91298204038046649        95.685793050976770        88.557918553554501        14.898915528364860     
   1.5215686006537565        13876.870566198335        334.77025785286440        3975.0616793410554        3299.9872381129562        539.82020579787888     
   1.5215686007163673        18293.278134718767        12542.614212617766        109208.86080667193        84115.079443907802        12023.329400569939     
   1.5215686007106619        24115.237171289162        377328.61792175111        2433451.3397530825        1678779.7090527928        220613.63581606688     
   1.5215686007081617        31790.073902885655        321674.60134102730        1490908.9009061998        847516.06220920198        114736.42951669142     
   1.5215686007080644        41907.479141682532        151741.96999456946        591249.28489863360        276625.90161244618        37355.818864966845     
   1.5215686007077618        55244.816774424093        81621.290711504495        63912.762236556970       -126823.83412505794        8781.6197177328086     
   1.5215686007077966        72826.851983200278        49605.117819147745        187824.82406274130        52127.760971801290        7536.6584003353946     
   1.5215686007078064        96004.488374704451        190917.73957748280        841267.06409113924        272228.11622666789        24553.570645213291     
   1.5215686007078000        126558.56373161389        419208.46705215360       -773100.23704159772       -2027081.4049731581        9443.8102483796574     
   1.5215686007077971        166836.67946122025        276840.20550017437       -941479.87615994550       -1767994.9395506373        787.51514667164975     
   1.5215686007077953        219933.57693812871        149935.24338491971       -708635.81369296263       -1154027.0112137501       -1065.4802320935555     
   1.5215686007077944        289928.91983350209        89400.573685232099       -248856.82602214825       -512180.87749799248        418.82535042450638     
   1.5215686007077942        382200.75227289455        58153.402093387813       -127013.36738047207       -296070.16700407368        337.39026330165217     
   1.5215686007077944        503838.71716507140        41212.590138680804       -93729.445201685157       -211365.77603128389        164.19475099260245     
   1.5215686007077946        664188.78404847137        32208.081274597767       -68594.158013400622       -158535.49575886139        103.85995916127159     
   1.5215686007077946        875571.34024548379        27613.799574698645       -44027.508300729954       -119408.31813547612        90.502724789103453     
   1.5215686007077946        1154227.8193654739        24364.787457500053       -23802.921646096722       -88548.136923566228        78.292232224997306     
   1.5215686007077949        1521568.6007078043        23076.098328504042       -25714.393307877286       -85577.307548192228        51.754409351721513     
   1.5215686007077949        2005818.0610589066        22831.414626634411       -26470.514884250035       -84436.224976375044        37.192879811307293     
   1.5215686007077949        2644183.1753090508        23343.005466216520       -27941.257926459712       -86109.633051358513        27.767714891524889     
   1.5215686007077949        3485712.2888286351        24398.345886827716       -50443.736439798842       -110251.84675018789        12.352314521213184     
   1.5215686007077949        4595063.7134172264        26093.874493511830       -8801.0894415580951       -71946.451389253736        24.724895427828990     
   1.5215686007077955        6057473.7043082900        28452.299307179623       -32532.922109731648       -100748.13785086772        14.544113449349114     
   1.9155413772250935        7.9853055293574222       -3.4981075084910911        3.4982075102660888        6.9960985194650567       -762.38686398435141     
   1.9155413772252068        10.526682823507784       -3.5483502415910282        3.5484796052781227        7.0965405307702216       -586.61942237593644     
   1.9155413772305443        13.876870566773791       -3.6010085687837554        3.6011868785648251        7.2018110140977498       -451.58230313641275     
   1.9155413772520811        18.293278134930297       -3.6561905539612165        3.6567092014399876        7.3123687235721375       -347.76087430186345     
   1.9155413772611474        24.115237171772591       -3.7137809500180978        3.7165527884146803        7.4293452565386904       -267.74815583893627     
   1.9155413772479519        31.790073903356191       -3.7728358904886030        3.7839203367267933        7.5538952093580676       -205.73758970088315     
   1.9155413772347392        41.907479142016435       -3.8310162603313920        3.8607469458608423        7.6830938826090787       -157.39074063341559     
   1.9155413772231120        55.244816774539913       -3.8852420101364720        3.9427330350871506        7.8062852150075184       -119.72871418352962     
   1.9155413772164465        72.826851983097882       -3.9336096450413462        4.0197086079842936        7.9092849308678224       -90.693007615881527     
   1.9155413772197667        96.004488374735246       -3.9768749376343364        4.0823469743845351        7.9840572980644868       -68.631119981421918     
   1.9155413771982599        126.55856373023408       -4.0182433689422457        4.1280701090115146        8.0341977380836287       -52.056866617093590     
   1.9155413771777574        166.83667945761590       -4.0619505585479789        4.1614078607354426        8.0724500219048725       -39.659498913836920     
   1.9155413771795851        219.93357693358732       -4.1118305976575771        4.1905028733385352        8.1143453830707237       -30.367135394415431     
   1.9155413772036336        289.92891983115538       -4.1705548173226097        4.2234143824428134        8.1729813068589507       -23.360799616796363     
   1.9155413772206973        382.20075227320552       -4.2395335202403954        4.2660849378465358        8.2567887993610043       -18.040165000274399     
   1.9155413772394805        503.83871717042172       -4.3191808023319265        4.3219229498022829        8.3696411065850427       -13.972339734405979     
   1.9155413772300318        664.18878405224802       -4.4092713024742372        4.3922625945128742        8.5120229164461545       -10.844851582269612     
   1.9155413772539869        875.57134026141171       -4.5092424423959363        4.4770701730219020        8.6823360731033397       -8.4298074183181377     
   1.9155413772904868        1154.2278194084640       -4.6183950014768120        4.5755667470364880        8.8779171127351191       -6.5587445260025428     
   1.9155413772623471        1521.5686007421234       -4.7359952352077030        4.6866616693110350        9.0956671548392052       -5.1055075331725304     
   1.9155413773015089        2005.8180611451551       -4.8612974160795206        4.8092021010579140        9.3323366754328667       -3.9745937946146119     
   1.9155413774111558        2644.1831755741032       -4.9935015329883985        4.9420844854762151        9.5845398891842795       -3.0930878381267104     
   1.9155413773750527        3485.7122891123436       -5.1316514339794015        5.0842766778388491        9.8485568976961488       -2.4049557722056165     
   1.9155413773760073        4595.0637137935155       -5.2744508913717167        5.2348272433454239        10.119953897132937       -1.8668880837702089     
   1.9155413773695471        6057.4737047839035       -5.4198942501871521        5.3933325536849956        10.393283284060731       -1.4450414248203196     
   1.9155413773183816        7985.3055297463306       -5.5641060879219122        5.5655272945884438        10.665316429079793       -1.1112244686059036     
   1.9155413775478469        10526.682825280846       -5.5873590595089757        8.0166401284127602        12.960397402002492      -0.37535349886385977     
   1.9155413775578953        13876.870569145269        13.150302961878502        290.72175104439975        257.97165014249998        46.053689179724074     
   1.9155413775302779        18293.278137587091        928.97510789642445        10383.784531883035        8519.0475084608970        1362.0104656072720     
   1.9155413775172201        24115.237174996390        42576.652290167491        353769.85326387070        268603.91567254602        37629.717059924631     
   1.9155413775142962        31790.073907776437        689554.87891771400        4215439.3953964319        2836310.9733328945        371062.18274217087     
   1.9155413775123629        41907.479148090206        445101.23608465539        1949635.6491506696        1059240.7692819883        146440.47075365821     
   1.9155413775107160        55244.816782834561        225499.02382105729        830474.95926233963        342846.28783720091        51977.367782550922     
   1.9155413775104231        72826.851994274635        115413.34758366154        12162.929314749141       -271374.98170150310        10131.918372497519     
   1.9155413775104142        96004.488389302234        102327.32126023601        468481.49748110218        172983.71842175856        16746.322859380016     
   1.9155413775104142        126558.56375085804        479281.10125080257        1839202.3916068934        406779.73293568549        54791.112159892291     
   1.9155413775104211        166836.67948658991        820314.80238672846       -1294968.4542807457       -3750037.6479587844        20162.426204039552     
   1.9155413775104215        219933.57697157271        494347.71668780636       -1388440.0369274712       -2865022.3411787995        3898.0972896139692     
   1.9155413775104215        289928.91987759009        272047.12542496005       -813613.49981645471       -1622632.3966149162        1278.6085133125976     
   1.9155413775104262        382200.75233101478        162829.84127001298       -476346.62967233860       -956964.09504826530        617.37426448559859     
   1.9155413775104291        503838.71724168939        107012.70614854599       -308460.34395693260       -620775.19502575370        313.00313185041568     
   1.9155413775104289        664188.78414947342        75802.689917901211       -114610.35961661897       -332326.59682982310        458.60106132884414     
   1.9155413775104273        875571.34037862986        59378.044551417508       -91551.019184274803       -258889.33565069555        262.25605008313187     
   1.9155413775104184        1154227.8195409891        50565.748977153053       -42097.006296747699       -181738.30378471699        224.62469930455103     
   1.9155413775104182        1521568.6009391779        44493.275430183377       -72130.661375532538       -192114.49041691714        102.45443120064496     
   1.9155413775104195        2005818.0613639178        41883.950917925722       -56201.023222414784       -166709.67857789327        82.218576657252342     
   1.9155413775104198        2644183.1757111344        41245.640753807675       -44155.743419459133       -150863.91928119323        68.131168369787744     
   1.9155413775104195        3485712.2893586839        41893.866215219481       -29211.969403016104       -135705.20425516830        60.143892211526889     
   1.9155413775104195        4595063.7141159680        43554.619026488625       -62767.213089239325       -171768.13306513283        33.277822850557584     
   1.9155413775104175        6057473.7052294007        46338.963452736149       -119540.18295467886       -234057.81134409056        9.7562302323343673     
   2.4115237174975621        7.9853055305683576       -4.2727458805380190        4.2728465423603179        8.5453789710065031       -1172.3489616435845     
   2.4115237174995836        10.526682825112310       -4.3300648643545276        4.3301963478055772        8.6599750966275231       -901.22656821962084     
   2.4115237175024116        13.876870568866574       -4.3901177749714630        4.3902862719075522        8.7800223045747074       -693.11110211785785     
   2.4115237175091075        18.293278137534244       -4.4530551258693825        4.4532997955158029        8.9058493570700570       -533.29227584749265     
   2.4115237175124071        24.115237175124122       -4.5189789453384881        4.5198949997530349        9.0381577366650809       -410.44726039550545     
   2.4115237175112010        31.790073907977451       -4.5875660818140718        4.5926388053219913        9.1786972613146176       -315.71365660306719     
   2.4115237175284476        41.907479148697220       -4.6571138250493762        4.6763001571816485        9.3286346652317498       -242.14643536261570     
   2.4115237175225346        55.244816783546781       -4.7238959497460389        4.7725951989472390        9.4820113619860251       -184.66258546010110     
   2.4115237175159772        72.826851995026630       -4.7834830639538541        4.8735781286039552        9.6217879327719711       -139.87734678818651     
   2.4115237175096675        96.004488390042809       -4.8335983638014586        4.9639905891907645        9.7279068681688212       -105.45407679889374     
   2.4115237174852679        126.55856375055380       -4.8759133417381522        5.0315207530518471        9.7911376828503958       -79.440195965492705     
   2.4115237174844819        166.83667948613385       -4.9153629838226456        5.0741851339287996        9.8190845647884739       -60.021790798702376     
   2.4115237174659963        219.93357696928558       -4.9579954411373208        5.0996080799582781        9.8311623113475743       -45.586927074917774     
   2.4115237174532469        289.92891987304210       -5.0090401803343179        5.1196477216205682        9.8493561414602837       -34.825159892560251     
   2.4115237174256285        382.20075232064119       -5.0719906154230117        5.1454053142234857        9.8913936950467978       -26.745589512951412     
   2.4115237174181026        503.83871722644119       -5.1485771534945872        5.1847460265904495        9.9682090439570317       -20.629848879480960     
   2.4115237174458422        664.18878413701236       -5.2391864453728934        5.2419771720573056        10.084455783015056       -15.965222120792950     
   2.4115237174491155        875.57134036339198       -5.3433671805994294        5.3186039261211748        10.240270115533257       -12.384920337523761     
   2.4115237174340547        1154.2278195136983       -5.4602419056141134        5.4143329587053088        10.433092898376772       -9.6234231344974042     
   2.4115237173908164        1521.5686008759194       -5.5887739562429859        5.5279195735022046        10.659044284842924       -7.4856127414182714     
   2.4115237173184236        2005.8180612203116       -5.7279000440455503        5.6577444763920770        10.913757597352131       -5.8260288914815419     
   2.4115237173778108        2644.1831755869403       -5.8765560335633138        5.8021419525700102        11.192748940042353       -4.5349128824595590     
   2.4115237173891928        3485.7122892114153       -6.0336129849792650        5.9595501316421799        11.491426411431657       -3.5286438271048324     
   2.4115237174148678        4595.0637139707505       -6.1977264089958908        6.1285650376119145        11.804825631514490       -2.7430275646024795     
   2.4115237174140143        6057.4737050358290       -6.3670447514973008        6.3080520887135565        12.127115447885640       -2.1284068018112001     
   2.4115237175148412        7985.3055306255965       -6.5385609631171402        6.4982130311419546        12.451337597944939       -1.6457173372625149     
   2.4115237176868538        10526.682825929800       -6.7056026908837509        6.7219986595745720        12.785762559208205       -1.2584349068958249     
   2.4115237177706530        13876.870570410176       -6.4038929751678308        15.665332002381525        20.886220095429405       0.78507414283857246     
   2.4115237177663431        18293.278139485614        53.531748947098450        870.92887521910950        756.01987700703717        135.63139667655463     
   2.4115237177390374        24115.237177390471        2526.4901578716108        10369.179874096630        5307.7749728529652        1749.4569113634443     
   2.4115237177577460        31790.073911227617        143890.19831503252        1139575.6114583004        851777.10952472768        117197.62534614981     
   2.4115237177576745        41907.479152680811        1136146.1231034561        6579513.2831882555        4307195.9934812263        562799.52147148596     
   2.4115237177570044        55244.816788918295        611079.81457256956        2541830.6266113208        1318589.4493409144        186146.63863959443     
   2.4115237177561655        72826.852002280342        343774.55636269244        1043274.7245419577        258241.81844529096        69549.016123568290     
   2.4115237177560642        96004.488399852242        167358.75512802679       -76086.729699284508       -513423.02824298921        12274.207322331255     
   2.4115237177560478        126558.56376476478        245701.20319728021        1187066.1164476250        460537.59408290393        39879.509940080978     
   2.4115237177560500        166836.67950492213        1166951.8820320482        2921234.1781778978       -570987.27486233856        104957.60249946595     
   2.4115237177560509        219933.57699573931        1556611.8690693935       -2954145.2434211606       -7614509.7517655119        31106.778818868799     
   2.4115237177560518        289928.91990944796        885794.13751327945       -3071738.2970697922       -5718702.5920566637        1822.7548510331653     
   2.4115237177560518        382200.75237301074        491054.34648453759       -1213944.3105061695       -2675618.7710375874        3818.6688575880498     
   2.4115237177560500        503838.71729704982        296956.05707838899       -685703.64735520259       -1563869.9802076805        1958.4242955274110     
   2.4115237177560505        664188.78422245290        197150.72291890159       -506104.89354220458       -1083476.9738791904        783.00781045956478     
   2.4115237177560522        875571.34047483664        140460.09910469814       -315763.49722237187       -721494.95830837556        532.53769518561683     
   2.4115237177560522        1154227.8196678199        110700.80971120941       -194688.73754244228       -509353.79016584961        421.87770424849020     
   2.4115237177560531        1521568.6011063741        93225.788985464198       -229707.64445319062       -489905.69089437084        158.39354134313152     
   2.4115237177560527        2005818.0615843236        81920.165902005159       -56591.356066570188       -280538.64920508547        275.09257284196559     
   2.4115237177560527        2644183.1760016857        76744.602948713495       -199428.68499616321       -405179.30889381003        58.610620177694500     
   2.4115237177560527        3485712.2897417052        75168.988625995888       -38974.459273395652       -236941.59066869016        149.48504786184276     
   2.4115237177560571        4595063.7146208957        75867.162943340460       -118288.89573061124       -314849.32960924576        71.466818971822647     
   2.4115237177560553        6057473.7058950271        78646.161690753215       -71283.430089559042       -272168.79149984184        75.597128283929678     
   3.0359284894146481        7.9853055313906545       -5.2291384888050976        5.2292395791712547        10.458168005567652       -1806.2849079224450     
   3.0359284894187115        10.526682826201572       -5.2945608367051404        5.2946934160194408        10.588972031368272       -1387.3231068521877     
   3.0359284894247049        13.876870570313624       -5.3630787705971761        5.3632513077845720        10.725952033076938       -1065.9847200002202     
   3.0359284894269654        18.293278139404656       -5.4348627803822778        5.4350804393806751        10.869440154728796       -819.43032983528769     
   3.0359284894232572        24.115237177527348       -5.5100904750345476        5.5104373525875321        11.019864696794540       -630.17208685776859     
   3.0359284894372598        31.790073911308053       -5.5888274365567936        5.5905054872347115        11.178353369340076       -484.71204433893337     
   3.0359284894435703        41.907479152875190       -5.6703476282516370        5.6796177854378769        11.347581466169173       -372.41521212526004     
   3.0359284894479139        55.244816789268931       -5.7516712154610419        5.7846766640803944        11.528246399440652       -284.97667209429920     
   3.0359284894623157        72.826852003113402       -5.8269636638848921        5.9063232092843672        11.709049949663079       -216.48527962857133     
   3.0359284894996494        96.004488402135024       -5.8899690962242808        6.0306738110754026        11.863318863298263       -163.14062032809613     
   3.0359284895023659        126.55856376788822       -5.9381509480582357        6.1352719756353959        11.963233673372649       -122.29940327268638     
   3.0359284894590473        166.83667950665887       -5.9747367313646427        6.2042567841217355        11.999078142121672       -91.636070908819036     
   3.0359284894311758        219.93357699600963       -6.0072280255770663        6.2371990149464658        11.985090648120000       -68.918229503290362     
   3.0359284894090570        289.92891990769186       -6.0442173710176830        6.2464541292467564        11.950448360828478       -52.152577689041351     
   3.0359284893632896        382.20075236493386       -6.0928174127799526        6.2491348930927568        11.926095960434019       -39.731415637196427     
   3.0359284893091236        503.83871727741342       -6.1575850118473170        6.2604668098960721        11.935947017739990       -30.453235071956570     
   3.0359284892682603        664.18878418762677       -6.2406261443908049        6.2908290194052494        11.994131871620962       -23.457483342797957     
   3.0359284892341627        875.57134041909228       -6.3422400892585529        6.3456391232836813        12.106167717962727       -18.136898072529412     
   3.0359284892746543        1154.2278196097288       -6.4616313945568598        6.4265412951813969        12.271566819344109       -14.061421533667586     
   3.0359284892602543        1521.5686010225768       -6.5974698139780061        6.5328196960464622        12.486365454874782       -10.922399427755657     
   3.0359284893073681        2005.8180615049853       -6.7482457162715024        6.6625480507714636        12.744978778045024       -8.4945935448632124     
   3.0359284892937248        2644.1831758852136       -6.9124423743401247        6.8133571341550896        13.041306224613006       -6.6109892421448393     
   3.0359284893082337        3485.7122896048227       -7.0885639508084086        6.9828749393627856        13.369218939744783       -5.1460497414940871     
   3.0359284893096157        4595.0637144425318       -7.2750345036573894        7.1689361272754333        13.722556032472127       -4.0043674679862828     
   3.0359284894709719        6057.4737059818490       -7.4699599301471800        7.3697345277965987        14.094785983357742       -3.1127479949627856     
   3.0359284895336529        7985.3055317036924       -7.6706213326255295        7.5842162930767714        14.478366200791228       -2.4144212096665698     
   3.0359284895099155        10526.682826517839       -7.8722466349238491        7.8143445495095181        14.864523484104517       -1.8641927241556357     
   3.0359284896854253        13876.870571505384       -8.0611693784364817        8.1595904851542311        15.324039243763703       -1.4026500942075824     
   3.0359284897566501        18293.278141391242       -6.4984785823883193        40.502066867438060        44.259760702152278        5.0765549551930604     
   3.0359284899167789        24115.237181447581        178.62921589596721        2545.3820687889834        2178.5786230959579        384.89084071061961     
   3.0359284901276098        31790.073918536971        6849.7125441307762        68728.586948522032        55018.419578930640        8407.3389528887219     
   3.0359284901092174        41907.479162063770        447822.81806043698        3374863.7849326208        2479193.1293224245        335885.59111449600     
   3.0359284901072887        55244.816801267698        1741295.6837227079        9546498.8422705103        6063868.6810578778        794206.67194021947     
   3.0359284901053574        72826.852018539037        834551.16004427953        3349917.1142058377        1674537.6802343447        237897.07318410405     
   3.0359284901045318        96004.488421263290        527391.79501189932        1031218.4549838748       -245838.90254648041        85981.426903988235     
   3.0359284901043555        126558.56379298356        262773.43042267911        93289.046168794914       -638333.27007996407        24488.004125895677     
   3.0359284901043599        166836.67954212180        640337.53181045002        4464182.1406734493        2556399.8433168377        124430.61405589624     
   3.0359284901043497        219933.57704477725        2726754.2587072714        3095286.1027757726       -5071071.2051857095        182792.75592082183     
   3.0359284901043524        289928.91997409269        2891560.4726386163       -7618394.7170963045       -16277812.006933043        32893.392938443903     
   3.0359284901043533        382200.75245822914        1588178.6811895138       -4577261.6349375155       -9325002.0210717842        10523.371102974037     
   3.0359284901043520        503838.71740938973        885090.52387926262       -2274808.0997313149       -4911551.9698406728        6062.2521154412934     
   3.0359284901043520        664188.78437054553        543259.69682878582       -1061150.7769554628       -2670438.2720349468        4316.4731150872167     
   3.0359284901043520        875571.34067006037        363556.17616593884       -981388.93848173658       -2049334.1325420975        1222.3331380812333     
   3.0359284901043524        1154227.8199251750        260957.66862407982       -669307.17241723905       -1426915.8862145208        736.55322465071004     
   3.0359284901043520        1521568.6014456335        210050.61878858836       -833048.58458024892       -1435038.4645913630       -151.67442457025118     
   3.0359284901043520        2005818.0620315548        172940.93728724879       -237386.71886635441       -724738.64316737326        572.68986048865088     
   3.0359284901043515        2644183.1765912506        152167.06282492387       -204418.29279323091       -625665.97502677748        379.46854236872753     
   3.0359284901043497        3485712.2905189013        142066.35017679632       -159840.02523535636       -546457.65843519918        290.47963693783225     
   3.0359284901043502        4595063.7156454325        138532.99431320769       -141798.16599541189       -512860.54539564159        220.59888207860448     
   3.0359284901043502        6057473.7072456339        138982.58749399590       -123038.92249675638       -489773.76033740363        174.99787273097795     
   3.8220075245615113        7.9853055331613945       -6.4115783367563663        6.4116797392493767        12.823051749881650       -2788.2147095941609     
   3.8220075245420273        10.526682828468113       -6.4862826188038687        6.4864158105213692        12.972420585157876       -2139.6869872126263     
   3.8220075245204539        13.876870573195784       -6.5644949548710825        6.5646695050005697        13.128791355816684       -1642.6563654278332     
   3.8220075245174661        18.293278143176156       -6.6464056389745796        6.6466311911669207        13.292537494285071       -1261.5974106865490     
   3.8220075245165184        24.115237182522634       -6.7322189890220443        6.7324963270546672        13.464053827460811       -969.34564602682724     
   3.8220075245221006        31.790073917792931       -6.8221417907760715        6.8226590552409796        13.643934088143666       -745.09579222205639     
   3.8220075245300635        41.907479161424128       -6.9161365875197225        6.9192907005597828        13.834057432419403       -572.71987345391199     
   3.8220075245542562        55.244816800809268       -7.0127214282929442        7.0296011236696652        14.038415291830887       -439.41481094946522     
   3.8220075245707479        72.826852018295298       -7.1068032014479554        7.1632325328995954        14.256155832643120       -335.26538058349058     
   3.8220075245927068        96.004488421519653       -7.1893897797140829        7.3180972447134645        14.466883754936696       -253.46808692868214     
   3.8220075246039285        126.55856379370046       -7.2518114773910893        7.4709008345867094        14.629639547516124       -189.81880484148712     
   3.8220075246464185        166.83667954492137       -7.2915689726519970        7.5891809155507755        14.706620098846894       -141.33377781733734     
   3.8220075246478968        219.93357704855359       -7.3144479625653913        7.6530832938337774        14.689173889233597       -105.21523348970547     
   3.8220075246465295        289.92891997896686       -7.3317277395668121        7.6653441731477567        14.602196408924984       -78.691405701821083     
   3.8220075245934551        382.20075245934697       -7.3555599791801098        7.6454398422266703        14.489035535226726       -59.283552835095847     
   3.8220075245787126        503.83871740891999       -7.3955945451400131        7.6178755818045767        14.393030324546501       -45.012227497378568     
   3.8220075245383627        664.18878436291413       -7.4577614286020530        7.6034531329409463        14.346340502023736       -34.417279817584308     
   3.8220075245319758        875.57134065853677       -7.5445996249063709        7.6158345605866851        14.367166046687508       -26.466683936650558     
   3.8220075244772036        1154.2278198934425       -7.6562254757164920        7.6618011632298648        14.461940459904007       -20.441300508394786     
   3.8220075243678426        1521.5686013602642       -7.7913291293744109        7.7430657144220181        14.629133885118563       -15.837669897914303     
   3.8220075243590732        2005.8180619144134       -7.9479349341809691        7.8582487428915417        14.862747608539978       -12.298074705107819     
   3.8220075243814269        2644.1831764522935       -8.1238751552997961        8.0044366944909946        15.154817186125776       -9.5636434599020035     
   3.8220075243532494        3485.7122903100226       -8.3170137826334400        8.1782022471908551        15.496877424106053       -7.4436767845530944     
   3.8220075243623182        4595.0637153809776       -8.5252717059219698        8.3762279678992009        15.880632652901520       -5.7954836385606496     
   3.8220075245414979        6057.4737071809941       -8.7464562432043600        8.5955945242140430        16.297899156401641       -4.5109272594092156     
   3.8220075245901337        7985.3055332212207       -8.9778460250855243        8.8342351530545713        16.740222387758347       -3.5069980065957758     
   3.8220075245254828        10526.682828422574       -9.2152125826765996        9.0920346902032900        17.198009002273334       -2.7188870899835127     
   3.8220075243865534        13876.870572709657       -9.4503354703172615        9.3754356958864289        17.660150554678964       -2.0939205995732562     
   3.8220075244287535        18293.278142751595       -9.6474593760308149        10.125239817185722        18.494767639723982       -1.4890306600777785     
   3.8220075244081624        24115.237181839006       -3.3626593311121291        123.76854535898160        119.24017051015709        19.735163381133454     
   3.8220075245175726        31790.073917755322        550.55268782321718        7236.3158433008393        6123.5914720956753        1057.7418296671494     
   3.8220075244874265        41907.479160956689        19116.850020609356        182405.44791318299        144157.29948882814        21548.569962279820     
   3.8220075244763771        55244.816799683642        1217668.8634323482        8719834.9646345321        6284463.5358423926        840597.71539922897     
   3.8220075244782437        72826.852016532735        2543703.7540026265        13194087.964991111        8106590.6612971649        1068528.9236073950     
   3.8220075244769705        96004.488418612586        1142777.5999866624        4719090.0919267768        2399189.9199688975        317282.57042888901     
   3.8220075244767391        126558.56378948897        807314.12904425233        622072.05219135538       -1452884.6342414506        100103.41227075222     
   3.8220075244766929        166836.67953751274        475896.15971423930        801212.47863240878       -583808.80226740951        58086.510270508865     
   3.8220075244766498        219933.57703869959        1710285.0939599643        11561794.674384497        6451420.1125687826        311335.25042554509     
   3.8220075244766454        289928.91996608011        6070272.2001235094        5922365.7110901419       -12266050.800374189        375953.85190306522     
   3.8220075244766463        382200.75244766660        5327139.3088131417       -15223566.121399190       -31180387.895097651        46022.774388206148     
   3.8220075244766454        503838.71739546570        2859585.4789109887       -8477632.9161214903       -17029316.124768987        16326.045814815552     
   3.8220075244766503        664188.78435219091        1606428.6235612680       -3219678.3618599353       -8009088.2945465008        15758.474316198337     
   3.8220075244766374        875571.34064586123        998439.04591028974       -2644402.0149930883       -5606664.0773711326        4564.2563118102407     
   3.8220075244766356        1154227.8198932738        671734.03528249159       -2246271.4230827456       -4224804.5069744410        739.08278344518840     
   3.8220075244766392        1521568.6014035807        487185.11993746081       -667759.68161745125       -2088530.1545924167        2789.1168208602380     
   3.8220075244766409        2005818.0619761196        393644.61813031597       -671623.65350582264       -1807077.7957145055        1436.1810064001115     
   3.8220075244766409        2644183.1765181739        322565.52102474077       -790384.52247113711       -1707239.2160172181        527.95334960711159     
   3.8220075244766409        3485712.2904225690        284230.66947614006       -199539.46625779913       -995258.81764317676        885.62386075728182     
   3.8220075244766409        4595063.7155184411        265205.74016225338       -370933.51388995274       -1102562.6073480141        464.99406429962761     
   3.8220075244766454        6057473.7070782334        257619.91874039391       -182916.02184198098       -883754.59902056458        448.92651972234933     
   4.8116223966190939        7.9853055329623892       -7.8754146963602114        7.8755163179455536        15.750728762912523       -4311.6044087771197     
   4.8116223966119778        10.526682828243867       -7.9607533903468699        7.9608870095731081        15.921367366379297       -3306.0852563327480     
   4.8116223966049354        13.876870572958186       -8.0500705460270510        8.0502460126289233        16.099949085895059       -2536.0174578022657     
   4.8116223965932710        18.293278142832900       -8.1435794937242001        8.1438091310290837        16.286895390723174       -1946.0695303809807     
   4.8116223965900229        24.115237182059829       -8.2415074161551143        8.2418001346076171        16.482648460996330       -1493.9557690803608     
   4.8116223965730951        31.790073917024557       -8.3441003782335930        8.3444460311214925        16.687679917233126       -1147.3539437200377     
   4.8116223965756015        41.907479160345751       -8.4515917777316467        8.4524188455909375        16.902882205442257       -881.48826918421298     
   4.8116223965951672        55.244816799262630       -8.5637015031963291        8.5697259676825226        17.131446530438865       -677.02918576461332     
   4.8116223966097387        72.826852016162732       -8.6775644811044810        8.7081442092065515        17.379093760309559       -518.51404217913182     
   4.8116223966114671        96.004488418191301       -8.7846460591948023        8.8805417341755835        17.641240477936179       -394.14665482815104     
   4.8116223966194696        126.55856378915173       -8.8712931352903190        9.0791239929547878        17.882407129131195       -296.20622638044932     
   4.8116223966363894        166.83667953765692       -8.9257357430320976        9.2660170622386460        18.040799707461066       -220.12863486803562     
   4.8116223966701881        219.93357704043697       -8.9461280770538600        9.3950932817710058        18.066193945031998       -162.54586327896814     
   4.8116223966699270        289.92891996835510       -8.9423598581484516        9.4423810489696223        17.953958344921958       -120.05081867916979     
   4.8116223966616936        382.20075245001141       -8.9312320692910045        9.4163912935782896        17.745730036143353       -89.170358440796491     
   4.8116223966315701        503.83871739540251       -8.9298603719666225        9.3471863616117830        17.505289242967443       -66.804577908231266     
   4.8116223965896481        664.18878434631984       -8.9513088439407085        9.2696183996701151        17.293064227469387       -50.507401783900903     
   4.8116223965508507        875.57134063106434       -9.0032776300560720        9.2120213995315332        17.152197613102100       -38.500105638909581     
   4.8116223965362117        1154.2278198702561       -9.0887933262862699        9.1923387890601891        17.106053675675774       -29.543627074618275     
   4.8116223964607210        1521.5686013493637       -9.2076405690201621        9.2190170235169067        17.161975072296457       -22.786621713528088     
   4.8116223963218472        2005.8180618467538       -9.3577504387815829        9.2937070537194533        17.316761636557096       -17.640920656249730     
   4.8116223962839006        2644.1831763267819       -9.5362325877894740        9.4140122561566901        17.561484098416809       -13.693585256675755     
   4.8116223962575715        3485.7122901511912       -9.7400072339179395        9.5756018563112644        17.884864926443456       -10.648804309462077     
   4.8116223962807227        4595.0637151828032       -9.9660948494030741        9.7735570444817448        18.275208566663018       -8.2904490774424193     
   4.8116223963384765        6057.4737067084761       -10.211618444845747        10.003377736994754        18.721419569460416       -6.4576002905797516     
   4.8116223964082590        7985.3055326125168       -10.473492882261175        10.261292404817942        19.212700328939320       -5.0287443159282539     
   4.8116223964078415        10526.682827797298       -10.747604129336690        10.545646534366785        19.738309361092142       -3.9102087479925407     
   4.8116223964371683        13876.870572474381       -11.026728733190708        10.859649248625857        20.286161000653131       -3.0277778147290966     
   4.8116223964473299        18293.278142278094       -11.295256610311629        11.220795526566208        20.841719542848494       -2.3189061510006272     
   4.8116223964939282        24115.237181578272       -11.435998706104630        13.548179700159103        23.089113325640074       -1.3082759982085257     
   4.8116223964855775        31790.073916446407        11.540899741670582        398.76002137947904        361.96720170946651        67.161503338812167     
   4.8116223967090770        41907.479161508338        1621.3483371544871        20015.177623089981        16758.315341609145        2823.9733454404263     
   4.8116223968279259        55244.816801935143        57681.144721905563        524907.47745871614        409524.33031767636        59872.491621112327     
   4.8116223968271568        72826.852019453567        2825533.1669367887        19206403.865440167        13555292.595558312        1794883.1621477474     
   4.8116223968308436        96004.488422568524        3599267.7586893453        17654248.862836547        10455366.267698998        1393028.5119397386     
   4.8116223968321137        126558.56379474499        1615898.5103952133        7828417.0098772282        4426926.9199490594        476566.68737755943     
   4.8116223968321981        166836.67954444647        1247710.7136549558       -928581.41371038754       -4328718.1568348501        98304.092395043815     
   4.8116223968322887        219933.57704784663        1005350.1426938785        984763.13152478577       -1994397.2925838097        102760.06407034131     
   4.8116223968322567        289928.91997813672        4550963.6669182666        27572647.571724445        13952676.435069498        738499.64095307735     
   4.8116223968322558        382200.75246356009        12898394.985351352       -19025171.042667005       -57684277.271747813        365084.61621637968     
   4.8116223968322487        503838.71741641680        9670078.3134608995       -32488875.852202445       -61459482.117558122        33467.766001149081     
   4.8116223968322487        664188.78437980893        5152039.0899544656       -14790881.313934969       -30203363.143470746        31623.537047074540     
   4.8116223968322496        875571.34068227210        2942357.9715938154       -5531716.8581591761       -14310619.788738986        29605.619737567031     
   4.8116223968322505        1154227.8199412732        1843136.9144125201       -5415745.2949769059       -10891838.388115291        5849.0322435451362     
   4.8116223968322505        1521568.6014668553        1244068.4746071044       -4576101.3381586764       -8249136.5983205643        16.963449146289349     
   4.8116223968322505        2005818.0620595305        912709.83421691926       -1461589.7718674822       -4133881.9062783564        4507.9371098932734     
   4.8116223968322496        2644183.1766281300        738896.83828575711       -1344514.3347286547       -3487760.6564989183        2441.6404743589924     
   4.8116223968322505        3485712.2905675201        604969.52734796982       -366935.34640513110       -2099709.9983817236        2501.9046749372369     
   4.8116223968322602        4595063.7157095326        534763.21771276928       -412267.42015927850       -1924486.2621578944        1567.0589497018941     
   4.8116223968322602        6057473.7073301347        498217.09166752727       -412104.51844292309       -1803312.8200385584        1072.4970016695374     
   6.0574737073096383        7.9853055332892025       -9.6898544227528820        9.6899561844024102        19.379612772610045       -6678.6112168009658     
   6.0574737073084766        10.526682828688237       -9.7873796808709912        9.7875135943538059        19.574625497490548       -5117.1813783093512     
   6.0574737072987217        13.876870573541948       -9.8894200303776394        9.8895960855388747        19.778654839636715       -3922.1955676608836     
   6.0574737072834086        18.293278143600546       -9.9962151535551289        9.9964462795534850        19.992175430611212       -3007.3655781686216     
   6.0574737072774454        24.115237183064323       -10.108019432160889        10.108321085495696        20.215688535158918       -2306.7821713286821     
   6.0574737072721412        31.790073918432750       -10.225104636058553        10.225479293711587        20.449715080604712       -1770.0932178764081     
   6.0574737072754559        41.907479162203195       -10.347769567348523        10.348185805025667        20.694827401851295       -1358.8232635194815     
   6.0574737072675413        55.244816801414416       -10.476258405222527        10.477694820064281        20.952488368162935       -1043.4285592428257     
   6.0574737072887821        72.826852019034149       -10.609764718367162        10.621364326071815        21.228129614373099       -800.65003947758510     
   6.0574737072904696        96.004488421968816       -10.742947137438074        10.798008332161860        21.529456702100191       -611.76101978687268     
   6.0574737072861717        126.55856379383120       -10.861750388945854        11.023763107061393        21.844033822034323       -462.81199412348036     
   6.0574737073003320        166.83667954362897       -10.945739083748505        11.280010387685410        22.111936374961186       -345.20897683445628     
   6.0574737072837861        219.93357704616403       -10.979302891843471        11.506726118461131        22.241474506436070       -254.11602463372330     
   6.0574737072824822        289.92891997585815       -10.962401519178076        11.639461900191215        22.167637298341305       -185.71881733268725     
   6.0574737073011233        382.20075246173258       -10.911385665701275        11.650664778278909        21.895048137671274       -135.80923322799575     
   6.0574737073217433        503.83871741572352       -10.851079808187283        11.558739235449638        21.491192459786856       -99.994457576079071     
   6.0574737073330969        664.18878438013985       -10.805506862943552        11.409322615423285        21.049142206879267       -74.375645003050309     
   6.0574737073327958        875.57134068266430       -10.792321858586376        11.251704370714029        20.652842221131763       -55.918547807874496     
   6.0574737072824041        1154.2278199321879       -10.821503784801637        11.124374350725589        20.360042305580002       -42.450897737906423     
   6.0574737071985769        1521.5686014338214       -10.896609907161496        11.050860867060486        20.200644979654740       -32.483297993092457     
   6.0574737071234193        2005.8180619910963       -11.016865060221694        11.041631127633721        20.182787253014403       -25.008464424223938     
   6.0574737070199802        2644.1831764927629       -11.179089579492778        11.098052109387206        20.300662720712413       -19.341161597665270     
   6.0574737070349194        3485.7122903976665       -11.379100319836249        11.216196395659399        20.541137845776703       -15.007199752299723     
   6.0574737069382101        4595.0637154122496       -11.612553199819692        11.389718245559873        20.888326145786699       -11.671146636839925     
   6.0574737070179729        6057.4737070180026       -11.875315102702114        11.611650407284888        21.326147427426150       -9.0904612623267855     
   6.0574737071059976        7985.3055330207799       -12.163367990254104        11.876068612617752        21.839826431427174       -7.0855541957334722     
   6.0574737070802520        10526.682828291663       -12.472209967520092        12.178662240148885        22.415300639312548       -5.5212155563631296     
   6.0574737070398816        13876.870572949023       -12.795012287509355        12.520295996005261        23.039142802922537       -4.2919817047438160     
   6.0574737071634717        18293.278143238393       -13.117875723996780        12.913701508179098        23.695827127181254       -3.3116558146499493     
   6.0574737072014218        24115.237182761735       -13.408269953333761        13.405046561446531        24.366295474423865       -2.5025535369981053     
   6.0574737070885041        31790.073917469083       -13.228976733037264        22.055470475112301        32.238003807182714       -8.1090803484379581E-002
   6.0574737072696321        41907.479162162992        66.411223068635735        1280.8829670085408        1131.3493387909723        214.38236469111482     
   6.0574737074552329        55244.816803126283        4623.3999588915449        53967.173713630051        44703.035674814186        7347.2991489996257     
   6.0574737074876195        72826.852021424813        191487.32642824959        1665168.2421862306        1282162.1882968275        183375.87663156970     
   6.0574737074884428        96004.488425106581        5979725.7705661729        38562951.828789085        26603439.483296253        3496093.1925626928     
   6.0574737074923979        126558.56379813999        4976257.7563968971        23085549.534853097        13131165.314089060        1776032.1217488004     
   6.0574737074938625        166836.67954895939        2503859.0149497516        14437129.427770687        8727449.8633095790        803452.65053430595     
   6.0574737074944753        219933.57705381396        2007545.7148771812       -2687867.7891096380       -8436819.0356059242        125132.76468450332     
   6.0574737074942568        289928.91998599464        2350426.2027317388        11011663.306623753        4009543.4609130612        412100.35380259558     
   6.0574737074942524        382200.75247391860        11863846.293473624        53164239.471953623        17625702.332880631        1542404.5660965138     
   6.0574737074942551        503838.71743007295        26277539.093353145       -48664966.429939762       -127439479.32439134        591378.89235094562     
   6.0574737074942506        664188.78439781081        17277650.657189298       -59279308.486861750       -111048416.73759891        45936.563092946482     
   6.0574737074942506        875571.34070600301        9251165.6686424036       -44577125.372516423       -72260297.058301464       -70376.138914598734     
   6.0574737074942506        1154227.8199725566        5409804.4598191800       -15555101.082047470       -31706848.915984865        23776.515097814932     
   6.0574737074942506        1521568.6015080947        3413401.8199348985       -7853953.7406216245       -18008161.292007826        19052.512919070716     
   6.0574737074942488        2005818.0621138939        2316253.7018861696       -5738895.6827542260       -12592180.693192635        8469.1437962095333     
   6.0574737074942488        2644183.1766997953        1715910.4878404210       -4136078.5473815943       -9177533.4020357393        4949.6577565326024     
   6.0574737074942480        3485712.2906619925        1389287.8827747530       -2566932.9428833211       -6616194.5428952780        4347.2813218236524     
   6.0574737074942480        4595063.7158340625        1142307.5418108883       -1269196.6358961782       -4563434.5159324110        3778.5519925066051     
   6.0574737074942444        6057473.7074942933        1012982.9639667007       -1365190.8271623291       -4255348.7549213190        2273.8504854902735     
   7.6259075816379687        7.9853055335309220       -11.941479303748972        11.941581142013225        23.882867372075317       -10361.671723856758     
   7.6259075816400932        10.526682829011836       -12.052972613821172        12.053106705492580        24.105817236180179       -7933.4521268568933     
   7.6259075816356132        13.876870573982730       -12.169593356117648        12.169769807449580        24.339008670996410       -6076.3010385938969     
   7.6259075816251833        18.293278144202834       -12.291611182506450        12.291843130237917        24.582976307967876       -4655.4932495036064     
   7.6259075816126671        24.115237183842456       -12.419311970156482        12.419616342908864        24.838285552030236       -3568.1749587693712     
   7.6259075816188204        31.790073919512015       -12.552999117970883        12.553394138066357        25.105531680708900       -2735.8069224439150     
   7.6259075816127062        41.907479163569413       -12.692999160351640        12.693466197192846        25.385322634629762       -2098.4100568524195     
   7.6259075816038049        55.244816803223138       -12.839679419955431        12.840156323844205        25.678382034381070       -1610.1637608947258     
   7.6259075815991846        72.826852021119024       -12.993244645546957        12.995950036141952        25.987288595918741       -1235.7685855229302     
   7.6259075815915747        96.004488424594669       -13.151801665071778        13.174172450413488        26.321173790196596       -947.09911685720397     
   7.6259075816110826        126.55856379770627       -13.305663634901880        13.404132161295458        26.689419899873069       -721.43396625505943     
   7.6259075816220223        166.83667954858660       -13.432043657931160        13.704231694923436        27.064320451472092       -542.42975054295073     
   7.6259075816276818        219.93357705346352       -13.500777763974389        14.036524511159927        27.347103514341299       -400.77667641029251     
   7.6259075816600586        289.92891998677408       -13.491731030187559        14.307908837333102        27.403871699727109       -291.51496354023743     
   7.6259075816777502        382.20075247583310       -13.408696888115687        14.429867684985574        27.153117882825772       -210.28951915074143     
   7.6259075816750332        503.83871743241701       -13.278047407821148        14.373021529259287        26.617577638445884       -151.82059719380612     
   7.6259075816942010        664.18878440257072       -13.136209081282315        14.172047149354912        25.904101244537699       -110.50006484284440     
   7.6259075817152491        875.57134071469420       -13.016799560981442        13.895308852283945        25.147559441184853       -81.396098488797492     
   7.6259075816579180        1154.2278199753359       -12.943645677156598        13.612181920074599        24.464203125111116       -60.729876237249641     
   7.6259075816316528        1521.5686015065178       -12.929656704465442        13.374847648293228        23.931206902954102       -45.841287573394133     
   7.6259075816655839        2005.8180621207403       -12.978937318326736        13.214123025018601        23.586728285877406       -34.937815751955299     
   7.6259075816393320        2644.1831766997170       -13.089806026662320        13.142911454681224        23.439402776571043       -26.828712869332445     
   7.6259075815271986        3485.7122906106347       -13.257465583130628        13.161936089030606        23.479429965005064       -20.718587586330816     
   7.6259075814219930        4595.0637157029651       -13.475904885368340        13.265000461150832        23.687657051514819       -16.066709264446779     
   7.6259075813367119        6057.4737072537355       -13.739016258492176        13.442928636267084        24.041781384821423       -12.496632998683930     
   7.6259075811390664        7985.3055330085381       -14.041047062098105        13.686167338720940        24.519896878186813       -9.7396203738197134     
   7.6259075812339194        10526.682828451199       -14.376244594805387        13.986954545849173        25.102009022030810       -7.5983643924517894     
   7.6259075812392361        13876.870573261487       -14.737481341553153        14.342369693723358        25.770414085580882       -5.9234315587516670     
   7.6259075813059365        18293.278143437070       -15.111887056635657        14.761635676711453        26.508373043183152       -4.5953948337748036     
   7.6259075812596322        24115.237182726130       -15.469487158413605        15.282514941490579        27.293932267994599       -3.5103808891153885     
   7.6259075815203134        31790.073919101447       -15.737485393952984        16.035859007806049        28.113372372647209       -2.5608763692831462     
   7.6259075816036574        41907.479163519783       -14.211009540430961        49.485671262465218        58.024559675640091        5.0070975720303021     
   7.6259075816358051        55244.816803455069        250.81397917600259        4018.9019422689512        3496.8956485803888        654.85730977046660     
   7.6259075816015418        72826.852021141662        12870.886388642279        142433.37910772767        116670.18843001642        18713.573895747963     
   7.6259075815921689        96004.488424602299        667423.76510351012        5543461.8289209362        4208567.1559732910        589693.32380626595     
   7.6259075815934825        126558.56379741432        10918322.590356931        66745102.592252776        44908363.390127033        5875242.0195444552     
   7.6259075815906563        166836.67954790060        6739861.1514984192        29649679.265454795        16158929.881950792        2223620.6561108320     
   7.6259075815936894        219933.57705248339        4375436.0070938207        22510491.833747532        11449505.356951300        1280713.2312909178     
   7.6259075815937223        289928.91998425237        3500103.6049017562       -6638544.9646992506       -16963477.765946425        164207.89340379750     
   7.6259075815937614        382200.75247162406        5808650.0972348116        29149211.219768900        11801224.321012445        1012009.1672607325     
   7.6259075815937685        503838.71742704837        29982773.268671114        116212443.68323581        26349451.435997646        3448598.2048206525     
   7.6259075815937658        664188.78439382382        51480106.421085708       -81522957.085419878       -235869706.19197682        1265263.6320067917     
   7.6259075815937649        875571.34070074710        30885303.214545961       -87405027.150616050       -179958086.28225461        240176.34820663260     
   7.6259075815937098        1154227.8199656196        16827823.880200390       -51118641.957971469       -101488777.07761252        75824.796012285515     
   7.6259075815937107        1521568.6014989498        9901263.9112756569       -29819279.122758567       -59397854.271874502        34871.109060669813     
   7.6259075815937125        2005818.0621018403        6339223.8763516909       -19204813.860631727       -38083778.203157209        16303.412991625162     
   7.6259075815937294        2644183.1766839116        4324243.3711848045       -6949483.3837253843       -19768155.480394740        26019.949579051838     
   7.6259075815936939        3485712.2906410373        3235758.5632543042       -5467226.2517510708       -15002946.965876134        14073.627548863897     
   7.6259075815936948        4595063.7158064386        2620203.0807469063       -2315991.6471074549       -9985074.1480023600        12069.347900418808     
   7.6259075815936948        6057473.7074578833        2169018.2457814468       -4175936.4597877311       -10468641.243728960        4671.5774290831359     
   9.6004488424538241        7.9853055334776721       -14.738663327002978        14.738765195816908        29.477240608983429       -16100.229045710936     
   9.6004488424627716        10.526682828948520       -14.866169811622997        14.866303982933092        29.732217868398436       -12318.847972535787     
   9.6004488424694578        13.876870573917078       -14.999502473852036        14.999679153547808        29.998834397130953       -9428.5295551378313     
   9.6004488424741652        18.293278144150275       -15.138965172931391        15.139197655907791        30.277693485680572       -7218.6865130815995     
   9.6004488424719039        24.115237183807071       -15.284879699001003        15.285185257162331        30.569432502569796       -5528.6270676062577     
   9.6004488424675376        31.790073919425257       -15.437587005659621        15.437987669435296        30.874724766480103       -4235.7068818047373     
   9.6004488424762933        41.907479163526872       -15.597449214906261        15.597963199826168        31.194274476674991       -3246.3021481692390     
   9.6004488424795991        55.244816803250551       -15.764862130573086        15.765415097334369        31.528780591685990       -2488.9431385529956     
   9.6004488424753429        72.826852021167014       -15.940284060114406        15.940799595048983        31.879238594033218       -1909.0316162903891     
   9.6004488424728258        96.004488424728564       -16.123746575629372        16.129177410291355        32.250405144764905       -1464.2656135625919     
   9.6004488424548544        126.55856379732212       -16.311193361866319        16.354196154307029        32.657256634747867       -1120.4419296789970     
   9.6004488424549379        166.83667954784232       -16.485452844949428        16.660284974251617        33.109189480800325       -849.98169016637303     
   9.6004488424640506        219.93357705252785       -16.610105507946333        17.064994776972092        33.550317595479427       -633.99656213079288     
   9.6004488424396524        289.92891998357294       -16.641237463203456        17.497261815998648        33.821176784224903       -462.79642194953971     
   9.6004488424523284        382.20075247123100       -16.553783333059364        17.815356915359953        33.729279279899323       -331.52257334723504     
   9.6004488424405459        503.83871742591151       -16.358804764413705        17.899876566828084        33.176650700262996       -235.12864776886519     
   9.6004488424591141        664.18878439361015       -16.098033334251944        17.723483504228319        32.218661252124704       -166.87853004495341     
   9.6004488424654415        875.57134070104246       -15.824605410673639        17.346862401954500        31.021453952730610       -119.54643912945780     
   9.6004488424774923        1154.2278199674656       -15.585451587653489        16.871319026550015        29.779324366086829       -86.857913362370738     
   9.6004488424504100        1521.5686014970909       -15.412697916094771        16.394118949318806        28.652862568443812       -64.087167486592946     
   9.6004488424821517        2005.8180621060203       -15.323017630948788        15.985909182709367        27.745082700363120       -47.967068765855529     
   9.6004488424208887        2644.1831766725418       -15.321028405514058        15.687030545785358        27.104537014710829       -36.337522175062311     
   9.6004488423934511        3485.7122906161026       -15.403618436540212        15.513304639090872        26.739768033006079       -27.792687295860709     
   9.6004488423312981        4595.0637157438177       -15.563638695366148        15.464247067848817        26.634928692045932       -21.413839938068598     
   9.6004488423609313        6057.4737073940287       -15.792482725889316        15.530348592171844        26.762255958813647       -16.590157469074978     
   9.6004488423905592        7985.3055334250830       -16.081545395250423        15.698524085086571        27.090488503862787       -12.905106560231479     
   9.6004488421089231        10526.682828560573       -16.422699028012914        15.955955921964689        27.589734492931843       -10.066264320407186     
   9.6004488420502199        13876.870573311142       -16.807209384517311        16.294056018653347        28.233370434341388       -7.8602140067139254     
   9.6004488421043792        18293.278143445725       -17.222340129658349        16.716113906827143        28.999044484567555       -6.1228004307912585     
   9.6004488419365845        24115.237182462486       -17.640497036344584        17.255865250338569        29.865737206273593       -4.7144755380597472     
   9.6004488418311738        31790.073917318146       -17.991460748490969        18.013871036440879        30.794905277585350       -3.5003374873733999     
   9.6004488416419331        41907.479159884868       -18.104916802491498        19.416723395415776        31.875623331736815       -2.2928406669140964     
   9.6004488423297083        55244.816802388144       -11.345331645959403        146.65029474741607        145.03225926189776        23.768795903734908     
   9.6004488422551670        72826.852019496946        839.55257114049925        12240.347607316551        10536.374313752662        1928.3678694632611     
   9.6004488420404570        96004.488420405061        35332.713144621594       -276220.28623373545       -346912.72443745192       -17665.493424012857     
   9.6004488420585865        126558.56379209855        2274096.1118858112        18007956.390972652        13459694.800192073        1852044.3562236186     
   9.6004488420589666        166836.67954096149        17942014.248213619        103901292.35672246        68017060.682008490        8887582.1689943038     
   9.6004488420582295        219933.57704323149        8927700.3808991816        38128186.183684729        20205943.781515427        2764909.3265206581     
   9.6004488420587251        289928.91997206968        8190735.6445102505        27491051.032594804        4960182.3895071708        1859427.3530490408     
   9.6004488420587020        382200.75245556131        6609691.4378589923       -11694157.739307880       -31386929.092927687        321742.51936282491     
   9.6004488420587499        503838.71740587556        14959493.380675439        74937576.733500123        30184554.696363125        2487781.1035348861     
   9.6004488420587499        664188.78436591313        73220845.779039368        184590498.96244210       -34934678.234729186        6609657.0160084851     
   9.6004488420587499        875571.34066395345        97767241.834052086       -186097965.52596670       -479249012.77748948        1952087.4398663882     
   9.6004488420587517        1154227.8199171245        55396759.345760167       -193492462.66128135       -359517054.47477168        106114.23132920149     
   9.6004488420587517        1521568.6014350210        30439786.359686006       -76245718.886475205       -167382426.23333010        233471.87637893273     
   9.6004488420587535        2005818.0620175654        18135689.583974577       -42884884.428602725       -97090072.564692438        117277.68066373508     
   9.6004488420587570        2644183.1765728109        11773280.826959508       -31518154.746912703       -66614272.808035947        44092.917637346211     
   9.6004488420587535        3485712.2904945929        8122225.9562894525       -19469266.978188612       -43587357.470939890        29104.385939713582     
   9.6004488420587535        4595063.7156133866        6160038.9257604107       -11785782.871138960       -29988965.793832518        22802.685248859561     
   9.6004488420587535        6057473.7072033910        4960964.3307070434       -13945325.914153146       -28518922.428763911        6747.7066552860306     
   12.086249011892059        7.9853055331453699       -18.217120809170328        18.217222681234507        36.434161118775663       -25052.756341889377     
   12.086249011884840        10.526682828494362       -18.362989247848045        18.363123419838082        36.725863390328456       -19156.527557454581     
   12.086249011882463        13.876870573305986       -18.515480784758701        18.515657544629487        37.030798955999373       -14652.281948894792     
   12.086249011883961        18.293278143338000       -18.674938680602363        18.675171459023197        37.349650324968920       -11210.508955657091     
   12.086249011884844        24.115237182743726       -18.841725783396843        18.842032068638648        37.683136706063792       -8579.8834467757952     
   12.086249011883773        31.790073918035137       -19.016226090798142        19.016628583083307        38.032018007004567       -6568.6769489479429     
   12.086249011862789        41.907479161583346       -19.198846231408641        19.199373184421937        38.397095538318041       -5030.5953300949895     
   12.086249011877539        55.244816800736892       -19.390019226579852        19.390679347787326        38.779197138999741       -3853.9948724222495     
   12.086249011845075        72.826852017690030       -19.590232790796975        19.590820234208397        39.179107908461447       -2953.6901580257818     
   12.086249011821602        96.004488419983730       -19.800064855322205        19.800617962633684        39.598391893522624       -2264.5702826187280     
   12.086249011819881        126.55856379128610       -20.019048653714247        20.030376457449595        40.045961066471300       -1735.7232649177590     
   12.086249011816673        166.83667953983959       -20.238955415944012        20.321057123144634        40.545539989787329       -1325.3041014312678     
   12.086249011808102        219.93357704161343       -20.429936995913831        20.738099629740905        41.102064829792980       -999.88769291028711     
   12.086249011804114        289.92891996982610       -20.534540272438427        21.291084740204823        41.609555084830319       -738.07747824016167     
   12.086249011781133        382.20075245187786       -20.489724966180233        21.853919350646091        41.815164415261535       -530.40924899781658     
   12.086249011808212        503.83871740214619       -20.265783416604773        22.214439960060055        41.446556676587342       -372.44399028275302     
   12.086249011796079        664.18878436032992       -19.886704463730101        22.214730270870593        40.392955335294829       -258.19903353754967     
   12.086249011769057        875.57134065463606       -19.417534694453195        21.836888103282931        38.765641772379041       -178.93187730909710     
   12.086249011792146        1154.2278199070463       -18.935401109002477        21.182297960396777        36.819275707570547       -125.24903925245889     
   12.086249011799895        1521.5686014227108       -18.505696454660079        20.399758312195051        34.832395732734980       -89.121534131611881     
   12.086249011800108        2005.8180620013716       -18.171715117359703        19.625218657210166        33.026429355099424       -64.613179580540191     
   12.086249011837243        2644.1831765595857       -17.954959881590298        18.954258837314036        31.538793166698532       -47.698404694117471     
   12.086249011825585        3485.7122904737971       -17.860434563082890        18.439694165828111        30.431094359795317       -35.770688058145012     
   12.086249011847217        4595.0637155941959       -17.882805584607187        18.100813642178693        29.710713766424433       -27.173276742637604     
   12.086249011817383        6057.4737071631380       -18.011500097592840        17.935068422954373        29.352724626234540       -20.851996713632243     
   12.086249011810807        7985.3055330917214       -18.234193272121058        17.928204624272635        29.317053554295562       -16.125688355042271     
   12.086249011781241        10526.682828404175       -18.538643665498757        18.061850941145547        29.559819409876003       -12.542532401666005     
   12.086249011665846        13876.870573057327       -18.912955127864326        18.320074793296218        30.040533689281325       -9.7916654724974066     
   12.086249011461369        18293.278142698447       -19.342521594368637        18.696743541307058        30.723522420307013       -7.6465770567419904     
   12.086249011235877        24115.237181448949       -19.801266347556886        19.215904694259816        31.581032808944101       -5.9243225916265025     
   12.086249011073233        31790.073915903296       -20.224036398881374        19.977928615274795        32.584514679867212       -4.4484887549802750     
   12.086249010867391        41907.479158132061       -20.438601032884652        21.235832108109264        33.645506340569071       -3.0220210374095040     
   12.086249011216589        55244.816797715917       -20.037433657929267        24.592341771895157        35.558626007322616       -1.1834234931523646     
   12.086249011057330        72826.852012943564        3.5503275095815798        489.66821149907247        452.82474308740717        87.409660977714253     
   12.086249011019373        96004.488413611572        2648.9625556956989        36146.594811450268        30818.289956013719        5493.5687226293421     
   12.086249011120371        126558.56378396161        97585.042243188713        974494.98769547092        779289.35147221119        119321.35630809223     
   12.086249011140030        166836.67953049965        7092380.9223896600        53446590.488517597        39261728.285904661        5319362.3250697264     
   12.086249011138507        219933.57702942926        27325794.751618221        149809297.32141906        95157001.695852175        12463219.945748579     
   12.086249011137477        289928.91995383514        11586095.222124407        51667866.419310920        28101375.147594959        3529506.8348197825     
   12.086249011136921        382200.75243150687        15594579.112373296        18231013.199752796       -26980889.028892327        2368738.1915719076     
   12.086249011136847        503838.71737416001        13186428.085606379        1024886.1444473881       -38348665.350015394        1199103.4638286708     
   12.086249011136939        664188.78432410874        39767921.575194083        282037616.21892065        162935768.84391531        7825150.1314482270     
   12.086249011136955        875571.34060884605        171388513.71737620        195738598.71213552       -318205828.75026298        11513893.384880349     
   12.086249011136957        1154227.8198444790        181722881.69887063       -480212307.97517717       -1025138315.6555028        2059092.6165822982     
   12.086249011136953        1521568.6013392548        99412689.429144055       -288289287.89829195       -586260445.94805622        650286.89591582026     
   12.086249011136942        2005818.0618913185        54968992.243957706       -142969255.60053405       -307581870.44025999        370997.29033726489     
   12.086249011136942        2644183.1764063840        33308137.480954994       -66342477.558378503       -165941402.34344697        262658.14113620459     
   12.086249011136944        3485712.2902752021        21864169.351574581       -61253564.688628897       -126485214.64005868        68936.332028284029     
   12.086249011136944        4595063.7153241728        15270589.032996837       -41499240.715284497       -86909878.195577681        39539.266074304876     
   12.086249011137072        6057473.7068221970        11921665.027886178       -51759162.584473044       -87077102.851884216       -15457.044502462988     
   15.215686013392469        7.9853055326464935       -22.546875142447476        22.546977010014302        45.093675723672320       -39035.846246830479     
   15.215686013397564        10.526682827846527       -22.713805590900851        22.713939705788530        45.427503100211247       -29830.823871949458     
   15.215686013383010        13.876870572441430       -22.888266472423300        22.888443186198405        45.776378810662010       -22802.671444380441     
   15.215686013385202        18.293278142198659       -23.070647310524063        23.070880166774156        46.141077875283948       -17435.294553180567     
   15.215686013399802        24.115237181263161       -23.261358379689913        23.261665051455086        46.522414404571400       -13335.220360573754     
   15.215686013396777        31.790073916079859       -23.460832983643392        23.461236473385149        46.921247218833834       -10202.410244019453     
   15.215686013411320        41.907479159118616       -23.669529336149310        23.670059450999453        47.338481781182026       -7808.0287055725685     
   15.215686013395288        55.244816797362120       -23.887932447399677        23.888624168887720        47.775070852434325       -5977.5126598350616     
   15.215686013388753        72.826852013405528       -24.116562380342721        24.117387977215515        48.231972776862108       -4577.6883361639184     
   15.215686013359424        96.004488414337061       -24.356037125276504        24.356506156869294        48.710047564680920       -3506.9995894674221     
   15.215686013337379        126.55856378367703       -24.607077367287786        24.607830959954100        49.212144280279723       -2687.6914259001364     
   15.215686013320804        166.83667952967139       -24.867979455999414        24.891946828025528        49.754800726770050       -2058.1298628008008     
   15.215686013315816        219.93357702829306       -25.122690704347669        25.278030877495596        50.374040240329222       -1566.8188198159512     
   15.215686013249872        289.92891995110551       -25.320204912983815        25.859529495886662        51.060416986248114       -1173.4029577214558     
   15.215686013222665        382.20075242724261       -25.370975479792975        26.623684725180368        51.621353647998561       -854.36581934367314     
   15.215686013229785        503.83871736877751       -25.185831304462901        27.355160406385675        51.662364990717549       -601.47499004111512     
   15.215686013200308        664.18878431572136       -24.732142220682949        27.741243050451956        50.804557310554635       -411.13542298962653     
   15.215686013233563        875.57134059970167       -24.055962279470144        27.577771354006469        48.934863311505048       -276.02697256085236     
   15.215686013296079        1154.2278198371664       -23.257452618611023        26.869386238814915        46.257148228391657       -184.61124638435240     
   15.215686013397313        1521.5686013397390       -22.448101461881549        25.780082577784281        43.157203780241446       -124.57237111933684     
   15.215686013447172        2005.8180618985302       -21.718905144936382        24.527048396996136        40.032949608903820       -85.573961162674053     
   15.215686013552558        2644.1831764342046       -21.128205236813713        23.299670648793935        37.189118795693354       -60.126451056547872     
   15.215686013683973        3485.7122903419804       -20.703692811756223        22.227325776599546        34.809062625862069       -43.251726337613896     
   15.215686013645167        4595.0637154004844       -20.450470066092269        21.379217761822396        32.970731952440516       -31.800330224360895     
   15.215686013761175        6057.4737069689118       -20.359783500089229        20.778723931120567        31.678518129963130       -23.824846229644479     
   15.215686013674205        7985.3055327943839       -20.416052816498794        20.419965374600654        30.893932163811186       -18.126560646977349     
   15.215686013564081        10526.682827961771       -20.601539240823655        20.282096735980300        30.559310405272420       -13.959385623541950     
   15.215686013643099        13876.870572678685       -20.898469029879120        20.339706418973925        30.612583017809627       -10.847365250979340     
   15.215686013680829        18293.278142554147       -21.288243715526615        20.577209836527125        31.000270796696206       -8.4687248255889962     
   15.215686013498495        24115.237181419656       -21.743270999831282        21.000711447552980        31.673275860987758       -6.5871167396749950     
   15.215686013259676        31790.073915793517       -22.203798656010299        21.695091618449236        32.598026980727923       -4.9850970244514334     
   15.215686012954928        41907.479157861722       -22.507232046302782        22.935379538854239        33.727054631644265       -3.4047267162510018     
   15.215686012797551        55244.816795192004       -22.223947097121997        25.333454400470735        34.818411482922535       -1.5172287932408635     
   15.215686012430439        72826.852008818925       -20.369433510316263        35.452331394106878        40.480850507679804        2.1966607336754396     
   15.215686012524772        96004.488409070953        70.828132068521654        1687.3264081441953        1509.2489324279431        304.29307274509830     
   15.215686012507391        126558.56377677371        8032.2769620922818        103571.20564175624        87469.472815535424        15176.647606034176     
   15.215686012053503        166836.67951577596        281921.71299882629        2682349.4427695917        2118455.2591723241        317073.09141823975     
   15.215686012050115        219933.57700999832        19295952.767577823        138176849.32207564        99584796.584357843        13320401.006279530     
   15.215686012051616        289928.91992827348        39391934.436532266        204334600.33404633        125547261.07088876        16547933.471433520     
   15.215686012049808        382200.75239778211        15314898.640306715        89879905.994696885        57085296.194777012        5374155.2934595989     
   15.215686012049270        503838.71732968756        29918357.353713367       -12290779.126585972       -101170007.89639041        2971183.0311464798     
   15.215686012049231        664188.78426547581        27629509.846244611        48562516.204706185       -34029153.305391081        3464629.3408691213     
   15.215686012049257        875571.34053155291        106942151.93812850        730149815.87357891        409648313.96145940        19607717.638293736     
   15.215686012049364        1154227.8197425948        381948613.94245863        374382167.61877656       -771107742.70011020        23691011.870186254     
   15.215686012049366        1521568.6012049459        334956331.02758467       -959776886.86154795       -1964255154.7666631        2878695.4862188650     
   15.215686012049570        2005818.0617142941        179147175.84634626       -534072107.76879793       -1071083650.7468876        1009022.4416952794     
   15.215686012049570        2644183.1761730197        99945904.473038420       -202244991.23412806       -501608299.41006500        976571.74295680132     
   15.215686012049559        3485712.2899675653        61434151.634851240       -165866419.64190027       -349644083.75122905        273049.32757313713     
   15.215686012049559        4595063.7149186283        40649711.625300996       -140655143.93299431       -262022210.69971436        34011.272382976196     
   15.215686012049567        6057473.7062875237        28811000.793586656       -40955401.568193592       -126741103.51059413        165287.89023727478     
   19.155413778465647        7.9853055319481445       -27.941010796159762        27.941112670945827        55.881953598008614       -60900.453520975541     
   19.155413778468773        10.526682826924114       -28.132113423822773        28.132247445857299        56.264126022679193       -46513.525039067303     
   19.155413778478270        13.876870571245608       -28.331775198265237        28.331951763422730        56.663405157359250       -35534.374261974212     
   19.155413778474678        18.293278140616195       -28.540441970516895        28.540674711276306        57.080677736139855       -27153.943731074007     
   19.155413778468677        24.115237179146376       -28.758580024305793        28.758886768732125        57.516870759032678       -20755.640319089176     
   19.155413778460719        31.790073913282509       -28.986679810997359        28.987083812751639        57.972957183137552       -15869.473752534474     
   19.155413778447617        41.907479155362267       -29.225258797155909        29.225790308692460        58.449960967111323       -12137.138251573422     
   19.155413778458538        55.244816792499989       -29.474863749019409        29.475561817132249        58.948961263191840       -9285.4232798915928     
   19.155413778454161        72.826852007010643       -29.736073438517248        29.736977660771451        59.471087050167370       -7105.9671601835953     
   19.155413778432575        96.004488405983807       -30.009518382947139        30.010495049648256        60.017418107153432       -5439.8722909573953     
   19.155413778429828        126.55856377283050       -30.296014873933007        30.296012109794194        60.588893901474989       -4166.0399522602365     
   19.155413778428574        166.83667951554369       -30.596397737428152        30.598113899358847        61.191280704180471       -3191.3939556682517     
   19.155413778435829        219.93357700982455       -30.906145791139849        30.956696455064815        61.854467103753649       -2440.7721933695479     
   19.155413778417959        289.92891992774526       -31.194894351951650        31.485853838643294        62.630513430856041       -1850.4526348061427     
   19.155413778402412        382.20075239682109       -31.376760147903028        32.314305994629336        63.475465886237707       -1372.0571954898658     
   19.155413778381476        503.83871732788776       -31.313757793881731        33.379885056041445        64.050351875494144       -980.95345300835629     
   19.155413778371489        664.18878426275865       -30.881768372037090        34.325445168048304        63.748800295073437       -671.71987010915905     
   19.155413778294623        875.57134052445610       -30.049655069985899        34.696821967082769        62.053253150059760       -442.13486496059301     
   19.155413778266638        1154.2278197315450       -28.900067642874880        34.237242834128928        58.871007720117440       -282.88625183986602     
   19.155413778193736        1521.5686011845885       -27.585717270359289        32.996086595630814        54.555534880297998       -178.50302599888659     
   19.155413778271086        2005.8180616955294       -26.267223349665077        31.232743811971794        49.686035156771119       -112.70372336626944     
   19.155413778298662        2644.1831761520898       -25.071108961220034        29.261811045087178        44.828621951414291       -72.107675767388599     
   19.155413778363389        3485.7122899517535       -24.076020180575881        27.347279640116479        40.402952808536895       -47.213255206618882     
   19.155413778507722        4595.0637149324066       -23.317561063561989        25.664212203394829        36.653588378364582       -31.842682378291684     
   19.155413778524863        6057.4737063111043       -22.800369609405788        24.303428178894421        33.678851345811914       -22.185428084961622     
   19.155413778584439        7985.3055319977020       -22.510448422137912        23.293089147246729        31.477112942669464       -15.960720365063398     
   19.155413778672571        10526.682827036157       -22.424830737022159        22.622196614245915        29.989695702508040       -11.822412643147567     
   19.155413778481861        13876.870571248268       -22.517681935560809        22.261253450753117        29.133846466697271       -8.9738936665252726     
   19.155413778475193        18293.278140616756       -22.762296675792154        22.175128298592064        28.819772334541895       -6.9368412301679632     
   19.155413778515541        24115.237179205458       -23.126440653087151        22.364164511402009        28.982695866785935       -5.3823786115138290     
   19.155413778494786        31790.073913339154       -23.551606084396919        22.871965880635504        29.549553724134388       -4.0654919932398688     
   19.155413778352131        41907.479155153495       -23.890805659090628        23.951956774650181        30.481729766081649       -2.6839936602306551     
   19.155413777899071        55244.816790886616       -23.728189326509451        26.325790833736072        31.673588092435793      -0.78415229339748349     
   19.155413777644483        72826.852003932509       -21.996641744304071        31.418971265834152        32.425657318720098        2.2377355608721454     
   19.155413778138012        96004.488404507720       -16.287782281212088        66.823827937725852        55.546019997485210        12.127862816140542     
   19.155413778489176        126558.56377322286        316.72819263491726        5707.1816930367559        5029.0917941827620        1005.0102201317231     
   19.155413778372353        166836.67951505433        23591.977276283716        288421.49409820879        241191.88712849136        40751.105110338511     
   19.155413778434948        219933.57700981476        884668.83115036460        8041368.9509183690        6271954.4359837659        917452.60505361820     
   19.155413778430887        289928.91992794129        44780398.953044854        304388655.21362197        214827616.22622404        28445902.649094127     
   19.155413778434049        382200.75239745277        54303548.587972157        266528438.32380795        157902200.89834103        21026412.014246445     
   19.155413778437694        503838.71732936695        24251287.946385160        226546878.12099004        167340169.57746089        11580364.778218092     
   19.155413778436913        664188.78426502773        57622819.430991843       -105549810.00774091       -277876297.30559307        3133571.8755269516     
   19.155413778436849        875571.34053095791        61580705.603952363        62418487.837268218       -121845794.63845535        6375697.4469705597     
   19.155413778436834        1154227.8197418014        285589399.90667778        1740764916.1666412        884519657.52609253        46540738.076963522     
   19.155413778436834        1521568.6012039001        812127412.48658574       -1199272291.2393384       -3635081574.8437228        22989019.460251335     
   19.155413778436834        2005818.0617128881        608266669.11711729       -2048679725.0719523       -3872850518.0893435        2072973.1475673094     
   19.155413778436831        2644183.1761711664        323008359.50248712       -931906233.05455232       -1900238596.5561862        1962854.1705668997     
   19.155413778436827        3485712.2899651229        183372616.80217186       -347575329.58488953       -896928583.21591461        1840693.8647751217     
   19.155413778436831        4595063.7149154115        113773293.42316760       -340127175.13076854       -680600889.68069530        346033.70526256622     
   19.155413778436824        6057473.7062832760        75698117.627550066       -287002204.45550323       -513157635.63752282       -18387.063898459426     
   24.115237179120804        7.9853055319409485       -34.666661057356926        34.666762969241518        69.333260770596155       -95124.275197218682     
   24.115237179129711        10.526682826916801       -34.885533163802087        34.885667079080754        69.770973566522585       -72614.525662534943     
   24.115237179176386        13.876870571255942       -35.114120386723400        35.114296725482575        70.228104937816795       -55444.481843060588     
   24.115237179182433        18.293278140637842       -35.352941041297505        35.353173499745289        70.705687201458574       -42344.787044870805     
   24.115237179186813        24.115237179186842       -35.602530336459623        35.602836866350870        71.204784691219189       -32348.372896591525     
   24.115237179214418        31.790073913385449       -35.863446666674001        35.863850734032717        71.726507683405416       -24718.372534089038     
   24.115237179200079        41.907479155501711       -36.136276445073719        36.136808643986839        72.272016736454162       -18893.234593960628     
   24.115237179194299        55.244816792639078       -36.421637700034857        36.422337812402347        72.842535502499857       -14444.945490816566     
   24.115237179195656        72.826852007214740       -36.720182882406135        36.721101751205126        73.439347832111082       -11047.213911667397     
   24.115237179209867        96.004488406417607       -37.032603574450164        37.033774960276894        74.063784488576317       -8451.2607314686629     
   24.115237179222699        126.55856377348788       -37.359678876112653        37.360695045252925        74.716990253233973       -6467.4576489036608     
   24.115237179221101        166.83667951641013       -37.702543200329941        37.701374577963300        75.400122599513409       -4951.3604187768433     
   24.115237179230142        219.93357701096591       -38.061931965660833        38.067078677335132        76.125309547860013       -3791.1131884918032     
   24.115237179217775        289.92891992937166       -38.427297574325408        38.532516509695647        76.944705311639524       -2894.2804607619546     
   24.115237179249348        382.20075239977569       -38.742625145124990        39.282041480531376        77.929173006407382       -2181.6095424854284     
   24.115237179185939        503.83871733100847       -38.865159946761395        40.484797475803305        78.961422575255170       -1595.8022279027618     
   24.115237179143772        664.18878426605761       -38.584615095125891        41.980538279774223        79.459628150146401       -1113.1380266230508     
   24.115237179091487        875.57134053041989       -37.731355321590449        43.190751888196324        78.504793137740222       -733.38734037757774     
   24.115237179023371        1154.2278197378328       -36.284964773982338        43.465311589265198        75.404589694710978       -456.30966683703400     
   24.115237179018269        1521.5686011983464       -34.387518149870537        42.492604028413282        70.130057540095464       -269.54098372240702     
   24.115237178963277        2005.8180617009932       -32.269966527795006        40.403176796508042        63.272028324399365       -152.03727565756571     
   24.115237178920882        2644.1831761508370       -30.163104504602327        37.600011198153432        55.693330586534813       -82.108922267084537     
   24.115237178812436        3485.7122899226488       -28.242800661800612        34.537136447007853        48.197857604271221       -42.326793866287552     
   24.115237178933182        4595.0637148824244       -26.615148727973217        31.581877088861315        41.363125757806017       -20.576231886220782     
   24.115237178957955        6057.4737062460144       -25.325837022921725        28.971567326689264        35.515735004889265       -9.1582096917097200     
   24.115237179059903        7985.3055319208215       -24.378010969218327        26.825670571250843        30.779242269997859       -3.4567542455329923     
   24.115237179155191        10526.682826927972       -23.749626571931366        25.177924027534296        27.141067765980537      -0.81430332865445632     
   24.115237179071400        13876.870571195590       -23.406668319956044        24.009881141199600        24.512561938456429       0.25452953446735249     
   24.115237179053473        18293.278140540086       -23.310681482924636        23.281994317564010        22.775305504699190       0.56909270734328088     
   24.115237179098393        24115.237179098513       -23.419570853666979        22.951595762087415        21.800932852642170       0.57754147835868963     
   24.115237178854365        31790.073912910921       -23.669602451161300        23.065671557227997        21.508280915271900       0.61531798228621781     
   24.115237178686730        41907.479154609748       -23.926090879114913        23.790148063344649        21.794626848401371       0.96514503888310843     
   24.115237178080161        55244.816790086908       -23.814340159516703        25.823222679930005        22.611763612802804        2.1506619972432528     
   24.115237177775228        72826.852002925312       -22.264163082471267        31.004871513932645        23.665938087786202        5.1024055213459709     
   24.115237177574357        96004.488399906797       -16.687149182591369        42.506304058005277        22.967889394885123        10.944834618602798     
   24.115237176525508        126558.56375933310      -0.88444188853474270        175.13471471945826        123.00148859075298        42.228748823184617     
   24.115237176224795        166836.67949568111        1161.7099457483716        18715.340687696615        16337.183361126619        3185.4449280343788     
   24.115237176159880        219933.57698296517        67449.941172304971        782740.13378197397        647783.80373171787        106666.96061199515     
   24.115237176156988        289928.91989257332        3002456.3210994708        26100324.199479293        20095290.274184439        2874499.3274209225     
   24.115237176158477        382200.75235078909        94720844.581918478        610846032.49122560        421403820.17866856        55379013.615977198     
   24.115237176159830        503838.71726778464        71477798.397592932        333047385.34372127        189977337.36407214        25583814.342023529     
   24.115237176161585        664188.78418392199        55255347.330604695        579315080.18601346        424517105.26907855        28146650.493794005     
   24.115237176161894        875571.34042405384        110099534.25349827       -200920142.09173340       -530514804.33877212        5746864.6046710126     
   24.115237176161923        1154227.8196008767        145965623.70366916        696276645.97109592        259148805.95389625        25895275.894376256     
   24.115237176161894        1521568.6010181231        746051880.47637975        3356121267.9979959        1118807161.2621145        97233892.402311176     
   24.115237176161898        2005818.0614679868        1655253254.1416695       -3068728214.9558344       -8033565623.5618935        37242315.126551017     
   24.115237176162026        2644183.1758483378        1087127513.0549114       -3738294714.9780159       -6998663962.3668642        2838843.0078678951     
   24.115237176162047        3485712.2895395565        580384310.97296154       -2810479851.6318831       -4550516775.4768419       -4490407.4653631113     
   24.115237176162040        4595063.7143544015        337664002.90568715       -979124803.40376306       -1990884462.3473341        1458153.0148571641     
   24.115237176162040        6057473.7055437258        211305834.33086619       -493003751.14604497       -1125556845.4042370        1166665.5780416597     
   30.359284892517831        7.9853055309622665       -43.058796206063221        43.058898200005586        86.117538248243449       -148744.86215844867     
   30.359284892528180        10.526682825626347       -43.309628072976210        43.309761887793869        86.619171672421416       -113491.56508710192     
   30.359284892533928        13.876870569530563       -43.571453969707015        43.571630028736266        87.142781807419709       -86612.366658173254     
   30.359284892548391        18.293278138367473       -43.844889624786660        43.845121661709442        87.689595758388862       -66114.258622790498     
   30.359284892566631        24.115237176204019       -44.130560253589096        44.130866311041785        88.260859662689953       -50479.302312259271     
   30.359284892581670        31.790073909432689       -44.429108858226968        44.429512573767987        88.857849235781259       -38551.253832786970     
   30.359284892605878        41.907479150349289       -44.741204456676172        44.741736714673877        89.481894035320948       -29449.275660138475     
   30.359284892601568        55.244816785852258       -45.067548375432054        45.068249424194839        90.134382794605585       -22502.235157678038     
   30.359284892601721        72.826851998264232       -45.408878843531291        45.409800981452129        90.816773571215805       -17198.700631599208     
   30.359284892585297        96.004488394510048       -45.765974534918833        45.767182963854893        91.530595634675763       -13148.874444258803     
   30.359284892598616        126.55856375777881       -46.139664581564055        46.141152980042584        92.277394854062521       -10055.637105693428     
   30.359284892558819        166.83667949549394       -46.530945983553217        46.531651083023995        93.058240344827908       -7692.6641079209712     
   30.359284892559810        219.93357698331769       -46.941468303288239        46.937983748221868        93.875114786229659       -5887.5528645213735     
   30.359284892539645        289.92891989288034       -47.371148464284943        47.386407855339456        94.753194071046067       -4505.0820859619625     
   30.359284892559813        382.20075235142428       -47.797176338227239        48.012375793022883        95.780248933061074       -3430.5206228247080     
   30.359284892567644        503.83871726872366       -48.118297043276918        49.108512123678629        97.044930729450101       -2564.8445418800902     
   30.359284892495094        664.18878418352426       -48.099943439112877        50.881951749621123        98.284250104068164       -1841.5497208735092     
   30.359284892482258        875.57134042314817       -47.425162155327357        52.989930166758683        98.520283587846720       -1241.4937132782579     
   30.359284892491779        1154.2278196000432       -45.867078308473424        54.513870794568781        96.379202948439158       -773.11282537272518     
   30.359284892423236        1521.5686010135912       -43.433512915448098        54.536632355825617        90.957831778252313       -438.75717059172678     
   30.359284892302991        2005.8180614540679       -40.361493502088621        52.698581691659605        82.368764925932055       -221.31088325716811     
   30.359284892229567        2644.1831758235799       -36.997983779346818        49.269922424857498        71.574149822465145       -91.785146048426810     
   30.359284892187834        3485.7122895021234       -33.673961917796277        44.868290277354077        59.851433746218525       -21.074456075422205     
   30.359284892204517        4595.0637143075810       -30.633931650873745        40.146662487194916        48.340285195255710        13.662035155757870     
   30.359284892469692        6057.4737055349115       -28.021159822532070        35.616139172640018        37.835846912173089        27.956755911164706     
   30.359284892446670        7985.3055309435895       -25.894113180812141        31.599154231607301        28.774835334432449        31.446516893613069     
   30.359284892392058        10526.682825579199       -24.252626604884860        28.253338405450883        21.311764752448248        29.728515503685141     
   30.359284892462032        13876.870569497765       -23.062242736981815        25.618981278773330        15.415156282129375        25.877170226391815     
   30.359284892586526        18293.278138390531       -22.272057600809134        23.667738962215815        10.952053172787924        21.490690206861185     
   30.359284892812777        24115.237176399638       -21.822738231266737        22.351817302832998        7.7534333330729854        17.364960504908709     
   30.359284893047768        31790.073909920877       -21.641698008555956        21.651654714743554        5.6525810911591954        13.892327114448491     
   30.359284892852404        41907.479150689738       -21.592581957817295        21.692324835339790        4.5009753385075690        11.388253303231430     
   30.359284892696355        55244.816786024923       -21.343853269891824        23.043293615789683        4.2060326435200324        10.339816665881688     
   30.359284892811093        72826.851998766710       -19.929719957193186        27.538500669433535        4.6742910626823608        11.832289080210701     
   30.359284892789994        96004.488395157634       -14.607557267661553        39.757576968825113        5.0097994357497182        17.937256387979936     
   30.359284892561387        126558.56375762394       0.58877152391171317        66.282142297662318      -0.10533781935310638        30.511231750583640     
   30.359284892157461        166836.67949328871        44.017407229667583        571.72989937611806        417.39716693581693        137.56525288819580     
   30.359284892145222        219933.57698031471        3944.8455077554663        59332.188091563636        51375.320939735255        9732.6492550215207     
   30.359284891454699        289928.91988251969        188792.24924805918        2080690.6036698001        1703035.2497162481        273575.78655938932     
   30.359284891455875        382200.75233752711        10544370.068388930        87570262.200202107        66481323.320196293        9315604.1012395769     
   30.359284891459808        503838.71725033870        172365131.89524305        1053678414.7693723        708946450.53601015        92750462.667947426     
   30.359284891462046        664188.78416092438        88554493.424053863        398089932.80468035        220289503.29672283        29628348.632490057     
   30.359284891464164        875571.34039378690        151722277.61583546        1045435877.9752905        596237369.93386292        55661991.781013668     
   30.359284891464331        1154227.8195609821        210899155.90768653       -430485714.43146986       -1062055541.9886775        9318278.9533680324     
   30.359284891464309        1521568.6009655325        362814924.44325453        1841690347.8218832        754483103.56528616        63696049.145362705     
   30.359284891464295        2005818.0613986575        1887751038.1459343        7335215808.7723989        1673316916.6002996        217460721.60219344     
   30.359284891464288        2644183.1757569294        3243751547.0128589       -5140820637.0490789       -14870590425.973738        79723247.772262335     
   30.359284891464398        3485712.2894190666        1943868844.7808001       -5511707279.4595585       -11341681933.715776        15062438.149216700     
   30.359284891464608        4595063.7141955979        1056406431.0910901       -3221917233.0075755       -6389338460.6786375        4707274.4421140421     
   30.359284891464608        6057473.7053343812        618808750.22037733       -1877713037.2187586       -3732152935.3963780        2135452.8074085992     
   38.220075233765478        7.9853055306856477       -53.537529600029856        53.537631730294784        107.07501253507581       -232830.03602536488     
   38.220075233775056        10.526682825260744       -53.825242074732884        53.825375811799944        107.65040818275685       -177568.49293291880     
   38.220075233786176        13.876870569050014       -54.125341599911494        54.125517348247030        108.25056757961659       -135450.17081640544     
   38.220075233802383        18.293278137733026       -54.438565875989916        54.438797379415924        108.87696073726333       -103343.75284012365     
   38.220075233815137        24.115237175361212       -54.765662337754307        54.765967695528381        109.53107828083469       -78864.962392286354     
   38.220075233841534        31.790073908327862       -55.107386224933052        55.107789203279992        110.21442174523079       -60198.154095549624     
   38.220075233859006        41.907479148878586       -55.464510784747738        55.465042505090807        110.92852917315713       -45960.567453298201     
   38.220075233893049        55.244816783970542       -55.837838033673158        55.838539140333985        111.67499083957472       -35098.988983133560     
   38.220075233901248        72.826851995798904       -56.228207009543489        56.229130446865341        112.45546506222328       -26811.105368916327     
   38.220075233914770        96.004488391346015       -56.636499691808524        56.637714165042134        113.27169153047220       -20485.643455263289     
   38.220075233909370        126.55856375353441       -57.063645787096938        57.065231740425645        114.12548950466751       -15656.808538643285     
   38.220075233900197        166.83667949007739       -57.510646998781972        57.512460274874435        115.01860244507873       -11969.663980299229     
   38.220075233897049        219.93357697615195       -57.978853347914281        57.978368891374508        115.95173470560319       -9154.0927030496259     
   38.220075233878781        289.92891988348811       -58.470705522491187        58.463435310368055        116.92964279335612       -7004.0163507920179     
   38.220075233873409        382.20075233873530       -58.983398590479283        59.024959432216320        118.00245793739722       -5354.6636124908773     
   38.220075233859802        503.83871725168700       -59.470119152334334        59.902288289386618        119.31330131971589       -4062.1774720817316     
   38.220075233866822        664.18878416277482       -59.750811803966485        61.551940593544010        120.95724782777231       -3002.4029992111541     
   38.220075233841321        875.57134039558093       -59.444136000901850        64.198001458978624        122.39453352518680       -2100.7206117636842     
   38.220075233759410        1154.2278195608669       -58.077738757651332        67.172787089806747        122.01118803648654       -1348.7724715441009     
   38.220075233711277        1521.5686009634655       -55.356275262053167        69.042981198878422        117.78134274715248       -768.58690034493247     
   38.220075233672233        2005.8180613938850       -51.347241992705570        68.534353823165191        108.56370261122829       -365.55115576455910     
   38.220075233668332        2644.1831757503687       -46.437489907364977        65.263509531900581        94.746322326639927       -115.09581441515780     
   38.220075233698559        3485.7122894131621       -41.145453376780402        59.732679585993573        77.865853817739151        23.147118089222204     
   38.220075233707838        4595.0637141888974       -35.945136028171127        52.878518035849794        59.804279874230915        88.503732198116410     
   38.220075233645368        6057.4737053156450       -31.176668650252907        45.637773870188134        42.175702844975447        111.09149781907863     
   38.220075233716258        7985.3055306754086       -27.033749144161966        38.722123703494162        26.076030935616693        110.94109852786735     
   38.220075233690487        10526.682825237505       -23.590884843647576        32.570732442194206        12.090034786715497        100.16975297011226     
   38.220075233771993        13876.870569044930       -20.841431907546422        27.392529428582279       0.40972305360963190        85.569048921442572     
   38.220075233842493        18293.278137752306       -18.731582244553731        23.235808794907630       -9.0280051862962729        70.659593509315769     
   38.220075233939035        24115.237175439495       -17.183764165679069        20.061591455471724       -16.421052947093376        57.098514270048177     
   38.220075234286533        31790.073908698123       -16.101425627524367        17.824808057155835       -22.011132198386374        45.588854680408787     
   38.220075234492199        41907.479149573031       -15.346926476947473        16.577921127224631       -26.023889666121029        36.425620502771331     
   38.220075234717044        55244.816785161776       -14.605902275288214        16.741870668982450       -28.668550278224828        30.023274837542782     
   38.220075234718166        72826.851997355756       -13.040566720766511        19.894082523175715       -30.042125612001129        27.408914360410485     
   38.220075234367535        96004.488392483618       -8.1595655248744201        30.792559649085440       -30.363854032427046        31.132380955010248     
   38.220075234182801        126558.56375444017        6.9868846929651633        60.550098876454626       -32.406050066133332        45.902936914936802     
   38.220075234424101        166836.67949236475        44.788881013517688        121.29627954714928       -48.742011750853528        73.441908715376599     
   38.220075233892757        219933.57697612778        172.12657455299174        2027.7025063698388        1601.8778880031332        449.52429922033951     
   38.220075233433612        289928.91988011176        12788.971211233409        181877.38012612477        156216.93501944578        28735.620566661517     
   38.220075233401857        382200.75233402051        523167.06454761792       -36642439.944245234       -37688865.875938706       -3516846.8149086386     
   38.220075233644934        503838.71724885551        35996270.086688153        285034742.50698274        213041857.77791870        29314883.734969828     
   38.220075233647954        664188.78415897267        280292433.42093152        1623121098.2559230        1062528762.6245024        138840990.46033382     
   38.220075233649595        875571.34039119049        101190456.46159306        499439729.87985730        292846771.13654065        34412502.975417644     
   38.220075233648679        1154227.8195575252        390589102.79516470        1383365719.6490550        214192362.01574218        93918400.546140432     
   38.220075233648913        1521568.6009609860        410254737.23692334       -736868923.57947946       -1965815947.8539095        19844730.635581754     
   38.220075233648956        2005818.0613926675        937949936.31683266        4732259620.5964470        1920401046.9524202        156726496.58859855     
   38.220075233648963        2644183.1757490346        4613429878.9024353        11651220798.755709       -2186889538.6916580        416839521.71736038     
   38.220075233648963        3485712.2894086456        6161573469.2672415       -11737279929.950798       -30219609989.727718        122999939.34008165     
   38.220075233648991        4595063.7141818320        3487467689.5338511       -12203443032.262394       -22663217859.514755        6554267.7760704160     
   38.220075233648998        6057473.7053162353        1911987580.7043629       -4805231743.0331764       -10538297373.405802        14612593.420885116     
   48.116223952295051        7.9853055306562375       -66.629900352915925        66.630002672975010        133.25976182955173       -364796.20031396986     
   48.116223952275497        10.526682825215056       -66.960263906305215        66.960397597737895        133.92046243470719       -278097.89901723084     
   48.116223952266807        13.876870568983243       -67.304564243428530        67.304739667871644        134.60902387651169       -212043.15655610725     
   48.116223952301674        18.293278137650503       -67.663630991269642        67.663861873912879        135.32710373997517       -161708.91659681406     
   48.116223952322294        24.115237175254723       -68.038361695622839        68.038666156624771        136.07649120919569       -123347.70685464372     
   48.116223952329690        31.790073908170402       -68.429665312826970        68.430067202318000        136.85899837309347       -94106.526992086656     
   48.116223952324468        41.907479148647312       -68.838455625323377        68.838986245775786        137.67644217584893       -71813.141200152400     
   48.116223952352819        55.244816783649000       -69.265663556597914        69.266363878854591        138.53066964239463       -54813.489355579281     
   48.116223952368323        72.826851995382881       -69.712251220530234        69.713174728147564        139.42358892379940       -41847.944181612824     
   48.116223952416313        96.004488390859379       -70.179222868207276        70.180439199226740        140.35718442793544       -31957.127408414508     
   48.116223952430929        126.55856375294923       -70.667632563023858        70.669231810463359        141.33352797531933       -24410.238173833539     
   48.116223952464154        166.83667948946120       -71.178591433253857        71.180662975995077        142.35477694980000       -18650.520404779192     
   48.116223952464203        219.93357697535799       -71.713330040014426        71.715333406684110        143.42276133449360       -14253.896073007321     
   48.116223952504861        289.92891988282503       -72.273819545710737        72.270216787497958        144.53739084479227       -10898.022415213758     
   48.116223952484440        382.20075233775265       -72.863545764152903        72.851621187432059        145.71127794412507       -8335.8163461320655     
   48.116223952510360        503.83871725084248       -73.472582772694736        73.576895278011719        147.03928431359441       -6364.5634642590776     
   48.116223952583617        664.18878416255075       -74.008436215658065        74.861563824492023        148.74911399630389       -4801.7539720410978     
   48.116223952531413        875.57134039491973       -74.155222235597449        77.403902621978020        150.90607424897050       -3491.6145762776450     
   48.116223952492525        1154.2278195615363       -73.299289911097318        81.384720958327023        152.46218467107610       -2355.1890029011070     
   48.116223952467791        1521.5686009654821       -70.744995698718057        85.576817049001804        150.79695481172769       -1404.9547161648020     
   48.116223952491339        2005.8180613995737       -66.121376548702983        87.778581702524590        142.96453353270005       -683.32945146811903     
   48.116223952374554        2644.1831757517198       -59.609997561193701        86.248666316640907        127.58416158157880       -198.70464906247082     
   48.116223952427482        3485.7122894160211       -51.831758825589347        80.635548979207627        105.54332075662532        85.198203246742366     
   48.116223952426139        4595.0637141914222       -43.557914395216343        71.817580407560285        79.259794149719752        225.10660500392723     
   48.116223952417258        6057.4737053277577       -35.466744094337457        61.203450753864132        51.495450069158117        274.50077824444315     
   48.116223952438105        7985.3055306800243       -28.031862391943925        50.134832612291710        24.535457618525328        273.33971660587395     
   48.116223952414536        10526.682825245533       -21.515474339077521        39.604025958313315      -0.10758386815986043        247.61087398803409     
   48.116223952405946        13876.870569023442       -16.011902763974611        30.211253531507367       -21.649313666291917        212.62234686858415     
   48.116223952426381        18293.278137698006       -11.502524366710496        22.234855852407495       -39.853515489043822        176.61495724186969     
   48.116223952436236        24115.237175311937       -7.9028585984154400        15.734166337913383       -54.835005750002502        143.56300420466667     
   48.116223952762347        31790.073908456394       -5.0912199051350724        10.666485514719692       -66.885180642043309        115.09171912324688     
   48.116223952829380        41907.479149087245       -2.8993031089451384        7.0205103868832595       -76.357070194573367        91.714323065354094     
   48.116223953104225        55244.816784511939       -1.0402351244690071        5.1038894864896314       -83.521120986968526        73.674993004842037     
   48.116223953275444        72826.851996756130        1.2437008629852491        6.1178249012766930       -88.694114880993169        61.781218351828997     
   48.116223953101553        96004.488392226936        6.0890258786727438        14.276417185389047       -91.934164433050796        58.574065240773081     
   48.116223952894352        126558.56375416853        19.886602157220590        41.680472554355077       -93.915317891187840        70.248463089404581     
   48.116223952450731        166836.67948941514        59.917553532639509        114.43088837138706       -103.07436874309809        107.27972455533350     
   48.116223951983102        219933.57697315954        146.35481933996098        250.50118992332577       -141.58052795800413        164.76247084246751     
   48.116223938149908        289928.91979632853        389.30023445464701        7079.2179531872598        6200.2577189832000        1372.0070623731669     
   48.116223937529170        382200.75221895950        39986.342460034364        539721.35182950529        459647.24442703096        82140.441663276055     
   48.116223937830824        503838.71709712991        1471274.3988401664        14661680.819400119        11719006.632831570        1796028.9207162156     
   48.116223937855921        664188.78395925323        112316595.57628001        846380424.70910656        621746560.53845155        84237782.692333117     
   48.116223937860248        875571.34012795018        416221467.85724449        2281883943.0789022        1449403163.7565494        189839738.43121201     
   48.116223937861164        1154227.8192105566        112590813.80740926        856949727.70052838        606896077.51966763        49888616.409726255     
   48.116223937862038        1521568.6005036107        887433652.84826517        912288790.69429350       -1747346781.5939708        133331850.57255739     
   48.116223937862330        2005818.0607897392        823208025.10486090        70463815.717841029       -2396233536.3676977        75202572.240634114     
   48.116223937862323        2644183.1749542188        2499642721.0780950        17801825224.023029        10306100835.254066        493361681.37636530     
   48.116223937862344        3485712.2883608770        10803432956.922234        12357254596.079475       -20049536958.083408        726167440.60655713     
   48.116223937862337        4595063.7128006006        11454470499.149424       -30291784188.059265       -64651347321.431320        129660784.95200616     
   48.116223937862337        6057473.7034954149        6259901695.2634287       -18181618356.386211       -36957090214.127495        40813159.763789177     
   60.574737034951241        7.9853055282606844       -82.997449124478734        82.997551669390376        165.99486842204368       -572066.15982350043     
   60.574737034935396        10.526682822058627       -83.377038880710273        83.377172555854273        166.75402215810016       -435940.79461598920     
   60.574737034948754        13.876870564827826       -83.772490534231238        83.772665630852998        167.54488821189975       -332262.88789265690     
   60.574737034940171        18.293278132156747       -84.184544393132924        84.184774586745860        168.36894355590510       -253286.42758475285     
   60.574737034930415        24.115237167998320       -84.614193610859360        84.614497005013476        169.22817200491403       -193117.50448896826     
   60.574737034947461        31.790073898608661       -85.062530962528825        85.062931444554692        170.12474930061282       -147270.31168143320     
   60.574737034987045        41.907479136074414       -85.530663951710679        85.531192946555151        171.06088116728648       -112330.25097519533     
   60.574737035031561        55.244816767082746       -86.019700210017334        86.020398941823004        172.03877216612892       -85697.891922039940     
   60.574737035034566        72.826851973524455       -86.530761953026058        86.531684353655208        173.06064648245098       -65394.194687908101     
   60.574737035043150        96.004488361962217       -87.065004375602882        87.066220816214923        174.12879059196823       -49912.301967056992     
   60.574737035057012        126.55856371484585       -87.623630173725502        87.625232236689556        175.24558090218548       -38104.742766653151     
   60.574737035071109        166.83667943915481       -88.207899741591149        88.210004982931395        176.41349038732375       -29097.597695593849     
   60.574737035059215        219.93357690899785       -88.819144094987536        88.821820880792728        177.63504929682205       -22225.218932120730     
   60.574737035109479        289.92891979534090       -89.458926348552254        89.460593855019397        178.91186051550912       -16980.887356515657     
   60.574737035114119        382.20075222261761       -90.130354373293812        90.119862034203990        180.24271592496575       -12979.960641500191     
   60.574737035111163        503.83871709876888       -90.837815781039637        90.823716174138795        181.65945261788954       -9924.6162451238743     
   60.574737035105244        664.18878396100263       -91.554954433555537        91.800212908661891        183.33336481112957       -7562.7304705029501     
   60.574737035094195        875.57134013001792       -92.103986590829251        93.762417473105074        185.61933314692098       -5659.5022828926303     
   60.574737035035561        1154.2278192121428       -91.937183538573450        97.752141882692968        188.46249666583421       -4020.3599730042720     
   60.574737034926450        1521.5686005029334       -90.076940232994303        103.77085655508586        189.90714647801937       -2570.6309644973144     
   60.574737034911522        2005.8180607883403       -85.511735125022227        109.65293408145922        185.76206765471375       -1359.3757721656893     
   60.574737034849036        2644.1831749496473       -77.798957880402625        112.06557140999310        171.80636398952549       -458.52010584254731     
   60.574737034777478        3485.7122883507309       -67.325939301224651        108.67295515532707        146.47570666221506        121.62242057025560     
   60.574737034731797        4595.0637127837608       -55.076272964413462        99.265188953091609        111.52385734458767        435.68954356659475     
   60.574737034729601        6057.4737034729951       -42.193302347569180        85.312441276086432        70.703764696544738        563.92890118455784     
   60.574737034761824        7985.3055282357591       -29.647288587958307        68.940474236228837        28.077346776683783        579.72230782528322     
   60.574737034530393        10526.682821988301       -18.098530860586997        52.048506161496931       -13.140485465499680        536.20682331804892     
   60.574737034502313        13876.870564725623       -7.9023465425245032        36.029812964016422       -50.851294544302341        467.37519241533198     
   60.574737034388718        18293.278131990301       0.82313010982914758        21.707964622521843       -84.001379067064434        392.65803834443022     
   60.574737034267685        24115.237167734595        8.1181022250194204        9.4564048498285977       -112.30448034683604        322.04648217653255     
   60.574737034121426        31790.073898175295        14.116869290489973      -0.64670609764690035       -135.95840207889097        259.93766047622682     
   60.574737034669347        41907.479135854803        19.018704147330848       -8.6162214614369130       -155.38431318586223        207.79507346941884     
   60.574737034577609        55244.816766668955        23.139518517191796       -14.368439583411082       -171.13806406537839        165.80424638992164     
   60.574737034813545        72826.851973258978        27.127473837058140       -16.764204459238744       -183.38371127319758        134.54384111747189     
   60.574737035222782        96004.488362247241        32.846416416788593       -12.658239415987214       -192.70832021622994        115.96080555387800     
   60.574737035766177        126558.56371632790        45.742731151167746        8.9512167167207508       -199.00301347465557        116.61610205616836     
   60.574737036133385        166836.67944208102        82.056333824061198        78.267911080714271       -204.53517973125321        151.50707820497752     
   60.574737035710477        219933.57691136302        183.44154530814498        253.61400481552639       -234.23850415246383        242.46266742840538     
   60.574737036029362        289928.91979974438        361.02014456044026        554.62672469066467       -290.18343491524934        351.68273249506149     
   60.574737035544381        382200.75222533318        1490.3839787655691        25196.684635011181        22092.466883895821        4676.6436591959700     
   60.574737035310143        503838.71710042475        121102.09134601243        1552941.7212924599        1310612.6562156857        227736.43102850183     
   60.574737035293296        664188.78396306548        4354683.4906717865        41391916.589008197        32682321.841956589        4893879.9238714036     
   60.574737035299258        875571.34013298270        305725909.22930354        2189272238.2980700        1577818785.5917323        211048714.84332973     
   60.574737035300423        1154227.8192171911        568350134.42876387        2949039194.1651421        1812128272.8299203        238808956.48356089     
   60.574737035298732        1521568.6005122864        191578573.97310114        2842062965.4013548        2322323644.5271401        139571900.45664215     
   60.574737035300288        2005818.0608012150        1836699114.0903842       -865581677.46758091       -6371429644.1385765        180407290.04683444     
   60.574737035300302        2644183.1749693481        1729276424.8128924        3073661516.6845822       -2109455968.3618093        217917127.37832761     
   60.574737035300316        3485712.2883808208        6732235856.5819168        46079707333.845634        25888154265.684605        1236591498.6937551     
   60.574737035300309        4595063.7128268918        24082506293.545883        23633131744.823570       -48608741996.326408        1494324764.4266374     
   60.574737035300615        6057473.7035301048        21115849730.347202       -60545678473.697052       -123887030936.46567        181234577.90037477     
   76.259075766466594        7.9853055283043624       -103.47115556991915        103.47125832512323        206.94228900879182       -897844.43883740064     
   76.259075766467106        10.526682822119030       -103.90710200958613        103.90723567372065        207.81415715740431       -683953.63111899677     
   76.259075766458167        13.876870564902765       -104.36157744519652        104.36175220459053        208.72307658602637       -521100.60567478015     
   76.259075766461336        18.293278132258887       -104.83499185022947        104.83522129528704        209.66984978854538       -397087.76963048201     
   76.259075766466182        24.115237168138385       -105.32817844468602        105.32848062200357        210.65615976284408       -302638.33573543542     
   76.259075766454544        31.790073898779511       -105.84232145868484        105.84272024382389        211.68435049920129       -230694.64640602277     
   76.259075766439423        41.907479136263937       -106.37875194466069        106.37927882390063        212.75708276178216       -175886.07184419135     
   76.259075766476855        55.244816767319108       -106.93882201720430        106.93951839123798        213.87704336416442       -134125.02387902036     
   76.259075766512680        72.826851973866638       -107.52387702636827        107.52479717945555        215.04691353550061       -102300.20644652654     
   76.259075766522230        96.004488362411720       -108.13527190024693        108.13648681688451        216.26937627089075       -78043.229820031891     
   76.259075766545408        126.55856371544790       -108.77439516632660        108.77599742586058        217.54716916080497       -59551.069108730298     
   76.259075766562049        166.83667943994607       -109.44268834732139        109.44479836259681        218.88314091176858       -45450.962857729399     
   76.259075766608063        219.93357691021683       -110.14165981781095        110.14442897872468        220.28024958461864       -34697.594775739286     
   76.259075766631398        289.92891979679592       -110.87291244175124        110.87628819084031        221.74139510102515       -26494.951120869053     
   76.259075766691538        382.20075222480784       -111.63855355350260        111.63840197491990        223.26717965544620       -20237.628293221296     
   76.259075766731328        503.83871710194364       -112.44374527264127        112.41987704599558        224.85625807266240       -15466.466598198575     
   76.259075766729936        664.18878396524053       -113.29228183379504        113.28837388471523        226.58177960992060       -11819.630930122034     
   76.259075766694352        875.57134013535574       -114.12273094896609        114.67135567097024        228.74297885573674       -8979.5696366070060     
   76.259075766751224        1154.2278192211577       -114.60012806235447        117.78067285759364        231.87972561302988       -6639.4575778580038     
   76.259075766780967        1521.5686005181512       -113.78490813392015        124.12119788777460        235.61625372772494       -4559.3236016004757     
   76.259075766726781        2005.8180608074704       -110.13525728470772        133.23984186257530        236.41321375818868       -2685.6926293188276     
   76.259075766738746        2644.1831749780081       -102.20084124834887        141.43110587296934        227.66123715409566       -1128.2402876738752     
   76.259075766769485        3485.7122883936408       -89.495485188360348        143.71933677690498        203.40870081521808      -0.24418654937630890     
   76.259075766605292        4595.0637128338985       -72.763915453473899        137.03938079903236        162.07588601958335        689.17282934814148     
   76.259075766433668        6057.4737035256785       -53.548114441804508        121.52338835325287        106.87440223864003        1023.3257190147897     
   76.259075766470914        7985.3055283048616       -33.538355263199797        99.588802537244078        43.597147055158636        1116.6312379023416     
   76.259075766400628        10526.682822109913       -14.122663303133985        74.365119750342686       -21.856095114743141        1069.7823990084898     
   76.259075766142573        13876.870564845411        3.7771024959777915        48.599967483451650       -84.900569914846798        954.43418541721644     
   76.259075765902779        18293.278132124993        19.679158971370260        24.235084792877803       -142.63851403696600        815.14269024625264     
   76.259075765758510        24115.237167914718        33.438154634821430        2.4055669956347501       -193.65269450535635        676.68438228821776     
   76.259075765155544        31790.073898238141        45.132836864614553       -16.382504384875009       -237.60424110772172        551.14881648984783     
   76.259075764952684        41907.479135447094        54.981186968997378       -32.010225559833316       -274.82100189718710        443.26813072340275     
   76.259075765048664        55244.816766284704        63.329068868200459       -44.363638842084583       -305.89239749925883        354.20105677678066     
   76.259075764941699        72826.851972366640        70.807841546808888       -53.204525975271181       -331.85484160833408        283.55286388127064     
   76.259075764875632        96004.488360339106        78.975690925255805       -54.753808278133846       -352.05674005416097        233.81656886437668     
   76.259075764492394        126558.56371204117        92.434614453045015       -41.287204348751850       -367.98599392207302        209.68643343712787     
   76.259075764410440        166836.67943523938        124.98920519199309        15.422815110492579       -379.02615348857739        228.00324076808130     
   76.259075764353568        219933.57690371538        217.39511400915643        189.28347471625779       -392.76893058982927        324.38751755663066     
   76.259075764394453        289928.91978829203        464.68048089049665        599.36043476630607       -480.06177363969522        537.84431106593092     
   76.259075765001867        382200.75221634033        779.73286982759839        1303.3720877699780       -407.66570274564504        725.83461657356588     
   76.259075764962915        503838.71709026088        5338.1335099679718        86334.491291532642        75506.447845532908        15364.344073975615     
   76.259075763744036        664188.78393923561        356303.03314212157        4341419.8090390572        3628659.4412562279        613728.52747363318     
   76.259075763395359        875571.34009747964        13888137.741340127        126198333.91120845        98421644.455380410        14399205.824943194     
   76.259075763395742        1154227.8191703716        709590579.70444334        4823355534.4092913        3404169165.0783496        450755591.44143575     
   76.259075763396439        1521568.6004506228        702232559.81063962        3458622106.9406366        2052959523.0186479        272549101.22840708     
   76.259075763394890        2005818.0607198346        695732903.87736881        11447111161.592503        9380270521.9575996        533056670.73470569     
   76.259075763395558        2644183.1748620900        3608420433.5772285       -6662254073.2286644       -17480641697.622093        195421430.79139248     
   76.259075763395629        3485712.2882394288        3862902378.1652989        3953726383.8779550       -7627397656.0204315        401224147.27930403     
   76.259075763395629        4595063.7126405025        17994759302.994713        109851492787.73929        55875507819.763252        2935642758.1879330     
   76.259075763395657        6057473.7032843679        51214698430.613831       -75650946527.173218       -229285956714.97845        1449775445.2966199     
   96.004488358499998        7.9853055279848428       -129.09521277473078        129.09531562106557        258.19041994271970       -1410237.2714096643     
   96.004488358507899        10.526682821698616       -129.59516710122995        129.59530069797373        259.19029830757944       -1073916.5660796266     
   96.004488358518188        13.876870564351664       -130.11712354214944        130.11729792359193        260.23417997263562       -817929.37150836177     
   96.004488358522806        18.293278131532517       -130.66131479353390        130.66154342130585        261.32251502679935       -623057.09157680487     
   96.004488358540996        24.115237167183878       -131.22812725391759        131.22842807194291        262.45607498430684       -474686.67665252578     
   96.004488358550788        31.790073897529318       -131.81848152567972        131.81887834515481        263.63669623136025       -361705.80242013501     
   96.004488358547704        41.907479134622832       -132.43378246433568        132.43430676875823        264.86716968421439       -275661.85346270172     
   96.004488358549608        55.244816765129684       -133.07565148585448        133.07634477228484        266.15074390132020       -210123.59390726592     
   96.004488358552280        72.826851970948226       -133.74574274325241        133.74665954760246        267.49068293304651       -160196.82481077843     
   96.004488358605386        96.004488358605585       -134.44569406723758        134.44690586150784        268.89026993645268       -122156.85957869382     
   96.004488358596774        126.55856371038062       -135.17714437133318        135.17874457086231        270.35273109513946       -93168.748183355739     
   96.004488358647663        166.83667943331812       -135.94176491065508        135.94387529227890        271.88136964102694       -71074.634778073028     
   96.004488358708940        219.93357690148716       -136.74128538774693        136.74406418765918        273.47959814442879       -54231.856757491456     
   96.004488358690764        289.92891978514439       -137.57751332759125        137.58114882863330        275.15093887395523       -41389.791598464275     
   96.004488358760682        382.20075220942505       -138.45240187353753        138.45642635230510        276.89855384518506       -31596.368226422230     
   96.004488358746769        503.83871708132932       -139.36905519741967        139.36346550555970        278.72045327885957       -24128.521910493084     
   96.004488358833768        664.18878393867953       -140.33611774303381        140.28941490009362        280.62049987262162       -18437.232038083530     
   96.004488358926352        875.57134010159439       -141.35193723475641        141.39476767148034        282.75169796865151       -14078.456886022148     
   96.004488358886519        1154.2278191753119       -142.28370914631813        143.46552150782182        285.62841038972766       -10645.776267085634     
   96.004488358812253        1521.5686004559445       -142.50973552049697        148.53715793583939        290.04130327137659       -7732.1439795714678     
   96.004488358802064        2005.8180607266777       -140.43494416653635        158.69176877464827        294.88015459408740       -5048.9161791604110     
   96.004488358840817        2644.1831748721556       -133.65241568154931        172.50047070927363        293.89879588546421       -2594.4475633363913     
   96.004488358653390        3485.7122882458898       -120.11549141910450        183.77815945451417        276.81471457829844       -574.87101671221671     
   96.004488358610118        4595.0637126469474       -99.369689014832062        185.19686100149346        235.38639621274581        840.39645736859381     
   96.004488358470340        6057.4737032840421       -72.764154984953265        172.84271900261228        168.39309531223512        1650.2159253592122     
   96.004488358537216        7985.3055279879864       -42.695972094792658        147.53913073298952        81.446498039127647        1982.4897693230851     
   96.004488358260971        10526.682821671602       -11.658667303809260        113.16487217408994       -16.594338908750252        2001.0261760754029     
   96.004488358170562        13876.870564301495        18.361315551286133        74.355320307904066       -117.12894457764912        1845.1358418457089     
   96.004488357910930        18293.278131416027        46.075095889556081        35.044528312792139       -213.65462232431420        1611.6465163979888     
   96.004488357963083        24115.237167038835        70.829568487803343       -2.0394825803307555       -302.14777417644029        1359.4356851336470     
   96.004488357944339        31790.073897328661        92.451255635400599       -35.324323732066524       -380.70137701411795        1120.2323831385809     
   96.004488357951615        41907.479134362824        111.08798331810576       -64.113616606254269       -448.92898136490646        908.61704690951103     
   96.004488357613951        55244.816764591516        127.10453160917308       -88.185388093091746       -507.35429748906404        729.50248793237677     
   96.004488357460446        72826.851970120275        141.14422898537316       -107.01754282234776       -556.75966971657738        583.68702786186498     
   96.004488357795708        96004.488357796261        154.51674377609291       -119.56852551804396       -598.74145954598578        470.33489097724259     
   96.004488357650928        126558.56370913421        171.14195042092345       -116.30949114395361       -631.62825428602935        396.78311825720112     
   96.004488357478209        166836.67943128638        202.30040104473650       -76.910539946128353       -657.66506668631428        375.80588395378919     
   96.004488357837801        219933.57689949218        282.67206909986658        69.124841669240482       -675.71972947670588        448.99083705400022     
   96.004488358055283        289928.91978322610        512.92265953787648        498.52827064098631       -710.36842598029955        698.64705709741133     
   96.004488358284632        382200.75220753090        1087.7177223224455        1409.7028837053747       -952.10365048449216        1166.3715681211884     
   96.004488359260947        503838.71708402887        1552.8473324084341        3384.6180387456779        92.133901491008373        1510.8563516565732     
   96.004488358338264        664188.78393525281        18381.467931244046        284884.16575609823        247934.79281359178        48687.993461895763     
   96.004488357624666        875571.34008972452        1021806.5469422352        11829454.585201586        9785649.3977171127        1612733.6798289914     
   96.004488357585217        1154227.8191596686        47426119.220072955        412236102.99825931        317382996.43590796        45401674.949071974     
   96.004488357585629        1521568.6004365052        1498020618.6234310        9660643064.2105389        6664581333.3135557        875830821.62136722     
   96.004488357585274        2005818.0607012573        746725873.40784359        3581346885.1389246        2080686152.9959283        272417332.73049486     
   96.004488357588158        2644183.1748376573        2805060440.7216945        34420667443.600868        26016221024.104275        1628847481.1983678     
   96.004488357587974        3485712.2882072101        6913482987.1833534       -12655178994.983463       -33384526068.312672        360622875.36926961     
   96.004488357587974        4595063.7125980295        9173472452.9259567        43956805629.066093        16448589316.397903        1632258896.2884140     
   96.004488357587974        6057473.7032283749        47032923104.723137        211783663135.36151        70698238234.538025        6133691561.1267738     
   120.86249003969665        7.9853055279110805       -161.18150022979032        161.18160284587202        322.36299681351670       -2216651.4006974315     
   120.86249003971739        10.526682821602316       -161.75415730546200        161.75429065116305        323.50829003925037       -1687475.3204685834     
   120.86249003973616        13.876870564225387       -162.35264970640299        162.35282359236314        324.70524506650236       -1284816.3513413414     
   120.86249003973843        18.293278131365515       -162.97763284365013        162.97786054466096        325.95516725039090       -978383.82749221532     
   120.86249003974031        24.115237166959528       -163.62932030862299        163.62961961043692        327.25848451572978       -745146.79860334448     
   120.86249003974116        31.790073897230553       -164.30803999942671        164.30843458962553        328.61583121891192       -567595.26413445210     
   120.86249003971230        41.907479134220324       -165.01478421989847        165.01530551045556        330.02920262700513       -432416.05235544295     
   120.86249003969320        55.244816764589245       -165.75120861874746        165.75189811891488        331.50187501494463       -329483.96584641823     
   120.86249003966573        72.826851970217206       -166.51928759611383        166.52019998803343        333.03780658537028       -251096.31407561159     
   120.86249003964623        96.004488357573322       -167.32104903444028        167.32225614506021        334.64103000777084       -191392.10613038199     
   120.86249003963655        126.55856370902107       -168.15849194161245        168.16008785654239        336.31548614041412       -145911.34951740300     
   120.86249003958692        166.83667943136888       -169.03360303499090        169.03571066524924        338.06512713041991       -111260.01875814146     
   120.86249003962200        219.93357689884107       -169.94839729039546        169.95117678424103        339.89392194713093       -84855.033324257587     
   120.86249003959725        289.92891978165170       -170.90495327611885        170.90861230018845        341.80595880051305       -64730.339122236604     
   120.86249003961848        382.20075220460956       -171.90544183568360        171.91019273377609        343.80542353699661       -49389.361703660987     
   120.86249003963309        503.83871707511514       -172.95230362601589        172.95645654392254        345.89531294049584       -37693.277456157266     
   120.86249003969384        664.18878393021964       -174.05060249455497        174.03163769367663        348.06824536507611       -28778.985971062080     
   120.86249003980997        875.57134009043909       -175.21420280020610        175.13406071119101        350.34960676190758       -21987.406107563271     
   120.86249003992620        1154.2278191621951       -176.42399402782647        176.60473506026182        353.03486378500986       -16767.396016139490     
   120.86249004007664        1521.5686004417241       -177.40589392196719        179.87919151497806        357.00582864246348       -12587.536402851110     
   120.86249003997004        2005.8180607063755       -177.02021615515096        188.32262634741915        363.34714892069519       -8901.5257791706990     
   120.86249003994318        2644.1831748437367       -172.58668600049825        204.64607850926916        369.40618121556565       -5377.4188571155910     
   120.86249003994521        3485.7122882152903       -160.38713409525189        225.50095918389837        364.39345479664627       -2118.1051958186194     
   120.86249003983190        4595.0637126043721       -137.58686198963289        240.77589315979384        332.52299494660451        521.46858036334470     
   120.86249003969039        6057.4737032296453       -103.92531836633668        239.82553059621964        262.62241331526377        2298.2725173630215     
   120.86249003979545        7985.3055279176569       -61.753762307873870        217.82997120402612        154.56754422757234        3232.3278373496382     
   120.86249003973789        10526.682821604169       -14.773026296898173        176.89340884803161        17.856414325780527        3520.5231204745364     
   120.86249003969940        13876.870564221248        33.344239698063319        123.14735127495274       -134.04337035151721        3398.3300783006362     
   120.86249003973705        18293.278131365409        79.753390580966752        63.439075755592526       -288.60610802144799        3059.4608483957763     
   120.86249003944573        24115.237166900883        122.65000780331897        3.4076524487244626       -436.59677252434210        2635.5179006313174     
   120.86249003911867        31790.073897066981        161.15014850327307       -53.100598350491282       -572.41647971635575        2204.7597888223386     
   120.86249003879580        41907.479133902736        195.05795607861495       -103.89491354765921       -693.50092728079426        1807.9748534445050     
   120.86249003880758        55244.816764184696        224.64660685959720       -147.99318996048822       -799.43563842617630        1462.6669348376995     
   120.86249003875008        72826.851969665790        250.55208010070950       -184.89636861175629       -891.01796476285494        1173.7473556180973     
   120.86249003861835        96004.488356757240        274.05792918126451       -212.97462720128087       -969.21246182141863        941.94940656837127     
   120.86249003836016        126558.56370768503        298.12648395611808       -227.07512741824144       -1034.8197136208853        768.75492067599293     
   120.86249003889147        166836.67943040951        332.24888743059984       -209.13957602263412       -1088.7914386174725        668.20502821004345     
   120.86249003884197        219933.57689742238        404.36254660300625       -101.61555389645974       -1129.4716587316266        679.60565465383297     
   120.86249003896624        289928.91978013888        600.40863440501437        266.67904256467477       -1157.5672008182996        900.93325969373063     
   120.86249003876226        382200.75220190303        1163.8212862776095        1306.1058998494850       -1249.5210392850213        1515.3713462068656     
   120.86249003804321        503838.71706848865        2404.7527918134101        3165.2554178188884       -1875.7247764603608        2434.8998321452013     
   120.86249003816461        664188.78392181743        3012.3817609855610        10069.853502537917        3815.5105531960803        3414.6804897909237     
   120.86249003730555        875571.34007229784        61197.835661391771        906605.83567540417        783981.50811338937        148974.20898172117     
   120.86249003715626        1154227.8191357446        2873628.6108522019        31610524.254880946        25863024.400876071        4157776.1748818997     
   120.86249003714973        1521568.6004048788        166762577.54018289        1384899784.1289222        1051372479.0373843        147325343.32839888     
   120.86249003714896        2005818.0606595592        2690565179.2685704        16447241594.107384        11066019553.064659        1447791351.5317156     
   120.86249003714904        2644183.1747826105        632355359.86806452        3460439426.7774448        2152116305.8716998        241414086.59434056     
   120.86249003714715        3485712.2881345968        9212218700.3360443        65021502044.866165        37400628697.993431        3444158905.0197930     
   120.86249003714730        4595063.7125023119        13253578294.322182       -27125259419.690517       -66868086393.392113        584958141.43907642     
   120.86249003714734        6057473.7031021966        22833600833.194035        116242511350.54291        47761336758.117401        4016454047.8122978     
   152.15686004050136        7.9853055277435585       -201.37796266730928        201.37806434869515        402.75593457018209       -3486537.1620341642     
   152.15686004056062        10.526682821383776       -202.03368221067893        202.03381487937051        404.06735020491953       -2653419.6813319079     
   152.15686004056573        13.876870563935602       -202.71907039132333        202.71924350890566        405.43808951064898       -2019651.8588573397     
   152.15686004058733        18.293278130985758       -203.43555636323399        203.43578293196327        406.87103444179047       -1537476.4573911671     
   152.15686004061016        24.115237166462158       -204.18395879948713        204.18425637498996        408.36776855072253       -1170584.5015318769     
   152.15686004061905        31.790073896576519       -204.96446310120504        204.96485517655344        409.92870092193704       -891372.31926954712     
   152.15686004060521        41.907479133364333       -205.77729019101724        205.77780802952904        411.55423872857500       -678855.31651367806     
   152.15686004060348        55.244816763468940       -206.62347343594317        206.62415846885503        413.24644641269441       -517080.75951661338     
   152.15686004057980        72.826851968745572       -207.50494758881479        207.50585453366992        415.00918175227685       -393917.95098808565     
   152.15686004058961        96.004488355654999       -208.42411474154892        208.42531564114023        416.84720939517996       -300139.65578985150     
   152.15686004058915        126.55856370650199       -209.38346608636709        209.38505552153174        418.76549539052030       -228725.86357888146     
   152.15686004054476        166.83667942806792       -210.38544835014758        210.38755014701047        420.76888592839225       -174335.25833188914     
   152.15686004051867        219.93357689438801       -211.43247601609792        211.43525185329335        422.86217500559877       -132903.62015159460     
   152.15686004050639        289.92891977581735       -212.52698363535782        212.53064405866087        425.05014486624242       -101338.23851809594     
   152.15686004047123        382.20075219676301       -213.67147388811608        213.67629047364923        427.33770445155074       -77285.517562660170     
   152.15686004051017        503.83871706483944       -214.86856448526493        214.87470529271010        429.72978457877286       -58954.201363785294     
   152.15686004054038        664.18878391647161       -216.12146013964426        216.12392143475958        432.22798420253349       -44982.157770489197     
   152.15686004057176        875.57134007165484       -217.43914049795055        217.39112915219863        434.81602084783708       -34339.786511765604     
   152.15686004064096        1154.2278191368478       -218.84167548436020        218.72279461563784        437.57871609439246       -26230.142555757968     
   152.15686004068411        1521.5686004068473       -220.26632290853013        220.79502477005684        441.05583938181906       -19960.491211502653     
   152.15686004087087        2005.8180606646301       -221.16352200161276        226.22358293644425        446.76004247054789       -14816.841375660488     
   152.15686004095255        2644.1831747907131       -219.46749608339121        240.46121124718877        456.01094643615761       -10062.103210421512     
   152.15686004102201        3485.7122881469236       -210.72033532745715        266.71514985183188        463.09540843197658       -5344.7183419413250     
   152.15686004073680        4595.0637125099429       -189.24080507426697        298.06394223010716        449.72364285736683       -959.55376592532366     
   152.15686004078029        6057.4737031139848       -151.19132777743476        318.27472836015863        391.98086697950475        2514.7110694846388     
   152.15686004054575        7985.3055277459371       -96.821780383113278        312.10206587543871        275.11361036022163        4742.4778421843839     
   152.15686004059299        10526.682821386077       -30.119640802005136        273.91142786741864        101.45326124632427        5788.8548864937857     
   152.15686004055215        13876.870563934448        43.233650248496552        208.06099456855750       -113.28986545626483        5956.9555781400686     
   152.15686004079197        18293.278131010469        117.83499619816929        124.13326967491351       -348.73981209050919        5586.3809328551924     
   152.15686004056636        24115.237166455350        189.60764720278138        32.224446842189650       -586.66234615433666        4947.7509376093967     
   152.15686004072040        31790.073896597867        256.02284493321508       -59.568011703452640       -813.92108719995224        4220.9236403507221     
   152.15686004077298        41907.479133410758        315.88844936271119       -145.80408070983842       -1022.7143002009993        3510.4691673866191     
   152.15686004032230        55244.816763367111        369.00752922192748       -223.40548679480850       -1209.5967813362840        2869.0146965359772     
   152.15686004012579        72826.851968528601        415.88517299683349       -290.93223268639326       -1374.1708223894500        2317.4606813600990     
   152.15686003976043        96004.488355132242        457.68711482889717       -347.13555831133340       -1517.5563462854011        1860.6973548082892     
   152.15686003952746        126558.56370561942        497.12850529270423       -387.68862806105358       -1640.8982368954889        1500.5855699512015     
   152.15686003942270        166836.67942683827        541.10494507216208       -398.81464849663882       -1744.2550483465207        1244.6996838053628     
   152.15686003956810        219933.57689301480        612.57683260295414       -335.64032756845711       -1828.7156623580927        1130.1589069558822     
   152.15686003953488        289928.91977396718        780.08603171069615       -55.581930541657471       -1888.8114809339099        1254.4030825096820     
   152.15686004026890        382200.75219625595        1253.7281793184895        854.19815997267710       -1931.9003765202785        1846.9925835943527     
   152.15686003995782        503838.71706301183        2604.2496226612375        3306.8159799606437       -2186.1516184331549        3292.3801826298259     
   152.15686004060916        664188.78391677362        4983.5801884203274        6594.9879810108059       -3658.9967333581253        4786.8966440757449     
   152.15686004066066        875571.34007216850        6149.4704736138528        33397.578337741776        20817.376877458504        8858.9069901977527     
   152.15686004169933        1154227.8191448788        197272.61416560324        2787084.5566448299        2392259.7026917404        440706.86441407452     
   152.15686004147997        1521568.6004148091        8033466.2612760169       -3823017687.8600659       -3839084931.3406796       -380038517.42692059     
   152.15686004150245        2005818.0606729602        569018646.57728457        4505641532.9488297        3367597983.9169817        463395329.79240793     
   152.15686004150970        2644183.1748004006        4197959208.9283376        24307867474.161804        15911496558.913784        2079352997.3551211     
   152.15686004151266        3485712.2881581704        546945973.44703281        7496835169.0108223        6137198133.7198296        405050722.63483733     
   152.15686004151212        4595063.7125333659        24506466540.260811        87158056302.454712        13664304298.395714        5908786294.6181755     
   152.15686004151209        6057473.7031431310        25799503997.302380       -46434483674.262833       -123804135448.62856        1247521236.8235621     
   191.55413768509842        7.9853055277978573       -251.75500210775292        251.75510140966165        503.51003315783021       -5487323.8854826484     
   191.55413768513932        10.526682821453504       -252.50609346635900        252.50622457928350        505.01218483531630       -4174977.9119877890     
   191.55413768511926        13.876870564025603       -253.29078377628605        253.29095556121177        506.58152699200252       -3176885.0147512457     
   191.55413768511283        18.293278131101193       -254.11112192797754        254.11134696840895        508.22217941959752       -2417717.4894276182     
   191.55413768510405        24.115237166609603       -254.96890428971608        254.96919980795104        509.93769573324494       -1840215.8395802800     
   191.55413768515695        31.790073896777812       -255.86516605491559        255.86555525982479        511.73012373910365       -1400851.8868466401     
   191.55413768515552        41.907479133633188       -256.80005662821532        256.80057054343155        513.59979591738170       -1066536.0738441639     
   191.55413768518994        55.244816763833910       -257.77362467406130        257.77430455195298        515.54678464286121       -812116.03550034587     
   191.55413768520546        72.826851969243933       -258.78689240304521        258.78779287762916        517.57310067688661       -618473.00666226004     
   191.55413768512247        96.004488356264218       -259.84209636911669        259.84328955253466        519.68322700948488       -471071.14708407898     
   191.55413768507910        126.55856370727678       -260.94215439498259        260.94373517897714        521.88292639133920       -358855.17447235540     
   191.55413768508666        166.83667942914457       -262.09013300544677        262.09222589891823        524.17832383066116       -273415.39507599187     
   191.55413768508021        219.93357689583758       -263.28903620996482        263.29180412988978        526.57539174616204       -208353.86387680797     
   191.55413768508774        289.92891977776310       -264.54180709738102        264.54546264132523        529.07994505565080       -158802.91950147896     
   191.55413768503962        382.20075219932028       -265.85139487209130        265.85621471347065        531.69772931041211       -121058.95849135813     
   191.55413768505014        503.83871706810930       -267.22082063956134        267.22715652632223        534.43468081428477       -92303.920226999209     
   191.55413768507702        664.18878392074350       -268.65326556051048        268.66099994085465        537.29646839262398       -70393.472235679132     
   191.55413768510562        875.57134007723630       -270.15330931242613        270.14900053323743        540.28024357489323       -53698.881222125383     
   191.55413768513210        1154.2278191438404       -271.73750882253097        271.63296907071987        543.36025385919129       -40992.074123434970     
   191.55413768524897        1521.5686004165623       -273.42955794194080        273.28779786895427        546.75375075000215       -31299.237783051500     
   191.55413768535249        2005.8180606760588       -275.06939777374538        276.40905645449646        551.42276897703346       -23735.728696906470     
   191.55413768542033        2644.1831748052959       -275.57543453548550        285.73919936594166        559.94462702320880       -17312.937179424200     
   191.55413768548024        3485.7122881656460       -271.24441320131575        309.90439990789832        573.53610042504715       -11039.250035910993     
   191.55413768566930        4595.0637125477733       -254.73757614871136        352.04948075503978        580.65813568517376       -4602.5186817147860     
   191.55413768582682        6057.4737031671048       -217.47423500487960        398.86106090085821        550.82841220130331        1369.4588180807741     
   191.55413768578157        7985.3055278263855       -154.40890548980096        424.70131641355158        448.30921222110192        5969.2985255158646     
   191.55413768592956        10526.682821496994       -66.884479915425416        408.06894997725863        254.27459689070093        8751.4010584180687     
   191.55413768594161        13876.870564085264        38.472358628788484        342.90911395533720       -24.089252204207710        9867.5929730112566     
   191.55413768583475        18293.278131170242        152.98035823000637        237.41376188039632       -361.24279387635579        9783.8045397343049     
   191.55413768580291        24115.237166697727        268.69708923718400        106.42642584359999       -726.47578804816658        8991.1285406537208     
   191.55413768598413        31790.073896915270        379.77530810616969       -35.182298026561966       -1093.2452609972431        7869.2554146079319     
   191.55413768592854        41907.479133802532        482.66926924372632       -175.76203527119270       -1442.8367941632364        6665.2512456353525     
   191.55413768602747        55244.816764075738        575.78170238991970       -307.58374664458245       -1764.3601107087934        5519.5503692990887     
   191.55413768587678        72826.851969499519        658.96976330013081       -426.28393460532851       -2053.2064737913306        4500.2360617512823     
   191.55413768603901        96004.488356724003        733.17847448507496       -529.61584820025723       -2309.0675619190138        3632.1957037734119     
   191.55413768602341        126558.56370790122        800.66516411662747       -614.33724575250824       -2533.2717015739809        2921.0407171181428     
   191.55413768579959        166836.67942976620        867.39672176448789       -670.24094426395027       -2727.6079614586179        2372.6861000750860     
   191.55413768558469        219933.57689641762        949.70228331774001       -660.31511004796062       -2887.7876059063192        2014.8142077389189     
   191.55413768555965        289928.91977847845        1102.7261609155521       -476.67577739783974       -3016.2745401363745        1938.1999208884545     
   191.55413768485155        382200.75219894631        1492.7298512894940        228.27660625709336       -3098.0312839857706        2377.3122820726512     
   191.55413768415630        503838.71706575982        2625.6020595280756        2430.5009805170471       -3168.8612002531313        3856.5672407412812     
   191.55413768386862        664188.78391655535        5772.7277989766517        8020.4778886244494       -3880.3452193646317        7096.6079578482677     
   191.55413768355982        875571.34007017303        9542.9408760578717        12561.967597542180       -6877.2998777261437        8700.2578107411719     
   191.55413768291405        1154227.8191304777        7249.0642778795054        108433.28316004800        93592.054240604863        21436.453494083660     
   191.55413768524645        1521568.6004165451        616279.10754594579        8290860.0711590834        7057961.7116517462        1262371.9714743493     
   191.55413768512929        2005818.0606737258        22897840.378923081        228014373.61082417        182218318.29423454        27935783.167291999     
   191.55413768513850        2644183.1748014106        1775022193.3211403        13375817871.675680        9825753004.3700752        1331272811.3779371     
   191.55413768513708        3485712.2881594086        5624745487.7731085        30840871208.599319        19589013387.550240        2565770371.2029424     
   191.55413768513949        4595063.7125350730        1646351957.9685287        33084942126.493813        28222938866.882576        1632002475.3527718     
   191.55413768513930        6057473.7031453764        55866741577.225372        57640475742.468460       -109918079600.31383        8403893563.0475435     
   241.15237166614475        7.9853055277997056       -314.91441820562142        314.91451217931422        629.82885556943586       -8641220.6687482800     
   241.15237166617331        10.526682821454939       -315.77523970965234        315.77536752522428        631.55046826264356       -6572952.3723666733     
   241.15237166617419        13.876870564029000       -316.67398541598516        316.67415476667475        633.34794035034849       -5000283.8051182935     
   241.15237166621904        18.293278131109684       -317.61303831091237        317.61326107509177        635.22601250033210       -3804349.3529099203     
   241.15237166622913        24.115237166622915       -318.59492937957185        318.59522227467806        637.18974375644734       -2894813.9748392240     
   241.15237166631093        31.790073896797360       -319.62192026525719        319.62230609078023        639.24365350641904       -2203017.7561314772     
   241.15237166633378        41.907479133663244       -320.69533426634052        320.69584369372956        641.39037413250594       -1676770.3668190979     
   241.15237166641950        55.244816763883250       -321.81528056758935        321.81595455279609        643.63012693795474       -1276400.4880208282     
   241.15237166648492        72.826851969322831       -322.98154973429797        322.98244269525759        645.96243307788541       -971755.69006878242     
   241.15237166659637        96.004488356454161       -324.19507068228216        324.19625464282859        648.38920083934966       -739919.73716018733     
   241.15237166659205        126.55856370755356       -325.45839264651306        325.45996261450239        650.91548040144585       -563471.72729370580     
   241.15237166659685        166.83667942950620       -326.77505155694490        326.77713247826136        653.54826604271261       -429164.15114443586     
   241.15237166658122        219.93357689630744       -328.14882923280112        328.15158495247448        656.29511239400529       -326920.85409824684     
   241.15237166656499        289.92891977835166       -329.58342630444571        329.58707107709233        659.16330073980771       -249076.86552503862     
   241.15237166648771        382.20075220006959       -331.08244263362764        331.08725586704378        662.15998108003646       -189801.32998987249     
   241.15237166639392        503.83871706887345       -332.64946225675146        332.65580723692921        665.29215922075718       -144658.31043767487     
   241.15237166638693        664.18878392163845       -334.28814460016730        334.29646504436721        668.56700343014472       -110272.95178935851     
   241.15237166627617        875.57134007788329       -336.00241682781063        336.01156330161564        671.99054768828455       -84077.908045682896     
   241.15237166631491        1154.2278191447190       -337.79962744939189        337.77597057907343        675.54883967326361       -64127.016404290094     
   241.15237166636607        1521.5686004171148       -339.70997059830427        339.50706630318354        679.21973687892455       -48953.069881356678     
   241.15237166634708        2005.8180606755454       -341.74880356331767        341.65725612742955        683.47547995447621       -37351.324232931176     
   241.15237166641126        2644.1831748043865       -343.55077344983317        346.69297087175039        690.03810466351217       -28165.486725979976     
   241.15237166632554        3485.7122881621185       -343.01595413349645        363.11923761635950        703.21225809586940       -19987.854360242647     
   241.15237166628796        4595.0637125378698       -333.57876789250037        404.20886523095214        723.13455080564142       -11501.286502876541     
   241.15237166658727        6057.4737031565883       -303.28232856610288        471.60683485709399        727.52770313726842       -2556.2693888054064     
   241.15237166665011        7985.3055278164893       -239.32774426934253        540.90760841286010        666.37831496629531        5664.6604808606326     
   241.15237166678574        10526.682821481736       -135.34087340219460        572.22929285490159        487.04432255096515        11781.686702341081     
   241.15237166682994        13876.870564066819        5.2102981044624928        535.76014404108116        166.63575702697295        15229.471899388072     
   241.15237166684213        18293.278131157065        171.48413386215273        425.98723381926243       -278.69418390150440        16316.851313899635     
   241.15237166625968        24115.237166626110        350.26737904034741        256.94882448428933       -808.50163928430629        15753.069478653684     
   241.15237166617811        31790.073896780032        529.89134731013655        53.036539590772691       -1375.0838767854650        14265.416964134180     
   241.15237166599826        41907.479133605164        701.96314870496258       -165.41440809509243       -1941.3520539336444        12373.127628282615     
   241.15237166572857        55244.816763725248        861.51209529251366       -381.08240694169109       -2480.0837054323479        10422.368010682500     
   241.15237166575670        72826.851969103271        1006.4219269271880       -582.93634052695666       -2976.0646466452072        8602.5631278851524     
   241.15237166600221        96004.488356218062        1136.7306869768447       -764.70877687325481       -3423.1639031236518        7002.0102552035951     
   241.15237166574369        126558.56370710890        1254.2422547988645       -922.58164549378466       -3821.2430280430981        5650.5404792624204     
   241.15237166530366        166836.67942861226        1363.5665510314941       -1048.1579082580733       -4171.2075623235914        4557.5842689733072     
   241.15237166406001        219933.57689400893        1478.0218009252405       -1120.2113823248296       -4478.5594833761616        3738.1980650757414     
   241.15237166366256        289928.91977486317        1636.7331058010434       -1037.3249480406762       -4720.2225952459048        3281.9468014573017     
   241.15237166376861        382200.75219576142        1970.6093733911382       -549.43946726435775       -4908.0322544169840        3395.4851814990270     
   241.15237166359023        503838.71706301731        2877.9754166595926        1177.9599818197557       -5004.1595278920313        4629.8576478897030     
   241.15237166246209        664188.78391083039        5556.4879427844890        6401.9915459997474       -5146.7095714635807        8151.7860821399136     
   241.15237166172776        875571.34006137133        12576.947793080064        18497.922269399631       -7099.6523690038593        14964.659531859394     
   241.15237166225958        1154227.8191253114        16869.227469994366        22243.559749068831       -11926.444687466254        14658.584908738170     
   241.15237166130183        1521568.6003851651        24654.994188791567        389045.63231755421        339319.62960558932        72728.012720166676     
   241.15237166103333        2005818.0606313511        1868164.4572603477        23908811.853181958        20172073.119956564        3507276.7634111247     
   241.15237166132326        2644183.1747486014        68494749.825188369        650869774.35763097        513876950.92851019        76959106.048933357     
   241.15237166189928        3485712.2880981429        4837975196.2507296        34644494552.602356        24968469847.137096        3339819122.7075405     
   241.15237166189752        4595063.7124542175        6112519875.3374119        31795118554.150681        19556811038.161377        2573007457.6299624     
   241.15237166189846        6057473.7030388173        8677316230.6602364        167425409597.91415        141453047090.30484        7950270313.0930405     
   303.59284879960296        7.9853055276592819       -394.12647057356611        394.12655295743025        788.25295422544139       -13615018.143581720     
   303.59284879959489        10.526682821268297       -395.11357649330353        395.11369754652230        790.22716398310558       -10353912.293399498     
   303.59284879959932        13.876870563783109       -396.14357659670702        396.14374140170429        792.28713500201422       -7874718.0911818445     
   303.59284879968436        18.293278130787261       -397.21902868064632        397.21924778010435        794.43798032232382       -5989799.0713975066     
   303.59284879970801        24.115237166198746       -398.34283970447240        398.34312898308860        796.68561785556267       -4556580.8638651269     
   303.59284879974700        31.790073896231505       -399.51813686050860        399.51851850577810        799.03611548402409       -3466715.9029744109     
   303.59284879977980        41.907479132917857       -400.74777089607994        400.74827507426454        801.49529481016805       -2637864.5802304377     
   303.59284879983170        55.244816762890444       -402.03344912262378        402.03411635104391        804.06645464686028       -2007441.9298064960     
   303.59284879986444        72.826851968002146       -403.37524330265762        403.37612763039715        806.74986546815467       -1527880.4296530697     
   303.59284879992407        96.004488354687652       -404.77257570494970        404.77374889217089        809.54429775779545       -1163028.3917930231     
   303.59284879997773        126.55856370524951       -406.22615870389302        406.22771566432601        812.45111380605204       -885413.01054676773     
   303.59284880002309        166.83667942649043       -407.73884457004277        407.74091042576612        815.47588832083602       -674152.80236055527     
   303.59284879992418        219.93357689227452       -409.31490382537265        409.31764301933003        818.62738970413625       -513371.41633760062     
   303.59284879991873        289.92891977304947       -410.95900840375066        410.96263642898379        821.91461431929611       -390993.60284303571     
   303.59284879989326        382.20075219317044       -412.67573361035716        412.68053205776255        825.34670486229516       -297835.25820070819     
   303.59284879993277        503.83871706004010       -414.46950000080250        414.47583580430870        828.93245485575062       -226910.48790898325     
   303.59284879991696        664.18878390997850       -416.34468004933331        416.35302952417061        832.68044859941347       -172905.26782900048     
   303.59284879989065        875.57134006283877       -418.30572676955825        418.31660906372662        836.59914193788472       -131777.14386812417     
   303.59284879991401        1154.2278191247897       -420.35764619732367        420.36673283138020        840.69377860102691       -100452.28014500317     
   303.59284879992555        1521.5686003905782       -422.51368974065190        422.44240876098695        844.92645701593119       -76607.933574341732     
   303.59284879989991        2005.8180606405517       -424.82597117382556        424.47149478608304        849.32944801891938       -58482.395992227597     
   303.59284879973058        2644.1831747560768       -427.26949657496232        427.44015101212864        854.81958325735366       -44566.190969597126     
   303.59284879975274        3485.7122880999277       -429.05628299065455        436.07927035975086        864.54093593228083       -33295.745172619609     
   303.59284879976190        4595.0637124567411       -426.15749425849987        465.39498156481244        885.44152271213215       -22623.838012054424     
   303.59284879998933        6057.4737030466595       -407.06174814662307        535.15268181226634        914.25570449817326       -10844.190979465398     
   303.59284880007618        7985.3055276717787       -352.49144629166119        642.36455029521449        909.42926627911618        1794.9683828460365     
   303.59284880034761        10526.682821294462       -243.61683620844718        743.84973376917992        790.10829632032369        13214.672532556375     
   303.59284880060130        13876.870563828996       -72.848483368634959        778.46123545960927        479.95097484567009        21371.050155580277     
   303.59284880079110        18293.278130854062        152.44155182541533        705.67085796595927       -46.846422044979477        25588.597367108367     
   303.59284880061261        24115.237166270748        414.73542604661168        522.48285182945426       -758.26799257919004        26449.210684747624     
   303.59284880073659        31790.073896335311        693.98789053821804        253.83684537472311       -1589.3137301141855        25045.159987018520     
   303.59284880106179        41907.479133095061        973.06229763156716       -65.331730781586316       -2470.8129368062278        22409.713010437295     
   303.59284880078980        55244.816763065079        1239.9051322266298       -402.78972843035024       -3346.4717858907379        19298.815123742945     
   303.59284880101143        72826.851968277653        1487.5568227347221       -734.23876626103765       -4178.1325860174611        16185.006887815623     
   303.59284880091707        96004.488355002133        1713.2649391390482       -1043.8544083992449       -4944.5394361234266        13324.748522650332     
   303.59284880092207        126558.56370564376        1917.5249811508529       -1322.4594370680090       -5637.5944601055971        10832.862410606340     
   303.59284880068560        166836.67942685523        2103.8691752850264       -1562.8838209150740       -6257.2977304445449        8746.2640220761459     
   303.59284880044197        219933.57689265054        2282.1454399205991       -1743.8502721394095       -6802.1872206631015        7087.4559659591196     
   303.59284880008869        289928.91977321287        2481.9267395836869       -1828.7903075003223       -7294.9665043758905        5884.6752292050187     
   303.59284879917499        382200.75219226751        2797.9692645600626       -1534.1158598894863       -7641.6780975806168        5412.0093509097951     
   303.59284879788652        503838.71705664590        3536.4409498078203       -304.50628351275100       -7899.4212903114194        6105.6395702138634     
   303.59284879753602        664188.78390477167        5639.4858561446690        3834.3441385533606       -7978.1755793654938        9236.3558393771928     
   303.59284879666956        875571.34005355148        11886.414654349581        15970.037821204067       -8348.6255589142820        17320.522068439612     
   303.59284879661737        1154227.8191122592        26456.712993834622        40019.326402773688       -13445.578010401648        30262.667099445189     
   303.59284887750732        1521568.6007794116        28282.852591822102        39421.797119123104       -17665.134312145998        23858.364697775811     
   303.59284887607873        2005818.0611438642        84879.982770843810        1337940.2925109565        1167681.0397717431        238767.53985473924     
   303.59284887587148        2644183.1754192417        5505645.7170160478        66989569.623147704        55977794.759303324        9472353.7978362218     
   303.59284887562086        3485712.2889710157        219393455.91142574        1993393671.3034952        1554597612.1955190        227451522.75837022     
   303.59284887562092        4595063.7136049196        11235729469.520250        76375200731.036606        53903449193.678024        7137572891.9946470     
   303.59284887562455        6057473.7045557871        4715139114.6890059        24188526162.759151        14682716293.381992        1881499383.7188561     
   382.20075228851294        7.9853055296589215       -493.50225779196393        493.50231406467827        987.00449585899219       -21462080.483104195     
   382.20075228851834        10.526682823904764       -494.63465502209709        494.63476213457739        989.26933396768334       -16318008.710843408     
   382.20075228852824        13.876870567258806       -495.81572796639034        495.81588412974924        991.63146205642761       -12408029.396475974     
   382.20075228852204        18.293278135363700       -497.04818152745077        497.04839438605154        994.09639199134699       -9435847.6556149255     
   382.20075228855796        24.115237172232053       -498.33511282588171        498.33539672679728        996.67013272333588       -7176351.2061462980     
   382.20075228857399        31.790073904182211       -499.68006847243180        499.68044461346125        999.35998568710784       -5458508.6746014208     
   382.20075228854193        41.907479143390880       -501.08691257099696        501.08741037192885        1002.1735711817862       -4152357.4315531966     
   382.20075228855109        55.244816776688445       -502.55924150200650        502.55990085290557        1005.1181364339973       -3159137.7548552807     
   382.20075228858235        72.826851986189567       -504.09927411728637        504.10014851717131        1008.1980837837640       -2403792.0036971662     
   382.20075228860594        96.004488378650422       -505.70705993482579        505.70822068012001        1011.4132653518448       -1829274.9427577218     
   382.20075228866705        126.55856373683645       -507.38151445017201        507.38305612655518        1014.7618846747043       -1392238.6488543032     
   382.20075228867881        166.83667946811036       -509.12295533688479        509.12500295974723        1018.2442539898404       -1059742.6016911035     
   382.20075228875021        219.93357694725299       -510.93449453034361        510.93721278784648        1021.8666810933938       -806754.14499272360     
   382.20075228881905        289.92891984558264       -512.82126645445931        512.82487163016674        1025.6392118168676       -614242.12545715901     
   382.20075228873668        382.20075228873742       -514.78905082330732        514.79382611995254        1029.5736106459876       -467734.97601140128     
   382.20075228866068        503.83871718585624       -516.84352594985114        516.84984111448989        1033.6806815790928       -356225.80566989188     
   382.20075228858684        664.18878407574266       -518.99014479859784        518.99848116475687        1037.9716559592343       -271343.87892619718     
   382.20075228855563        875.57134028136295       -521.23426637216789        521.24524651310605        1042.4566965792046       -206721.98911181517     
   382.20075228854813        1154.2278194127493       -523.58134524323202        523.59543851997103        1047.1460901418311       -157517.43627420705     
   382.20075228848168        1521.5686007698603       -526.03816717710538        526.04201914119562        1052.0406173413876       -120050.47514916862     
   382.20075228852244        2005.8180611409264       -528.63059074622390        528.45422120248793        1057.0584677832026       -91553.065615384869     
   382.20075228845889        2644.1831754167347       -531.44033170743660        530.88373408623033        1062.4124040344750       -69889.143392251339     
   382.20075228836623        3485.7122889697443       -534.33050955733688        535.29798062045313        1069.7678949835845       -53142.257361353462     
   382.20075228838931        4595.0637136035220       -535.65154278693944        550.83402621687890        1084.9574413507712       -39103.984555436844     
   382.20075228848742        6057.4737045554284       -527.76431576951188        603.44922911995320        1118.6569640448377       -24761.522467600975     
   382.20075228825823        7985.3055296536486       -490.70971102833010        721.41034736911229        1159.2034260630114       -7997.3045509333824     
   382.20075228880506        10526.682823912726       -393.73936907092951        890.84160828314907        1131.2089951446728        10118.962482767194     
   382.20075228886486        13876.870567271115       -209.57755422066191        1037.4521241707794        905.81346785251651        26095.882506290709     
   382.20075228895331        18293.278135384455        69.950717476318616        1068.8150269397611        374.21770370066264        36978.274731248006     
   382.20075228934172        24115.237172281661        430.56572292313831        931.12746818927258       -488.84857414631324        42029.994046852182     
   382.20075228947167        31790.073904257068        844.24839495766264        627.63325525211826       -1624.1380914096710        42294.322973052818     
   382.20075228928982        41907.479143473131        1280.6735269778842        199.97529907248668       -2929.3999416129091        39435.942942320675     
   382.20075228933086        55244.816776801475        1714.6815079571829       -298.62168575673513       -4301.1454307283384        34957.093699108867     
   382.20075228942892        72826.851986351277        2128.9570541056164       -820.67860181536707       -5657.3328357024020        29929.583852000556     
   382.20075228941477        96004.488378854076        2513.7821409885159       -1330.9506493476247       -6943.3682028424773        25010.656044509506     
   382.20075228935110        126558.56373706358        2865.6863217070277       -1806.6007911544784       -8129.5795546621803        20548.590955162268     
   382.20075228915044        166836.67946831702        3186.2114961775119       -2233.8006953523231       -9205.3504109471760        16693.343883575650     
   382.20075228879858        219933.57694728181        3482.4734679198873       -2597.7459693180481       -10170.255828094490        13494.494851931731     
   382.20075228919819        289928.91984587139        3776.2087002108701       -2846.2519758311491       -11015.750202129730        11011.316310169255     
   382.20075228885668        382200.75228885887        4131.5838233721233       -2885.6652796932508       -11776.675540625853        9324.4818600488125     
   382.20075228802182        503838.71718501585        4780.7966261767533       -2075.4526496748886       -12277.026360746910        9083.7504225238845     
   382.20075228843319        664188.78407547786        6427.4608209222406        916.23304915118661       -12592.234907066457        11288.856409379910     
   382.20075228848555        875571.34028120514        11271.724833404525        10641.142902282194       -12570.712280182041        18771.785036276924     
   382.20075228764125        1154227.8194100137        25595.259400550738        38183.669127868357       -13690.305041740980        36726.677573404952     
   382.20075228764102        1521568.6007665177        52384.500574002494        79529.660892272528       -25917.028162587390        57202.036139241551     
   382.20075228748135        2005818.0611354671        47481.948724164758        79484.737973495940       -16100.243153154370        40742.042069831470     
   382.20075228793655        2644183.1754131261        288425.18142693845        4424556.8317155670        3847118.2323251525        757071.51317526866     
   382.20075228859184        3485712.2889718083        15827518.203991074        183026767.10971412        151371198.36361399        24957733.191883642     
   382.20075228868649        4595063.7136071017        749261420.67146194        6512364175.6934910        5013813630.4493208        717254596.33078301     
   382.20075228880449        6057473.7045604587        23582853432.316216        152090008359.82321        104923050142.23120        13788665450.439228     
   481.16223946322020        7.9853055296649460       -618.21056191485536        618.21055252831331        1236.4210284431952       -33846920.708652355     
   481.16223946324698        10.526682823913143       -619.51006027124663        619.51013728998566        1239.0200973359269       -25729481.252780236     
   481.16223946320196        13.876870567268194       -620.86495335616894        620.86509259511774        1241.7298032271713       -19560487.080877610     
   481.16223946323925        18.293278135377790       -622.27813503069740        622.27833677520471        1244.5562251117021       -14871918.984650508     
   481.16223946323879        24.115237172248342       -623.75286637204772        623.75314172931621        1247.5056149425386       -11308236.070656346     
   481.16223946326852        31.790073904204306       -625.29289827066657        625.29326665633766        1250.5856150191657       -8599350.0770389605     
   481.16223946327551        41.907479143424126       -626.90255808248412        626.90304773177365        1253.8048961410141       -6540063.6288371645     
   481.16223946329433        55.244816776733117       -628.58662063724830        628.58727052304880        1257.1728042610966       -4974468.4917061543     
   481.16223946336811        72.826851986253672       -630.34962517538327        630.35048801149378        1260.6987236603281       -3784100.6902911821     
   481.16223946340193        96.004488378735729       -632.19447143437787        632.19561782016763        1264.3881456447230       -2878931.2129446948     
   481.16223946343337        126.55856373693695       -634.12122130360774        634.12274523226131        1268.2413361068029       -2190544.7708597500     
   481.16223946352085        166.83667946826804       -636.12811354938947        636.13013961454169        1272.2546680153673       -1666953.2348467363     
   481.16223946352414        219.93357694742130       -638.21482040934302        638.21751315957090        1276.4273117349871       -1268657.0805968412     
   481.16223946360680        289.92891984580211       -640.38461849680732        640.38819452360576        1280.7660726515267       -965642.67024311784     
   481.16223946364227        382.20075228913731       -642.64364380705138        642.64838730878250        1285.2828887133569       -735094.72547310067     
   481.16223946360969        503.83871718644940       -644.99905416443232        645.00533690880070        1289.9920039257245       -559665.94045130897     
   481.16223946363601        664.18878407668922       -647.45792517123493        647.46623199656733        1294.9075152684177       -426164.28675816383     
   481.16223946346724        875.57134028237522       -650.02701735045639        650.03797858962321        1300.0424694762055       -324557.08465164300     
   481.16223946344229        1154.2278194140465       -652.71293496755663        652.72735836342952        1305.4100147034401       -247214.70858757943     
   481.16223946344968        1521.5686007718582       -655.52242886911199        655.54024719349741        1311.0223481521907       -188334.82840479159     
   481.16223946330490        2005.8180611427426       -658.46568664542372        658.44942968935118        1316.8651679990937       -143514.17596768381     
   481.16223946321060        2644.1831754190503       -661.59440714461061        661.20895757479911        1322.7958796571859       -109458.14702350122     
   481.16223946324749        3485.7122889739094       -665.01878711144707        664.24732758001926        1329.4523060703905       -83539.573326975384     
   481.16223946314307        4595.0637136077385       -668.34072782228884        671.36822039199808        1339.8086344242456       -63281.281131329502     
   481.16223946296782        6057.4737045572247       -668.16527582554318        700.17996133365614        1364.6830468143917       -45417.052166833142     
   481.16223946296805        7985.3055296608090       -650.18217459093421        794.61744319613535        1419.3823220100046       -25502.687159007866     
   481.16223946297430        10526.682823907240       -580.16837408432650        992.97726012309079        1473.7407847592185       -1098.0619272447657     
   481.16223946265660        13876.870567252550       -409.62074477110934        1258.6919171670802        1394.1643343668452        25172.335322540963     
   481.16223946271231        18293.278135357868       -99.733595818763646        1466.8905379056453        978.14591518652583        47640.481803933377     
   481.16223946278393        24115.237172225694        356.59815964975803        1479.8521351677632        73.724177287033513        62134.219996280677     
   481.16223946315063        31790.073904196710        933.19796359875045        1228.2765099423541       -1336.0861466087927        67981.731028496564     
   481.16223946355757        41907.479143448953        1585.6274590273697        728.31040635583258       -3146.3096826511483        66989.015799790373     
   481.16223946366620        55244.816776776141        2268.1192014334074        48.183656829735355       -5197.2437295755572        61685.202257631383     
   481.16223946353040        72826.851986278634        2943.7446788488537       -731.28060780853957       -7334.2852969535797        54256.763947233238     
   481.16223946365920        96004.488378787588        3587.6339569257234       -1540.0912197642695       -9437.8036456213395        46227.361225580520     
   481.16223946355728        126558.56373697019        4186.2809213463433       -2326.9522786584494       -11429.611229583437        38513.935848538298     
   481.16223946367012        166836.67946832060        4735.5436862579600       -3058.6592847175352       -13268.372517019034        31590.661478961087     
   481.16223946258066        219933.57694699106        5239.2541964416796       -3713.4900237482207       -14940.208615119047        25655.004610240543     
   481.16223946289591        289928.91984537500        5712.1654761167601       -4258.5882245642051       -16441.963373398768        20784.089362591822     
   481.16223946286510        382200.75228852150        6203.1829911556879       -4571.1374091305615       -17748.847472684371        17128.430751844582     
   481.16223946235289        503838.71718513535        6859.8960558793169       -4308.8267259380345       -18813.906639921363        15022.700965259168     
   481.16223946145232        664188.78407367726        8217.0530129610779       -2360.0516241608675       -19595.137648849126        15587.817157457826     
   481.16223946187694        875571.34027948417        11901.420509494190        4734.2052013763532       -19886.962235425268        21435.921092261269     
   481.16223946148006        1154227.8194093429        22973.290214531975        27187.895059976130       -19595.552148040399        38631.152154730778     
   481.16223945672630        1521568.6007506012        55055.644383783634        87888.104382837482       -23076.207723901396        77086.359113027473     
   481.16223944028786        2005818.0610467966        95308.142495506429        142300.48082364886       -49131.209000221002        98723.439249646457     
   481.16223944083816        2644183.1752961106        85351.294107100679        200080.01160888822        28651.611348882187        80284.268594489040     
   481.16223943793722        3485712.2887905599        956265.56594498688        14103402.788785402        12190202.108223058        2318775.5754999239     
   481.16223943660543        4595063.7133543137        44703477.996666431        491273861.34015316        401866482.51567543        64630337.217593253     
   481.16223943663158        6057473.7042256799        2627414330.2539864        21818352293.962891        16563431835.416031        2321104108.9422879     
   605.74737042257766        7.9853055292238562       -774.75067824007954        774.75045685535076        1549.5010174501922       -53400439.612577744     
   605.74737042259176        10.526682823331333       -776.24232171456242        776.24232657473556        1552.4846290107412       -40586359.710796468     
   605.74737042255367        13.876870566501646       -777.79713180881367        777.79723601223361        1555.5943764843389       -30849567.140836723     
   605.74737042253798        18.293278134365391       -779.41826564670373        779.41844665476629        1558.8364203722685       -23450553.738139600     
   605.74737042250308        24.115237170912373       -781.10920297531743        781.10946394838652        1562.2183020033226       -17827653.670418758     
   605.74737042253173        31.790073902442693       -782.87387632437390        782.87423303043340        1565.7477181804843       -13554208.537162919     
   605.74737042255845        41.907479141103117       -784.71682891436080        784.71730750769700        1569.4334289235399       -10306117.274348829     
   605.74737042249478        55.244816773665463       -786.64334139509958        786.64397941905611        1573.2864674566729       -7837179.7684035730     
   605.74737042248432        72.826851982197283       -788.65931371545776        788.66016274655203        1577.3180341998786       -5960338.4916460942     
   605.74737042247921        96.004488373380823       -790.77047655450110        790.77160619816891        1581.5403580108919       -4533479.0497424630     
   605.74737042255867        126.55856372988613       -792.98063389043659        792.98213724304378        1585.9602222166295       -3448601.9989920561     
   605.74737042258266        166.83667945894953       -795.28992460183167        795.29192548159176        1590.5783080082774       -2623645.4173096772     
   605.74737042260779        219.93357693514474       -797.69570684941618        797.69836923554772        1595.3891715366267       -1996253.9376507408     
   605.74737042264019        289.92891982958412       -800.19666323295985        800.20020349364961        1600.3904677654573       -1519056.5618065698     
   605.74737042271147        382.20075226777459       -802.79606277819744        802.80076543629082        1605.5879781421731       -1156060.1813229755     
   605.74737042276217        503.83871715836420       -805.50118120764216        805.50741918882284        1610.9965701234159       -879911.08792927780     
   605.74737042288587        664.18878403976498       -808.32088874515409        808.32914927047466        1616.6338115846625       -669812.11092235323     
   605.74737042297727        875.57134023413880       -811.26403874609196        811.27495628338704        1622.5169454237885       -509949.04809500161     
   605.74737042314132        1154.2278193508309       -814.33906027466196        814.35345816766346        1628.6628887200504       -388296.79864429304     
   605.74737042309664        1521.5686006883884       -817.55414503157806        817.57305140799986        1635.0874844460159       -295710.79000668094     
   605.74737042305719        2005.8180610331808       -820.91780051218780        820.93900514795143        1641.8037892936236       -225238.21353540145     
   605.74737042294601        2644.1831752746525       -824.44750387219574        824.37279795193331        1648.7603961380851       -171615.91422205011     
   605.74737042284141        3485.7122887826872       -828.24411629648785        827.48507956171625        1655.7722499685572       -130918.65055308725     
   605.74737042263496        4595.0637133550890       -832.41943193215479        831.54162562039880        1664.3025436218418       -99863.473008807981     
   605.74737042235199        6057.4737042235429       -836.00542137947946        843.96265559566359        1679.8028384402155       -75150.475673012086     
   605.74737042226718        7985.3055292198042       -832.10142071034534        898.28223929439378        1722.0087485191943       -51755.808574080387     
   605.74737042226843        10526.682823325762       -794.23016460078975        1067.1659490175746        1810.6175568495344       -23166.061188420754     
   605.74737042242430        13876.870566498737       -664.36086220196455        1398.4715907611335        1877.4027468282543        13049.369867098994     
   605.74737042247182        18293.278134363456       -366.86614588985935        1811.5560011884609        1690.4395580914802        51482.240467140138     
   605.74737042263007        24115.237170917502        152.28631529135487        2100.7335479980884        935.94395344373493        83177.909697238589     
   605.74737042284232        31790.073902459073        895.55932433759676        2063.8106094678124       -593.24479467493416        102392.34143225959     
   605.74737042312302        41907.479141142263        1816.7012440133306        1615.1099902599965       -2890.3538446429293        108777.59116589499     
   605.74737042314200        55244.816773724568        2845.7342112789534        795.20566472057908       -5774.9224426210294        105379.19539733141     
   605.74737042393690        72826.851982372013        3913.7294817135626       -285.71345523775199       -8998.9889750049733        96027.809979562429     
   605.74737042393008        96004.488373610846        4966.5029596666154       -1505.2232947312395       -12331.874599982562        83908.517280174972     
   605.74737042330742        126558.56373004266        5968.3615383275846       -2759.9939179458452       -15598.997747813464        71192.196875912428     
   605.74737042344714        166836.67945918770        6900.6716693700228       -3975.2156095483228       -18688.456553368353        59160.732332754356     
   605.74737042619086        219933.57693644569        7759.0083616930151       -5101.9904134095741       -21542.701946914862        48461.750144374761     
   605.74737042687775        289928.91983161232        8552.1211653543778       -6104.2502922221229       -24143.402856819492        39359.476512155918     
   605.74737042675133        382200.75227032352        9311.4271082633713       -6905.8115505703490       -26477.459959171007        31997.147446945182     
   605.74737042689401        503838.71716180060        10147.683951227729       -7232.1558424290051       -28492.101084920156        26729.673093465251     
   605.74737042642869        664188.78404364898        11399.260053687824       -6275.2674891363104       -30056.174702358618        24379.731050927763     
   605.74737042562958        875571.34023797151        14286.008051292567       -1509.5352178154553       -31083.741782390982        27429.887280420153     
   605.74737042481513        1154227.8193540187        22529.385558802125        14981.648545930489       -31100.630822489780        41660.490019422272     
   605.74737042362847        1521568.6006897220        47612.078047137169        65994.473929942469       -30274.718069511873        80050.969739804626     
   605.74737042401148        2005818.0610363365        116886.88986087550        194115.38143470901       -40713.967775777535        158358.32812080361     
   605.74737042468564        2644183.1752822408        158706.43813065076        229436.05723409620       -88927.528158849309        155186.77102116821     
   605.74737042427864        3485712.2887909492        172966.99663503439        605519.75513671269        258764.91747193603        190038.20768205947     
   605.74737042526340        4595063.7133750152        3079769.4264626307        43416267.552376218        37256016.920283847        6867244.3640076006     
   605.74737042494417        6057473.7042494481        125822694.68087965       -326311503891.01990       -326563148651.39014       -32595703036.783710     
   762.59075775540168        7.9853055292544655       -971.29567630715019        971.29404914177246        1942.5895304441590       -84282025.771706447     
   762.59075775538736        10.526682823371242       -973.00829462771628        973.00808407961097        1946.0166075492098       -64047111.008672625     
   762.59075775538361        13.876870566555061       -974.79298319116731        974.79300709300389        1949.5859912310632       -48673791.749480113     
   762.59075775535609        18.293278134435617       -976.65329630174119        976.65343610498155        1953.3065931102192       -36993301.020714678     
   762.59075775534870        24.115237171006104       -978.59302196784358        978.59325729428383        1957.1859490082675       -28118014.444748882     
   762.59075775541316        31.790073902567439       -980.61634522953602        980.61668319587852        1961.2327082808938       -21373793.933170442     
   762.59075775542067        41.907479141266130       -982.72800931533448        982.72847193779683        1965.4559943152246       -16248590.389841670     
   762.59075775537929        55.244816773883166       -984.93351839752825        984.93414076891031        1969.8670492900906       -12353475.062525399     
   762.59075775535371        72.826851982483092       -987.23931683989736        987.24014879434401        1974.4780572405771       -9392997.7230567317     
   762.59075775533449        96.004488373755976       -989.65269477299591        989.65380448857456        1979.3048424744752       -7142731.8309094906     
   762.59075775529220        126.55856373035706       -992.18088654438998        992.18236584020462        1984.3607457184705       -5432151.1190499775     
   762.59075775538031        166.83667945958300       -994.82889401627210        994.83086553184228        1989.6564530235059       -4131700.1546623511     
   762.59075775543704        219.93357693598702       -997.59704225121163        997.59966891574982        1995.1922581802196       -3142930.3180417563     
   762.59075775548831        289.92891983069848       -1000.4815704115218        1000.4850677743962        2000.9604455201084       -2391043.7938621133     
   762.59075775556266        382.20075226923603       -1003.4797083962817        1003.4843605579504        2006.9553794667372       -1819220.8086006199     
   762.59075775564850        503.83871716030512       -1006.5944341798530        1006.6006142712409        2013.1832757364118       -1384297.0945408579     
   762.59075775576355        664.18878404228826       -1009.8342876098949        1009.8424839988721        2019.6605180691829       -1053469.6770891219     
   762.59075775580402        875.57134023737933       -1013.2102625878208        1013.2211122395271        2026.4099850701507       -801803.76256993494     
   762.59075775587576        1154.2278193548989       -1016.7334839830843        1016.7478146720040        2033.4521523060494       -610338.45775855298     
   762.59075775599069        1521.5686006940925       -1020.4145267711489        1020.4334096898813        2040.8090017838783       -464658.63566085446     
   762.59075775615372        2005.8180610412601       -1024.2636306071574        1024.2883066048662        2048.4994586486605       -353802.40549943084     
   762.59075775618419        2644.1831752858939       -1028.2918846008890        1028.3131011882299        2056.5361410245823       -269438.88044713088     
   762.59075775614224        3485.7122887979153       -1032.5332700570002        1032.3098393744326        2064.7800616246896       -205288.09017123352     
   762.59075775607789        4595.0637133763439       -1037.1728416625040        1035.8166802532432        2073.1432174651245       -156647.22922085048     
   762.59075775571102        6057.4737042514789       -1042.2412567261918        1041.6903188279528        2084.4966158740776       -119354.52584247460     
   762.59075775557505        7985.3055292563304       -1045.5534043828529        1064.7774607621586        2109.2933650175200       -88799.516690042234     
   762.59075775542988        10526.682823371893       -1033.2491153685846        1167.7970860692858        2182.5321909204190       -57046.558358784387     
   762.59075775524195        13876.870566552565       -956.94684914221546        1467.9933369190285        2324.6735020164501       -14692.038599586522     
   762.59075775519716        18293.278134431919       -719.34003928712013        2017.1442733447873        2392.8508884182947        39870.608850430559     
   762.59075775452106        24115.237170980083       -203.94776415176872        2653.0089204093852        1991.8259893310028        96443.962982726836     
   762.59075775490544        31790.073902546472        662.46653356388833        3042.8878665228472        642.38029462226223        141207.44755101751     
   762.59075775481131        41907.479141232900        1870.7103871209358        2894.5716618781835       -1929.3681052073937        166473.79352035368     
   762.59075775481404        55244.816773842562        3341.1985851245054        2108.3810368845088       -5664.0014238383983        172709.95517030990     
   762.59075775489453        72826.851982439679        4964.4089563285906        768.76171943389909       -10258.123772382380        164948.20725567336     
   762.59075775479857        96004.488373689077        6636.7246323385225       -948.33373879984356       -15328.668516176192        148973.61349044144     
   762.59075779568991        126558.56373706213        8278.6811347161347       -2857.8179941877588       -20531.771386607616        129428.53930147325     
   762.59075779592786        166836.67946845476        9839.1308007907028       -4806.9636011537013       -25612.594514845030        109411.39077283243     
   762.59075779548198        219933.57694753722        11292.657899543012       -6686.1370769248078       -30410.900617215178        90717.957816626265     
   762.59075779538830        289928.91984586942        12635.743500222879       -8422.3559902139059       -34846.933525302491        74234.899950805440     
   762.59075779431112        382200.75228865794        13887.647476529191       -9951.3704325123072       -38895.234311019682        60327.337803800074     
   762.59075779465331        503838.71718607750        15116.829490709759       -11093.093533845207       -42512.904890989928        49300.403749456622     
   762.59075779432828        664188.78407587949        16573.025120338782       -11274.026698015754       -45626.084206325366        41921.413452741042     
   762.59075779435011        875571.34028163948        19030.957979742019       -8529.5544942063680       -47819.547290576753        40239.523956987781     
   762.59075779438160        1154227.8194131840        25245.424865362031        2745.6881699624828       -48997.023426721746        49555.772148677075     
   762.59075779382226        1521568.6007695815        43646.461657631517        40468.801509677607       -48100.142635638025        82490.919503555633     
   762.59075779168847        2005818.0611347319        99915.748292776421        154576.02443838626       -46552.773661435131        166234.80772259270     
   762.59075779119701        2644183.1754073040        240346.05761526377        406153.80018263555       -75819.827551077033        312753.76280986343     
   762.59075779203295        3485712.2889619772        249570.16981708005        347206.45048793766       -152994.96952239089        229992.99436228070     
   762.59075779052796        4595063.7135839360        118462.43817883641        1693981.1050478544        1456184.6618292031        336648.96262569237     
   762.59075778421857        6057473.7044779342        9624345.5349489823        129314908.54331762        110065572.58852330        19693323.276456304     
   960.04488377393523        7.9853055295563209       -1218.1198100141853        1218.1268163758834        2436.2411118004120       -133066301.89261854     
   960.04488377392795        10.526682823769281       -1220.0912197752871        1220.0898858482599        2440.1814930008650       -101105727.58737732     
   960.04488377394841        13.876870567080141       -1222.1402518303250        1222.1400519922952        2444.2806831080579       -76825263.338536277     
   960.04488377395512        18.293278135128599       -1224.2755896171507        1224.2756389705808        2448.5508802597105       -58379698.009363748     
   960.04488377393932        24.115237171919471       -1226.5014698011880        1226.5016561573339        2453.0028596378856       -44366043.702021189     
   960.04488377391738        31.790073903768079       -1228.8224388151066        1228.8227447469899        2457.6452264299123       -33718777.915713720     
   960.04488377393056        41.907479142849041       -1231.2435312600182        1231.2439692883538        2462.4875497219755       -25628701.669134911     
   960.04488377392511        55.244816775972531       -1233.7704692698926        1233.7710697538009        2467.5406145683146       -19481240.579006501     
   960.04488377395046        72.826851985241774       -1236.4099227166660        1236.4107325749380        2472.8193957493158       -14809640.726589134     
   960.04488377396945        96.004488377396953       -1239.1697572607682        1239.1708425209486        2478.3391654754632       -11259333.445286848     
   960.04488377400025        126.55856373516787       -1242.0589796751694        1242.0604303365949        2484.1176032032890       -8560986.7636760641     
   960.04488377403197        166.83667946591115       -1245.0867209858050        1245.0886580119286        2490.1723394531182       -6509994.0875550406     
   960.04488377402731        219.93357694431171       -1248.2595650199023        1248.2621497456200        2496.5172056834272       -4950911.2437604582     
   960.04488377406904        289.92891984166562       -1251.5781959787589        1251.5816424681511        2503.1532991876893       -3765626.1385838082     
   960.04488377414191        382.20075228368523       -1255.0374648809720        1255.0420559691468        2510.0708550366544       -2864407.0884907227     
   960.04488377427822        503.83871717936773       -1258.6325370887500        1258.6386450381431        2517.2600829379930       -2179092.1783458292     
   960.04488377445398        664.18878406743909       -1262.3656590967707        1262.3737720347444        2524.7238857957959       -1657904.6449617906     
   960.04488377444682        875.57134027048164       -1266.2467236777088        1266.2574792468408        2532.4829366061686       -1261507.3273035437     
   960.04488377464975        1154.2278193986717       -1270.2893504241304        1270.3035783254536        2540.5647408137647       -959998.29787089524     
   960.04488377461985        1521.5686007515196       -1274.5075790707749        1274.5263544094223        2548.9960160805927       -730643.04898684216     
   960.04488377469022        2005.8180611166815       -1278.9147681309794        1278.9394755976073        2557.8032233916692       -556157.55205092253     
   960.04488377490418        2644.1831753858028       -1283.5238387611889        1283.5557410005647        2567.0112340177284       -423400.85340542631     
   960.04488377498444        3485.7122889301045       -1288.3501788785507        1288.3588410727114        2576.6199547477518       -322391.42425074411     
   960.04488377521375        4595.0637135520874       -1293.4651456083359        1292.8999961170030        2586.3180843655164       -245657.78010044628     
   960.04488377528298        6057.4737044865051       -1299.1786074354723        1296.9710645530756        2596.5160443636023       -187493.09865419826     
   960.04488377497910        7985.3055295650529       -1305.2487154830071        1306.2753121689448        2612.3635829768391       -142554.02204324791     
   960.04488377531004        10526.682823784497       -1306.9008341323147        1351.0705732078197        2654.5599061292751       -103988.21633988594     
   960.04488377522034        13876.870567098598       -1276.6492491126487        1546.2406214062298        2783.0105484784381       -59093.699180490446     
   960.04488377510211        18293.278135150544       -1127.1799369890284        2075.8347160375956        3007.1061973105052        5378.3263931883776     
   960.04488377482471        24115.237171941808       -697.15889429079573        2978.5494391810143        3042.8355840286381        88498.380007304630     
   960.04488377414418        31790.073903775705        190.46657192092204        3946.4273445362164        2228.0864479167490        172083.33160716365     
   960.04488377376413        41907.479142841912        1631.5097321909050        4450.3084756626668       -157.98876013021868        235249.52441355426     
   960.04488377390760        55244.816775971660        3592.1119114310504        4075.1135540293863       -4462.8262348816561        268055.38785716589     
   960.04488377435746        72826.851985272806        5938.0606744500283        2716.2339107469115       -10522.719646474947        272661.46183973341     
   960.04488377181633        96004.488377181799        8498.8537951423768        509.23741451959540       -17861.207286949306        256998.65081556694     
   960.04488377234065        126558.56373494930        11118.999461653042       -2192.5720554227464       -25814.180125879640        230528.08184087023     
   960.04488377283531        166836.67946570340        13682.037938531663       -5184.6148405900385       -33944.310139469424        199269.61974517963     
   960.04488377364680        219933.57694422474        16114.862533296715       -8215.8254545445452       -41854.593478898983        167901.16754792983     
   960.04488377431426        289928.91984173987        18383.416916722515       -11124.772839640280       -49315.722555111046        138941.80311870348     
   960.04488377492703        382200.75228399801        20488.065710860970       -13800.190459705897       -56217.491740577869        113610.46751584503     
   960.04488377506584        503838.71717978129        22470.612600217421       -16118.728490189820       -62520.413444411301        92440.478303040931     
   960.04488377507414        664188.78406786814        24482.948427790514       -17654.075527524819       -68102.135238148592        76127.082242101198     
   960.04488377721339        875571.34027300472        27080.382001826267       -17319.304676388296       -72986.236349160346        66162.887747841189     
   960.04488377803796        1154227.8194027448        32041.678287482635       -10159.758966027202       -75774.995315403736        67789.895861381156     
   960.04488377766791        1521568.6007563493        45521.776224393601        15914.404079536725       -76686.862732299545        91852.111956715147     
   960.04488377720054        2005818.0611219241        86447.032039035403        101055.06449123690       -73419.387954069971        165622.10688112982     
   960.04488377803682        2644183.1753944270        211228.44777270409        352137.41401177319       -71911.460954029084        344440.09156070091     
   960.04488377864232        3485712.2889433797        465702.33317051799        786342.13538229815       -146558.19381427538        578305.42621255037     
   960.04488377630389        4595063.7135572955        394040.70352931507        535323.85796594468       -253862.23463030928        343989.35551725596     
   960.04488377497330        6057473.7044845372        393157.18793640146        6090607.7300990894        5303490.0864726249        1140957.8539649930     
   1208.6249006472769        7.9853055295648483       -1528.1677112521979        1528.1637824879977        3056.3320941973830       -210162494.81538832     
   1208.6249006472694        10.526682823780538       -1530.4233668059474        1530.4363643034219        3060.8578286937245       -159657669.40847102     
   1208.6249006472760        13.876870567094759       -1532.7775304894053        1532.7763521915228        3065.5534987112251       -121300385.35116813     
   1208.6249006473324        18.293278135148597       -1535.2291057910306        1535.2289182528534        3070.4576981336104       -92162863.159590319     
   1208.6249006473593        24.115237171946763       -1537.7840265134596        1537.7841097577268        3075.5677329532091       -70029012.496192306     
   1208.6249006473697        31.790073903805055       -1540.4473540878284        1540.4476011687511        3080.8942680040172       -53214426.586288385     
   1208.6249006474382        41.907479142899582       -1543.2245471553997        1543.2249447357983        3086.4501142579220       -40440076.769670285     
   1208.6249006474482        55.244816776039933       -1546.1216634918342        1546.1222314195406        3092.2431773561002       -30734495.226834673     
   1208.6249006475696        72.826851985336020       -1549.1456082614377        1549.1463879871214        3098.2908184785933       -23360087.544221684     
   1208.6249006475971        96.004488377521469       -1552.3044656201005        1552.3055196594660        3104.6081747332810       -17756561.601595316     
   1208.6249006476014        126.55856373532843       -1555.6078373490502        1555.6092530032456        3111.2148534296061       -13498386.515137216     
   1208.6249006475823        166.83667946611465       -1559.0668503418481        1559.0687462053406        3118.1324471673488       -10262332.354461903     
   1208.6249006475671        219.93357694457831       -1562.6930251754509        1562.6955603230037        3125.3843124270370       -7802872.4437245512     
   1208.6249006475775        289.92891984200691       -1566.4950289342344        1566.4984151912229        3132.9880156111176       -5933477.2212730981     
   1208.6249006476050        382.20075228411486       -1570.4741683400016        1570.4786863311049        3140.9451590757599       -4512425.9784562699     
   1208.6249006477078        503.83871717990547       -1574.6236137391675        1574.6296336335697        3149.2426513301189       -3432059.4876822783     
   1208.6249006476951        664.18878406801923       -1578.9356728483235        1578.9436809453316        3157.8647501586411       -2610602.7578082364     
   1208.6249006478533        875.57134027136772       -1583.4112038102346        1583.4218363493846        3166.8126904793835       -1985947.2975066679     
   1208.6249006478592        1154.2278193996012       -1588.0614707910725        1588.0755566323801        3176.1094976672111       -1510909.1018630718     
   1208.6249006479634        1521.5686007529237       -1592.9033280163139        1592.9219420190925        3185.7876967311831       -1149625.4952581599     
   1208.6249006481576        2005.8180611187079       -1597.9545714879075        1597.9791004658114        3195.8839961027561       -874835.47758147924     
   1208.6249006483790        2644.1831753883689       -1603.2322025519088        1603.2644162659217        3206.4287096739076       -665811.39546941197     
   1208.6249006486789        3485.7122889340612       -1608.7527289276968        1608.7930684592620        3217.4567511349574       -506799.37219450827     
   1208.6249006488090        4595.0637135566994       -1614.5398439396256        1614.4978949465794        3228.9268175838370       -385846.12741966546     
   1208.6249006490277        6057.4737044932454       -1620.7461843756364        1619.4710389070033        3240.2365990295548       -294089.06752232311     
   1208.6249006491862        7985.3055295775112       -1627.8296326990271        1624.5559359789784        3253.1293858055319       -224465.64765211046     
   1208.6249006490898        10526.682823796456       -1634.8721748984260        1640.7037160350853        3276.6332001201172       -169996.59402623781     
   1208.6249006491491        13876.870567116352       -1631.6029486256780        1729.6767801235187        3351.9766526122962       -119843.02202631645     
   1208.6249006493133        18293.278135178687       -1564.2503944001362        2097.4171467976421        3577.5377091295441       -53628.616908130534     
   1208.6249006494711        24115.237171989047       -1277.1723853379431        3023.8013548304375        3921.8665479945562        46641.888216397499     
   1208.6249006522439        31790.073903933458       -505.92409621643139        4494.6046368479892        3841.7978803894875        174196.48972237570     
   1208.6249006516491        41907.479143045850        1014.7679101880782        5949.0743991594763        2245.9685180281490        297878.99182213389     
   1208.6249006518383        55244.816776240943        3404.1309810082116        6558.9556913996639       -1932.4143703308696        386763.97465964989     
   1208.6249006516041        72826.851985579575        6580.4029822763714        5746.0303087669381       -9108.1385797450785        428559.18315670936     
   1208.6249006515056        96004.488377832531        10320.822172661077        3422.5186905980700       -18923.604026150424        428632.62380095618     
   1208.6249006516155        126558.56373574949        14361.197875426717       -122.41000743989753       -30561.405298597827        400106.57771862322     
   1208.6249006497460        166836.67946641427        18468.572330326297       -4451.3390460962837       -43118.427829427506        356067.28750644694     
   1208.6249006499045        219933.57694500478        22472.440994874305       -9142.7678880305994       -55832.392229431898        306384.72844637674     
   1208.6249006507603        289928.91984277189        26268.717750206873       -13861.287151653238       -68159.993874428881        257393.45586849723     
   1208.6249006520104        382200.75228550984        29813.043129199777       -18367.762219322991       -79773.661507089899        212631.52143622379     
   1208.6249006535709        503838.71718235192        33116.546429543887       -22487.376040491035       -90521.112779366144        173786.04789564118     
   1208.6249006547121        664188.78407187830        36269.795563117346       -25966.345068539347       -100329.78902786323        141703.16656123186     
   1208.6249006550306        875571.34027657076        39614.008180091390       -27806.732679367651       -108883.99365208454        117989.50903590325     
   1208.6249006541416        1154227.8194056053        44356.129001631867       -26264.998948870503       -116853.29805123786        105133.44480602645     
   1208.6249006550920        1521568.6007619034        54612.875585822942       -8427.0951289092627       -119555.15312466407        116892.73289912377     
   1208.6249006561247        2005818.0611319367        83977.879533405096        50876.926800275192       -119002.93684770932        174267.19468672923     
   1208.6249006557771        2644183.1754045626        174602.72102794558        240845.09671499504       -110294.56460947666        335732.01369637344     
   1208.6249006564190        3485712.2889563930        446963.27530564519        782192.72467236954       -113646.28559248406        708430.96525812824     
   1208.6249006540688        4595063.7135767080        825991.04647315398        1371702.9687289940       -281896.73811507935        973250.27159256535     
   1208.6249006537867        6057473.7045171103        668807.96571077546        930719.83437151299       -407891.63738345820        561829.92150529125     
   1521.5686007603131        7.9853055296081807       -1917.6845252328624        1917.6840110017656        3835.3687953815115       -332016867.03745866     
   1521.5686007603560        10.526682823838023       -1920.2786940656304        1920.2647623948758        3840.5442214852092       -252203262.69812453     
   1521.5686007603661        13.876870567170556       -1922.9780941653648        1923.1070902307999        3846.0828863910610       -191568699.24332792     
   1521.5686007603758        18.293278135247778       -1925.7939010724795        1925.7928105764138        3851.5860248188510       -145543468.09928173     
   1521.5686007604361        24.115237172077926       -1928.7271519528426        1928.7269799935048        3857.4524108250143       -110574057.44435149     
   1521.5686007604545        31.790073903978076       -1931.7841486232203        1931.7842766927590        3863.5678597888163       -84011983.014498308     
   1521.5686007604777        41.907479143125940       -1934.9709468389897        1934.9712728229611        3869.9412284064420       -63834717.707589716     
   1521.5686007604843        55.244816776338098       -1938.2941023440080        1938.2946185729779        3876.5880194879373       -48506751.009141713     
   1521.5686007604513        72.826851985720197       -1941.7609060910120        1941.7616422707340        3883.5215582981546       -36861936.533810973     
   1521.5686007605304        96.004488378030715       -1945.3796930316373        1945.3807052862078        3890.7579165545494       -28014725.538150266     
   1521.5686007605659        126.55856373600227       -1949.1602642081234        1949.1616355396659        3898.3189160512434       -21292631.828379080     
   1521.5686007606450        166.83667946701425       -1953.1143428022622        1953.1161883472953        3906.2285915467037       -16184883.697819822     
   1521.5686007606457        219.93357694576702       -1957.2556739381719        1957.2581496017426        3914.5081537126302       -12303494.931955243     
   1521.5686007606259        289.92891984356771       -1961.5987866098246        1961.6021010622558        3923.1953153507047       -9353861.5938230958     
   1521.5686007607076        382.20075228618424       -1966.1550819341139        1966.1595125164927        3932.3066864802367       -7112098.1743600825     
   1521.5686007607551        503.83871718260627       -1970.9268792125849        1970.9327926217136        3941.8469603058884       -5408154.2998179747     
   1521.5686007608422        664.18878407162470       -1975.9053680769073        1975.9132469517542        3951.8040155803938       -4112859.0187042980     
   1521.5686007609393        875.57134027606173       -1981.0789882940369        1981.0894650466460        3962.1473087593013       -3128076.9304463933     
   1521.5686007609040        1154.2278194057569       -1986.4462603657682        1986.4601597879839        3972.8798362505822       -2379306.8814701568     
   1521.5686007609074        1521.5686007609104       -1992.0197184508843        1992.0381107983267        3984.0212313189995       -1809939.4140080702     
   1521.5686007610034        2005.8180611290409       -1997.8201828393421        1997.8444490577035        3995.6157559870153       -1376964.5587721944     
   1521.5686007614643        2644.1831754023074       -2003.8703114982584        2003.9022217916681        4007.7073039752167       -1047684.8380104317     
   1521.5686007614820        3485.7122889516108       -2010.1919197481382        2010.2336857489065        4020.3378362536232       -797244.30535996822     
   1521.5686007615809        4595.0637135796387       -2016.8064782283532        2016.8547280216355        4033.5438008410597       -606750.72845585598     
   1521.5686007616814        6057.4737045227885       -2023.7558831536990        2023.5595294822924        4047.1847737793146       -461912.01713271835     
   1521.5686007619972        7985.3055296170687       -2031.3573792176444        2028.7571166171717        4060.3091692585126       -352226.55482950533     
   1521.5686007621600        10526.682823850570       -2040.1721258199932        2035.8262654678319        4077.3666449143911       -268755.30557121383     
   1521.5686007620236        13876.870567185759       -2047.7590484414068        2066.2459156214395        4114.8721044003560       -202074.13667008351     
   1521.5686007617685        18293.278135264634       -2032.2705636744370        2244.5088987825070        4253.6381186838844       -134188.34831236326     
   1521.5686007615363        24115.237172095520       -1889.9709612130682        2931.8600500445582        4647.3983710650427       -32613.248986255523     
   1521.5686007613142        31790.073903996232       -1346.7968164801998        4537.6518363062496        5157.3298930038991        125774.53454272359     
   1521.5686007617326        41907.479143160759        25.660736676797107        6911.5644902674185        4776.2260203394380        322320.31931231578     
   1521.5686007614033        55244.816776371816        2618.5246223384547        9064.8846542257015        1733.0512699900000        505270.62625713798     
   1521.5686007612398        72826.851985758389        6568.9244186882097        9721.3019352013071       -5522.8763237580624        629743.27384149248     
   1521.5686007608795        96004.488378053342        11706.826970222077        8093.6140925104792       -17438.800643090253        681499.82105161832     
   1521.5686007604479        126558.56373599322        17667.263829283496        4155.4671638904983       -33311.311251258565        671655.08864402026     
   1521.5686007615741        166836.67946711709        24042.586873863998       -1590.5052170258205       -51822.690266111225        621025.63562016247     
   1521.5686007620150        219933.57694596617        30484.341206908815       -8461.2144724682003       -71593.119266284455        549217.71122702002     
   1521.5686007623669        289928.91984390107        36743.249638417190       -15821.290026622864       -91488.963318730443        470622.21133017575     
   1521.5686007621607        382200.75228655117        42671.974813364548       -23171.995294562181       -110717.01224763870        394306.22780579922     
   1521.5686007623915        503838.71718315064        48215.446563409700       -30156.233890801446       -128810.27379935097        325243.92040535889     
   1521.5686007681961        664188.78407483792        53410.886217980435       -36487.824067244030       -145557.00591828194        265799.45285558293     
   1521.5686007706972        875571.34028168081        58455.503102366987       -41615.188565104138       -160799.66094316577        217457.82121159791     
   1521.5686007710892        1154227.8194134878        64120.958174884414       -43251.160572160101       -173793.23293929329        183874.65993455207     
   1521.5686007717422        1521568.6007717510        72947.766454110242       -37269.204516207923       -185489.72606850110        170355.03676963123     
   1521.5686007700547        2005818.0611409799        94585.580803108183        3826.3914146568713       -187688.03964096768        206656.51863778481     
   1521.5686007687686        2644183.1754150093        158677.29575525830        137024.75601047755       -182675.97696159600        337316.91691865743     
   1521.5686007676079        3485712.2889656555        358410.09114736615        556612.01502087526       -162526.36918407580        684652.66320611001     
   1521.5686007658069        4595063.7135924138        937536.33665658825        1688179.2236109488       -189099.68242325715        1434280.6240625612     
   1521.5686007674399        6057473.7045457289        1329185.8686766843        2141161.8081375221       -518713.11766387336        1478790.9835344255     
   1915.5413772942541        7.9853055296456974       -2407.1340687286443        2407.1339501029024        4814.2690492085794       -524666439.97221440     
   1915.5413772942659        10.526682823887247       -2410.1134194525330        2410.1124878333226        4820.2264813897518       -398492879.59737659     
   1915.5413772942752        13.876870567235423       -2413.2175849362902        2413.2920561816591        4826.5114914790483       -302666852.63115042     
   1915.5413772942923        18.293278135333335       -2416.4472102356704        2416.4292079419088        4832.8741611022178       -229912859.93321380     
   1915.5413772942873        24.115237172189698       -2419.8158516263443        2419.8148101201359        4839.6298039009307       -174648622.95679304     
   1915.5413772942954        31.790073904125173       -2423.3254728337624        2423.3253214390988        4846.6505644857816       -132676660.81045622     
   1915.5413772943446        41.907479143320280       -2426.9832674407885        2426.9834542236376        4853.9656263498582       -100797403.72449419     
   1915.5413772943948        55.244816776595506       -2430.7964880613267        2430.7969159674080        4861.5934822672325       -76582815.131158710     
   1915.5413772943982        72.826851986061229       -2434.7730102351775        2434.7736793903027        4869.5449810325736       -58188992.716622330     
   1915.5413772943980        96.004488378475287       -2438.9216120279266        2438.9225652895020        4877.8418857795623       -44216060.302866429     
   1915.5413772945960        126.55856373659844       -2443.2523570636531        2443.2536698504300        4886.5043589553425       -33600873.664058037     
   1915.5413772946597        166.83667946779698       -2447.7771320594338        2447.7789141330713        4895.5522308255368       -25536045.579229448     
   1915.5413772945840        219.93357694679011       -2452.5102532185765        2452.5126559293944        4905.0178346494722       -19408512.939604316     
   1915.5413772945317        289.92891984491229       -2457.4686993960408        2457.4719270268988        4914.9354586633144       -14752623.213751428     
   1915.5413772946117        382.20075228795213       -2462.6707840401791        2462.6751093428652        4925.3385841769250       -11214683.625107646     
   1915.5413772945424        503.83871718490292       -2468.1314864159822        2468.1372710352616        4936.2588167782424       -8526056.7627804130     
   1915.5413772945417        664.18878407461409       -2473.8547019703319        2473.8624228067165        4947.7023242259784       -6482654.7835838702     
   1915.5413772945126        875.57134027993334       -2479.8293587073504        2479.8396415168395        4959.6495551554090       -4929458.4072163180     
   1915.5413772945508        1154.2278194109103       -2486.0387656561729        2486.0524273283368        4972.0631581871057       -3748721.4304871620     
   1915.5413772947920        1521.5686007678923       -2492.4777695060957        2492.4958705058543        4984.9367855483251       -2851045.8221335984     
   1915.5413772949478        2005.8180611382813       -2499.1598818683633        2499.1837901547615        4998.2957606435466       -2168522.5310540791     
   1915.5413772950674        2644.1831754138520       -2506.1107602600146        2506.1422274327738        5012.1884142100107       -1649551.4503090261     
   1915.5413772949992        3485.7122889666657       -2513.3593854392216        2513.4006340710166        5026.6736777453116       -1254915.9100006195     
   1915.5413772950653        4595.0637135993447       -2520.9340028936431        2520.9876561679771        5041.8082390770160       -954804.72595428850     
   1915.5413772949717        6057.4737045480697       -2528.8633617816081        2528.9125194719495        5057.6250515703332       -726562.47878427035     
   1915.5413772950792        7985.3055296491866       -2537.2321634124492        2536.6210527912317        5073.7230950154608       -553140.99372890603     
   1915.5413772954294        10526.682823893705       -2546.6601022872387        2541.8468864550300        5089.0856542324091       -422041.03636163945     
   1915.5413772955103        13876.870567244458       -2557.6105260098570        2552.8470966171649        5112.8009909856864       -321738.78371218679     
   1915.5413772959962        18293.278135349723       -2564.2894415878823        2613.7923079895845        5177.3858749889787       -238727.74203136098     
   1915.5413772961303        24115.237172213052       -2520.7757720855752        2970.6354149083168        5436.9608519527746       -142271.78011296637     
   1915.5413772954678        31790.073904144818       -2229.7320383304350        4243.2026529269060        6116.6281506731657        18753.868465323860     
   1915.5413772952620        41907.479143340599       -1214.4133559417760        7000.3907220908986        6831.7326640098981        271474.89771731966     
   1915.5413772953370        55244.816776623025        1210.8914620890048        10793.790845631103        5762.3593857636552        574763.03359495464     
   1915.5413772950806        72826.851986087611        5612.3870615930991        13925.616769542698        78.221241599720088        844843.11293365352     
   1915.5413772948086        96004.488378496462        12126.133789986712        14459.560358548721       -12429.248129926722        1017931.6074736489     
   1915.5413772946586        126558.56373660335        20425.176693238773        11353.763576116842       -32148.109897239956        1079254.8473377710     
   1915.5413772941813        166836.67946775636        29917.998573019195        4727.6151899877623       -57776.133456911484        1049846.8749035122     
   1915.5413772940155        219933.57694672616        39977.972237722090       -4567.2139954903541       -87208.565232652909        962418.58599948557     
   1915.5413772948561        289928.91984496301        50084.740632181230       -15469.211679232903       -118343.44986403595        846277.23514809413     
   1915.5413772952838        382200.75228808832        59874.567967513649       -27020.912717072941       -149495.87661343120        722396.30126546300     
   1915.5413772963593        503838.71718538337        69140.658171927018       -38478.471666862679       -179508.59305017907        603760.40081735933     
   1915.5413772967270        664188.78407537495        77820.591239444606       -49302.668275278680       -207717.28117243579        497370.96342585864     
   1915.5413772974066        875571.34028126020        86011.286620684827       -58999.818049377311       -233821.44818220910        406613.40285864618     
   1915.5413772984864        1154227.8194132869        94145.886054240866       -66325.595888288430       -257441.29404813459        334360.61234398151     
   1915.5413772997242        1521568.6007718162        103971.09669082664       -66196.526846482186       -276983.79419180192        288672.29584371264     
   1915.5413773007760        2005818.0611443920        121169.03565091500       -44521.993289917722       -289716.20336993242        285959.19947260595     
   1915.5413772987099        2644183.1754188896        167030.79999721114        44066.752708263724       -292841.29446001211        374692.77007399563     
   1915.5413772981296        3485712.2889723736        306969.52591478400        340306.20273354469       -276430.62131162797        663657.17839975306     
   1915.5413772995760        4595063.7136101797        744919.15747037600        1258339.8634292337       -234176.73195795296        1400429.6178213670     
   1915.5413773003695        6057473.7045651563        1917388.3497045049        3496176.4526288984       -340942.43910966394        2814449.0888805892     
   2411.5237172266620        7.9853055296712903       -3022.2524357436282        3022.2524556134513        6044.5074729644330       -829304268.44697893     
   2411.5237172267307        10.526682823921220       -3025.6748698095839        3025.6746315610685        6051.3494601545044       -629803524.21993911     
   2411.5237172267266        13.876870567280116       -3029.2394693274650        3029.2377559013648        6058.4763210912924       -478317801.37587041     
   2411.5237172267275        18.293278135392100       -3032.9546721720990        3032.9770534745126        6065.9341429058386       -363283384.83981258     
   2411.5237172267193        24.115237172267143       -3036.8177143685602        3036.8085205347506        6073.6253439887932       -275932490.19405204     
   2411.5237172267398        31.790073904227395       -3040.8480140825018        3040.8469966583493        6081.6937300254176       -209593344.43134099     
   2411.5237172267621        41.907479143454353       -3045.0473267500902        3045.0472025084914        6090.0931164879858       -159212316.59582880     
   2411.5237172267621        55.244816776770804       -3049.4240660098044        3049.4243286606079        6098.8450302882711       -120948392.24820492     
   2411.5237172267839        72.826851986292837       -3053.9869243434609        3053.9874827574804        6107.9730621235503       -91886073.015112892     
   2411.5237172268276        96.004488378782355       -3058.7453662292160        3058.7462311238833        6117.4903990822186       -69811314.533321023     
   2411.5237172268244        126.55856373698998       -3063.7099629193340        3063.7111945281918        6127.4176190326198       -53043204.319197856     
   2411.5237172268926        166.83667946831235       -3068.8928705645731        3068.8945694734834        6137.7841171050404       -40305451.460861154     
   2411.5237172269162        219.93357694748033       -3074.3085100818330        3074.3108207362711        6148.6134099850533       -30628734.145144913     
   2411.5237172269476        289.92891984583389       -3079.9743695749603        3079.9774900484131        6159.9438587953528       -23277068.609423615     
   2411.5237172270204        382.20075228916255       -3085.9114226238294        3085.9156193441877        6171.8191352428639       -17691493.200699389     
   2411.5237172269613        503.83871718650443       -3092.1427409936073        3092.1483686226256        6184.2795979538287       -13447447.075718448     
   2411.5237172270249        664.18878407674299       -3098.6879726598127        3098.6954999530099        6197.3703543428956       -10222512.338969404     
   2411.5237172271559        875.57134028280075       -3105.5533905137968        3105.5634333278754        6211.0960140207881       -7771723.4969840581     
   2411.5237172275802        1154.2278194148703       -3112.7254437068391        3112.7388065099158        6225.4414043683873       -5909059.6340491222     
   2411.5237172276902        1521.5686007729903       -3120.1807612561797        3120.1984884525687        6240.3444711301781       -4493192.1863134252     
   2411.5237172278917        2005.8180611450064       -3127.9086788162263        3127.9321167462372        6255.7948518965641       -3416857.7691241945     
   2411.5237172278962        2644.1831754225573       -3135.9231061697506        3135.9539757695570        6271.8131673825210       -2598571.3448024974     
   2411.5237172280149        3485.7122889784373       -3144.2555666753638        3144.2960449522866        6288.4685098449481       -1976437.1268754008     
   2411.5237172281613        4595.0637136149826       -3152.9433072241563        3152.9961104053878        6305.8303470765168       -1503404.7904694302     
   2411.5237172281390        6057.4737045689253       -3162.0232710850983        3162.0910726538973        6323.9663560930603       -1143713.5943961600     
   2411.5237172280858        7985.3055296760549       -3171.5359451781928        3171.5584467123972        6342.9065529817053       -870208.50043531484     
   2411.5237172289762        10526.682823931087       -3181.6680829532111        3180.0447937449248        6361.6459974052550       -662631.89685326419     
   2411.5237172291390        13876.870567294085       -3193.5297466696493        3185.3942206988654        6380.2646178486448       -505884.60376044840     
   2411.5237172288771        18293.278135408516       -3206.9840200117496        3204.3210038002453        6415.0503456212282       -384930.87688979012     
   2411.5237172296952        24115.237172297049       -3208.8311656746378        3331.0366530457759        6533.7867370313324       -278788.06907994358     
   2411.5237172297748        31790.073904267603       -3103.8717336767650        4040.6669257869794        7021.2035046672772       -134373.15128086437     
   2411.5237172295615        41907.479143503260       -2521.8892792930305        6372.4764207207627        8176.0665851349604        127276.21529446983     
   2411.5237172293637        55244.816776830739       -643.58045617372204        11060.619002215260        9093.8419264780205        532728.00907027244     
   2411.5237172290313        72826.851986361158        3614.9188274133940        17057.946947718941        6559.5817444093318        1000410.0880248051     
   2411.5237172282445        96004.488378839349        11055.784629047588        21514.606019630744       -3881.0426143267196        1397749.5655278298     
   2411.5237172285083        126558.56373707912        21768.834057679098        21539.469544655523       -25298.880761817130        1636154.6545391469     
   2411.5237172288662        166836.67946844987        35155.405208570199        15803.581132349158       -57825.747864929501        1703597.4739394453     
   2411.5237172285483        219933.57694763053        50265.602291383519        4723.7639215948147       -99145.082147533671        1637774.3482140820     
   2411.5237172292605        289928.91984611365        66139.522195783327       -10284.261217505649       -145921.60042144181        1489674.1099524759     
   2411.5237172290767        382200.75228949060        82001.450847368411       -27577.604488210076       -194960.90119416086        1303001.7715848933     
   2411.5237172295756        503838.71718705335        97322.063083958128       -45712.531490679787       -243760.39395177760        1108316.0298857053     
   2411.5237172304996        664188.78407770349        111814.65206003943       -63577.894537462795       -290634.93859112402        924199.39258518908     
   2411.5237172310344        875571.34028421307        125422.33592957655       -80343.841742321179       -334640.09329880367        760545.96712142637     
   2411.5237172320703        1154227.8194170247        138375.08656265639       -95106.247505192616       -375329.13630179164        622370.92438081768     
   2411.5237172361221        1521568.6007783171        151633.68816963604       -104998.36635041048       -411752.29921727988        515658.79526659730     
   2411.5237172357715        2005818.0611515685        169133.11776330401       -99189.499591916785       -440941.50191526639        457422.11725781183     
   2411.5237172379766        2644183.1754336203        203536.48964983172       -45969.608044707449       -456499.20300808939        483897.88194425800     
   2411.5237172388124        3485712.2889940566        301590.27253486076        153250.46596814628       -453307.15571045660        695963.48136923264     
   2411.5237172374673        4595063.7136327308        606951.28117714252        806895.72662248078       -410217.30323288136        1322381.3273297178     
   2411.5237172386005        6057473.7045952221        1561342.3462781825        2795836.5054632723       -329739.66676808405        2865239.9402626622     
   3035.9284887760123        7.9853055297108284       -3795.4187286121560        3795.4188193058885        7590.8360974337165       -1311119617.4955225     
   3035.9284887760728        10.526682823973253       -3799.3504687608556        3799.3504420288223        7598.7015083194474       -995616819.81850791     
   3035.9284887760655        13.876870567348700       -3803.4450802936426        3803.4446407510281        7606.8890347012039       -756066373.76252782     
   3035.9284887760305        18.293278135482289       -3807.7099658220604        3807.7066946299101        7615.4164909825631       -574178661.52256596     
   3035.9284887759700        24.115237172385640       -3812.1619105127611        3812.1830371694487        7624.3553811598522       -436066449.82162297     
   3035.9284887759945        31.790073904383590       -3816.7771079477748        3816.7704664930161        7633.5466645325796       -331192370.44836670     
   3035.9284887760796        41.907479143661050       -3821.5992118875602        3821.5982003800782        7643.1970494929210       -251552142.49671611     
   3035.9284887760505        55.244816777042750       -3826.6238315630803        3826.6237421646215        7653.2503645608540       -191072812.56745154     
   3035.9284887760264        72.826851986650084       -3831.8609134270810        3831.8612722407852        7663.7207901305192       -145141741.80607980     
   3035.9284887760523        96.004488379252393       -3837.3208826692276        3837.3216060103027        7674.6453516638303       -110258263.32335559     
   3035.9284887760050        126.55856373760780       -3843.0151169019114        3843.0162296568301        7686.0321166409403       -83763504.303419098     
   3035.9284887761933        166.83667946913243       -3848.9563523887177        3848.9579374632031        7697.9132519978639       -63639310.970764264     
   3035.9284887762974        219.93357694856681       -3855.1592783574370        3855.1614688062273        7710.3194510610811       -48353142.561211735     
   3035.9284887762697        289.92891984725969       -3861.6413993235715        3861.6443840343036        7723.2830885608346       -36741261.693924092     
   3035.9284887763661        382.20075229104270       -3868.4240852260559        3868.4281218078759        7736.8438362429115       -27920001.463256489     
   3035.9284887764588        503.83871718901071       -3875.5332463499667        3875.5386799375447        7751.0641580885977       -21218404.424739938     
   3035.9284887764561        664.18878408002877       -3882.9979345926213        3883.0052228253649        7765.9925911531263       -16126788.016259471     
   3035.9284887767171        875.57134028715996       -3890.8438759576343        3890.8536209850899        7781.6812160104309       -12258112.050708801     
   3035.9284887769149        1154.2278194204891       -3899.0808435148301        3899.0938321616941        7798.1502465159929       -9318386.5768124778     
   3035.9284887766416        1521.5686007801912       -3907.6927180848948        3907.7099712364848        7815.3701227371103       -7084308.6205817964     
   3035.9284887765302        2005.8180611542573       -3916.6475946524220        3916.6704264337072        7833.2739062951769       -5386288.5556054255     
   3035.9284887766407        2644.1831754348441       -3925.9268261261514        3925.9569119686512        7851.8284970236418       -4095578.2086424786     
   3035.9284887765948        3485.7122889944094       -3935.5437266113445        3935.5831767797240        7871.0453647252416       -3114395.4018233870     
   3035.9284887766398        4595.0637136358282       -3945.5368937165836        3945.5883242946661        7891.0194516515839       -2368487.1501089283     
   3035.9284887766921        6057.4737045965649       -3955.9544521742623        3956.0210295822612        7911.8393177456383       -1801403.8494558840     
   3035.9284887776880        7985.3055297152869       -3966.8452989147977        3966.9282421207549        7933.5895182241729       -1370244.0316011359     
   3035.9284887781023        10526.682823980354       -3978.2715060236233        3978.1794574574442        7956.2284349255297       -1042471.0011038355     
   3035.9284887796730        13876.870567365273       -3990.6559992880975        3986.7888707807620        7977.5964497177592       -794157.23592860589     
   3035.9284887795770        18293.278135503773       -4005.7807882216325        3993.1175478070322        8001.6362900192889       -606560.39138961351     
   3035.9284887800386        24115.237172418107       -4021.8373578676255        4028.7078962642950        8056.0557177969167       -459817.78666334797     
   3035.9284887799522        31790.073904425230       -4009.2051053525247        4296.4900686306210        8284.5718013088081       -318620.87045619439     
   3035.9284887802719        41907.479143719174       -3773.4824890303357        5693.9692233348096        9195.8600374971465       -91380.715949944803     
   3035.9284887805520        55244.816777124994       -2629.5658838124336        9920.9633788773244        11119.481056878183        340847.18119260250     
   3035.9284887806507        72826.851986761481        813.51872178748681        17813.077745147333        12108.996592583908        992542.85763588711     
   3035.9284887819540        96004.488379439616        8246.5312306073793        27186.584458445603        6599.1018293095076        1712036.1403713287     
   3035.9284887818553        126558.56373785247        20776.407643262366        33353.746844498164       -12311.917935294467        2293834.5786082349     
   3035.9284887825902        166836.67946948498        38353.156821431301        32069.335337946890       -48769.309433754883        2618079.8898311737     
   3035.9284887820581        219933.57694898549        59917.147537320918        21724.166187491028       -102263.09328200133        2682069.4736889815     
   3035.9284887826670        289928.91984787234        83955.095345525217        3296.3151372468565       -168788.63831708478        2550924.9413689179     
   3035.9284887828371        382200.75229185965        109001.29331462650       -20895.657270299271       -243095.63150492826        2303561.7669060929     
   3035.9284887817334        503838.71718988894        133901.54757313471       -48317.588806558837       -320341.29205004207        2005019.9236762603     
   3035.9284887816139        664188.78408116079        157888.35499100605       -76792.125592477561       -396812.01923469442        1699788.2049405593     
   3035.9284887817566        875571.34028861788        180571.54196678026       -104649.48876159143       -470055.90776353906        1414471.9853674187     
   3035.9284887817867        1154227.8194223470        201934.77423351858       -130585.16326260217       -538732.12227927404        1163106.5546002807     
   3035.9284887828089        1521568.6007832889        222501.67625472322       -152834.60110152379       -602118.60967549658        953528.60935175919     
   3035.9284887823128        2005818.0611580864        244423.57251939346       -164741.09259680592       -657849.56164298602        798754.39953181834     
   3035.9284887828503        2644183.1754402635        276472.48191953357       -144561.97298307394       -701710.79940957413        732692.59114418318     
   3035.9284887837234        3485712.2890026071        346884.00228419906       -18209.985901564185       -716058.57252239855        838524.97773885843     
   3035.9284887842405        4595063.7136473488        557765.90429673542        425025.85033940594       -694352.85287235747        1321311.7090593183     
   3035.9284887888271        6057473.7046207972        1223292.7643173623        1857775.5939153105       -592243.46711608837        2659909.5278813997     
   3822.0075229261111        7.9853055297445268       -4767.3719166567926        4767.3720511268239        9534.7452328308755       -2073298971.3464978     
   3822.0075229260801        10.526682824017382       -4771.8889425084544        4771.8890132710521        9543.7812823246677       -1574248977.6866782     
   3822.0075229261101        13.876870567407014       -4776.5927816845488        4776.5926728024997        9553.1876619614704       -1195366900.7707903     
   3822.0075229261074        18.293278135559362       -4781.4916366249718        4781.4908577419001        9562.9836768092573       -907708458.31614304     
   3822.0075229261352        24.115237172487898       -4786.5944964432229        4786.5877880856478        9573.1850239116557       -689303291.27966118     
   3822.0075229261324        31.790073904518113       -4791.8860698341605        4791.9137639811761        9583.7789644889617       -523461356.99381989     
   3822.0075229261115        41.907479143836973       -4797.4430267900107        4797.4375049025566        9594.8834196293283       -397551534.45008785     
   3822.0075229261356        55.244816777275538       -4803.2126514622068        4803.2116297172670        9606.4161528951990       -301935360.76411331     
   3822.0075229261911        72.826851986958602       -4809.2248790613521        4809.2248318926431        9618.4519356081837       -229328530.05847162     
   3822.0075229261961        96.004488379658412       -4815.4915352629569        4815.4920125166291        9630.9827147617580       -174190031.58569187     
   3822.0075229262193        126.55856373814578       -4822.0251303759396        4822.0260579815094        9644.0500693662943       -132315911.61641711     
   3822.0075229263166        166.83667946983550       -4828.8393472549387        4828.8407686727433        9657.6735383308696       -100513598.44554704     
   3822.0075229263452        219.93357694948776       -4835.9495370931218        4835.9515643227423        9671.8914954823740       -76359573.491282120     
   3822.0075229264335        289.92891984848308       -4843.3734607211381        4843.3762680266809        9686.7533257958821       -58013731.398682289     
   3822.0075229264580        382.20075229264580       -4851.1323757449709        4851.1362079968485        9702.2660111746372       -44078348.510961547     
   3822.0075229264617        503.83871719110903       -4859.2524086111534        4859.2575978353198        9718.4988041478500       -33492745.052805949     
   3822.0075229263302        664.18878408277271       -4867.7655747324825        4867.7725635479037        9735.5268696484709       -25451346.292925104     
   3822.0075229262693        875.57134029068800       -4876.7084420846795        4876.7178141849517        9753.4098708213241       -19342259.723534800     
   3822.0075229261970        1154.2278194250430       -4886.1146297478581        4886.1271480853775        9772.2131678852238       -14700857.930415504     
   3822.0075229262438        1521.5686007863496       -4895.9989707578279        4896.0156240053466        9791.9833814762424       -11174284.386386633     
   3822.0075229261038        2005.8180611623759       -4906.3429170142426        4906.3649744170498        9812.6678129248539       -8494444.8126591314     
   3822.0075229263434        2644.1831754456161       -4917.1038686688962        4917.1329417469178        9834.1811657303515       -6457797.7343129711     
   3822.0075229262134        3485.7122890085438       -4928.2519424234124        4928.2900484639786        9856.4681390054830       -4909819.1402012752     
   3822.0075229261920        4595.0637136543673       -4939.7982941743339        4939.8479103128066        9879.5489562802486       -3733177.6906886571     
   3822.0075229262588        6057.4737046210057       -4951.7900180428314        4951.8541046460423        9903.5171030962374       -2838753.5509425863     
   3822.0075229263684        7985.3055297451137       -4964.2896716074674        4964.3715899844865        9928.4843154250048       -2158820.5544169787     
   3822.0075229264944        10526.682824018588       -4977.3629587089499        4977.4571512435496        9954.5934560362402       -1641924.8888588531     
   3822.0075229267732        13876.870567409505       -4991.1175446642847        4990.6565199209263        9981.5394580417214       -1249120.4848002670     
   3822.0075229272043        18293.278135564724       -5006.4900503991475        4998.1492374811723        10005.372621605631       -952303.14520316082     
   3822.0075229274239        24115.237172496174       -5025.9606961242889        5007.7343723451468        10038.844361031588       -727402.39117613609     
   3822.0075229310646        31790.073904559333       -5043.8098360967779        5079.9706276598017        10130.832614641102       -547410.08721200016     
   3822.0075229310924        41907.479143891847       -4994.1864621633931        5647.0262566691754        10581.883988702608       -349398.27318071091     
   3822.0075229311678        55244.816777348620       -4486.2733774130256        8367.7927692459234        12269.216998395528        23287.248415975511     
   3822.0075229317185        72826.851987064380       -2269.2279602967801        15946.761405771646        15395.596297047909        744089.52873275010     
   3822.0075229320400        96004.488379805785        3989.7477205315722        29097.465931518644        16008.912145674863        1790676.0799414658     
   3822.0075229327804        126558.56373836382        16891.379222530464        43565.793852190662        4653.6112032495366        2893524.5437278170     
   3822.0075229331983        166836.67947013694        37912.324586482726        51783.042776509908       -29192.299932098751        3740328.7617131677     
   3822.0075229336171        219933.57694990755        66683.041470990094        47626.874717255094       -90912.149306739739        4174013.3666249225     
   3822.0075229336107        289928.91984902933        101374.50775446492        29302.637911313184       -178642.08476719318        4213413.7372683994     
   3822.0075229335098        382200.75229335320        139592.69311655924       -2111.8559008518350       -286515.65729202272        3958961.5557193514     
   3822.0075229329559        503838.71719196800        179106.40359551692       -40136.778542291053       -403589.79866657010        3559327.5882563670     
   3822.0075229325880        664188.78408386372        218201.90073024234       -83601.412224675587       -525265.27573549538        3083815.3581548128     
   3822.0075229330064        875571.34029223584        255771.84424484731       -128309.53128039355       -645127.76277397689        2606237.1119983010     
   3822.0075229320682        1154227.8194268215        291300.61645623954       -171735.48473986302       -759615.18553874386        2164687.9524552501     
   3822.0075229301929        1521568.6007879288        324897.14182936534       -211763.07970397722       -866822.62061622785        1779258.1575551378     
   3822.0075229315389        2005818.0611652371        357732.68752847490       -244743.70775650072       -965429.18840261083        1463050.3065501004     
   3822.0075229320964        2644183.1754496074        394661.25414899207       -255258.08587172374       -1049702.9682712248        1244890.2624247256     
   3822.0075229153645        3485712.2889986630        454916.77607750677       -203426.14935925999       -1118198.4149516686        1187128.1615913454     
   3822.0075229181307        4595063.7136446917        601817.17473040195        91530.838867641636       -1116717.2371503212        1489847.6785982540     
   3822.0075229206045        6057473.7046120642        1057086.7028906429        1069922.4872586178       -1048314.4046961325        2556444.5037740581     
   4811.6223946733107        7.9853055297331519       -5989.3719406580312        5989.3721034113578        11978.742324937091       -3279170079.4543433     
   4811.6223946733007        10.526682824002449       -5994.5613549438831        5994.5614778572535        11989.118799347412       -2489659211.2907333     
   4811.6223946732971        13.876870567387211       -5999.9652617297852        5999.9652892823979        11999.937278493078       -1890305584.2839675     
   4811.6223946732644        18.293278135533143       -6005.5928593071167        6005.5926103133306        12011.192386254213       -1435288493.1750336     
   4811.6223946732662        24.115237172453167       -6011.4539838906721        6011.4526274464079        12022.907757873596       -1089839424.6684234     
   4811.6223946732998        31.790073904472575       -6017.5596578208024        6017.5437716148317        12035.099885217445       -827568987.02310407     
   4811.6223946733335        41.907479143777465       -6023.9085479251717        6023.9600302872632        12047.869980127634       -628430395.82181680     
   4811.6223946733462        55.244816777196895       -6030.5395055587796        6030.5345334433850        12061.076457890082       -477242961.17528325     
   4811.6223946734208        72.826851986855004       -6037.4429894620571        6037.4419384267821        12074.897588034974       -362440593.85917151     
   4811.6223946734426        96.004488379522130       -6044.6370705360596        6044.6370694104135        12089.277358175455       -275266434.92271507     
   4811.6223946734799        126.55856373796634       -6052.1358553624850        6052.1364719647499        12104.268435748048       -209069719.68892857     
   4811.6223946735345        166.83667946959662       -6059.9543640783677        6059.9555366666555        12119.915108822450       -158800706.77102441     
   4811.6223946736854        219.93357694917808       -6068.1090604250585        6068.1108561430374        12136.215909092549       -120624561.05998133     
   4811.6223946736982        289.92891984806892       -6076.6184576034375        6076.6210248784600        12153.229165095556       -91631295.294490814     
   4811.6223946737709        382.20075229210318       -6085.5040430344588        6085.5076071620770        12171.001726426864       -69611078.714716777     
   4811.6223946737628        503.83871719039246       -6094.7916508842463        6094.7965253622760        12189.588412947694       -52886069.961150922     
   4811.6223946737564        664.18878408185003       -6104.5132424563108        6104.5198494814731        12209.017682473859       -40182062.351682171     
   4811.6223946738901        875.57134028950986       -6114.7083906202351        6114.7172891869668        12229.412324964567       -30532115.948620107     
   4811.6223946739337        1154.2278194235221       -6125.4231107747710        6125.4350320856738        12250.829364586549       -23201492.276734944     
   4811.6223946738792        1521.5686007843090       -6136.7012598202273        6136.7171498247699        12273.388728905682       -17632522.247550759     
   4811.6223946739665        2005.8180611597959       -6148.5648759200876        6148.5859441227467        12297.109107453849       -13401455.616985764     
   4811.6223946741648        2644.1831754421573       -6160.9934990008023        6161.0212709676989        12321.966744032543       -10186570.782552784     
   4811.6223946742230        3485.7122890041460       -6173.9314061391879        6173.9677734577463        12347.830425821183       -7743493.6210691724     
   4811.6223946743739        4595.0637136487394       -6187.3332998755568        6187.3805533075192        12374.615520481748       -5886752.2108572247     
   4811.6223946743739        6057.4737046134805       -6201.2058639634251        6201.2666823177506        12402.350772934598       -4475542.9555685967     
   4811.6223946744312        7985.3055297350611       -6215.6063944988491        6215.6837399747128        12431.133496718659       -3402901.7426018473     
   4811.6223946747223        10526.682824005624       -6230.6168068035995        6230.7134786854031        12461.128524532836       -2587571.5021492452     
   4811.6223946747277        13876.870567391423       -6246.3273109576285        6246.4132170981475        12492.483479690574       -1967809.6627958221     
   4811.6223946748414        18293.278135539251       -6262.9523835931368        6261.4372584295079        12524.213884068913       -1497150.0791835566     
   4811.6223946754108        24115.237172464065       -6282.4522207579148        6266.1521959869378        12550.674184986950       -1142596.7510712785     
   4811.6223946753262        31790.073904486158       -6307.6005452378431        6283.7473578384052        12600.486439166199       -872322.15857714042     
   4811.6223946762402        41907.479143803037       -6323.8780167890691        6438.7965765102790        12769.012726060402       -647196.87762026978     
   4811.6223946768623        55244.816777237604       -6186.5262011952727        7631.9763935369765        13667.510359871440       -351744.14193290268     
   4811.6223946767204        72826.851986905385       -5122.0582438679639        12864.597360793665        16750.327632750221        278276.33216457861     
   4811.6223946770169        96004.488379594040       -876.87839767356888        26304.485563871822        21678.120677896797        1485078.9077735953     
   4811.6223946780492        126558.56373808732        10413.216288668915        47989.636970560605        20760.461413442888        3161041.2491149297     
   4811.6223946778709        166836.67946974799        32688.447122420552        70015.171320297814       -1787.7295214963124        4843593.8777316585     
   4811.6223946787850        219933.57694941253        67829.235796881025        80373.429257266049       -61734.557577542204        6067209.5177475475     
   4811.6223946798655        289928.91984844231        114817.34986096309        70409.802682990296       -165697.79829485549        6634356.4523751438     
   4811.6223946793962        382200.75229255232        170556.79921892341        38413.304096380336       -309196.13992173225        6607034.4408292323     
   4811.6223946785994        503838.71719090187        231283.69778289192       -11874.383932155994       -480956.98207423533        6165696.7739040796     
   4811.6223946774044        664188.78408235742        293611.36240639305       -74439.981205005606       -668192.37412879290        5496059.7298650667     
   4811.6223946772652        875571.34029012872        355001.59956898959       -143299.12237602982       -859837.65590837190        4741244.6638868256     
   4811.6223946768778        1154227.8194242341        413867.62044916523       -213481.48916131520       -1047742.8601971065        3995334.3100258275     
   4811.6223946753216        1521568.6007847725        469561.01890897308       -281131.68598466017       -1226742.0323236051        3312901.3480412127     
   4811.6223946738846        2005818.0611597709        522510.63747208152       -342673.18318097858       -1394101.9870537666        2723128.0772789349     
   4811.6223946730443        2644183.1754415534        575322.40643086121       -390198.91030399816       -1547098.7082567448        2249711.4990810845     
   4811.6223946735790        3485712.2890036940        639002.26486847061       -388383.75678901485       -1672377.9647625505        1956397.7099367371     
   4811.6223946729542        4595063.7136474010        754752.13036608638       -274914.44459525752       -1789963.7581038545        1943938.5700443275     
   4811.6223946748441        6057473.7046140945        1066161.3071174459        408801.46197707718       -1728338.7441918640        2714076.7268345114     
   6057.4737046141781        7.9853055297358528       -7525.9200202306256        7525.9201978943511        15051.852430860097       -5187320582.8193588     
   6057.4737046141772        10.526682824006029       -7531.8814711537543        7531.8816174472386        15063.771040709596       -3938099844.3418517     
   6057.4737046141754        13.876870567391936       -7538.0895363980053        7538.0896249520756        15076.181802080526       -2989814437.9396243     
   6057.4737046140917        18.293278135539246       -7544.5544777998257        7544.5544228606468        15089.113107318703       -2269951829.2028303     
   6057.4737046141227        24.115237172461324       -7551.2872894404263        7551.2868056308916        15102.571203408557       -1723469706.8822422     
   6057.4737046141754        31.790073904483386       -7558.2997796516329        7558.2974227631876        15116.598572165032       -1308600667.2771213     
   6057.4737046142009        41.907479143791598       -7565.6057230685392        7565.5499291594742        15131.172510910590       -993644410.31331134     
   6057.4737046142691        55.244816777215995       -7573.2047194694414        7573.7179074344740        15146.907485104341       -754447866.66751361     
   6057.4737046143255        72.826851986879731       -7581.1354251991661        7581.1306965843760        15162.260163000719       -572950375.11181605     
   6057.4737046143537        96.004488379554743       -7589.3957706303199        7589.3946610239946        15178.791434279454       -435101043.45504129     
   6057.4737046144446        126.55856373801026       -7598.0041936878342        7598.0042319025943        15196.009372510336       -330432211.69664079     
   6057.4737046144664        166.83667946965323       -7606.9775590295803        7606.9783267575149        15213.946537651227       -250954131.39048237     
   6057.4737046145765        219.93357694924975       -7616.3339111338000        7616.3353618413066        15232.662273216265       -190602363.80069688     
   6057.4737046145437        289.92891984816112       -7626.0930700410390        7626.0952998628572        15252.190184334857       -144772095.74653262     
   6057.4737046145456        382.20075229221902       -7636.2773788091672        7636.2805800583119        15272.552710243150       -109967409.11828215     
   6057.4737046145819        503.83871719054918       -7646.9128536337730        7646.9173122836628        15293.821435532227       -83534939.612581864     
   6057.4737046145074        664.18878408204921       -7658.0309170045030        7658.0370269352916        15316.046080492502       -63459740.338586904     
   6057.4737046144037        875.57134028973303       -7669.6707001763434        7669.6789871332967        15339.338667820219       -48212358.139594384     
   6057.4737046143646        1154.2278194237983       -7681.8811450502617        7681.8922980912730        15363.757397675989       -36631000.358764522     
   6057.4737046143191        1521.5686007846791       -7694.7201542060748        7694.7350630856527        15389.442227859401       -27833893.888861947     
   6057.4737046142864        2005.8180611602365       -7708.2448464221861        7708.2646427029158        15416.486898745010       -21151238.269582670     
   6057.4737046143200        2644.1831754426448       -7722.4874076202777        7722.5135049373985        15444.946615694695       -16074420.930246403     
   6057.4737046142218        3485.7122890046890       -7737.4265770739539        7737.4607021825832        15474.832263416500       -12217269.149054343     
   6057.4737046142254        4595.0637136493133       -7752.9909249422763        7753.0351230145161        15505.936306281204       -9286334.4433450140     
   6057.4737046141790        6057.4737046141909       -7769.1145168281255        7769.1710979187010        15538.179432353789       -7059027.9776942357     
   6057.4737046143400        7985.3055297361152       -7785.7963242449850        7785.8676897952519        15571.524324746293       -5366284.1115883365     
   6057.4737046142118        10526.682824006155       -7803.1059800323819        7803.1942233529153        15606.113067743607       -4079758.7416715398     
   6057.4737046139935        13876.870567391605       -7821.1517496979613        7821.2571461201505        15642.188533079454       -3101950.2759306454     
   6057.4737046141436        18293.278135539513       -7840.0617979585195        7840.0724950211452        15679.857707148203       -2358773.8788975966     
   6057.4737046143719        24115.237172462465       -7860.3131498287703        7856.0334880411647        15716.441492530925       -1795097.5089770213     
   6057.4737046157807        31790.073904492005       -7885.6923464873462        7856.7070930102818        15747.205729708199       -1371637.9870591650     
   6057.4737046152959        41907.479143799435       -7918.0004134477358        7891.9308468416102        15825.416750618824       -1045718.1376608962     
   6057.4737046150522        55244.816777223481       -7922.7411303371300        8235.3177503306542        16155.552316303036       -754806.30641034432     
   6057.4737046157134        72826.851986896872       -7586.2401876724589        10718.733997695568        17942.368381686025       -285382.52202637645     
   6057.4737046160299        96004.488379581919       -5401.0416362795477        20656.485071002338        23485.290989400197        800377.64268600394     
   6057.4737046163618        126558.56373805109        2640.0699584703416        44227.708746844728        30949.258904953262        2820703.9313081815     
   6057.4737046182699        166836.67946975902        22857.947919730192        79603.445309704926        25863.877207531208        5493018.7088973876     
   6057.4737046185219        219933.57694939440        61123.337002712469        112613.33810560001       -17682.182542760762        8045816.3323183842     
   6057.4737046189994        289928.91984837619        119668.26189908675        124527.49689781615       -122881.83750844152        9798738.3654808626     
   6057.4737046227119        382200.75229273672        196243.03558280590        103390.43510911186       -297189.44860789028        10517491.066415327     
   6057.4737046227701        503838.71719123324        285688.93517396337        48167.566083740676       -531321.42148502753        10344192.680114171     
   6057.4737046217906        664188.78408285172        382121.32197886473       -34421.429281089571       -806782.37440154655        9571402.8379737101     
   6057.4737046215459        875571.34029077040        480414.20872806676       -134815.55643853144       -1103755.7050342560        8481836.1286281180     
   6057.4737046209220        1154227.8194250541        576819.34743483632       -243843.99853063608       -1405564.1365738059        7287157.1017309297     
   6057.4737046219570        1521568.6007866054        669084.74932985601       -353971.23180101271       -1700153.1935087889        6124016.9330988843     
   6057.4737046222626        2005818.0611628876        756468.57222460199       -459235.22854592185       -1980054.7249093293        5070749.8771979427     
   6057.4737046199562        2644183.1754451171        840156.15288692759       -553282.79011058284       -2241253.1517829313        4170754.8861710685     
   6057.4737046178261        3485712.2890067785        925953.82988163468       -618386.48577317363       -2477578.7565587512        3470164.5998719721     
   6057.4737046180180        4595063.7136522094        1038854.2099759049       -575147.33945263433       -2659536.9012398906        3107963.3834707118     
   6057.4737046199507        6057473.7046199860        1264388.0064633284       -279612.40618057619       -2814110.1682794951        3287680.6755615962     
