   7.6259075390401665E-002   695.49103355305806       0.20280951307663656        6.0297680300150365        1.7377379777517443        1.8637848719134997     
   7.6259075390920389E-002   798.53054889798557        5.6346286698387509        92.212551324211120        6.4046331009686144        8.0835205495923201     
   7.6259075386546415E-002   916.83574154052906        35.922677480127362        574.83110356670863        26.451622291649315        35.566939856345094     
   7.6259075386303915E-002   1052.6682769641914        284.68672152864281        4540.0178237997579        151.81552699532506        214.51863989742725     
   7.6259075386064967E-002   1208.6248944275328        952.89669819913058        15171.622162000629        373.68930929008781        556.18960076488827     
   7.6259075385678610E-002   1387.6870495612291        1114.8823176109315        17751.568177015997        319.81826840532722        505.79913573377337     
   7.6259075384880984E-002   1593.2779114413845        832.79292340563302        13270.713809055222        172.45895892895504        293.55385182530517     
   7.6259075384697658E-002   1829.3278040680179        570.78243702278235        9109.4559619932625        82.367309274389882        154.76487846434568     
   7.6259075383762129E-002   2100.3493431198685        384.56128330204928        6166.1640122167673        33.992125184872108        76.674307465738977     
   7.6259075382388408E-002   2411.5237046682350        253.26005251541878        4100.7289164042504        18.799252638944743        43.521765109763251     
   7.6259075381903421E-002   2768.7996748228052        171.95746253577573        2814.8834309348554        10.148577735619501        24.929174148066807     
   7.6259075381912358E-002   3179.0073738475680        117.07925308896529        1945.8619819076259        4.9870586761826434        13.886107241813896     
   7.6259075381919408E-002   3649.9888290487170        78.973836604190126        1342.9836491894775        2.3876643403777797        7.7370297993713741     
   7.6259075381894428E-002   4190.7478924940797        52.109160124142008        918.62384624832305        1.1138682608124528        4.3007742977966128     
   7.6259075381900229E-002   4811.6223695478729        32.859059306548225        615.20957061276249       0.50057060576825707        2.3594646114983782     
   7.6259075381904032E-002   5524.4816488720789        18.874509181162534        395.42071780225280       0.21454120544240973        1.2551583195944702     
   7.6259075381906502E-002   6342.9536120457524        8.6175451341755895        234.81147835484603        8.8566011676917716E-002  0.62677490134340275     
   7.6259075381908681E-002   7282.6851606572745        1.0532043128161899        116.92328430359387        3.8604987994768081E-002  0.27202202395194425     
   7.6259075381909125E-002   8361.6413414303061       -4.5403900910372572        30.270128444653817        2.2796403407696876E-002   7.5427910696225758E-002
   7.6259075381908376E-002   9600.4487878211658       -8.6862962038411311       -33.475711969721544        2.0813726472189722E-002  -2.9880834513036983E-002
   7.6259075381908667E-002   11022.790043732273       -11.776429907752208       -80.558250602535963        2.3279637632281896E-002  -8.2973452770841241E-002
   7.6259075381908653E-002   12655.856307710992       -14.110941087846719       -115.76295103523647        2.6266956732774096E-002 -0.10671757649451660     
   7.6259075381908265E-002   14530.867252842469       -15.920849406620164       -142.77601662300299        2.8435811145887283E-002 -0.11441634675664250     
   7.6259075381908292E-002   16683.667859841549       -17.381472516979045       -164.39745147689422        2.9566138279675570E-002 -0.11369441519572374     
   7.6259075381908070E-002   19155.413673128169       -18.621581965277045       -182.68628776887394        2.9837609730518473E-002 -0.10881801593241205     
   7.6259075381908126E-002   21993.357580073032       -19.731223316844773       -199.08462983444505        2.9507164809157948E-002 -0.10209689167796100     
   7.6259075381908223E-002   25251.753154436803       -20.769448408308914       -214.54034154420040        2.8789767098274889E-002  -9.4731151178955142E-002
   7.6259075381908223E-002   28992.891833411948       -21.771961522000971       -229.62840726652442        2.7833562909957223E-002  -8.7314638151393065E-002
   7.6259075381908153E-002   33288.293756199302       -22.758080365458358       -244.66144961543532        2.6730986288091913E-002  -8.0124564823998795E-002
   7.6259075381908292E-002   38220.075029632375       -23.736422982148909       -259.78004874573912        2.5537540370956707E-002  -7.3280750433463410E-002
   7.6259075381908514E-002   43882.517559155116       -24.709073061165746       -275.01892953569751        2.4287358704250799E-002  -6.6828533320750949E-002
   7.6259075381908514E-002   50383.871455944507       -25.674334522854011       -290.35077565158218        2.3003230506072631E-002  -6.0779504718490113E-002
   7.6259075381908570E-002   57848.424477176159       -26.628390330263375       -305.71267045047534        2.1702129735628330E-002  -5.5130373453614948E-002
   7.6259075381908584E-002   66418.878061358744       -27.566218408662618       -321.02076649014322        2.0397890353868485E-002  -4.9871254973332502E-002
   7.6259075381908653E-002   76259.075381908959       -28.482056460527382       -336.17781413095571        1.9102363930442283E-002  -4.4989159243402008E-002
   7.6259075381908611E-002   87557.133571742525       -29.369616912531480       -351.07674083274526        1.7825863778445247E-002  -4.0469444320427678E-002
   7.6259075381908542E-002   100529.03999828239       -30.222173689992960       -365.60220896824086        1.6577321314173412E-002  -3.6296458121296268E-002
   7.6259075381908459E-002   115422.78133963280       -31.032587025556936       -379.63119848676280        1.5364336701915934E-002  -3.2453887061141662E-002
   7.6259075381908431E-002   132523.08439834218       -31.793299183998162       -393.03313168002057        1.4193235613150635E-002  -2.8924972642544535E-002
   7.6259075381908403E-002   152156.85928389357       -32.496316099554342       -405.66977346898619        1.3069117283138736E-002  -2.5692705664957551E-002
   7.6259075381908403E-002   174699.44902239399       -33.133181213070557       -417.39500299442506        1.1995922020719717E-002  -2.2739996659400383E-002
   7.6259075381908376E-002   200581.80506857167       -33.694943900045047       -428.05449079281738        1.0976528756549165E-002  -2.0049815119356610E-002
   7.6259075381908348E-002   230298.72589586233       -34.172123280650666       -437.48529132265895        1.0012838688183950E-002  -1.7605337774757507E-002
   7.6259075381908376E-002   264418.31616345240       -34.554667597399408       -445.51535145060933        9.1058916668317422E-003  -1.5390054412831035E-002
   7.6259075381908445E-002   303592.84729317587       -34.831909134737401       -451.96293295610695        8.2559577394850821E-003  -1.3387884624751151E-002
   7.6259075381908445E-002   348571.22708021000       -34.992514584073056       -456.63594652047829        7.4626480859505823E-003  -1.1583258075579368E-002
   7.6259075381908445E-002   400213.31672175555       -35.024430730353508       -459.33119478540613        6.7250112197176828E-003  -9.9611903215728794E-003
   7.6259075381908431E-002   459506.36896536243       -34.914825318528877       -459.83352230081204        6.0416376338553865E-003  -8.5073298254136880E-003
   7.6259075381908459E-002   527583.90162846399       -34.650022939664908       -457.91487024544602        5.4107392311848442E-003  -7.2080094503611655E-003
   7.6259075381908459E-002   605747.36729817616       -34.215435754447974       -453.33323378962115        4.8302258167149644E-003  -6.0502804203215006E-003
   9.6004487868960764E-002   695.49103340858346       -1.4465803682010443       -14.724715613290138       0.50360054778316121        1.5759364992040559E-002
   9.6004487857542842E-002   798.53054863170451      -0.88161486131719236       -7.8247150478660812        1.1248280287981105       0.89904043521224741     
   9.6004487857005633E-002   916.83574128225393        1.9540488271262055        27.742032506883337        3.9955555753940084        4.6927755494439758     
   9.6004487846886685E-002   1052.6682765600472        15.900321616728899        203.92655056138406        14.978563425283333        19.442369482074177     
   9.6004487856262977E-002   1208.6248940853409        112.42706268930789        1427.1264771110734        73.806634367405493        101.01447076972545     
   9.6004487856155854E-002   1387.6870491738223        772.33564221173754        9775.9223848697729        370.87685107728259        533.20330029282763     
   9.6004487856344967E-002   1593.2779110163851        1746.3834574799068        22080.084189406080        617.02087604877613        936.34539667684362     
   9.6004487855547382E-002   1829.3278035692533        1642.3818173631071        20770.904677715407        422.87491810765135        684.50456587525002     
   9.6004487855130966E-002   2100.3493425638667        1167.6949532448764        14780.748291252619        215.40102337425208        377.55513494255450     
   9.6004487854305584E-002   2411.5237040525681        797.76379270400241        10116.983535385771        99.249429916989001        195.91739734193362     
   9.6004487854086634E-002   2768.7996741272186        531.23835181511106        6778.5920600215368        41.985583795145061        98.397524717830123     
   9.6004487854213102E-002   3179.0073730527429        354.65171495758943        4567.3866198370661        24.647099595862066        57.752536145164015     
   9.6004487854140688E-002   3649.9888281330454        242.18985263784020        3153.3008594763596        12.606279139371466        32.512872865672961     
   9.6004487854048803E-002   4190.7478914401099        165.00598724070082        2182.9088555534781        6.0674190747775594        18.069792827980667     
   9.6004487854024503E-002   4811.6223683361695        111.08708159927122        1505.9934401620010        2.8314338387071452        10.043415670720314     
   9.6004487854001411E-002   5524.4816474792533        72.854774340194382        1027.0568492011023        1.2636896936220865        5.5474585288534470     
   9.6004487854000745E-002   6342.9536104463268        45.373221907349802        683.82763479490905       0.52403001415340167        3.0081821597844476     
   9.6004487854002521E-002   7282.6851588208119        25.444483552365657        435.94067401411246       0.19154801651193265        1.5708486484164321     
   9.6004487854007309E-002   8361.6413393221337        10.951310653385553        256.65968974593056        5.4730441246537198E-002  0.76200690925793069     
   9.6004487854010223E-002   9600.4487854010422       0.43692498400048940        127.57919305110831        7.7101481897870472E-003  0.31391452543227527     
   9.6004487854010764E-002   11022.790040953620       -7.1492323202060035        35.417853800101540       -1.4720590132595995E-003   7.2565788607991871E-002
   9.6004487854011805E-002   12655.856304520808       -12.599816126056703       -29.852242053873820        2.7823935183211197E-003  -5.1568726522502245E-002
   9.6004487854012110E-002   14530.867249179772       -16.531648338134985       -76.040694253975971        9.9464157994787958E-003 -0.11063423324031041     
   9.6004487854012069E-002   16683.667855636195       -19.427724978649582       -109.26842063536667        1.6186141287257705E-002 -0.13472670482504001     
   9.6004487854011888E-002   19155.413668299796       -21.657848683933025       -134.22759783772165        2.0622753414441919E-002 -0.14084037463653942     
   9.6004487854011791E-002   21993.357574529280       -23.491606571217709       -154.34502547186923        2.3465687275845200E-002 -0.13823958523671817     
   9.6004487854011625E-002   25251.753148071650       -25.112179953086986       -171.95600440658154        2.5167355497223841E-002 -0.13174201825616935     
   9.6004487854011444E-002   28992.891826103722       -26.633669650968809       -188.52260111845706        2.6111949383370879E-002 -0.12371673535197777     
   9.6004487854011347E-002   33288.293747808333       -28.120122892398612       -204.87341439618942        2.6552227953344675E-002 -0.11526113280091847     
   9.6004487854011389E-002   38220.075019998192       -29.602893310050273       -221.42234497639632        2.6635919240191062E-002 -0.10685538913877046     
   9.6004487854011444E-002   43882.517548093499       -31.093980440775223       -238.33667490453789        2.6447206308451578E-002  -9.8700363301239546E-002
   9.6004487854011319E-002   50383.871443243996       -32.594855690741944       -255.64824079076229        2.6037738986319385E-002  -9.0878369714836621E-002
   9.6004487854011333E-002   57848.424462593983       -34.101592319473653       -273.31802195504906        2.5444245134227907E-002  -8.3423646629043044E-002
   9.6004487854011306E-002   66418.878044616140       -35.607527291044718       -291.26964014523082        2.4696902812963269E-002  -7.6350874046543143E-002
   9.6004487854011389E-002   76259.075362685893       -37.104508529731532       -309.40506585181993        2.3822689068426064E-002  -6.9665977165536852E-002
   9.6004487854011444E-002   87557.133549671562       -38.583425268902474       -327.61133396590481        2.2846503588475692E-002  -6.3370010994779027E-002
   9.6004487854011958E-002   100529.03997294218       -40.034410522875291       -345.76317466168405        2.1791414763871690E-002  -5.7460594370919306E-002
   9.6004487854011972E-002   115422.78131053847       -41.446905689689387       -363.72395252399764        2.0678613860448471E-002  -5.1932557976750671E-002
   9.6004487854011986E-002   132523.08436493750       -42.809670231432833       -381.34595459702319        1.9527357510987220E-002  -4.6778315490904672E-002
   9.6004487854011986E-002   152156.85924553993       -44.110769054532511       -398.47043222280826        1.8354893039120104E-002  -4.1988210761951875E-002
   9.6004487854011916E-002   174699.44897835801       -45.337549073387265       -414.92753411844768        1.7176456599325391E-002  -3.7550815222701109E-002
   9.6004487854011861E-002   200581.80501801157       -46.476608424959331       -430.53616692674262        1.6005309406086948E-002  -3.3453218274638812E-002
   9.6004487854011861E-002   230298.72583781159       -47.513759059437696       -445.10378479643003        1.4852786964155800E-002  -2.9681328524314553E-002
   9.6004487854011805E-002   264418.31609680102       -48.433982601957680       -458.42609961646014        1.3728398408447598E-002  -2.6220138598708233E-002
   9.6004487854011639E-002   303592.84721664904       -49.221379176464509       -470.28670140072387        1.2639947373665474E-002  -2.3053972297927123E-002
   9.6004487854011694E-002   348571.22699234571       -49.859108860826254       -480.45657887136878        1.1593658235318072E-002  -2.0166721650380862E-002
   9.6004487854011666E-002   400213.31662087364       -50.329325462871111       -488.69353137845900        1.0594316275587590E-002  -1.7542058124821992E-002
   9.6004487854011653E-002   459506.36884953460       -50.613102330246392       -494.74146450592110        9.6454091080830189E-003  -1.5163624883879713E-002
   9.6004487854011625E-002   527583.90149547544       -50.690349922343458       -498.32956286266489        8.7492858788415957E-003  -1.3015189131591515E-002
   9.6004487854011611E-002   605747.36714548478       -50.539724877533104       -499.17133447863188        7.9072783353147554E-003  -1.1080807284603356E-002
  0.12086248940572755        695.49103330044659       -2.1769209194660775       -17.552655486996471       0.59322362304709197      -0.32844408840870265     
  0.12086248940009971        798.53054856533413       -2.0618064032062562       -16.592812023552561       0.58300637207127637      -0.17583593801614256     
  0.12086248938016225        916.83574105993989       -1.7507356286115932       -13.694006601583373       0.85220294290122212       0.30674398678042403     
  0.12086248936410025        1052.6682762758542      -0.31099146360757290       0.49911620136622309        2.4783074068275881        2.4956228340497031     
  0.12086248934904138        1208.6248934904145        6.9397564392999236        73.036510779722619        9.0531362936493203        11.259979921390382     
  0.12086248934928638        1387.6870484951164        44.608767528249921        451.79677920117450        36.491300127891975        48.381103551370373     
  0.12086248935877227        1593.2779103590372        367.02428581199410        3696.9391699500416        216.08645328499466        300.82360239695134     
  0.12086248935916687        1829.3278028356870        1795.2156521722291        18036.378839508416        777.17694832483289        1137.2419355348309     
  0.12086248935908636        2100.3493417293303        2888.0817813171070        28998.133056143157        918.54941636369847        1422.7479542769497     
  0.12086248935829150        2411.5237030992653        2354.8446014316578        23653.969196107024        543.20979266159759        901.41803160043241     
  0.12086248935865598        2768.7996730473451        1632.6216469707053        16414.812412449464        266.88211302773755        483.38688231552715     
  0.12086248935884161        3179.0073718135777        1112.2690727696340        11210.518488076103        116.60667213879465        245.38928817328807     
  0.12086248935836451        3649.9888266986381        735.41617715549057        7465.0078851504977        55.568720673214557        130.25860975188965     
  0.12086248935826766        4190.7478897938418        497.62305662211617        5094.3623063886889        31.434095556514205        75.827798536128384     
  0.12086248935837754        4811.6223664515937        340.37109027541527        3523.3456058506358        15.487315773800628        42.228878868541756     
  0.12086248935832142        5524.4816453142339        231.40986140854639        2435.7611985863059        7.2860476209105824        23.387544478201548     
  0.12086248935830632        6342.9536079598038        154.84872075287285        1673.0075859726410        3.2814668424019864        12.913754722787129     
  0.12086248935830002        7282.6851559653878        100.34454457835965        1131.4782753643726        1.3728198164963175        7.0466686845524178     
  0.12086248935829744        8361.6413360430724        61.210482066028831        744.14972746268393       0.49877087107523033        3.7488345534286780     
  0.12086248935829479        9600.4487816356777        33.089132249535872        467.33071839568646       0.12652371413858554        1.9042130719425563     
  0.12086248935829379        11022.790036630251        13.033512402788119        271.46017064128000       -1.1423065364735085E-002  0.88794541167286267     
  0.12086248935829434        12655.856299556832       -1.0644218600144448        135.38197481359759       -4.7556666429684244E-002  0.34309743522455471     
  0.12086248935829454        14530.867243480337       -10.806889160742728        43.007214435597518       -4.5074809203827622E-002   6.3012040231804053E-002
  0.12086248935829552        16683.667849092515       -17.466187487860189       -18.448397532466743       -3.1902915884196859E-002  -7.2285136031548680E-002
  0.12086248935829502        19155.413660786602       -22.060460914407908       -59.223494390359114       -1.8672861010424063E-002 -0.13158108401503874     
  0.12086248935829491        21993.357565902981       -25.376433349496562       -87.238476003470552       -8.2455405673358961E-003 -0.15310258297233653     
  0.12086248935829136        25251.753138166638       -27.979753025753734       -108.19872921654648       -5.6237898242611495E-004 -0.15704052927184825     
  0.12086248935834164        28992.891814743358       -30.239085625451754       -125.83563599672941        5.1382282156481884E-003 -0.15336393439819626     
  0.12086248935834162        33288.293734764913       -32.368616436034479       -142.33208613418924        9.5182852928822684E-003 -0.14662897133194097     
  0.12086248935834160        38220.075005022336       -34.477627617134672       -158.81889503788216        1.2986793904004881E-002 -0.13876495811005976     
  0.12086248935838832        43882.517530915844       -36.613465141845190       -175.80495930822335        1.5763016858426820E-002 -0.13054316127864216     
  0.12086248935784534        50383.871423295132       -38.791202880896890       -193.47407930609958        1.7963915367587957E-002 -0.12227041088880591     
  0.12086248935784527        57848.424439689574       -41.010683867588952       -211.85527905061005        1.9661287140899875E-002 -0.11408164304869092     
  0.12086248935784502        66418.878018318224       -43.264912305712436       -230.90646676209300        2.0909616036708718E-002 -0.10605059615726797     
  0.12086248935784505        76259.075332491819       -45.543669942525838       -250.55027645635161        2.1757099784747901E-002  -9.8227754923451094E-002
  0.12086248935784498        87557.133515004040       -47.834897076477517       -270.68756419232898        2.2249221455281451E-002  -9.0652313840915100E-002
  0.12086248935784492        100529.03993313792       -50.125160467192217       -291.20182138058226        2.2429529497115255E-002  -8.3355845691013467E-002
  0.12086248935784498        115422.78126483713       -52.399789571813848       -311.96033914042687        2.2339606575736529E-002  -7.6363524006952302E-002
  0.12086248935784501        132523.08431246533       -54.642903694461978       -332.81435809087156        2.2018805816763739E-002  -6.9694763943183899E-002
  0.12086248935784527        152156.85918529416       -56.837405136061761       -353.59895669557767        2.1504002624194135E-002  -6.3363714200382310E-002
  0.12086248935784556        174699.44890918714       -58.964960385987872       -374.13289701859748        2.0829417196981455E-002  -5.7379710224831904E-002
  0.12086248935784560        200581.80493859301       -61.005974462778326       -394.21847448934949        2.0026480061954080E-002  -5.1747745747048234E-002
  0.12086248935784552        230298.72574662670       -62.939558669888029       -413.64136788857303        1.9123759984133092E-002  -4.6468940186872719E-002
  0.12086248935784551        264418.31599210680       -64.743490843351680       -432.17047185066798        1.8146962030617594E-002  -4.1540983953792167E-002
  0.12086248935786661        303592.84709649766       -66.394166944842326       -449.55769105925464        1.7118949208249645E-002  -3.6958596824297543E-002
  0.12086248935786584        348571.22685439099       -67.866542880028732       -465.53767466477319        1.6059828206927050E-002  -3.2713947485933745E-002
  0.12086248935786595        400213.31646248087       -69.134065508641513       -479.82747000219200        1.4987056469499320E-002  -2.8797066136596702E-002
  0.12086248935786298        459506.36866766424       -70.168591902502570       -492.12607589979024        1.3915587965484947E-002  -2.5196222612876136E-002
  0.12086248935786414        527583.90128666547       -70.940296006055505       -502.11387713758876        1.2858020303410354E-002  -2.1898298167638979E-002
  0.12086248935786412        605747.36690573895       -71.417561936129857       -509.45194348486206        1.1824793687294803E-002  -1.8889092245189684E-002
  0.15215685919054248        695.49103304890536       -3.0142232801445941       -18.980419809389026       0.92708720472770789      -0.65247727333809069     
  0.15215685920294719        798.53054837880984       -2.9395341430747428       -18.548357256054082       0.83413285374074431      -0.51029343700559437     
  0.15215685919981392        916.83574097814267       -2.8282818416158171       -17.844969582681003       0.77060423123884458      -0.35593768719217100     
  0.15215685919633984        1052.6682762977978       -2.6165288155572641       -16.365079985858344       0.83780335030245889       -6.2004290166106146E-002
  0.15215685919293725        1208.6248936391701       -1.8770037720682944       -10.708992495089831        1.6415755893289161        1.1287376359640942     
  0.15215685916636199        1387.6870484207286        1.8561084161447607        18.784480976097306        5.7227469213968458        6.5062320252199095     
  0.15215685915472008        1593.2779100266741        20.454855114936230        166.98305746345454        21.764185263563043        27.830206865857324     
  0.15215685915191154        1829.3278024143449        133.38536904084364        1070.4191803483809        96.786224393326464        130.65390272102351     
  0.15215685915118757        2100.3493412369708        1134.0219492153265        9061.4406646182033        600.95031222811849        850.65620701550790     
  0.15215685914989635        2411.5237025293554        3804.0255331769004        30337.197706489857        1487.0575997952815        2215.1843817483723     
  0.15215685914994581        2768.7996723855513        4449.8271436509731        35482.964106131476        1272.4769962504204        2014.2165445923360     
  0.15215685915165159        3179.0073710844918        3325.5866791158660        26531.020563720627        685.70418317371605        1168.7468571468467     
  0.15215685915143920        3649.9888258708497        2281.4023927827707        18219.000724457146        327.44620856341703        616.35189944469084     
  0.15215685915044089        4190.7478888192763        1542.5553940144073        12360.066054191064        136.24215292312897        306.94954801148879     
  0.15215685915007657        4811.6223653167481        1023.0085228503175        8255.7728891515580        74.198302537373650        173.50745622841751     
  0.15215685914963498        5524.4816439977876        697.43765339699019        5673.5054161094913        39.281755544721079        98.722332656320091     
  0.15215685914964713        6342.9536064496215        476.06735536928710        3916.8221330669435        18.798400201901714        54.539292748025574     
  0.15215685914970403        7282.6851542345694        321.63308776796674        2692.9747566185824        8.5883580447881673        29.990824548101486     
  0.15215685914968349        8361.6413340548770        212.60407465213837        1830.8657764308120        3.6765992348473251        16.349850639734299     
  0.15215685914969343        9600.4487793537628        134.97604379668113        1219.0305508752886        1.3921677897298625        8.7414704585779717     
  0.15215685914969035        11022.790034010126        79.724059361341190        785.61135618926403       0.39138556297524452        4.5165312990356448     
  0.15215685914968638        12655.856296548145        40.866165911938815        482.96587919445238       -1.4346209967879275E-003   2.2073226550406506     
  0.15215685914968527        14530.867240025775        14.179220095204959        277.44862710337156      -0.12350990144508173       0.98162202034592028     
  0.15215685914968485        16683.667845125965       -3.5665993277435533        143.31796964643928      -0.13803258401268792       0.35916864164361167     
  0.15215685914968410        19155.413656232380       -15.000026413459061        59.613863334995180      -0.11866362906002559        6.1463368970465997E-002
  0.15215685914968397        21993.357560674034       -22.281838059360439        9.0982429330921377       -9.4402364886680662E-002  -7.0458785629730777E-002
  0.15215685914968458        25251.753132163842       -27.097172385527436       -21.683502453129222       -7.3814394368732411E-002 -0.12351491944889820     
  0.15215685914968502        28992.891807839256       -30.632225218761171       -42.216645891812732       -5.7672762742187855E-002 -0.14195096619944425     
  0.15215685914968496        33288.293726837939       -33.618014357211827       -58.365181480368726       -4.4785063339443064E-002 -0.14626621421686392     
  0.15215685914968566        38220.074995921117       -36.443038066354568       -73.268356328171080       -3.4055589328072150E-002 -0.14501087411034061     
  0.15215685914968571        43882.517520449313       -39.283575127234577       -88.377594575916859       -2.4853575529435054E-002 -0.14142006583387051     
  0.15215685914968563        50383.871411504260       -42.205872200505169       -104.26951853617082       -1.6871187913120950E-002 -0.13665245744827487     
  0.15215685914968569        57848.424426151905       -45.227188343046514       -121.13132992404017       -9.9527693419143720E-003 -0.13114869750455782     
  0.15215685914968563        66418.878002775033       -48.345228560749433       -138.99445984790759       -3.9996271923714369E-003 -0.12512330065187555     
  0.15215685914968563        76259.075314645801       -51.550005931078218       -157.82828909181035        1.0686689476953060E-003 -0.11872018011862884     
  0.15215685914968549        87557.133494514026       -54.827917029623137       -177.57186484175233        5.3267836151277975E-003 -0.11205635002998610     
  0.15215685914968546        100529.03990961229       -58.162934635268243       -198.14267941171690        8.8467948042722927E-003 -0.10523322163038110     
  0.15215685914968544        115422.78123782600       -61.536886211131062       -219.43820407628320        1.1698625093533060E-002  -9.8339652495974705E-002
  0.15215685914968538        132523.08428145235       -64.929481943789213       -241.33548178895123        1.3949805993703778E-002  -9.1453133158535718E-002
  0.15215685914968530        152156.85914968609       -68.318284745378079       -263.69032784003821        1.5665125407499998E-002  -8.4640604773227074E-002
  0.15215685914968535        174699.44886830327       -71.678670109037270       -286.33653432450501        1.6906328195944891E-002  -7.7959173481917499E-002
  0.15215685914968535        200581.80489165190       -74.983785157052282       -309.08516445720124        1.7731842957568592E-002  -7.1456830344932970E-002
  0.15215685914968541        230298.72569273136       -78.204507044999460       -331.72394615235135        1.8196540097476569E-002  -6.5173184456832095E-002
  0.15215685914968552        264418.31593022699       -81.309398877908919       -354.01675462054521        1.8351601548225065E-002  -5.9140129060788402E-002
  0.15215685914968552        303592.84702539706       -84.264660821565272       -375.70316620332272        1.8244390223652766E-002  -5.3382549894971640E-002
  0.15215685914968552        348571.22677275876       -87.034073969519767       -396.49806112791447        1.7918402311377910E-002  -4.7918988564600834E-002
  0.15215685914968549        400213.31636875414       -89.578934504780449       -416.09124919688151        1.7413243639493807E-002  -4.2762314319377853E-002
  0.15215685914968519        459506.36856006179       -91.857975732689113       -434.14709014228941        1.6764694563624387E-002  -3.7920333344894551E-002
  0.15215685914968474        527583.90116311482       -93.827275644348418       -450.30407850816795        1.6004790794964092E-002  -3.3396400741696260E-002
  0.15215685914968474        605747.36676388385       -95.440147788004083       -464.17436227272896        1.5161933763119289E-002  -2.9190013579998904E-002
  0.19155413653121742        695.49103274920833       -4.0701674417788913       -19.946850793894910        1.4831683078403173       -1.1477410411529618     
  0.19155413652609199        798.53054794824436       -4.0081981142490042       -19.692763198753127        1.3129617503689299      -0.94927578240364063     
  0.19155413652678879        916.83574050600214       -3.9253188388006057       -19.321001812810934        1.1736699974038480      -0.75946056003042317     
  0.19155413653953524        1052.6682758497898       -3.8073316051564179       -18.744962110073260        1.0635820895945551      -0.56990652334710612     
  0.19155413653394354        1208.6248931165344       -3.6220487136451696       -17.764828622035544        1.0172262150259899      -0.33109251172403303     
  0.19155413654034972        1387.6870481094409       -3.1882523012559725       -15.238494564107084        1.3290860571510548       0.32175178833069962     
  0.19155413654417572        1593.2779098229971       -1.3128756654335945       -3.6176159467049547        3.5327468554076655        3.3244637695447450     
  0.19155413651208278        1829.3278019077727        8.3838093056490930        57.539231875214362        13.469564141992981        16.354894889239567     
  0.19155413650801520        2100.3493406207417        57.186644397483889        367.10040306076047        51.963285888381932        67.996345418738159     
  0.19155413650712325        2411.5237018310654        435.88719068884336        2774.3308867371752        283.09811447791100        388.63148301693826     
  0.19155413650472314        2768.7996715482150        3083.8493559118692        19549.861947348290        1474.3014115948590        2122.0034125364327     
  0.19155413650475248        3179.0073700879498        6968.2642669452562        44125.700824906744        2455.6598695027692        3728.9376477378373     
  0.19155413650324271        3649.9888247029926        6553.0819811783913        41499.737935055236        1682.3531083189534        2725.3353107980097     
  0.19155413650269812        4190.7478874939779        4660.7197867061777        29530.153747009532        856.26937821392062        1502.6632814490588     
  0.19155413650031519        4811.6223637467665        3186.3670391251540        20212.238555450313        394.96635742280705        780.30801286756605     
  0.19155413649987174        5524.4816421984524        2129.9112089876762        13569.436359193785        167.84418056916331        393.16086502263636     
  0.19155413649984146        6342.9536043821972        1426.7225813183645        9149.0129982958024        96.475946305461136        228.78994301375019     
  0.19155413649962302        7282.6851518498206        973.45391078201180        6290.9410585461947        48.301851296043367        127.54234260789093     
  0.19155413649956304        8361.6413313153316        660.19498250811193        4316.5660629654212        22.456582988772773        69.812029444820880     
  0.19155413649955055        9600.4487762070894        440.46481541101713        2933.9195851690642        9.8498788344371437        37.883535469540860     
  0.19155413649954200        11022.790030396995        285.08500617822648        1958.6303068706454        3.9100378281510046        20.209903062157785     
  0.19155413649954298        12655.856292400109        175.27271948073459        1271.9327022480797        1.2483777431180099        10.467629545879166     
  0.19155413649954334        14530.867235263324        98.827382265819196        796.66648525886774       0.15817598356759754        5.1874823355256421     
  0.19155413649954300        16683.667839657959        47.302699010951699        479.40504326753336      -0.21759247136085380        2.4183391610185456     
  0.19155413649953967        19155.413649954025        14.221423473219325        279.16828347471778      -0.29940684470565004        1.0374891422708026     
  0.19155413649953795        21993.357553465339       -5.8416970415498071        161.62371395616049      -0.28101700033413207       0.39310208932996388     
  0.19155413649953643        25251.753123886858       -17.494436971601552        97.603511325061717      -0.24090914682494252       0.11365676936504060     
  0.19155413649953582        28992.891798335826       -24.365898909410873        64.124052959613209      -0.20373715988204322       -8.5096009627240454E-004
  0.19155413649953637        33288.293715926644       -28.939505527310722        45.442201752976523      -0.17332342106061416       -4.8098458950119008E-002
  0.19155413649953676        38220.074983393191       -32.642151031405064        32.491552303071103      -0.14805457372507361       -7.0071202838807828E-002
  0.19155413649953684        43882.517506065320       -36.154126292792185        20.922472765505518      -0.12620501733128942       -8.2468464073953071E-002
  0.19155413649953673        50383.871394989234       -39.743928184174408        8.9848727881758350      -0.10684430841903728       -9.0485808507617838E-002
  0.19155413649953687        57848.424407190134       -43.497590075122275       -3.9218064031842910       -8.9553188075172582E-002  -9.5772147090354393E-002
  0.19155413649953695        66418.877981004043       -47.433766916496381       -17.975933089786622       -7.4120138497872468E-002  -9.8947066586807381E-002
  0.19155413649953693        76259.075289649365       -51.548924843064711       -33.218853788952174       -6.0399726098622888E-002 -0.10035887104569936     
  0.19155413649953684        87557.133465814331       -55.831727249275332       -49.645136796527815       -4.8265767067340842E-002 -0.10027833010508179     
  0.19155413649953693        100529.03987666070       -60.266770211212744       -67.225361017619889       -3.7599170398271119E-002  -9.8942124509818208E-002
  0.19155413649953690        115422.78119999253       -64.835302847571441       -85.909758736590902       -2.8285415640002469E-002  -9.6562354684668034E-002
  0.19155413649953681        132523.08423801369       -69.515235885398354       -105.62730018364162       -2.0214183358047633E-002  -9.3329391869815509E-002
  0.19155413649953645        152156.85909981161       -74.281014250896064       -126.28388543802770       -1.3279398820317097E-002  -8.9413544540581924E-002
  0.19155413649953629        174699.44881103947       -79.103475702806492       -147.76044141910916       -7.3793822972279682E-003  -8.4966518719907069E-002
  0.19155413649953629        200581.80482590428       -83.949717362276857       -169.91108911525998       -2.4169129890377408E-003  -8.0122682776691184E-002
  0.19155413649953626        230298.72561724292       -88.782972718822549       -192.56142452235278        1.7005697263438556E-003  -7.5000396249659679E-002
  0.19155413649953631        264418.31584355450       -93.562498044448716       -215.50693227680992        5.0609098209241296E-003  -6.9703134837727720E-002
  0.19155413649953631        303592.84692588367       -98.243466104289723       -238.51154217595646        7.7470748875556085E-003  -6.4320671891867839E-002
  0.19155413649953634        348571.22665850224       -102.77686441985080       -261.30633136745018        9.8370705162039614E-003  -5.8930150796738058E-002
  0.19155413649953645        400213.31623757037       -107.10939481864457       -283.58836752460093        1.1403882231445405E-002  -5.3597105493882968E-002
  0.19155413649953670        459506.36840944423       -111.18337056880969       -305.01968089993170        1.2515413886209581E-002  -4.8376469336353846E-002
  0.19155413649953673        527583.90099018440       -114.93660705754496       -325.22634569858155        1.3234464702497534E-002  -4.3313537049939149E-002
  0.19155413649953612        605747.36656533112       -118.30230173458392       -343.79764463068341        1.3618804919823920E-002  -3.8444824546775447E-002
  0.24115237016724850        695.49103261599350       -5.4242823387505696       -20.642989255703625        2.4036256551536019       -1.9116061769975619     
  0.24115237018645164        798.53054788024701       -5.3581014351810472       -20.429377880093469        2.1041147303627046       -1.6154034637511034     
  0.24115237018434230        916.83574041657619       -5.2815454814526195       -20.173775371024050        1.8526629099151264       -1.3463701347191592     
  0.24115237016160995        1052.6682755778377       -5.1851840362036015       -19.831325095331920        1.6456368776609336       -1.0933079181585541     
  0.24115237016027982        1208.6248928329067       -5.0539526727809916       -19.329323242756047        1.4784008053805433      -0.84673430143456141     
  0.24115237015922397        1387.6870477313080       -4.8635550577134623       -18.549231046272041        1.3561968779506177      -0.58718189739739501     
  0.24115237017092908        1593.2779094343539       -4.5347684985576668       -17.097157257772722        1.3974524254051330      -0.16265840092730921     
  0.24115237016708149        1829.3278017388491       -3.5432628747890762       -12.342335994586227        2.4139860697954130        1.4330766409265909     
  0.24115237018945340        2100.3493406662424        1.3644625688905558        12.079268857567714        8.1532869124711205        8.9894138047449434     
  0.24115237019799257        2411.5237019799283        26.485183411615338        138.31541779634193        30.575682004831659        38.914454722445896     
  0.24115237018525268        2768.7996716075509        163.38122593865108        829.39456271020606        130.82754480277316        174.37800291206912     
  0.24115237018455821        3179.0073701464344        1455.6651281035515        7345.6143910334495        850.33528043748379        1186.2736964860594     
  0.24115237018449928        3649.9888247980184        7165.7604833179666        36053.854032934396        3092.6665894989610        4528.7618202449821     
  0.24115237018360980        4190.7478875995394        11518.592377551504        57922.850160866794        3655.6527564974472        5665.1224803987643     
  0.24115237018270591        4811.6223639097880        9391.7506630262378        47235.501470004230        2160.7027380461363        3587.9528107479973     
  0.24115237018285660        5524.4816424018672        6511.1926679929902        32763.354348026038        1060.6038572733155        1922.8274504422525     
  0.24115237018274721        6342.9536046138746        4437.5253112816363        22363.140851712156        464.82560130557334        977.40877132274170     
  0.24115237018202204        7282.6851521022272        2941.3172254489377        14895.970762722753        220.22293438210846        517.59512673578035     
  0.24115237018162866        8361.6413315941099        1986.6113290452904        10119.689643636320        121.87529299763823        297.82912800828080     
  0.24115237018180521        9600.4487765348240        1348.1861595219962        6920.8686567435498        58.430254296002268        163.23770337876095     
  0.24115237018179775        11022.790030773436        902.78974783565434        4691.2477780608697        26.216344055098194        88.092014138734754     
  0.24115237018179875        12655.856292832312        589.42933630883829        3125.3770041701041        10.834938997946924        46.738204926588736     
  0.24115237018180827        14530.867235760108        369.02335736295203        2027.0165890082123        3.8139263951233620        24.094902174705908     
  0.24115237018180380        16683.667840228056        216.54847734290249        1270.4824541870607       0.84335821741963546        11.914698905400455     
  0.24115237018179672        19155.413650608360        115.12602253966833        770.99127676660817      -0.25162740463470668        5.6000585122801478     
  0.24115237018179597        21993.357554216745        51.867225007616113        463.79575243911114      -0.55204370347628906        2.5138585905120570     
  0.24115237018179217        25251.753124749386        15.630457696458535        292.91939856506133      -0.56667809389660384        1.1197960111135614     
  0.24115237018179064        28992.891799326055       -3.4312537966016663        208.88369216933708      -0.50738372230150308       0.54007297708486679     
  0.24115237018179034        33288.293717063447       -13.168462166355354        172.23342831371724      -0.44381542624911602       0.30841169860761863     
  0.24115237018178992        38220.074984698258       -18.777053278889881        156.84328178409146      -0.38960476909923747       0.20701475910048231     
  0.24115237018178853        43882.517507563476       -23.006839411469500        148.86956508775029      -0.34332998311119900       0.14988636477064501     
  0.24115237018178945        50383.871396709561       -27.012664843957310        142.47420683304313      -0.30244455924770497       0.10867467081464915     
  0.24115237018179003        57848.424409165433       -31.182310674620808        135.66537614480012      -0.26562814209353697        7.5329608126672082E-002
  0.24115237018179006        66418.877983271974       -35.620244286927161        127.86717991559725      -0.23230775909184925        4.7584334361886846E-002
  0.24115237018179134        76259.075292253692       -40.346729964775236        118.91945492124022      -0.20217144572362897        2.4545745940184882E-002
  0.24115237018179245        87557.133468804968       -45.359714841288763        108.76709421978602      -0.17498052562697386        5.6241833625017557E-003
  0.24115237018126201        100529.03987987322       -50.649805317123310        97.385195651611397      -0.15052025199085284       -9.6807487605616582E-003
  0.24115237018126243        115422.78120368121       -56.202961235435623        84.766078438747172      -0.12858936652936037       -2.1818286658063790E-002
  0.24115237018126245        132523.08424224894       -62.000624151067427        70.919355195542266      -0.10899786057564935       -3.1194864425982322E-002
  0.24115237018126243        152156.85910467457       -68.019410679980155        55.874348362294761       -9.1566034734597596E-002  -3.8177990131513365E-002
  0.24115237018126229        174699.44881662299       -74.230751327454158        39.682927932460643       -7.6123848333567015E-002  -4.3099424319419335E-002
  0.24115237018126226        200581.80483231499       -80.600533303751206        22.422459132087621       -6.2510328833421433E-002  -4.6258030546171509E-002
  0.24115237018126226        230298.72562460342       -87.088756994432998        4.1987875789573081       -5.0573052581784218E-002  -4.7922383897612712E-002
  0.24115237018051325        264418.31585118413       -93.649209025734137       -14.850781137454304       -4.0167727536433766E-002  -4.8333191024276523E-002
  0.24115237018051316        303592.84693464363       -100.22915339077454       -34.554547895027099       -3.1157846131324829E-002  -4.7705512592211674E-002
  0.24115237018051300        348571.22666855966       -106.76904107594316       -54.703570391723126       -2.3414338564424680E-002  -4.6230743516553444E-002
  0.24115237018051308        400213.31624911778       -113.20223756048341       -75.048931589094536       -1.6815450163649610E-002  -4.4078601691172350E-002
  0.24115237018051305        459506.36842270178       -119.45476644104951       -95.299154719441489       -1.1246477864505717E-002  -4.1398788038285804E-002
  0.24115237018051291        527583.90100540558       -125.44506630240812       -115.11778607768973       -6.5996328776985608E-003  -3.8322612496075978E-002
  0.24115237018051289        605747.36658280937       -131.08375685540210       -134.12115793016710       -2.7739762797005275E-003  -3.4964558943480412E-002
  0.30359284695737843        695.49103270633543       -7.1737746799332394       -21.160487377169801        3.9134692292383537       -3.0971634778169004     
  0.30359284693352478        798.53054785764448       -7.0859011505192706       -20.914912990654955        3.4046240623078705       -2.6305195589544232     
  0.30359284697332067        916.83574051882613       -6.9936091136584295       -20.658017550490015        2.9697152769954398       -2.2221114393652219     
  0.30359284698702110        1052.6682758419706       -6.8921995155266567       -20.373026916420400        2.6017817773592995       -1.8577278443410941     
  0.30359284698284078        1208.6248931261962       -6.7726929847569588       -20.026442059517535        2.2961802464796381       -1.5218146566557453     
  0.30359284701013506        1387.6870481988840       -6.6194088514149962       -19.558447756296005        2.0478553698243460       -1.1997700330317249     
  0.30359284706989742        1593.2779102075053       -6.4079665299199009       -18.875021082287446        1.8517314468898471      -0.87799414007363952     
  0.30359284704193057        1829.3278024872161       -6.0922722812327761       -17.796093572464144        1.7416327535702361      -0.49995747876986429     
  0.30359284704980638        2100.3493413851188       -5.4529875679095170       -15.450731088550993        2.0839231259712081       0.38888067743675436     
  0.30359284705968548        2411.5237027983890       -2.9847842775213280       -5.8319553451813269        5.0212151000080141        4.4639706721960133     
  0.30359284708885959        2768.7996729596143        9.9695570282198673        45.675897863972629        19.431371152096542        23.232552919414495     
  0.30359284707884282        3179.0073716030779        75.372283514707689        307.32655853071833        75.900100638303172        98.175814820424378     
  0.30359284706370665        3649.9888262893842        508.03279607072653        2043.9367536710049        363.40142788940591        492.43389385001137     
  0.30359284705814216        4190.7478892505023        4523.4960714395229        18099.145598444011        2385.0958376777794        3380.2482910783197     
  0.30359284705717277        4811.6223658080180        15171.419037924348        60599.280989936226        5918.7594205835458        8820.7701597517389     
  0.30359284705688466        5524.4816445726328        17739.790862388287        70844.993263381184        5063.7589397291658        8018.6447805285243     
  0.30359284705816753        6342.9536071359253        13254.943493800893        52944.028108868217        2726.5815241683094        4649.8881333934987     
  0.30359284705596018        7282.6851549668791        9087.0930383843406        36313.645328573330        1300.7918530946604        2449.7425454166255     
  0.30359284705693029        8361.6413349235299        6142.4853606852175        24599.326898942305        543.25977282884617        1221.1428113618360     
  0.30359284705688394        9600.4487803490156        4068.7213325941188        16373.680292895186        290.87545586763497        683.86215336201462     
  0.30359284705695272        11022.790035155551        2749.5955693656670        11124.539545153310        150.27793347057835        382.82645770245853     
  0.30359284705685197        12655.856297859402        1843.2495335710503        7516.7070802535809        69.231072540985110        206.08560021037962     
  0.30359284705681133        14530.867241529457        1207.6327657031925        4989.3847745352105        29.561242264882644        108.67983264709687     
  0.30359284705685735        16683.667846854998        761.76379887868620        3219.8760562494040        11.151078946390562        55.621444372758248     
  0.30359284705686301        19155.413658218025        454.11689504818264        2002.6367452345537        3.1558448229016065        27.245674207775814     
  0.30359284705686107        21993.357562953737        250.93105276628847        1202.9776933573544        6.5845822061006309E-002   12.669286395139697     
  0.30359284705686657        25251.753134781648        126.82044881978604        719.62043693289945      -0.89045260319587682        5.6760637815925685     
  0.30359284705686579        28992.891810844740        59.130660526515477        462.17979933160785       -1.0468410497247496        2.6263414227123660     
  0.30359284705686412        33288.293730288533        26.847615457024517        346.81087352268491      -0.97509783573214548        1.4255267469859643     
  0.30359284705686523        38220.074999882898        12.922732470938655        305.48736925339881      -0.87058863210708115       0.97113644752604011     
  0.30359284705686546        43882.517524998053        6.4594745525326118        294.72656944875553      -0.77670437007115634       0.77086752004079395     
  0.30359284705686501        50383.871416726870        2.1912417481889008        293.50519612307835      -0.69483838524862707       0.64745465342342368     
  0.30359284705686485        57848.424432148211       -1.8000173255314849        294.15479646246467      -0.62157131866097082       0.55010452975180169     
  0.30359284705686446        66418.878009659646       -6.0504007291949904        294.51334219885439      -0.55508284134808561       0.46664803503696634     
  0.30359284705686440        76259.075322550387       -10.679861388533595        294.07055161669859      -0.49455865898069840       0.39399381378418441     
  0.30359284705686485        87557.133503589925       -15.711797734625804        292.69204634232437      -0.43949089911094130       0.33077818050584351     
  0.30359284705686507        100529.03992003288       -21.149548486424095        290.31370405334656      -0.38945566908080187       0.27596928069859378     
  0.30359284705686512        115422.78124979051       -26.989873585742487        286.88761229034299      -0.34406687690332688       0.22865442886879694     
  0.30359284705686707        132523.08429519032       -33.224333406986148        282.37648187001696      -0.30296752379873065       0.18800825383156167     
  0.30359284705686712        152156.85916545949       -39.838860310623431        276.75546314895882      -0.26582673827058867       0.15328299437285800     
  0.30359284705686718        174699.44888641351       -46.813100973187119        270.01508432817900      -0.23233745883629220       0.12380157010749511     
  0.30359284705686718        200581.80491244525       -54.119723335873857        262.16455151484297      -0.20221437931924530        9.8951323291379192E-002
  0.30359284705686718        230298.72571660526       -61.723712534681226        253.23532023548975      -0.17519202041320886        7.8178347945926110E-002
  0.30359284705686712        264418.31595763762       -69.581663826590443        243.28490628704455      -0.15102295913780564        6.0982336483596425E-002
  0.30359284705686712        303592.84705686866       -77.641079286525724        232.40090125966614      -0.12947623755534549        4.6911890624663367E-002
  0.30359284705686701        348571.22680889291       -85.839674644455556        220.70515080940820      -0.11033598726657337        3.5560223483925513E-002
  0.30359284705686668        400213.31641024130       -94.104702032181706        208.35804845944492       -9.3400071834326318E-002   2.6561410798194400E-002
  0.30359284705686662        459506.36860769632       -102.35229349012803        195.56289271349667       -7.8479183083874388E-002   1.9586711902054590E-002
  0.30359284705686579        527583.90121780674       -110.48682886672242        182.57025399464052       -6.5395719643806791E-002   1.4341587245982619E-002
  0.30359284705686579        605747.36682667851       -118.40033025640122        169.68229704161786       -5.3983125359462716E-002   1.0562688075119106E-002
  0.38220075002559295        695.49103298295131       -9.4363453130755648       -21.528101469314720        6.3776061897217797       -4.9265274603818892     
  0.38220075001777043        798.53054822164006       -9.3064649980645378       -21.212490749089596        5.5226778214269192       -4.1784721052733467     
  0.38220075000581072        916.83574078787774       -9.1753495127975420       -20.895951587451833        4.7901693307419384       -3.5330952988067867     
  0.38220075001932025        1052.6682761405873       -9.0404220918647056       -20.571851840056610        4.1634864099209805       -2.9733367595548370     
  0.38220075008971161        1208.6248937082930       -8.8974029882000636       -20.228439423863875        3.6306119445823946       -2.4815369738649511     
  0.38220075012884064        1387.6870488845304       -8.7381310047756333       -19.841989347213485        3.1839845116742094       -2.0377737101254487     
  0.38220075020389899        1593.2779109939906       -8.5472374020640913       -19.366325027458942        2.8180957641930320       -1.6208390045368817     
  0.38220075024584643        1829.3278037595117       -8.2989516479253975       -18.722771983714637        2.5256954335961090       -1.2119809324242625     
  0.38220075031123468        2100.3493431507582       -7.9529119210954606       -17.786971692546061        2.3069566296765585      -0.78571321512120718     
  0.38220075031116302        2411.5237047466894       -7.4061732024434912       -16.236835045591036        2.2939813559126030      -0.16487367347157966     
  0.38220075028051226        2768.7996747084462       -6.0206831387235331       -12.053974605441551        3.5486743205035589        1.9588035779091744     
  0.38220075031363299        3179.0073739913805       0.44089534536418507        8.2044446369500257        11.513303860458068        12.455802503716429     
  0.38220075028383871        3649.9888289289656        34.537890701831813        116.25858768660179        46.721297938319793        58.353356701083975     
  0.38220075033692558        4190.7478929400449        210.17130361970132        675.49319124964313        185.13755710499922        244.00192982624455     
  0.38220075027421430        4811.6223692700551        1715.2052701491125        5468.4324862819267        1102.7595230390982        1517.8037708771571     
  0.38220075026963185        5524.4816484865887        12304.291349380441        39059.131866997632        5864.7554873942208        8446.7429621342144     
  0.38220075026889078        6342.9536115906476        27776.859479865358        88102.102889388334        9774.4829472206984        14846.933460784512     
  0.38220075026826344        7282.6851601225817        26111.893671832127        82817.323226299777        6693.4836995951637        10846.395745401003     
  0.38220075026650008        8361.6413407777691        18558.363891927176        58869.443951516580        3402.7479631008309        5973.8628185553807     
  0.38220075026581352        9600.4487870548037        12666.819980731558        40203.122266575519        1568.2790279613498        3097.5742322119545     
  0.38220075026515216        11022.790042833254        8450.3858573673842        26897.277094667512        665.56884764655797        1556.6963781994773     
  0.38220075026540212        12655.856306687059        5618.1188840957602        17960.310092576037        373.38939322087322        891.64662933079717     
  0.38220075026537964        14530.867251666057        3763.0655718432076        12092.430178199718        181.03736847840065        484.94746771896303     
  0.38220075026545358        16683.667858494071        2469.0519226880224        8000.4505870874700        79.614122576193282        254.73825273398330     
  0.38220075026543227        19155.413671580041        1561.8873705155852        5135.2517878967774        31.571451574859623        129.47383986652164     
  0.38220075026542988        21993.357578295389        935.57211982331808        3161.0745026057425        10.229161289189761        62.717916767806912     
  0.38220075026542905        25251.753152395711        522.39682491929159        1863.3605398179041        1.6715190402100397        28.619636903383096     
  0.38220075026543210        28992.891831068693        272.94241979911061        1085.5094372629992       -1.1815664460806445        12.491475540632539     
  0.38220075026543299        33288.293753508995        141.88527832133013        683.89579206780127       -1.8167457076497733        5.6860215677556800     
  0.38220075026543232        38220.075026543345        84.651630993543961        517.26667552358663       -1.7780035571554984        3.1644892296550045     
  0.38220075026543227        43882.517555608312        64.093857355781864        467.90421639641971       -1.6128533404744114        2.2810799105029234     
  0.38220075026543149        50383.871451872124        57.203192485057173        462.90292560087204       -1.4526240167058719        1.9025995958519326     
  0.38220075026543060        57848.424472500257        53.858164198503118        470.20172001452914       -1.3102371315729247        1.6581173098367632     
  0.38220075026543010        66418.878055989975        50.899211983696148        479.80081363476751       -1.1818441346003279        1.4562635805562842     
  0.38220075026542955        76259.075375744636        47.606639870586946        489.42680903394370       -1.0649738394708286        1.2788194077807904     
  0.38220075026542921        87557.133564664895        43.848718249776510        498.66155887485769      -0.95839546661387609        1.1214804889027310     
  0.38220075026542932        100529.03999015631        39.597036124781283        507.40491902132584      -0.86122520582813245       0.98203317445740823     
  0.38220075026542871        115422.78133030274        34.839471433327105        515.59789585553517      -0.77268767094480306       0.85864554954976346     
  0.38220075026542899        132523.08438762999        29.569549228871495        523.18798767601038      -0.69207593264891187       0.74967190262339733     
  0.38220075026542916        152156.85927159447        23.786215702247716        530.12763600008839      -0.61874284473051078       0.65362296027352118     
  0.38220075026542916        174699.44900827276        17.494713858395585        536.37629684999411      -0.55209576429822460       0.56915079018717685     
  0.38220075026542921        200581.80505235842        10.707606707643151        541.90314284312535      -0.49159179000732500       0.49503570413720632     
  0.38220075026542921        230298.72587724711        3.4458709536078800        546.69018649349255      -0.43673330084596185       0.43017432235619690     
  0.38220075026542938        264418.31614207925       -4.2599490362592860        550.73582581997016      -0.38706374533236487       0.37356874538589985     
  0.38220075026542943        303592.84726863605       -12.368534660494220        554.05881776948718      -0.34216366398044212       0.32431678637198108     
  0.38220075026542721        348571.22705203242       -20.826542805089787        556.70267591096945      -0.30164727049097306       0.28160287091690950     
  0.38220075026542721        400213.31668940332       -29.567321896254725        558.74047908446300      -0.26515894429442483       0.24469018241318841     
  0.38220075026542727        459506.36892821739       -38.509605141826114        560.28006612791614      -0.23237041000847691       0.21291320536561412     
  0.38220075026542721        527583.90158581547       -47.556192227622091        561.46958053773233      -0.20297803762383809       0.18567116034871028     
  0.38220075026542544        605747.36724920629       -56.592630678492242        562.50331946898768      -0.17670030858130506       0.16242221360265130     
  0.48116223688203397        695.49103337036502       -12.360785507805387       -21.756092234870291        10.399830902336115       -7.7057493968273132     
  0.48116223685800896        798.53054864292233       -12.158945107096594       -21.339463340819265        8.9627577289299172       -6.5045614909543019     
  0.48116223686775156        916.83574131882801       -11.958783636351521       -20.927127954450953        7.7348178558840557       -5.4763491721409769     
  0.48116223685023873        1052.6682766746776       -11.758092893521772       -20.514695863127486        6.6851211243957751       -4.5945551300445864     
  0.48116223683513815        1208.6248940609828       -11.554046544883045       -20.096438707284392        5.7880572601515841       -3.8358328091065723     
  0.48116223685508697        1387.6870492049366       -11.342504279679035       -19.663577698203483        5.0237385545756688       -3.1777765328912855     
  0.48116223683205223        1593.2779109726955       -11.116131491059745       -19.199597297969717        4.3787234823709644       -2.5959465832871476     
  0.48116223688024279        1829.3278037175041       -10.860694430460420       -18.670975913259724        3.8450047126002294       -2.0624250472908350     
  0.48116223689160714        2100.3493427927988       -10.550154982223638       -18.014908139551977        3.4154608906649573       -1.5489028981752131     
  0.48116223693211946        2411.5237045391918       -10.142496112385237       -17.128882690720104        3.0805343541920900       -1.0305896979836915     
  0.48116223701112026        2768.7996751468545       -9.5662493197315435       -15.836862386198190        2.8689635486651075      -0.44159054997344138     
  0.48116223714837764        3179.0073751261043       -8.5533017064407009       -13.468306299646569        3.2211208646928178       0.76898499276900423     
  0.48116223720091855        3649.9888309149001       -5.2286648346010853       -5.3044591099560279        7.0672412889679510        6.2260928339886785     
  0.48116223716755674        4190.7478943475462        12.039787565016997        37.989770011126467        27.759099469862022        33.005944166929140     
  0.48116223726407148        4811.6223726407197        101.43603996854021        263.52881401336958        105.65870598155485        137.35873447213538     
  0.48116223726992208        5524.4816524900407        614.04475186900299        1561.9793006408142        482.32131723901392        645.96785415759155     
  0.48116223727233903        6342.9536162313852        5795.2156715182082        14639.828004601439        3364.2953957549275        4700.1756170294057     
  0.48116223727201790        7282.6851654579541        28572.296557711597        71998.584636094165        12309.495528344683        18031.596330385510     
  0.48116223727178553        8361.6413469381368        45894.907392551351        115604.72722776466        14549.933245540367        22552.091532520135     
  0.48116223727106167        9600.4487941306543        37397.757451216741        94200.654799715252        8593.1978554173184        14272.375660374482     
  0.48116223727021834        11022.790050957172        25887.107486890305        65214.237918735300        4210.3668501045286        7634.6838966397891     
  0.48116223727143081        12655.856316038180        17586.785427417144        44340.321728122944        1843.6898763619438        3871.5144620869305     
  0.48116223727115998        14530.867262395255        11588.042368041830        29312.282166847577        862.77291221188989        2030.3382056933769     
  0.48116223727113705        16683.667870808815        7697.1968126053089        19544.915867072632        463.42449105870548        1141.4801573084274     
  0.48116223727092378        19155.413685711839        5056.0692748340380        12906.294422964491        212.04268853755477        602.01440713263219     
  0.48116223727092577        21993.357594521094        3203.9144524327139        8253.5564304180298        87.460867053040431        304.66729284408046     
  0.48116223727094032        25251.753171026132        1920.8419696596084        5034.4841351034120        30.835552120562419        146.23042707139234     
  0.48116223727093760        28992.891852458884        1070.7564847083081        2906.5553053897015        7.4010251082223562        65.425355224863978     
  0.48116223727094987        33288.293778068983        558.54434147451070        1630.3601471122417      -0.84185921779517159        27.505662392141446     
  0.48116223727094742        38220.075054741865        295.63351171475716        982.95054164054807       -2.9644373708048115        11.921055208551337     
  0.48116223727094548        43882.517587984366        188.63275509004319        729.24107222718237       -3.1336364006026005        6.4847598585498085     
  0.48116223727094487        50383.871489044846        156.41830431575360        665.03180050290212       -2.8880134641089259        4.7516452382996395     
  0.48116223727094870        57848.424515180850        149.82020788771484        666.57533612186626       -2.6167793396980250        4.0525288175397467     
  0.48116223727094898        66418.878104994001        149.09318054938549        684.20813823593107       -2.3711117984262944        3.5912699635698879     
  0.48116223727094831        76259.075432008773        148.98542333096998        704.75511858774087       -2.1486514582798333        3.2003138726465417     
  0.48116223727094809        87557.133629264805        148.54075827808123        725.85186821640934       -1.9460523604350053        2.8521608621642223     
  0.48116223727094803        100529.04006432688        147.62011822134826        747.18510044391439       -1.7613387702596102        2.5405556485817131     
  0.48116223727094803        115422.78141546214        146.19013863453591        768.70015200540809       -1.5929324271868806        2.2617491764887587     
  0.48116223727094792        132523.08448540594        144.22952446179278        790.36387932660534       -1.4394172943627708        2.0124860640439981     
  0.48116223727094592        152156.85938385554        141.72152277331611        812.14430941827220       -1.2995045225192334        1.7898286646696044     
  0.48116223727087115        174699.44913713861        138.65447601586635        834.01061589540848       -1.1720204989815277        1.5911209838188247     
  0.48116223727087126        200581.80520031622        135.02301348532774        855.93471238496466       -1.0558972054910152        1.4139619248464763     
  0.48116223727087193        230298.72604712567        130.82940016856628        877.89328720759829      -0.95016293439752020        1.2561813016495202     
  0.48116223727087259        264418.31633712619        126.08502347697731        899.87027100733019      -0.85393377664850367        1.1158177625409598     
  0.48116223727087282        303592.84749257995        120.81201797700544        921.85978133443302      -0.76640553222877605       0.99109883283387512     
  0.48116223727087404        348571.22730915749        115.04502636121890        943.86958672885146      -0.68684628124144231       0.88042269445716703     
  0.48116223727087226        400213.31698462088        108.83309207180821        965.92512743995928      -0.61458940307977783       0.78234176747066231     
  0.48116223727087404        459506.36926717410        102.24167614367525        988.07412206269862      -0.54902719217717655       0.69554779751407558     
  0.48116223727087426        527583.90197499003        95.354788088614214        1010.3917798915062      -0.48960501304353810       0.61885836325238475     
  0.48116223727087265        605747.36769603938        88.277218127600804        1032.9866291613143      -0.43581586914237158       0.55120479328472261     
  0.60574736758721892        695.49103380746919       -16.140854104023340       -21.855304510864922        16.980894100986923       -11.845374456809919     
  0.60574736753629910        798.53054911753122       -15.820013577217834       -21.305017675032900        14.557644733645722       -9.9168346363403046     
  0.60574736750783686        916.83574180210860       -15.504347438901044       -20.762563945275758        12.494314968460531       -8.2793222690905282     
  0.60574736754923397        1052.6682773398118       -15.191615357665412       -20.224325113460395        10.736739741860770       -6.8873053796052410     
  0.60574736750381419        1208.6248947719655       -14.879109538155589       -19.685918882039743        9.2389743306114838       -5.7022864866105767     
  0.60574736753682268        1387.6870500393391       -14.563505310518890       -19.141930833299625        7.9623729343737306       -4.6913201520298298     
  0.60574736757514680        1593.2779121077956       -14.240412624300291       -18.585054151998293        6.8755143600917759       -3.8247715750804123     
  0.60574736760388492        1829.3278049243456       -13.902970820174922       -18.003323309301322        5.9551836706785464       -3.0726641914250501     
  0.60574736764644233        2100.3493442763925       -13.538389194503038       -17.373249012386793        5.1870185502356119       -2.4007241282705380     
  0.60574736766148085        2411.5237060994123       -13.121913167658494       -16.647817217574357        4.5625364467148604       -1.7701625799751581     
  0.60574736764770409        2768.7996764206523       -12.609974466510419       -15.742872097224135        4.0716684916311277       -1.1440664772892983     
  0.60574736768409887        3179.0073758727722       -11.933766913458076       -14.524367299362238        3.7069491297465778      -0.48415808133069449     
  0.60574736773799698        3649.9888316983947       -10.951245119814779       -12.712464629682783        3.6066699235691444       0.41174023872812793     
  0.60574736779495597        4190.7478959317477       -8.8869250978750696       -8.7607616833018653        5.1217424287536790        3.2040744656441893     
  0.60574736784153171        4811.6223738644421      -0.30762533503982370        8.2022692269312358        16.005559884801595        17.569303560187969     
  0.60574736789552175        5524.4816543202833        45.934484776036115        100.62452720731584        68.033660463752710        84.742081031394960     
  0.60574736791948769        6342.9536185518782        282.11042743093753        574.80527663642533        271.70483795662091        354.83378728973838     
  0.60574736787657180        7282.6851676111346        1975.9464067371600        3981.4817244746332        1395.0067612093997        1896.5129213250684     
  0.60574736787368733        8361.6413493745404        18039.528999162121        36137.431575480150        9480.2381094072061        13444.741817928274     
  0.60574736787217676        9600.4487969185211        60455.388022543309        120962.84423605537        23560.356817378593        35118.379307200077     
  0.60574736787180239        11022.790054170580        70648.864454356968        141333.82010622881        20150.321983202070        31912.226300119535     
  0.60574736787259098        12655.856319712248        52726.140338990081        105477.25482210807        10835.477072741902        18480.703679954986     
  0.60574736787223948        14530.867266613399        36040.915503340409        72105.983218716574        5154.8381329098411        9706.8443602222105     
  0.60574736787150629        16683.667875632495        24222.213467261023        48523.143652892024        2145.8074942021176        4813.7746198960349     
  0.60574736787171612        19155.413691265290        15832.680724893480        31820.288761082335        1120.7747861485748        2644.6017736337390     
  0.60574736787183969        21993.357600901698        10385.068701614531        20945.677591043932        556.21062821786916        1429.8374491159884     
  0.60574736787198202        25251.753178357219        6598.5346174649740        13384.006054275231        238.62726512144621        724.83030379679690     
  0.60574736787197603        28992.891860875974        3960.7441807096343        8120.1300014981816        89.292336290271805        346.21033278087452     
  0.60574736787197170        33288.293787732015        2197.3234457909612        4605.9758856245026        25.599402943537569        152.52616589810077     
  0.60574736787197492        38220.075065836907        1126.9189209946526        2478.9505797343736        2.1739911478116660        61.671586424869943     
  0.60574736787196926        43882.517600722946        581.79709608655401        1403.6708209232527       -4.4165309534490502        24.925948989323555     
  0.60574736787197125        50383.871503670918        370.27713842034808        996.85542620591139       -5.3822430952339113        12.767217471334339     
  0.60574736787197225        57848.424531973455        315.24978696006349        904.36613643305452       -5.0628254255117486        9.2780557173228413     
  0.60574736787197170        66418.878124274401        309.88217688282054        912.61772913640004       -4.6069687893405398        7.9973809652230816     
  0.60574736787197203        76259.075454145786        314.59370953828159        942.52943165145086       -4.1847361878535150        7.1530030661158319     
  0.60574736787197192        87557.133654681515        320.40126401759517        976.21465995132428       -3.8014944744487362        6.4261793572734360     
  0.60574736787197192        100529.04009350919        326.01772639330477        1011.1771648013245       -3.4527077042725347        5.7742556937513863     
  0.60574736787197181        115422.78144896789        331.30326997291638        1047.2125013905043       -3.1350684674269984        5.1876722002207432     
  0.60574736787197236        132523.08452387582        336.22485850922465        1084.3257873631273       -2.8457546665422377        4.6599475592005879     
  0.60574736787197236        152156.85942802555        340.75772893579386        1122.5332731726212       -2.5822127930992020        4.1853262071052821     
  0.60574736787197203        174699.44918787957        344.88047586905532        1161.8509779452779       -2.3421220253821535        3.7586103260748462     
  0.60574736787197181        200581.80525857449        348.57601583979624        1202.2949586082632       -2.1233745247591345        3.3751044714304661     
  0.60574736787197170        230298.72611401480        351.83295650287096        1243.8822772111280       -1.9240573606206246        3.0305680356642810     
  0.60574736787197181        264418.31641392491        354.64716853583843        1286.6322828756438       -1.7424356763412661        2.7211717189010520     
  0.60574736787197170        303592.84758075653        357.02357110602281        1330.5682576799427       -1.5769368667822263        2.4434579367245903     
  0.60574736787197181        348571.22741039679        358.97814609080092        1375.7194918127880       -1.4261360568315886        2.1943046139707603     
  0.60574736787197025        400213.31710085960        360.54019313327046        1422.1238545303547       -1.2887422592624465        1.9708926904540329     
  0.60574736787197025        459506.36940063228        361.75483398825043        1469.8309264815632       -1.1635859844616956        1.7706762592474230     
  0.60574736787197114        527583.90212822123        362.68577097545199        1518.9057587292607       -1.0496075265612070        1.5913558156670831     
  0.60574736787197103        605747.36787197413        363.41830050196063        1569.4333208443820      -0.94584637754227818        1.4308538803378370     
  0.76259075451412928        695.49103410948771       -21.033793698652715       -21.843432940826798        27.792679457947763       -17.869062308305914     
  0.76259075444747215        798.53054946162172       -20.520190213964725       -21.122930006534091        23.688362303644936       -14.769552700516694     
  0.76259075446802949        916.83574226497194       -20.016020175565650       -20.412611020148574        20.206498904320757       -12.162564316858553     
  0.76259075447199820        1052.6682778047887       -19.518964493924660       -19.709392476130461        17.252352041363650       -9.9686936776839303     
  0.76259075445182856        1208.6248953644879       -19.026201197227401       -19.009524995361460        14.745428833268406       -8.1212361354790588     
  0.76259075443433222        1387.6870506121898       -18.534332414126165       -18.308501301156355        12.617453629948974       -6.5641254221389245     
  0.76259075442882063        1593.2779126531984       -18.039262522173228       -17.600891081848147        10.810709311023157       -5.2500551704595111     
  0.76259075442426050        1829.3278054528248       -17.535910378609572       -16.879917679091250        9.2771307780237340       -4.1382152831858239     
  0.76259075440112500        2100.3493446718853       -17.017274737418528       -16.136013944034744        7.9787922472168269       -3.1905555502991185     
  0.76259075450012226        2411.5237068066863       -16.471667512856488       -15.352475972463251        6.8895776498133428       -2.3661374634494678     
  0.76259075453018699        2768.7996774048415       -15.876582960027193       -14.495783949364236        5.9949852772647594       -1.6165674213553256     
  0.76259075457830316        3179.0073770123513       -15.189323056758827       -13.500784797404462        5.2854852309539497      -0.88885510610156304     
  0.76259075464094084        3649.9888329818405       -14.337851487382210       -12.256255972520334        4.7466294119535437      -0.13527612482168383     
  0.76259075469239346        4190.7478972940353       -13.205655576751589       -10.580966765072475        4.3962299948601302       0.72546232053974435     
  0.76259075475716764        4811.6223754672901       -11.453868124902563       -7.9411533222106803        4.7421435660402267        2.3426746472101554     
  0.76259075486009342        5524.4816564138364       -6.7757979991428696      -0.67588875038993024        9.6932621702564887        9.5153905074670480     
  0.76259075497123796        6342.9536216291053        16.234075326326888        35.718035967313710        39.009147321327077        47.196040364502188     
  0.76259075505134688        7282.6851724252592        139.30772514038370        231.53434638487622        166.61272329434757        212.83453567093832     
  0.76259075499852813        8361.6413543625658        789.08500489847393        1269.5059841234979        677.27465014080792        898.00715819114021     
  0.76259075500759355        9600.4488027836069        6802.5182718331189        10854.024381796989        4338.2136747501609        5981.9128568303231     
  0.76259075500662565        11022.790060897423        49047.100898421850        77976.407823371119        23338.997611758416        33623.772047964492     
  0.76259075500736118        12655.856327431429        110639.30661546042        175806.14873004379        38907.913696284275        59103.925017082198     
  0.76259075500768359        14530.867275490778        103921.98547744341        165115.15499441884        26624.069530285378        43144.390513183702     
  0.76259075500922924        16683.667885879095        73698.996666735038        117089.12390677141        13503.921184244857        23707.396099737813     
  0.76259075501049434        19155.413703055106        50044.077528507500        79519.658405843074        6196.2904341659541        12231.690321403226     
  0.76259075501163809        21993.357614466724        33034.680955098331        52589.049958987736        2598.6048002748576        6074.9818154094983     
  0.76259075501172791        25251.753193928984        21419.690780821653        34198.338506939763        1405.9077637984617        3374.8662133537250     
  0.76259075501176066        28992.891878756287        13657.552230499072        21882.821883446013        641.96259592550882        1739.2865759856090     
  0.76259075501178408        33288.293808262621        8230.5189984160916        13273.042364289720        252.43701600874141        832.13531388846911     
  0.76259075501177220        38220.075089408398        4555.7744911889122        7447.8390244621542        80.448558979525359        363.75850802616367     
  0.76259075501176643        43882.517627786721        2289.4573657725318        3861.2737253743030        14.486085969634885        142.41306211793011     
  0.76259075501176810        50383.871534744234        1126.1808244114407        2028.3001743337079       -5.3519799993305064        53.176031970520924     
  0.76259075501177043        57848.424567650472        684.81839048606662        1343.5371802756890       -9.0088080162240622        24.757317770364171     
  0.76259075501176998        66418.878165237125        580.72331629593884        1196.0119820912496       -8.7533137939725698        17.426531464314255     
  0.76259075501176943        76259.075501177169        577.24366599763448        1209.8673482341837       -7.9957688242532159        15.070072539596543     
  0.76259075501176876        87557.133708680718        591.92881565879634        1254.2218169869557       -7.2717149852080096        13.554286528451554     
  0.76259075501176876        100529.04015550857        608.64123983120828        1303.5452315875773       -6.6135331496321488        12.238476350371295     
  0.76259075501176854        115422.78152015270        625.57543051317157        1355.0780802518148       -6.0151839870773447        11.053335991661374     
  0.76259075501176865        132523.08460560680        642.60236393447872        1408.7254104254041       -5.4710096799808685        9.9835947339450541     
  0.76259075501176898        152156.85952186535        659.70397086026298        1464.5687624692980       -4.9760036503249037        9.0179783684695778     
  0.76259075501176876        174699.44929562212        676.86778119876828        1522.6976352039399       -4.5256232306694999        8.1463783347840266     
  0.76259075501176909        200581.80538227968        694.08385348917750        1583.2032611285738       -4.1157436130141107        7.3596666299847220     
  0.76259075501176921        230298.72625604740        711.34590082629984        1646.1788574986256       -3.7426230129454465        6.6496025427098759     
  0.76259075501176909        264418.31657700008        728.65271672692393        1711.7201591929640       -3.4028699489820275        6.0087484502752257     
  0.76259075501176909        303592.84776799189        746.00983876306009        1779.9261345544435       -3.0934127900989647        5.4303925769827543     
  0.76259075501176909        348571.22762537177        763.43148665520425        1850.8999495566056       -2.8114714117730499        4.9084786003508114     
  0.76259075501176954        400213.31734768511        780.94281212661895        1924.7502526638980       -2.5545308517979790        4.4375417632210539     
  0.76259075501176932        459506.36968402588        798.58249302730280        2001.5928526561308       -2.3203172668625296        4.0126506254814425     
  0.76259075501176976        527583.90245360008        816.40570050771998        2081.5528648938653       -2.1067752783901326        3.6293547792446876     
  0.76259075501177009        605747.36824555940        834.48746528531160        2164.7674047812870       -1.9120474950533750        3.2836371648594205     
  0.96004488029641799        695.49103457261481       -27.388887890094562       -21.749883333121996        45.664371896609268       -26.394678010492068     
  0.96004488021430234        798.53054999486039       -26.567707494098595       -20.817255379945721        38.673399397714022       -21.396245359853662     
  0.96004488023062173        916.83574286808152       -25.760959199040741       -19.896019843379520        32.764155257029643       -17.239044123195352     
  0.96004488027922230        1052.6682785450621       -24.966286802799981       -18.983577778008964        27.771069814925351       -13.782625190608819     
  0.96004488029519730        1208.6248962665138       -24.180729118241238       -18.076669157274239        23.552622317853455       -10.910132175454956     
  0.96004488033634461        1387.6870517391678       -23.400685229845166       -17.171348076416848        19.989043859462932       -8.5234998327304865     
  0.96004488034913460        1593.2779139798838       -22.621810189551674       -16.262873300831870        16.978703369709010       -6.5408378730156640     
  0.96004488039684299        1829.3278070779088       -21.838905759877182       -15.345596552229777        14.435616529299939       -4.8936484768371677     
  0.96004488039669500        2100.3493466011282       -21.045712648251353       -14.412731474600092        12.287480903541113       -3.5241932718285938     
  0.96004488047278846        2411.5237088998351       -20.234325386800514       -13.455652510430125        10.475044228439781       -2.3818574146650260     
  0.96004488053344117        2768.7996798738641       -19.393258022928055       -12.461498890736776        8.9536090634018013       -1.4169421229266828     
  0.96004488039070668        3179.0073791739483       -18.502163735643364       -11.406566209259948        7.6952914427471448      -0.57244226101667817     
  0.96004488036167734        3649.9888350535157       -17.521400479848253       -10.243207805871180        6.6863388534437203       0.21986484821034846     
  0.96004488039768121        4190.7478995470456       -16.378191024538410       -8.8824562826772535        5.9145577794323465        1.0306817659893106     
  0.96004488043906600        4811.6223778528110       -14.954162065558187       -7.1784049868739421        5.3630991370240784        1.9254661614635231     
  0.96004488051407544        5524.4816588387821       -13.034145054281749       -4.8637166849552216        5.1651177549034673        3.1365018867463874     
  0.96004488062062177        6342.9536241927990       -9.6850834844143208      -0.76573348852804191        6.9812820732657794        6.7031127786239333     
  0.96004488073977834        7282.6851755076359        1.9595698897800489        13.781226087172803        21.611013083381103        25.971343546677723     
  0.96004488088965889        8361.6413597861574        64.445818799257097        92.568048299312963        97.712085306336718        123.22103950094404     
  0.96004488095058726        9600.4488095058823        390.58601887994757        505.41993565502702        374.23463015733904        495.54108600120446     
  0.96004488079050676        11022.790066791647        2360.7127259724289        3006.4864933365238        1823.6204771346963        2452.0995241298338     
  0.96004488078149375        12655.856334067881        23091.738124936015        29198.584580990424        13350.621439028022        18666.723949541938     
  0.96004488078116901        14530.867283099387        113832.41629859236        143691.85334726353        48999.994945470011        71785.764114322315     
  0.96004488078420336        16683.667894633865        182728.16136882946        230604.91315554825        57907.262872466345        89756.578238196729     
  0.96004488078649808        19155.413713120932        148681.48557952940        187619.01595134984        34151.511296691155        56720.307697851196     
  0.96004488078611716        21993.357625982124        102520.83487483300        129356.75919216008        16668.220430021407        30220.759607499589     
  0.96004488078645767        25251.753207156420        69042.732907149519        87146.441038930789        7242.9655869701692        15195.054010662550     
  0.96004488078655725        28992.891893945176        44619.604269701456        56444.850856496480        3300.8227473932975        7786.7876839727705     
  0.96004488078660810        33288.293825702538        28399.147949943603        36018.705590686295        1684.6574301442593        4177.8719435258390     
  0.96004488078671457        38220.075109436941        17243.190296346449        21954.625980470155        701.56237750112291        2025.1649047322310     
  0.96004488078667727        43882.517650781185        9579.0535796706954        12295.768226431390        241.24569169513501        886.88091096600101     
  0.96004488078667427        50383.871561145155        4742.3009656930408        6205.8866166353246        56.771853387935025        340.58687738776996     
  0.96004488078667760        57848.424597962818        2202.0227543861829        3015.2214418194485       -2.1507165582770398        117.95142672169720     
  0.96004488078667127        66418.878200039922        1234.9386220264248        1811.1686557631399       -14.526917389960607        48.306464942470932     
  0.96004488078667483        76259.075541136495        1016.9869209638741        1553.9457492423023       -14.983484975091685        31.969953048489323     
  0.96004488078667494        87557.133754560229        1013.9166090996927        1569.4907303156922       -13.753461745833272        27.550365907844917     
  0.96004488078667038        100529.04020818482        1045.6869125426642        1630.7300936432509       -12.514320888358110        24.863470053859270     
  0.96004488078667072        115422.78158063321        1081.2636129130615        1698.6294749699480       -11.386176604240756        22.524011638106852     
  0.96004488078667072        132523.08467504772        1117.9208556573201        1769.8826814239508       -10.361733504393996        20.411704940712958     
  0.96004488078667027        152156.85960159404        1155.5608219863404        1844.5049296701652       -9.4312418742611577        18.501358311966548     
  0.96004488078666983        174699.44938716287        1194.2098454641755        1922.6725936050568       -8.5859024333876341        16.773375331768648     
  0.96004488078667083        200581.80548738266        1233.8990877204674        2004.5718804112764       -7.8177250234134714        15.210113677114361     
  0.96004488078667105        230298.72637672178        1274.6626897355882        2090.3955615835912       -7.1194585102348009        13.795645057480487     
  0.96004488078667105        264418.31671555282        1316.5389901149533        2180.3433692866747       -6.4845290574162036        12.515595074466912     
  0.96004488078667172        303592.84792707191        1359.5719621893788        2274.6224450656882       -5.9069823487181301        11.356995302690025     
  0.96004488078668793        348571.22780802601        1403.8128762265603        2373.4478313826912       -5.3814287096614573        10.308148299998448     
  0.96004488078668782        400213.31755739992        1449.3222620333258        2477.0430881631000       -4.9029933006340860        9.3585034089716412     
  0.96004488078668704        459506.36992481037        1496.1722407540367        2585.6411114659750       -4.4672691300610534        8.4985449319452595     
  0.96004488078668693        527583.90273005737        1544.4492823243668        2699.4852216944309       -4.0702745238120608        7.7196900226580603     
  0.96004488078668615        605747.36856297392        1594.2574406794276        2818.8305868070524       -3.7084138003550176        7.0141964455820611     
   1.2086248968156577        695.49103488773005       -35.693152481826772       -21.621026019147394        75.455393482225361       -38.073898001415891     
   1.2086248968654698        798.53055045787255       -34.387386795283220       -20.428065058908373        63.469217916866903       -29.954866920152526     
   1.2086248967841648        916.83574332242972       -33.101165107551040       -19.246116302085170        53.370673798828108       -23.290368138801664     
   1.2086248967450830        1052.6682789793952       -31.832407961187236       -18.073272509866456        44.870103694590149       -17.830020469353091     
   1.2086248966945718        1208.6248966945725       -30.578225043109558       -16.906889621637333        37.720027367367123       -13.365198007731699     
   1.2086248967576667        1387.6870522436116       -29.334799331970167       -15.743486681962791        31.710146603467685       -9.7215302324963968     
   1.2086248966679416        1593.2779144195561       -28.097486156184537       -14.578863119574235        26.660840686483731       -6.7552192707542353     
   1.2086248966332762        1829.3278074393452       -26.860638289598324       -13.407943986543101        22.420583772832913       -4.3460504642462592     
   1.2086248965394688        2100.3493468534180       -25.617512791494171       -12.224710644126445        18.861068015416102       -2.3943749755942640     
   1.2086248965451054        2411.5237090096107       -24.360091856089674       -11.022049716125080        15.874126870471409      -0.81731804952121223     
   1.2086248964845856        2768.7996796863363       -23.078699920631298       -9.7914034315138565        13.369566598506823       0.45509893231333720     
   1.2086248965216733        3179.0073795288263       -21.760778463682200       -8.5215825519568966        11.275316459241814        1.4860124321626271     
   1.2086248964485444        3649.9888353504921       -20.386959062009993       -7.1948800464127762        9.5405057824288715        2.3417885264273428     
   1.2086248963735269        4190.7478994707426       -18.921332930629315       -5.7773794733151353        8.1375425907158512        3.1029718192464872     
   1.2086248962396207        4811.6223770246970       -17.294450984636875       -4.2019930917902570        7.0539320498623850        3.8646943573728305     
   1.2086248960768564        5524.4816567123689       -15.383922463594198       -2.3491133494424332        6.2720013960985801        4.7191298746960921     
   1.2086248962000428        6342.9536216938968       -12.993187190953941       -2.5454178942396762E-002   5.7928625782205545        5.7782074155294048     
   1.2086248966139208        7282.6851742284798       -9.6761821757858488        3.2115916197561485        6.1718635058899567        7.7823306390230771     
   1.2086248966473729        8361.6413572435195       -2.6101277548404935        10.187059021715683        12.477193243430399        16.926377288848915     
   1.2086248968152156        9600.4488073104785        28.240443449760278        40.999518237150312        53.350500827676989        68.946395780332935     
   1.2086248968936608        11022.790066824384        197.46552130412994        210.81995182896659        245.07898832522440        314.92526445140896     
   1.2086248967659463        12655.856332886950        1071.4493032094947        1090.9026467061267        996.68347803534130        1311.4710237702932     
   1.2086248968094797        14530.867282271800        7785.8945701143439        7849.2137761713811        5438.9420218415580        7411.6268491650917     
   1.2086248968099513        16683.667893637445        71889.522924596109        72117.753584461752        37711.348882946862        53497.408527585038     
   1.2086248968122164        19155.413711967001        240760.28176887953        241358.36728819410        93789.317291960964        139803.73242455148     
   1.2086248968148212        21993.357624713361        281113.96837916342        281771.07413066551        80163.008695565033        126950.30534935983     
   1.2086248968203539        25251.753205806319        209250.79529154848        209713.28547020673        42994.631458154137        73323.589412022309     
   1.2086248968212456        28992.891892413441        142084.42062785930        142381.31521124160        20320.118918551852        38254.423663448819     
   1.2086248968228326        33288.293823985819        94082.608060911691        94349.550850893123        8327.1957568499674        18677.935332714540     
   1.2086248968232631        38220.075107475255        59426.070289412353        59729.870774390285        4162.1262957507406        9869.3266636436001     
   1.2086248968233051        43882.517648532099        36364.600880483522        36642.021907027811        1911.1290090382452        4960.5049879046273     
   1.2086248968233806        50383.871558566163        20420.308635968977        20673.083464680531        704.06969683999876        2202.5008817784483     
   1.2086248968234587        57848.424595005265        10071.639778018136        10313.264146498113        192.34571979927546        843.41572223509843     
   1.2086248968234661        66418.878196645048        4435.1386942810650        4678.0295988810394        18.549620675390912        275.76356554519248     
   1.2086248968234721        76259.075537238750        2227.2132872736420        2480.8939033846400       -21.731867100978132        97.074505637201440     
   1.2086248968234665        87557.133750084613        1728.7167050256269        1998.7521927760097       -25.414651706500354        57.951642759317920     
   1.2086248968234674        100529.04020304668        1716.3145739413303        2005.4936575434110       -23.522884817633461        49.331020616212314     
   1.2086248968234656        115422.78157473360        1776.0489309482468        2086.3128457676794       -21.407594355535451        44.602594751336440     
   1.2086248968234652        132523.08466827404        1843.0227658619146        2176.3020788512222       -19.476843575158295        40.495458764284592     
   1.2086248968234650        152156.85959381686        1912.6550519053317        2271.0211929165780       -17.725256367864631        36.781800389789133     
   1.2086248968234654        174699.44937823361        1984.9124343447043        2370.5968737203875       -16.136044744112358        33.419157414738905     
   1.2086248968234663        200581.80547713043        2059.9177760105167        2475.3206692821550       -14.693872123039146        30.373580733880409     
   1.2086248968234663        230298.72636495059        2137.8009910762189        2585.4992078393479       -13.384807013884377        27.614446917891609     
   1.2086248968234663        264418.31670203770        2218.6981986572118        2701.4529285906974       -12.196209943285021        25.114107955940760     
   1.2086248968234654        303592.84791155410        2302.7532495249598        2823.5170123707571       -11.116626258811706        22.847617854177734     
   1.2086248968234654        348571.22779020324        2390.1193092730618        2952.0421639972478       -10.135684319369650        20.792476936945263     
   1.2086248968234647        400213.31753693643        2480.9605534813554        3087.3952737692885       -9.2439998157114989        18.928395891957010     
   1.2086248968234647        459506.36990131560        2575.4541358923980        3229.9600933129109       -8.4330872855112755        17.237080151461800     
   1.2086248968234654        527583.90270308207        2673.7925488388855        3380.1380234308449       -7.6952781168447677        15.702034581142691     
   1.2086248968234654        605747.36853200279        2776.1864584435134        3538.3490682761471       -7.0236459760609957        14.308385701101891     
   1.5215685959585743        695.49103490155221       -46.644598449962551       -21.525480586248591        125.64071019465140       -53.495970399319738     
   1.5215685960081187        798.53055046683323       -44.584656904073100       -20.017476126099609        104.94924301313338       -40.141924583348299     
   1.5215685960037848        916.83574339178244       -42.547478689554502       -18.517513296245625        87.556892760054041       -29.343053490490419     
   1.5215685959922465        1052.6682790850791       -40.532119938715894       -17.024848285629446        72.962744197068389       -20.645669673276842     
   1.5215685959554164        1208.6248968371697       -38.536330178564107       -15.537747898974883        60.735557976865806       -13.672453194626556     
   1.5215685958748917        1387.6870522614531       -36.556598609406919       -14.053541033476334        50.505499729966331       -8.1106627140608616     
   1.5215685958107672        1593.2779144911747       -34.588162447993177       -12.568641132304490        41.957878192890163       -3.7004423751894322     
   1.5215685956829543        1829.3278074203783       -32.624861254984999       -11.078447498391595        34.823750631978996      -0.22806366459940008     
   1.5215685957190888        2100.3493470445387       -30.659302371285811       -9.5774963210004671        28.875973585790206        2.4832879793492957     
   1.5215685956703688        2411.5237091405847       -28.682585686807816       -8.0592637251797328        23.922374322241350        4.5792353859053208     
   1.5215685956941229        2768.7996800185829       -26.684174649459536       -6.5160891834281633        19.800964295161101        6.1796630612429748     
   1.5215685956178011        3179.0073796532870       -24.651604352014537       -4.9389742319050356        16.375883385336746        7.3836342078695134     
   1.5215685956248586        3649.9888357311670       -22.569724147668563       -3.3170169118079680        13.535347390876630        8.2754259990345140     
   1.5215685955720486        4190.7479000224785       -20.418115763273846       -1.6354014528374703        11.193446384691912        8.9347599507102604     
   1.5215685956065157        4811.6223783002597       -18.163335661857513       0.13072257711854718        9.2952184681665564        9.4524653934110336     
   1.5215685955143565        5524.4816585862782       -15.741655505261095        2.0299120133238091        7.8163847651418150        9.9430972084082843     
   1.5215685954370999        6342.9536228768811       -13.032647907795315        4.1553710887320960        6.7449052959577713        10.536669915175091     
   1.5215685953956657        7282.6851728945485       -9.8328885536813662        6.6657765032118723        6.0561366803137853        11.353774968400781     
   1.5215685950709810        8361.6413536962536       -5.8001464007045875        9.8295819650040528        5.8625650989073668        12.666601066916691     
   1.5215685949140660        9600.4488009143843       0.20775156693613983        14.551401625984004        8.1270956485019923        16.899858272070837     
   1.5215685947429942        11022.790057525954        16.735060347190817        27.632069684457857        27.499810649798185        42.009060668290715     
   1.5215685949281754        12655.856325088529        100.94940052931975        94.651106679322069        137.19364530830566        180.48062094602247     
   1.5215685948087696        14530.867271654308        555.46638683538470        457.43753683495919        609.19860121343527        791.40488306811199     
   1.5215685946282933        16683.667879461540        3019.6100558337043        2430.3372985059468        2538.1153124377743        3381.2522152916531     
   1.5215685946139872        19155.413695474883        27059.627955166783        21603.669672367687        17163.358150021337        23691.041457324940     
   1.5215685946178137        21993.357605785786        195368.15049109151        155595.89174954453        92896.438349431643        133844.15372961445     
   1.5215685946205408        25251.753184004225        440464.63829411025        350698.33236047998        154870.41726935856        235253.60905071662     
   1.5215685946192110        28992.891867334554        413082.26076017908        328855.34494125750        105824.59653218309        171474.85639781813     
   1.5215685946210569        33288.293795188074        291598.95259677101        232103.06873370425        53428.272159070446        93784.672994049208     
   1.5215685946241335        38220.075074474691        195795.17551579463        155834.12872365443        24239.808033733199        47838.836363880255     
   1.5215685946259478        43882.517610693183        125972.71236815040        100385.40261812157        9844.7620856189315        23085.192696127411     
   1.5215685946264457        50383.871515134604        77090.792897924461        61560.323592129855        4988.9225089554202        12060.762708801723     
   1.5215685946266626        57848.424545143680        44002.106947123553        35234.786944420193        2010.1534725952365        5535.5112134899809     
   1.5215685946267541        66418.878139399880        21923.397606742023        17668.773486184364        611.92326909316512        2151.6297846726829     
   1.5215685946266979        76259.075471509306        9318.4773138938563        7646.7909201710418        102.91981720129124        683.29757491078499     
   1.5215685946266206        87557.133674613084        4117.7396930814657        3521.4788391385805       -26.415008084449553        206.37086845161213     
   1.5215685946266166        100529.04011639341        2893.9605469724588        2564.1735594717829       -42.576342522429286        105.05513358157404     
   1.5215685946266091        115422.78147524194        2834.4449969924203        2535.5027296882326       -40.080652219949854        87.063276498718892     
   1.5215685946266273        132523.08455404398        2938.1810441370908        2638.5896996544034       -36.484457940385866        78.755583876456399     
   1.5215685946266264        152156.85946266309        3056.1175691103208        2754.9109528308691       -33.184490293590592        71.610159376918205     
   1.5215685946266266        174699.44922764890        3179.4304551506980        2877.6042185882029       -30.192962973621491        65.144283819637408     
   1.5215685946266277        200581.80530423610        3308.1983572062422        3006.9067341628393       -27.481135624766260        59.285249098662021     
   1.5215685946266286        230298.72616644145        3442.7277792760142        3143.2484811602985       -25.022460914044256        53.974477250544943     
   1.5215685946266273        264418.31647411844        3583.3389100339400        3287.0818761693949       -22.792810687162245        49.159056120628044     
   1.5215685946266273        303592.84764986805        3730.3662420127648        3438.8823634799332       -20.770293715530237        44.791203708030949     
   1.5215685946266275        348571.22748974746        3884.1611758769022        3599.1504593312125       -18.935074442852422        40.827809498063488     
   1.5215685946266271        400213.31719196722        4045.0942555974198        3768.4133466427734       -17.269196787885658        37.229996996656951     
   1.5215685946266284        459506.36950523831        4213.5571764131255        3947.2261011724181       -15.756418006792700        33.962715173877186     
   1.5215685946266284        527583.90224832413        4389.9649563295970        4136.1728312040213       -14.382053848846805        30.994365427718503     
   1.5215685946266282        605747.36800987076        4574.7584925835663        4335.8678788536054       -13.132836161859117        28.296462798905576     
   1.9155413695753816        695.49103429708543       -61.267650742067602       -21.558166033841530        211.19024614168404       -73.153399455232773     
   1.9155413695268173        798.53054972656651       -58.049943870410381       -19.675323071055573        175.25490095583086       -50.768589206990939     
   1.9155413694964587        916.83574252992332       -54.850950921659802       -17.792975889108220        145.07365128243117       -32.951057228537408     
   1.9155413695500965        1052.6682781329914       -51.672883994291645       -15.912391805628088        119.79368763817934       -18.871404481833025     
   1.9155413695663772        1208.6248957835539       -48.515810195131046       -14.033507744315441        98.673189241103699       -7.8386555075704294     
   1.9155413695632491        1387.6870511229140       -45.377709358434323       -12.154979915024454        81.070264090288504       0.72026048995466141     
   1.9155413695622190        1593.2779132502467       -42.254552743625332       -10.274248428387978        66.432194058097821        7.2785225927619095     
   1.9155413695396593        1829.3278061277224       -39.140415094706164       -8.3876241255609330        54.285076027590200        12.224947989659569     
   1.9155413695688817        2100.3493455425341       -36.027354519030808       -6.4902296973201592        44.228405952929556        15.882412257362084     
   1.9155413695763999        2411.5237075027330       -32.905436062700623       -4.5760331069288895        35.917282262558153        18.510409035950929     
   1.9155413694823904        2768.7996779589671       -29.762811914871975       -2.6379190240177763        29.063424057150080        20.323793809419477     
   1.9155413695699457        3179.0073775932960       -26.585377021475065      -0.66749495797324698        23.423191541314392        21.497088218482769     
   1.9155413696110746        3649.9888334274206       -23.356568018693682        1.3450075416088225        18.792065552609301        22.172373785809739     
   1.9155413696710384        4190.7478976540615       -20.056850867374351        3.4110228460448861        14.999816323909283        22.466301474219197     
   1.9155413696017132        4811.6223752978221       -16.662146901939458        5.5446053943697384        11.909296237464911        22.479958942086022     
   1.9155413696528838        5524.4816556212045       -13.138450029698115        7.7657835148237089        9.4211707590134104        22.316037170790135     
   1.9155413696214694        6342.9536196905574       -9.4269912093673991        10.109878973096897        7.4806971925047474        22.101712118985269     
   1.9155413695609804        7282.6851692045029       -5.4148585021252149        12.646007087280251        6.0704598862097026        21.999330387684481     
   1.9155413696717574        8361.6413517273486      -0.89599586424185718        15.501637957809898        5.1756181137049335        22.181891162057969     
   1.9155413697790271        9600.4488001814680        4.4664935783627300        18.886307391108303        4.7786945752133745        22.824597202032905     
   1.9155413695450589        11022.790056577411        11.336973222622678        23.215837632672983        5.4537235020321813        24.774114497672258     
   1.9155413694813235        12655.856322038089        23.036356417914241        30.585718365294664        13.538816471603369        35.708027448360113     
   1.9155413693708181        14530.867268453983        65.248421826474299        57.245985664167158        69.556941542242114        105.69597944668197     
   1.9155413690542156        16683.667875008465        296.68159292348179        203.77014019459236        354.38491475514093        466.42465455576047     
   1.9155413690539769        19155.413690539790        1512.5202972670279        975.49761386517264        1358.3848525448768        1825.5363632986059     
   1.9155413689445520        21993.357598807863        9226.0745155775730        5876.9634819327612        7033.1243008408219        9484.3569854757770     
   1.9155413689310481        25251.753175769220        91987.512161229446        58236.522188235533        53063.086028976104        74218.765703656478     
   1.9155413689368326        28992.891857992396        453271.32191937882        286682.55977390800        195062.91752825631        285768.25085719157     
   1.9155413689358742        33288.293784404799        727087.70598519861        459801.52338161127        230416.33600517045        357123.72776816180     
   1.9155413689367924        38220.075062034870        589911.58863609156        372999.73290646443        135511.93226859660        225036.05320376839     
   1.9155413689370702        43882.517596364400        403535.69607285131        255100.59502266810        65607.738886977430        118934.23097235771     
   1.9155413689397496        50383.871498736953        266680.90827682381        168600.52794218063        27929.419082940967        58626.033182167870     
   1.9155413689405680        57848.424526333125        164860.75786242628        104394.10197432151        12030.220813443471        28584.394482372983     
   1.9155413689414991        66418.878117830769        95454.589454423272        60562.238303100450        5552.9478370657398        13917.322197180669     
   1.9155413689415279        76259.075446748611        48668.046771928122        30988.059748779047        1877.1855608576016        5604.7566009301918     
   1.9155413689416514        87557.133646194095        20500.728297815836        13187.343087520274        405.12039291723715        1786.7411503828607     
   1.9155413689416381        100529.04008376363        8009.4419223781906        5302.2074553155107       -7.3018741863535581        476.52307575499060     
   1.9155413689416330        115422.78143777821        4839.8025137152190        3314.0591940082227       -69.596050997540999        193.78941460439162     
   1.9155413689416325        132523.08451102820        4602.6143140244412        3182.1591236621312       -68.099454614940115        152.16957424312463     
   1.9155413689416243        152156.85941327387        4772.1432149640032        3309.2404051785702       -62.035400607320739        137.47239159941716     
   1.9155413689416232        174699.44917094233        4971.4033721147653        3457.0344363146428       -56.402292688355445        125.12220764798906     
   1.9155413689416254        200581.80523912830        5180.5559882754878        3613.1641976226088       -51.298188339788382        113.94335497902755     
   1.9155413689416263        230298.72609168771        5399.8409369720503        3777.9643980229589       -46.674435879958708        103.80924488168102     
   1.9155413689416292        264418.31638829032        5629.8904780723224        3952.0314944638808       -42.485350644774812        94.619222573168997     
   1.9155413689416294        303592.84755132411        5871.3628449316011        4135.9925790402485       -38.689365485447446        86.282224468894839     
   1.9155413689416296        348571.22737660393        6124.9460794703691        4330.5083642735553       -35.248750620782076        78.715968924525868     
   1.9155413689416361        400213.31706206256        6391.3637093387679        4536.2772674252483       -32.129318597844780        71.846209792075044     
   1.9155413689416363        459506.36935608735        6671.3789239976031        4754.0384487092524       -29.300126224379063        65.605997143353349     
   1.9155413689416370        527583.90207707614        6965.7976034320163        4984.5740011733142       -26.733185031472622        59.934978130013121     
   1.9155413689416372        605747.36781325191        7275.4712443192111        5228.7109267126652       -24.403196688972937        54.778750333841074     
   2.4115237066884179        695.49103406260451       -81.089359974708628       -21.841316217319214        358.75110051923309       -97.822275141062192     
   2.4115237067261166        798.53054949007435       -76.123719077271929       -19.522582516628972        296.09729306311505       -59.344944043520769     
   2.4115237067400401        916.83574227821828       -71.153295756025045       -17.189085661328818        243.40810577771092       -29.165959006350789     
   2.4115237066979454        1052.6682777961439       -66.187443081635607       -14.845284567854831        199.26611575404985       -5.7652328366546044     
   2.4115237066950757        1208.6248953850909       -61.232105601615366       -12.493929472867647        162.42160098298734        12.131361492236636     
   2.4115237066714172        1387.6870506540693       -56.289807510408870       -10.136065931121152        131.77902953550316        25.584746428603708     
   2.4115237067066144        1593.2779127360523       -51.359718537100981       -7.7710808234598963        106.38398872416835        35.473068670783192     
   2.4115237067512370        1829.3278055927426       -46.437768399212629       -5.3967748765870738        85.410068871238835        42.519087794437112     
   2.4115237067712996        2100.3493449137268       -41.516815983848417       -3.0094641449096566        68.145538993888465        47.314024945996678     
   2.4115237068044562        2411.5237068044571       -36.586910366996705      -0.60412851823343772        53.982009897149396        50.339833422821307     
   2.4115237068575293        2768.7996773540603       -31.634579584946472        1.8259272517084921        42.406163653843443        51.993878392842817     
   2.4115237068083601        3179.0073766886476       -26.643964469628472        4.2884841779056160        32.975847704008487        52.588459542774906     
   2.4115237068339428        3649.9888323490959       -21.595929099676002        6.7928337168510202        25.324070583728620        52.381254472339521     
   2.4115237067539246        4190.7478961457373       -16.468019070226738        9.3497728862246277        19.141545780587897        51.577946821693075     
   2.4115237065756152        4811.6223733843972       -11.234056975067867        11.971776598773685        14.170077731577415        50.343549721130074     
   2.4115237066192483        5524.4816533766798       -5.8631677400426012        14.673449821556160        10.197222601308114        48.812913976145495     
   2.4115237067907449        6342.9536176686024      -0.31643070653894428        17.473163731254736        7.0573411143932709        47.107396752740563     
   2.4115237067555904        7282.6851670067954        5.4640979803118812        20.398513726194167        4.6408143739739280        45.362907899293965     
   2.4115237066504736        8361.6413483560027        11.582749076855864        23.499993679720884        2.9003309564059627        43.760420393421043     
   2.4115237066197830        9600.4487956508401        18.238065605951160        26.874926889419722        1.8281217420585953        42.526664114293844     
   2.4115237063576531        11022.790051523734        25.777592509698007        30.694867399283506        1.4014863931232888        41.886782683211720     
   2.4115237063832842        12655.856316791302        34.769506916000914        35.241436923882929        1.6984092562807476        42.182572311642460     
   2.4115237057241417        14530.867259296410        46.619194073311988        41.215974061259431        4.9260470539130345        46.164002250593427     
   2.4115237054427974        16683.667865305229        71.899751136696693        53.926255863245835        30.382999595206979        77.375853349146865     
   2.4115237055304983        19155.413680098001        185.82538409987740        111.19178180081234        185.74121542531705        270.13379045321597     
   2.4115237052064802        21993.357585120371        818.05125477365038        429.43736946199346        904.87521813529031        1188.7529853941787     
   2.4115237052186198        25251.753160359014        4121.5834629028068        2096.5929473732103        3735.6472537833097        4942.7539711351101     
   2.4115237052320722        28992.891840373293        30872.535989156313        15566.768978351318        21410.101156449407        29216.127791810519     
   2.4115237052355840        33288.293764240501        286307.12953889678        143874.12212381605        150069.69223192573        212906.51847549714     
   2.4115237052379226        38220.075038901894        958470.64065063512        481482.64709743665        373360.39147677412        556512.61241801945     
   2.4115237052385297        43882.517569808879        1117504.0887064869        561303.95955406129        318707.19411768951        504671.52447087900     
   2.4115237052398037        50383.871468203266        827502.97080743732        415566.69919518748        170052.60726862782        289967.26794785936     
   2.4115237052406555        57848.424491271486        554323.26005179749        278311.46090757102        79248.166515085730        149194.12649701940     
   2.4115237052436029        66418.878077623522        355468.41369966150        178546.26633925361        31216.235688689434        70298.733924829256     
   2.4115237052442078        76259.075400602494        208177.96438639579        104743.96244389935        14294.758845536406        34263.953169958339     
   2.4115237052442735        87557.133593207982        109358.84194315574        55140.013799973523        5564.2160049544200        14720.060639404433     
   2.4115237052444392        100529.04002293506        46958.513594811317        23806.228296962214        1425.0802077465187        4867.9622078988878     
   2.4115237052444520        115422.78136793857        16764.750191087642        8652.0519349505776        123.65748318689606        1213.4671647559162     
   2.4115237052444911        132523.08443084377        8246.6134475695744        4388.5838131245691       -106.85507094741418        374.60019476881854     
   2.4115237052444991        152156.85932121094        7391.1353254424912        3976.2178682394729       -115.34820819542722        264.58015504344536     
   2.4115237052444964        174699.44906523990        7649.0315530865591        4124.8924309911672       -105.32633341525413        237.95024405782843     
   2.4115237052444982        200581.80511776556        7976.4969321370318        4310.3831461394293       -95.722672390045744        216.70350847803380     
   2.4115237052444991        230298.72595234460        8321.2393125048784        4506.5920107845159       -87.022187313192291        197.47618531680112     
   2.4115237052445000        264418.31622830278        8683.6338174272350        4713.8939006799774       -79.144452255611100        180.04143318840573     
   2.4115237052445000        303592.84736763383        9064.8696663093906        4933.0877621287073       -72.011282083546291        164.22705989794636     
   2.4115237052445027        348571.22716569953        9466.1791798597405        5165.0102430357947       -65.551383049505702        149.87690547205085     
   2.4115237052445062        400213.31681991118        9888.8494081249046        5410.5424686895276       -59.699979539015303        136.84970645517510     
   2.4115237052445067        459506.36907806044        10334.235789837496        5670.6178303102197       -54.398361615541148        125.01794951933604     
   2.4115237052445067        527583.90175785834        10803.771374779864        5946.2275094119823       -49.593389824680287        114.26665368679004     
   2.4115237052445075        605747.36744674097        11298.972361088177        6238.4240918618152       -45.237003909629898        104.49217365366484     
   3.0359284736253946        695.49103363450570       -108.39698137574212       -22.520299123840456        615.78974642546609       -130.32565455866353     
   3.0359284735950323        798.53054897808204       -100.84688309281593       -19.710348415458157        506.50178543253264       -62.254414338881418     
   3.0359284735857015        916.83574168226096       -93.224382919152987       -16.858351237658553        414.24932571903810       -9.4394219521904859     
   3.0359284735812877        1052.6682771287381       -85.552762289099846       -13.973276447387660        336.74830913243784        30.883107221612562     
   3.0359284735986800        1208.6248946271689       -77.850460361421355       -11.062148191598451        271.95519278412110        61.057768465292369     
   3.0359284736232994        1387.6870498087255       -70.130667612205329       -8.1298881937641454        218.05001271330195        83.055424311407393     
   3.0359284736664041        1593.2779117648347       -62.401169449072960       -5.1792615934687092        173.42187957771336        98.518810343387429     
   3.0359284736992089        1829.3278044635526       -54.664368836888251       -2.2108979759849490        136.65504901438874        108.80663615433397     
   3.0359284736678420        2100.3493435780688       -46.917423801066242       0.77663873305766618        106.51443282646048        115.03465211281046     
   3.0359284736498457        2411.5237052234656       -39.152475762490582        3.7867420537907033        81.929938201036336        118.11234305179670     
   3.0359284736945593        2768.7996755186819       -31.357023209279742        6.8245955898049706        61.979704257206635        118.77450857946398     
   3.0359284736312708        3179.0073745798977       -23.514110354926885        9.8970789116137325        45.884591374758571        117.62084645688726     
   3.0359284736412842        3649.9888299012450       -15.601445986914614        13.013099643455204        32.973170747627876        115.12408600338563     
   3.0359284736558934        4190.7478934944511       -7.5931980491168733        16.182856258861733        22.685746027195478        111.66460092415289     
   3.0359284735831316        4811.6223705807661       0.54148471993367320        19.418404245924446        14.551303128781605        107.54321140691036     
   3.0359284736061518        5524.4816500996130        8.8384799852623868        22.733630986326855        8.1766241295654609        102.99672572760142     
   3.0359284737266243        6342.9536137066498        17.339370973624231        26.144492920110448        3.2359082281597082        98.211459432675966     
   3.0359284736617660        7282.6851624084429        26.093431050218307        29.669766102990987      -0.53422367686703609        93.339860580695884     
   3.0359284734937853        8361.6413429782115        35.164752608561372        33.333839780169683       -3.3290091461982101        88.528978486645258     
   3.0359284734210914        9600.4487893686128        44.653988671713080        37.175327534910707       -5.2606861298333314        83.964277691535742     
   3.0359284733205496        11022.790045143893        54.746873102075064        41.266344251056353       -6.3588726677376286        79.904725355139320     
   3.0359284734613712        12655.856309918794        65.788321403153759        45.741962428280651       -6.6220921378616424        76.658990063660752     
   3.0359284734086551        14530.867255125124        78.357638028287425        50.830077567809433       -6.0762298875448373        74.526979713541635     
   3.0359284736195136        16683.667863621136        93.476454300527976        56.934224377869207       -4.1739089559705569        74.459113286292506     
   3.0359284735216927        19155.413676850560        115.04329029759779        65.605164036952601        6.7089223902330524        85.625743186462387     
   3.0359284733921204        21993.357583408226        175.42492414753676        89.759300999503452        82.313890165604789        176.35354219351387     
   3.0359284732155931        25251.753156797797        490.37020414208177        215.60785885981201        498.57689686130590        695.31846801771633     
   3.0359284733106446        28992.891837030471        2201.0219378883239        900.11446777680237        2275.2312517235841        2990.5988889398382     
   3.0359284733002028        33288.293760239460        11733.028775593015        4721.2156858222443        9706.9357966912303        12974.960932487664     
   3.0359284732861052        38220.075034093541        107712.52457172016        43042.866986070294        68110.385591138518        94060.109656318586     
   3.0359284732871998        43882.517564292917        777851.82976398384        310402.78041618876        369790.91117405525        532779.48568447051     
   3.0359284732878131        50383.871461853661        1752871.4294806716        699391.62838272750        616380.47631393955        936234.61766718922     
   3.0359284732866367        57848.424483938317        1639087.4708455191        653906.27761371434        419992.55976105697        680456.16713269136     
   3.0359284732891973        66418.878069178740        1146468.5760106563        457275.56531783188        210078.59422469148        368717.43926959613     
   3.0359284732901659        76259.075390911807        752363.06378429488        300020.47655289061        92963.727053156705        183616.78125982356     
   3.0359284732908547        87557.133582099079        458036.63258921960        182808.19930077993        35072.422801061737        83181.520847256063     
   3.0359284732910465        100529.04001017976        247081.89586626110        98780.563124455497        15554.779321397198        38196.167033202932     
   3.0359284732911904        115422.78135329839        110586.94095955932        44338.347984739812        4715.3427052312099        13566.724043604294     
   3.0359284732911580        132523.08441403101        38110.447778438051        15430.837719759436        703.62132675817793        3386.6236453532438     
   3.0359284732912557        152156.85930191173        14772.900882686212        6133.0929982432272       -133.48254551989783        795.29368886025736     
   3.0359284732912801        174699.44904308300        11804.516634530308        4965.1951706437103       -194.25026504924335        460.63899514706168     
   3.0359284732912899        200581.80509232654        12142.274743560452        5118.2690292080224       -178.65647057039098        409.31283374904979     
   3.0359284732912997        230298.72592313739        12669.905623042110        5348.9183705096366       -162.30808906447120        372.86900148280444     
   3.0359284732912615        264418.31619476498        13227.004154377810        5593.3045699930508       -147.49003569746216        339.92622370921015     
   3.0359284732912415        303592.84732912510        13813.603122254413        5851.6267436061744       -134.07774204844497        310.05026410121604     
   3.0359284732912415        348571.22712148522        14431.830888163120        6124.9362003763954       -121.93821319539211        282.94811603057457     
   3.0359284732912424        400213.31676914589        15083.871963519556        6414.3238251745051       -110.94968418144458        258.35296696757433     
   3.0359284732912424        459506.36901977402        15771.997982677793        6720.9336564701507       -101.00130922894132        236.02294195118955     
   3.0359284732912419        527583.90169093641        16498.601339762801        7045.9775668496140       -91.992552157277203        215.73954756735435     
   3.0359284732912419        605747.36736990430        17266.217209685365        7390.7453237552536       -83.832405093432328        197.30574399728692     
   3.8220075033658563        695.49103354886518       -146.59513458868031       -23.752466944415570        1066.2898151970514       -180.92327161265041     
   3.8220075033690026        798.53054888839699       -135.32119630746698       -20.411904758077526        876.39204824419539       -57.110411416264014     
   3.8220075033538121        916.83574157846272       -123.81826751771681       -16.985042963568731        715.09638266978550        38.548442439884184     
   3.8220075033222849        1052.6682770024088       -112.13302042664782       -13.486285263297757        578.84263158075146        110.97364578322089     
   3.8220075033411502        1208.6248944811655       -100.30682431349344       -9.9283357371859893        464.40710932340596        164.41601889044006     
   3.8220075033031771        1387.6870496160504       -88.374203943877475       -6.3217086591293983        368.87349934264716        202.50681495236176     
   3.8220075033008305        1593.2779115200146       -76.361822672024772       -2.6744076642160053        289.61367316195083        228.31381467304627     
   3.8220075033592211        1829.3278041906419       -64.287943250938156        1.0082395384358733        224.27392730924035        244.40169286989203     
   3.8220075033956911        2100.3493433064682       -52.162264348593936        4.7236227654678942        170.76277396742984        252.89375743874098     
   3.8220075034053873        2411.5237049320385       -39.986017425643190        8.4718041911457931        127.23769942888669        255.53209943927959     
   3.8220075034368373        2768.7996751660835       -27.752240193811726        12.255414091555393        92.089357981351242        253.73341977460191     
   3.8220075034827077        3179.0073742794848       -15.446248256413069        16.079481976483123        63.922446367346552        248.63813903129329     
   3.8220075034858279        3649.9888295472661       -3.0464809759584979        19.951148405050745        41.534310684677720        241.15227139995483     
   3.8220075034456396        4190.7478930237958        9.4763262012872183        23.879907101775895        23.927609240647740        232.02389361915311     
   3.8220075034957324        4811.6223702187654        22.158589651643432        27.877409210574907        10.219062813602633        221.80367622699333     
   3.8220075034303385        5524.4816495475679        35.042578692908009        31.957029106166598      -0.30713743224173129        210.94351154320952     
   3.8220075035212866        6342.9536129720482        48.178142342061875        36.134386303032784       -8.2545959462774761        199.78802685515882     
   3.8220075033337628        7282.6851613632753        61.622789335442349        40.427340254112210       -14.124070931611058        188.60068789887967     
   3.8220075032252692        8361.6413420034951        75.442926014788469        44.856345522248368       -18.326108877509263        177.58339225723631     
   3.8220075032624137        9600.4487885726739        89.718074230475096        49.445742573084310       -21.183733077542534        166.90401345715057     
   3.8220075033307568        11022.790044792177        104.55582927582257        54.228441022985400       -22.918508337054455        156.74451771182328     
   3.8220075031778826        12655.856308421711        120.13347028564668        59.259033702119261       -23.630960060363535        147.36511766900531     
   3.8220075031102207        14530.867253401311        136.78034307107703        64.639808233835083       -23.320900536273193        139.13355851522377     
   3.8220075031225464        16683.667860536985        155.08650987737684        70.555048405651632       -21.983566805697428        132.45638796346884     
   3.8220075026366804        19155.413671491591        176.01606384114274        77.306780799801800       -19.575953220265411        127.80764505907359     
   3.8220075023765423        21993.357576697039        201.66671691673363        85.555396969994035       -13.712064550610044        128.35027811506595     
   3.8220075020365765        25251.753148314478        244.03999285068744        99.100350176684046        20.037497742480980        163.35747978012148     
   3.8220075019296007        28992.891825571085        400.99781872728119        148.97700320659624        235.99839647772691        423.64935413165404     
   3.8220075017652233        33288.293745765150        1274.1434354303219        426.23126792022953        1317.7682140168524        1785.3707459422444     
   3.8220075018482071        38220.075018482137        5888.3957259369727        1893.8530108243865        5016.6731411793999        6826.2532566129066     
   3.8220075017817332        43882.517545589581        36407.525752006266        11595.273140846983        27497.271233157939        37146.942809010594     
   3.8220075017748614        50383.871440278592        366268.64326994377        116141.46615320350        211069.46156907117        295251.38913567073     
   3.8220075017769637        57848.424459221045        1804363.2140948118        571877.12525483221        776540.12864811777        1137562.6420714268     
   3.8220075017745736        66418.878040701966        2891226.1496120808        916276.00225619960        916412.40189293458        1420212.0497067308     
   3.8220075017701225        76259.075358102957        2332607.7149561872        739120.86032796639        535963.73196117673        889917.87797126139     
   3.8220075017714494        87557.133544440017        1570482.1281507642        497494.87957451487        255241.25468627509        462742.23795637826     
   3.8220075017729571        100529.03996697464        998279.10704591614        316206.92252181470        103747.77826983463        218616.79862478189     
   3.8220075017735216        115422.78130370387        560844.56978733628        177869.23202802427        39515.783031753315        95792.969067018625     
   3.8220075017741397        132523.08435711177        263889.47179546318        83843.336068093777        14663.431896157008        37768.119140087147     
   3.8220075017741983        152156.85923655709        93049.067615046195        29709.971084230343        2950.3585440892807        10081.084938915930     
   3.8220075017742419        174699.44896804646        29097.054141384775        9453.2021235863795       -19.441948646084711        1956.6651928760575     
   3.8220075017743045        200581.80500617571        18915.522901766188        6241.7283708782625       -321.88661642139107        814.52694781130720     
   3.8220075017743378        230298.72582422424        19138.467707185933        6329.8251532614804       -302.81735562524995        700.92732704999003     
   3.8220075017744710        264418.31608120998        19975.225688749379        6614.2225698058601       -275.05775037789942        638.44602954922129     
   3.8220075017745669        303592.84719875635        20862.974324907944        6916.6862036581724       -249.84157021399665        582.17048104394917     
   3.8220075017745772        348571.22697180283        21798.579145941709        7236.4053647106621       -227.02132614471532        531.12743690448519     
   3.8220075017745794        400213.31659728737        22785.763714931236        7574.7594904896678       -206.37265567371779        484.82203218666780     
   3.8220075017745798        459506.36882245413        23828.281004836404        7933.1550443384904       -187.68856774859711        442.80039165098680     
   3.8220075017745794        527583.90146438300        24929.994605140197        8313.0526772947633       -170.77995915915292        404.64947940388743     
   3.8220075017745812        605747.36710978625        26094.961371359888        8715.9949147462612       -155.47507558928598        369.99563291094205     
   4.8116223680529178        695.49103325943884       -200.67395079091213       -25.689049343213807        1856.9345248243330       -280.92945373335317     
   4.8116223680621237        798.53054855696155       -184.19832754785301       -21.806526130774269        1529.6845363335738       -50.902898996146746     
   4.8116223680954375        916.83574120791559       -167.17558129239970       -17.772243661795528        1249.4441884786436        127.49213871479958     
   4.8116223681536541        1052.6682765983837       -149.68496687828039       -13.605693644080928        1010.8161509016588        262.72809720618801     
   4.8116223681919035        1208.6248940209246       -131.80360405680963       -9.3258135819951349        808.88924037682352        362.28920686851689     
   4.8116223681656347        1387.6870490938347       -113.60271171227896       -4.9500338732855198        639.17667999813477        432.71465744526893     
   4.8116223682107790        1593.2779109363576       -95.144455385153506      -0.49347984543146589        497.56991182012524        479.64316819991313     
   4.8116223682075701        1829.3278034913467       -76.479684325062138        4.0316000777806948        380.31577983935517        507.87428142598833     
   4.8116223681977566        2100.3493424792441       -57.646512249427758        8.6161895989533832        284.00557884173242        521.44191616189300     
   4.8116223682631221        2411.5237040089009       -38.669630430362936        13.254670233564523        205.56906321894235        523.69628652078325     
   4.8116223682334232        2768.7996740663066       -19.560173586232647        17.944842240247283        142.26779529747026        517.38891900881708     
   4.8116223682268178        3179.0073729742539      -0.31596166930233449        22.687846367852590        91.684252451686689        504.75564268269051     
   4.8116223681302426        3649.9888279724214        19.077957714991236        27.488006752740542        51.704526617396823        487.59267424482863     
   4.8116223681198669        4190.7478912506613        38.648281057283853        32.352550281444792        20.493911384118434        467.32182992014964     
   4.8116223681183596        4811.6223681183637        58.431521875330539        37.291099364011870       -3.5171665712395566        445.05976603508333     
   4.8116223681427979        5524.4816472585653        78.479561222750235        42.317048026774273       -21.628531373613413        421.72185040149111     
   4.8116223682630332        6342.9536103514884        98.850146214257379        47.445147482250142       -34.996287692788570        397.93951089995448     
   4.8116223683841142        7282.6851588950512        119.61306125163333        52.693036251838514       -44.542825466490015        374.23617766769615     
   4.8116223683551489        8361.6413393566181        140.84900099125866        58.080928806703007       -51.044196533356484        350.99204819747922     
   4.8116223684639055        9600.4487856573433        162.65043325715297        63.631799514496372       -55.139153182660678        328.48491189379524     
   4.8116223684235990        11022.790041155493        185.12404672437603        69.371957401642703       -57.343490852308932        306.91993827133450     
   4.8116223683759607        12655.856304627150        208.39986332805194        75.333288529577658       -58.046606409530185        286.47664444256066     
   4.8116223684003030        14530.867249375333        232.66184391203507        81.560894872723111       -57.485115756851627        267.38785657338235     
   4.8116223685100641        16683.667856241314        258.22451340191270        88.132297290144365       -55.724977472389355        250.02517456332743     
   4.8116223685454038        19155.413669135291        285.66606364482072        95.190822818835827       -52.725953063670225        234.89906850512406     
   4.8116223683640511        21993.357574659633        315.97866861041882        102.98328194267013       -48.485904579415127        222.53220075671911     
   4.8116223685937207        25251.753149426680        350.80859314853853        111.92023151522788       -42.523723006015054        214.00746358639765     
   4.8116223686574173        28992.891828043375        394.43835170633935        123.07499753205774       -26.127030514266039        219.57084358955120     
   4.8116223686716797        33288.293750134049        487.68182923468447        146.72097331072109        75.120607844477618        330.22841839721752     
   4.8116223689253221        38220.075024683218        916.85077562321169        255.00880691993186        671.75579941919159        1057.9330891761272     
   4.8116223689664634        43882.517553847814        3317.9714328673303        860.84870722515905        3408.7336685236533        4544.1584779987297     
   4.8116223688382762        50383.871448508617        16023.299398555495        4071.8928613387102        14256.979519422453        18934.631315018250     
   4.8116223688906441        57848.424469268175        122706.45747163115        30956.658242939735        84735.791973333500        115708.95995890851     
   4.8116223689069466        66418.878052504180        1139769.0645865409        286973.23377709836        597297.79695963801        847374.34521709499     
   4.8116223689063684        76259.075371733343        3814870.0645720540        960380.78051060427        1486254.0284897669        2215165.8978086859     
   4.8116223689029196        87557.133559996641        4435991.5951348562        1116626.3408958912        1265447.7630621851        2003588.9093372955     
   4.8116223688995285        100529.03998472553        3251236.3566705314        818232.01228398818        668221.90813901718        1139316.3831198243     
   4.8116223688994131        115422.78132406481        2119406.6375647518        533221.24236728996        302447.48145250202        569833.67966749391     
   4.8116223688974493        132523.08438041373        1271061.9876314087        319850.50862422213        108925.97459707294        248620.24364434858     
   4.8116223688981901        152156.85926333242        631693.51652077271        159195.05425845273        41207.517370293623        101764.06603587492     
   4.8116223688980497        174699.44899878156        237629.95691348868        60037.445407942861        10900.785828156973        30791.654437613088     
   4.8116223688982656        200581.80504147004        65633.028131937215        16747.540200594813        859.08180235286522        5691.7009780747958     
   4.8116223688982256        230298.72586474364        31007.289402068149        8044.4264720426863       -504.87022667185187        1516.8759494830019     
   4.8116223688982345        264418.31612772372        30013.987417480392        7810.8801892085457       -512.77975788020501        1196.9659419872833     
   4.8116223688982265        303592.84725215315        31316.959782288250        8157.1567086939458       -465.96577037722091        1089.1773002884700     
   4.8116223688982300        348571.22703310981        32717.637134472334        8529.8542106102104       -423.09117097550069        993.26719557232377     
   4.8116223688982265        400213.31666767696        34194.112216409965        8923.6345993413124       -384.28791789372485        906.25758738666286     
   4.8116223688982265        459506.36890327214        35752.904285472796        9340.3333041351289       -349.18278575690948        827.32259546216346     
   4.8116223688982283        527583.90155717451        37400.376020197305        9781.7641177243786       -317.42612062152062        755.69496837235283     
   4.8116223688982229        605747.36721632420        39142.954810578311        10249.776462660520       -288.69641782681049        690.67164564046220     
   6.0574736721126357        695.49103337581482       -277.79148326809099       -28.452896717112704        3239.6152469938634       -513.21256435977239     
   6.0574736721310734        798.53054869148184       -254.30555556089107       -24.056355830737171        2682.3767017526720       -81.139400842115947     
   6.0574736721348268        916.83574135658591       -229.68857731838790       -19.419670556430901        2200.7098399831957        257.70436574895211     
   6.0574736721085687        1052.6682767517802       -204.05407274888589       -14.564992348198301        1786.5744705284287        517.33833487975096     
   6.0574736720855835        1208.6248941828535       -177.52394742060540       -9.5161349662475914        1432.6785765571306        710.41991863517273     
   6.0574736720348792        1387.6870492757146       -150.22191781740847       -4.2972585859502033        1132.3627711237280        848.29390193182621     
   6.0574736720166324        1593.2779111254351       -122.26698367399828        1.0684406504424260        879.47802376700884        940.99323827197327     
   6.0574736720826357        1829.3278037295902       -93.767451226139826        6.5599325964171831        668.32989186169721        997.28110789873779     
   6.0574736721083982        2100.3493427660005       -64.816254602018759        12.159294411873132        493.63526710448849        1024.6914473028746     
   6.0574736720513815        2411.5237042826820       -35.487688567316347        17.852366400461506        350.51643246905485        1029.6072435011365     
   6.0574736720146261        2768.7996743809385       -5.8354752855717642        23.629135596126002        234.50754222188061        1017.3598959482472     
   6.0574736721099915        3179.0073733899126        24.108069497694778        29.483892843273903        141.56383513372896        992.34293600653871     
   6.0574736721279967        3649.9888285337711        54.332073568727317        35.415224293444680        68.065560334552458        958.13101483241837     
   6.0574736720956022        4190.7478918818024        84.846591822811533        41.425887060597688        10.811557100910306        917.59529857962821     
   6.0574736720328586        4811.6223687946795        115.68148688499596        47.522561714430360       -33.000782487763956        873.00654632661872     
   6.0574736720314055        5524.4816480056952        146.88406519805497        53.715355072370123       -65.808560240022587        826.12042868823733     
   6.0574736719312199        6342.9536109458977        178.51792379913070        60.017545945356680       -89.631768622194045        778.34884516408977     
   6.0574736718730877        7282.6851593243728        210.66991281063190        66.446954723176077       -106.26256001028341        730.70155882771485     
   6.0574736718326401        8361.6413398440473        243.43524133516672        73.022941539591102       -117.15054806033450        683.95741896509230     
   6.0574736720155418        9600.4487862898695        276.92798474363093        79.768482319764189       -123.51120839130559        638.67841074356625     
   6.0574736719940256        11022.790041934915        311.27901365425032        86.709724794786780       -126.34586827159350        595.25904947159393     
   6.0574736718569637        12655.856305360985        346.63752022302066        93.876256818248280       -126.47036804916681        553.96584711477522     
   6.0574736716146917        14530.867249563204        383.17617050908711        101.30209031160574       -124.52906728608045        514.98491608488769     
   6.0574736716478634        16683.667856167802        421.11069455016451        109.02951948423832       -120.97876907068552        478.50264258442877     
   6.0574736717315378        19155.413669174799        460.76051244128394        117.12116681508176       -116.04693471927303        444.82925158240135     
   6.0574736717827529        21993.357575719889        502.68374953980032        125.68687448322179       -109.73349719922267        414.49608779283756     
   6.0574736719710325        25251.753150223580        547.87942061694787        134.92398156813579       -101.95672382727376        388.18394583849710     
   6.0574736720707643        28992.891829051867        597.98862290044656        145.15735489339932       -92.674041920048737        366.59865542556236     
   6.0574736714849244        33288.293747973854        656.06614426111514        156.99352589422233       -79.474320766235408        353.15237727923244     
   6.0574736707693484        38220.075015673247        735.37929869384607        173.08077183315618       -32.617485368862930        382.79580518999558     
   6.0574736705559378        43882.517541581743        961.20091401523962        218.47799060310533        262.61342473539730        719.32208651228245     
   6.0574736701361864        50383.871432276232        2158.5251094379469        458.38084097340464        1860.5773959398662        2695.1382449812686     
   6.0574736697792293        57848.424446592384        8694.3374729781317        1768.7848841887896        8644.3366229986623        11449.166764311662     
   6.0574736698016531        66418.878026489721        46078.584924927782        9267.7128097420791        37704.044533262939        50503.872038409296     
   6.0574736698537990        76259.075342530399        428717.87690979172        85790.038568666205        270706.77323225536        373904.09643169190     
   6.0574736698476457        87557.133526440986        3096206.4615515410        619154.14503309876        1472079.1237586106        2120758.9223836130     
   6.0574736698454235        100529.03994623247        6973058.1590631800        1394336.3980855793        2452558.1637283624        3724886.2790311780     
   6.0574736698444847        115422.78127985373        6483470.8267095545        1296263.8076860458        1661747.5523143744        2691955.6068419199     
   6.0574736698432918        132523.08432968060        4452894.0264540520        890053.56486886728        815700.07820075948        1431795.0833602657     
   6.0574736698400278        152156.85920497761        2789210.8556028595        557337.43885066360        342391.69078723079        678399.80194458191     
   6.0574736698381066        174699.44893173093        1510093.3218221429        301931.46046949551        109142.17033530990        267682.55641575361     
   6.0574736698370506        200581.80496444166        617212.48108637345        123618.70601889676        35742.386702413482        92277.170676826092     
   6.0574736698364822        230298.72577628351        169743.62747825839        34162.091663165484        5123.6117720704515        18731.038278364009     
   6.0574736698366527        264418.31602616492        54463.192925879834        11121.331167305469       -628.44466617877970        3229.7871403151157     
   6.0574736698366767        303592.84713554970        46945.522554588148        9633.5030259069754       -866.07242637122852        2044.7504663723366     
   6.0574736698366953        348571.22689923202        48890.870578235066        10039.825074272812       -789.17873571101586        1852.9726032540434     
   6.0574736698366962        400213.31651396496        51085.826955790777        10497.801083693048       -716.35231678272112        1689.8374920998094     
   6.0574736698367007        459506.36872678745        53398.127185917030        10981.150144289131       -650.41282447499759        1541.7831371903455     
   6.0574736698367113        527583.90135454410        55839.466080973631        11492.398478367248       -590.75722252788353        1407.4578001429031     
   6.0574736698367131        605747.36698367377        58420.684115308315        12033.918959059518       -536.80077112336801        1285.5779098629216     
   7.6259075342330664        695.49103311464580       -387.96616781082201       -32.116714788799072        5638.4417397413781       -1075.2808868466436     
   7.6259075342103113        798.53054838680634       -355.40654633263983       -27.280882815716719        4703.6709778668155       -263.28965617569156     
   7.6259075341716960        916.83574100156090       -320.73077230723089       -22.095471473448921        3887.5244473959820        383.75448148551550     
   7.6259075342013274        1052.6682763528108       -284.07161470868562       -16.580920299702484        3178.4005423262797        888.37168659584336     
   7.6259075341627032        1208.6248937232394       -245.58902293917308       -10.761961378591423        2565.6641169348186        1271.0994261324108     
   7.6259075341650737        1387.6870487600540       -205.46392941632200       -4.6666436517739385        2039.6273157491323        1550.7082570260679     
   7.6259075342158757        1593.2779105487916       -163.88877265937799        1.6751698652228695        1591.4084672708339        1744.2675231270257     
   7.6259075342650080        1829.3278030593676       -121.05650080132649        8.2335520900755910        1212.7542677387748        1867.1184878339157     
   7.6259075343032290        2100.3493419980764       -77.150205302007180        14.980165730094084        895.92261581178718        1932.8513378885605     
   7.6259075342623754        2411.5237034107672       -32.333914072019084        21.889734881241903        633.61243216208004        1953.3049657231988     
   7.6259075342819109        2768.7996734037401        13.254282891318388        28.941144197514031        418.95406413837190        1938.6192706477898     
   7.6259075343270899        3179.0073722367238        59.506857027714545        36.118176027954974        245.53403631650929        1897.3360550699736     
   7.6259075343029803        3649.9888271873442        106.34940958447406        43.409913678971179        107.43388348543431        1836.5376581203677     
   7.6259075342457541        4190.7478903268602        153.74162627968522        50.810880546237051      -0.73386122035446988        1762.0083676643039     
   7.6259075342139271        4811.6223670391246        201.67710258347529        58.320992269500486       -83.803895122059544        1678.4031813113056     
   7.6259075341148659        5524.4816459196109        250.18228710159408        65.945363830621773       -146.05822435916036        1589.4083509997827     
   7.6259075341586415        6342.9536086920716        299.31400273550810        73.693888595016688       -191.25305261773929        1497.8782416343058     
   7.6259075342180012        7282.6851568632110        349.15383167339377        81.580319294971559       -222.66521961974280        1405.9454932090678     
   7.6259075342252070        8361.6413370819882        399.81541043149525        89.623401754579376       -242.87088408582025        1315.4369911415729     
   7.6259075342481939        9600.4487828576621        451.44011774582475        97.846165905934853       -254.35753293782045        1227.3947765117746     
   7.6259075340842131        11022.790037796341        504.18597306519581        106.27413797976713       -258.99153881510642        1142.7222778377304     
   7.6259075341038276        12655.856300928182        558.23962707625662        114.93721834767710       -258.36034567717712        1061.9998178975302     
   7.6259075341848890        14530.867245209292        613.81380841766861        123.86924319685021       -253.76078158791688        985.59268559167754     
   7.6259075340918629        16683.667850873964        671.15027118493526        133.10841176235044       -246.23542800471131        913.70898861363980     
   7.6259075341543294        19155.413662988965        730.53101606730172        142.69901562329323       -236.58134355425193        846.47894811046467     
   7.6259075342958607        21993.357568839830        792.31957841318729        152.69792834828877       -225.31185293285560        784.09159454434860     
   7.6259075343962230        25251.753141871657        857.07652033192699        163.19285583108467       -212.60267712606992        726.97516505974227     
   7.6259075341851910        28992.891818182903        925.78469455320737        174.33797971193596       -198.35234157295818        675.87346060417406     
   7.6259075340560560        33288.293738150358        1000.1306732497197        186.39845971506472       -182.45087174540674        631.64193879502159     
   7.6259075340005751        38220.075008631269        1082.8090403218901        199.79853533413913       -164.49326478582574        595.52475418678432     
   7.6259075340708833        43882.517535447092        1180.4925004653094        215.59329701403837       -134.75165074414866        579.52561937620715     
   7.6259075341067870        50383.871428961254        1337.0300363056313        240.74418793134097        1.7056351388491748        696.38976052177372     
   7.6259075341940870        57848.424446857440        1931.3384541608350        335.47630654311433        839.58125544743109        1682.7090518920013     
   7.6259075339592943        66418.878024503210        5272.4986337886839        867.19178671046382        4996.8820634965969        6895.1027655267799     
   7.6259075341245941        76259.075341246105        23034.465340186289        3696.7889980587638        18447.902229294315        25495.745069952482     
   7.6259075342126197        87557.133526066013        144343.09915186404        22992.258481099267        108405.80087110553        146583.80234549296     
   7.6259075342197526        100529.03994593286        1457841.7588235466        231601.56797384840        839880.97389697470        1174825.6608493321     
   7.6259075342153411        115422.78127946085        7181631.6511072563        1140694.1690016538        3091417.3448299454        4528232.2319256347     
   7.6259075342148295        132523.08432924669        11484903.462154878        1824111.0888309774        3641293.9053539583        5642458.6359183388     
   7.6259075342141278        152156.85920454742        9163937.7311549354        1455224.4802936909        2105957.7814656552        3496427.5053665331     
   7.6259075342101559        174699.44893120145        5976269.8768925862        948722.36372902978        969721.59934975929        1759255.3175650560     
   7.6259075342084826        200581.80496382466        3505684.6893086224        556387.79278378934        356341.69237520942        759623.96951402258     
   7.6259075342076947        230298.72577557294        1601126.3896624011        254385.75223088262        101463.81654004534        262055.97198990820     
   7.6259075342070490        264418.31602531922        480369.87056162913        76509.725209325552        22043.101298431058        64110.744898502438     
   7.6259075342067284        303592.84713456477        111813.04258223328        17983.226558862953        164.99354631879123        8776.8971396346988     
   7.6259075342066645        348571.22689809720        73653.258777583542        11936.178855103206       -1447.5942345321455        3530.8868512219610     
   7.6259075342066449        400213.31651266094        76078.975113697059        12337.862735876113       -1336.2785718956736        3145.7175657328589     
   7.6259075342068225        459506.36872530053        79504.090982691749        12899.951108556705       -1212.7492296164376        2868.7489584109908     
   7.6259075342068972        527583.90135284106        83106.300742016203        13491.981323750222       -1100.7752290426804        2617.2067041563214     
   7.6259075342069078        605747.36698171950        86907.237122321385        14117.569798690964       -999.44561051626317        2388.9295342341447     
   9.6004487828069642        695.49103311235342       -544.84455404473204       -36.683364373857330        9749.2276726580003       -2404.2784514601999     
   9.6004487828301670        798.53054838848698       -501.08241173608531       -31.533981700704313        8210.4085431173517       -888.96018911117153     
   9.6004487828681029        916.83574101175611       -453.64286672654237       -25.908264106533348        6851.2880823486212        339.94177558803085     
   9.6004487828612302        1052.6682763596723       -402.64597889099599       -19.820645508161761        5657.0616009952346        1318.4547847244025     
   9.6004487829239782        1208.6248937451389       -348.25749545024627       -13.291255228864427        4613.1124883349685        2079.1597261711613     
   9.6004487829405640        1387.6870487871640       -290.69183496934107       -6.3463188979540055        3705.7104934512558        2651.9196534916250     
   9.6004487829518226        1593.2779105711722       -230.20682023724044       0.98248646906995407        2922.2364124698988        3064.3249715805300     
   9.6004487830242020        1829.3278030870699       -167.09145620885505        8.6595629639418803        2251.0815507368725        3341.8397930447313     
   9.6004487830145315        2100.3493420172404       -101.64929562600362        16.647487361609592        1681.4259072226200        3507.7641426470241     
   9.6004487830815499        2411.5237034625238       -34.180622987920486        24.909264068995181        1202.9849236623245        3583.0750016784650     
   9.6004487830851062        2768.7996734570975        35.033911436271239        33.410400329003664        805.90502612415980        3586.3489917173379     
   9.6004487831492398        3179.0073723003889        105.74711935631645        42.120662746469861        480.71077694645805        3533.7165485781493     
   9.6004487831070247        3649.9888272559315        177.75526042215668        51.015346366511942        218.34960271274554        3438.9231574002424     
   9.6004487830488046        4190.7478904116433        250.90446270238110        60.076087203242416        10.276374857534165        3313.4695173888354     
   9.6004487831090994        4811.6223671867692        325.09405309096661        69.291275670479990       -151.45191593037703        3166.8112559928022     
   9.6004487830434169        5524.4816461230957        400.27757777889286        78.656168832935691       -274.09596548735317        3006.5925352026670     
   9.6004487830709735        6342.9536089075000        476.46222090159222        88.172792305840616       -364.18499698746496        2838.8872695084342     
   9.6004487831463745        7282.6851571110656        553.70657089861004        97.849628616586401       -427.51123594914725        2668.4196711971827     
   9.6004487832168781        8361.6413374200711        632.11470256971756        107.70083985107702       -469.17407748210280        2498.7385082703595     
   9.6004487831405640        9600.4487831405768        711.82281462786841        117.74455183513054       -493.53825201112932        2332.4657799585630     
   9.6004487829870300        11022.790038181914        793.04476231247236        128.00857373349572       -504.04351759762017        2171.8631380652751     
   9.6004487830919469        12655.856301476637        875.99674321389875        138.52086912606865       -504.06006846364278        2017.9514093079233     
   9.6004487830336380        14530.867245596288        960.94552342725626        149.31561651110314       -496.03145624429226        1871.7250459330476     
   9.6004487829241967        16683.667851331626        1048.1969924766368        160.43173611706152       -482.04182288239662        1733.7147688562693     
   9.6004487831415481        19155.413663791198        1138.0980198551181        171.91308827477769       -463.77697430412161        1604.1760764315904     
   9.6004487831526504        21993.357569378164        1231.0426012174205        183.80920209892790       -442.56808807105136        1483.1776837154068     
   9.6004487829997522        25251.753141755260        1327.4964761953968        196.17832078893113       -419.38534880258806        1370.7369033653504     
   9.6004487831574661        28992.891819327873        1428.0814871052057        209.09796247678966       -394.76665704403644        1267.0436884862245     
   9.6004487830854597        33288.293739778965        1533.7850929772947        222.69123444402791       -368.77178541999029        1172.6970988210703     
   9.6004487827370433        38220.075009392160        1646.3075770297387        237.17045612556828       -341.17327280443112        1088.6824356346451     
   9.6004487826069536        43882.517535321487        1768.4011435652758        252.87968182965412       -311.83640912152430        1016.0029777390342     
   9.6004487825430562        50383.871428244500        1904.6132540483707        270.38828542345072       -278.48388124287283        958.08828324863873     
   9.6004487827278560        57848.424446485777        2066.6877226930624        291.17278857029305       -206.86182594711244        952.93619305398829     
   9.6004487815213313        66418.878017774347        2417.5547126000292        335.79205610294593        193.08926178252619        1358.0250296237668     
   9.6004487816407327        76259.075332815759        4058.0168181043364        543.25819212408533        2503.9627676197774        4145.4512406081813     
   9.6004487815795780        87557.133514818299        13293.097860831880        1710.7423817833476        13042.640437130056        17544.751080252310     
   9.6004487815253050        100529.03993235642        62810.267964555336        7975.3486217668969        55201.137663029469        73481.349613068131     
   9.6004487815221982        115422.78126390242        488042.91493293433        61638.131260406219        336321.76049082336        459371.59690907435     
   9.6004487815297868        132523.08431149687        4536150.8271029722        572329.81654815376        2377464.4706410598        3372590.3407482905     
   9.6004487815272572        152156.85918414179        15181332.839893756        1915374.2638416586        5916023.9185901619        8816606.6481773593     
   9.6004487815245501        174699.44890781437        17562198.945673276        2215532.6966196299        5011381.1282203142        7933579.6525591202     
   9.6004487815242037        200581.80493700950        12611406.120677492        1590610.7555143533        2591407.6347025987        4418647.0689624194     
   9.6004487815238306        230298.72574479986        7778938.7731942078        980733.77236723888        1104029.9712071838        2085286.7603818539     
   9.6004487815236494        264418.31599000440        4051428.9534476944        510772.89185486728        323655.68543344684        768757.51932994334     
   9.6004487815224078        303592.84709399141        1403288.4450128842        177188.91905387864        75511.574211939762        209994.79523469077     
   9.6004487815223900        348571.22685151495        290233.18444492121        36832.383315777406        6213.5387146590274        30561.430640296450     
   9.6004487815223385        400213.31645917636        118378.30503643822        15164.503633423008       -2314.5923241731030        6416.3223341497833     
   9.6004487815222763        459506.36866387835        118089.16030502875        15143.561256263636       -2262.2519651406719        5331.5551597465892     
   9.6004487815222515        527583.90128231235        123419.04544744124        15833.101150201399       -2052.9244633833050        4862.1606502196682     
   9.6004487815222390        605747.36690074007        129013.04828352967        16557.678878598381       -1862.9536595906375        4435.4573742738658     
   12.086248935733586        695.49103302198148       -766.38385229101982       -42.061284341343708        16666.915060952277       -5418.9857112701475     
   12.086248935776872        798.53054828565610       -709.64459070267867       -36.781807864372240        14200.060216016507       -2621.4776876392725     
   12.086248935711945        916.83574088514229       -646.83403914493215       -30.883191840302967        11987.357794845702       -314.05080397503298     
   12.086248935702725        1052.6682762142509       -578.02799598361082       -24.372380556769709        10016.396418981643        1561.0647040412796     
   12.086248935653121        1208.6248935653125       -503.34964819431264       -17.260912457572886        8271.1137645435156        3055.6073959672349     
   12.086248935619579        1387.6870485744473       -422.98905076616313       -9.5669041627388651        6735.1897519237646        4217.4885988082369     
   12.086248935645679        1593.2779103285134       -337.21598268844258       -1.3163771768631705        5390.7025651405211        5088.9762990986746     
   12.086248935709794        1829.3278028043724       -246.38023130219830        7.4566775396078802        4221.9499125485336        5710.5503704178464     
   12.086248935707278        2100.3493416943384       -150.89884965138253        16.711548283865341        3214.1328415204580        6119.8241621873585     
   12.086248935717627        2411.5237030770136       -51.233463987330822        26.403060943280817        2353.4079097854801        6351.8154596037602     
   12.086248935711073        2768.7996730119457        52.138199542312790        36.484429322314327        1626.5620447769429        6438.7249394675691     
   12.086248935750289        3179.0073717783648        158.75023660912018        46.910060711979888        1020.6483907026677        6409.5310617003379     
   12.086248935763681        3649.9888266766620        268.17439048821763        57.638158338590976        522.95868610573780        6289.8635627072363     
   12.086248935772302        4190.7478897749570        380.04030255229071        68.632766351583996        121.00804386008394        6101.8750394428389     
   12.086248935838068        4811.6223664517174        494.04984448064664        79.865217230690178       -197.31514239758599        5864.3264743579530     
   12.086248935911676        5524.4816453505855        609.98588746027201        91.315012741688392       -443.56100788162098        5592.7928784057158     
   12.086248935846060        6342.9536079678956        727.71653957669503        102.97023887346766       -628.53157395874860        5299.9592590283683     
   12.086248935847607        7282.6851559759916        847.19616490759688        114.82764660399879       -762.13119567555168        4995.9636790248624     
   12.086248935873687        8361.6413360734678        968.46401132546191        126.89248404740282       -853.27983234003523        4688.7412049139703     
   12.086248935960343        9600.4487817396202        1091.6390598233934        139.17794591407073       -909.91156560550326        4384.3160952125036     
   12.086248935943406        11022.790036734234        1216.9051470940112        151.70364772529865       -939.05714888403122        4087.0082590843331     
   12.086248936021772        12655.856299758223        1344.5052062533280        164.49501746365058       -946.23992239944255        3800.3836016265777     
   12.086248935960471        14530.867243637846        1474.7991219867361        177.58906733433830       -936.78515019805934        3526.4338641995860     
   12.086248935865171        16683.667849141668        1608.1459634822336        191.02256389942337       -914.71204103257242        3266.6385321031030     
   12.086248935951605        19155.413660980106        1744.9865988176834        204.84028306100296       -883.41128401590606        3021.8241805753073     
   12.086248935975606        21993.357566168841        1885.8236856216574        219.09297322508789       -845.63384925080072        2792.3457473527915     
   12.086248936002409        25251.753138528620        2031.2253600923152        233.83768460689677       -803.57884631787419        2578.2083161944620     
   12.086248936008793        28992.891815162227        2181.8387127935207        249.13906663641680       -758.94072718497841        2379.2083243661486     
   12.086248936127735        33288.293735573432        2338.4430518986328        265.07463335292414       -712.87115684134062        2195.1654827880466     
   12.086248936184770        38220.075006130995        2502.1150536762334        281.75121215099352       -665.86868999747128        2026.2702705426886     
   12.086248935866973        43882.517531017947        2674.5830344428437        299.34028634670540       -617.79771363704060        1873.3347933638088     
   12.086248935706266        50383.871422968783        2858.6881101954941        318.12395370707236       -568.32293455693593        1737.5109222350466     
   12.086248936090323        57848.424441153125        3058.7041483754724        338.52667716018914       -517.08659315189220        1620.0118068901895     
   12.086248935978347        66418.878019383395        3283.2773069531595        361.40992071977956       -453.96186725010358        1533.1927852542854     
   12.086248935928694        76259.075333401459        3577.2418349790523        391.26227488850412       -262.34479243017046        1611.3530271152054     
   12.086248935999517        87557.133516561560        4435.4472664435689        477.69570373930031        892.97239025582849        2885.4015797547081     
   12.086248935908406        100529.03993416844        9043.2689580900660        940.30746577118396        7083.8541883390280        10499.724994590206     
   12.086248936383717        115422.78127055944        34305.204504360488        3477.3785115248752        33282.622280472220        44284.923120767271     
   12.086248936290612        132523.08431801453        182116.24870669330        18314.677840680815        148006.37996511266        198476.09388143726     
   12.086248936326148        152156.85919211252        1705992.1317772914        171013.70434975252        1076745.0757402498        1487197.2318603997     
   12.086248936325561        174699.44891700678        12322530.499663450        1234915.9849807620        5860174.3005441716        8441656.3765177894     
   12.086248936325433        200581.80494756892        27723283.951929267        2778266.8285071850        9753615.0292028692        14811926.389236018     
   12.086248936322571        230298.72575687809        25489675.263822615        2554066.6880086064        6534454.7555240607        10584536.449172312     
   12.086248936323232        264418.31600389152        16876396.923588183        1690513.7000605462        3087182.5552858068        5421985.5353250029     
   12.086248936322669        303592.84710996115        9602787.5069392901        961467.59465336788        1157863.8351869923        2314418.5811152761     
   12.086248936322523        348571.22686984710        4038487.0714558847        404489.77937921876        240242.35323364378        664021.02559738443     
   12.086248936321169        400213.31648018170        919425.85596086981        92319.398251129300        32664.863857109958        116906.05688653640     
   12.086248936321304        459506.36868800386        210535.63539225431        21319.335377484094       -3101.1585202513756        13842.422562158468     
   12.086248936321192        527583.90131000860        183018.64101055762        18577.548689791001       -3837.6586438352642        9021.7190412280652     
   12.086248936321052        605747.36693253345        191208.56446765055        19414.517353288829       -3474.8364175906090        8229.8057783077238     
   15.215685919230392        695.49103305695644       -1075.0164298814680       -48.024894931586452        28001.079266845321       -11965.703711264945     
   15.215685919239238        798.53054832341707       -1004.7469058817210       -42.869748307339250        24198.807677415556       -6874.2331736913093     
   15.215685919244905        916.83574093376444       -924.79154878656050       -36.934966954049742        20714.674417348106       -2602.2137115731512     
   15.215685919283906        1052.6682762735777       -835.14476721222889       -30.219743865700362        17551.062536782414        935.16891872717679     
   15.215685919234943        1208.6248936345003       -735.84802673573211       -22.726765564584635        14703.258530463259        3819.7078873879591     
   15.215685919215538        1387.6870486559667       -627.00191493533964       -14.463176785284302        12158.863216861269        6126.3718766729507     
   15.215685919189932        1593.2779104159879       -508.79711349272941       -5.4430797575832903        9900.3363145135245        7923.0127275790346     
   15.215685919260725        1829.3278029036137       -381.54443113355183        4.3100215435742939        7908.0945542280706        9271.7747052698851     
   15.215685919213207        2100.3493418021612       -245.68959321217463        14.761984698452578        6162.7344821758415        10230.705497044335     
   15.215685919198197        2411.5237031963661       -101.80636306325226        25.868522617145114        4645.9950977458393        10854.753146882336     
   15.215685919202212        2768.7996731512126        49.430196213097283        37.577292291501863        3340.7542109770411        11195.978533376769     
   15.215685919211724        3179.0073719299380        207.28423058776926        49.831097724961630        2230.5822197637558        11303.219522637737     
   15.215685919269662        3649.9888268605450        371.00608741183959        62.571627415763935        1299.1649787138163        11221.423041488453     
   15.215685919232833        4190.7478899729495        539.87609061373928        75.742950070889492        530.04017288536033        10991.089306231876     
   15.215685919286210        4811.6223666697415        713.24404191428664        89.294678127771462       -93.483131537548616        10647.858896876702     
   15.215685919281098        5524.4816455654100        890.55872285112173        103.18433683664806       -588.14376782957424        10222.378541286809     
   15.215685919257716        6342.9536082392360        1071.3881380856928        117.37898882984153       -970.41423230845885        9740.4171545049503     
   15.215685919218613        7282.6851562678830        1255.4313398996574        131.85617679027928       -1256.1404065098714        9223.1821119674951     
   15.215685919195233        8361.6413363777137        1442.5238066789714        146.60433839708276       -1460.2087357093305        8687.7677461321873     
   15.215685919241473        9600.4487820492814        1632.6384321845915        161.62285775180862       -1596.2934264647147        8147.6624672552334     
   15.215685919171786        11022.790037054738        1825.8823665481232        176.92177801791328       -1676.7280700241829        7613.2292905728664     
   15.215685919145210        12655.856300022049        2022.4839037385773        192.52071799655820       -1712.5409399106597        7092.0624499836267     
   15.215685919089529        14530.867243961278        2222.7545034011955        208.44581094934253       -1713.6058069461603        6589.2099464294242     
   15.215685919162121        16683.667849724163        2427.1526925327626        224.73476008144641       -1686.6330275235275        6109.9155641880370     
   15.215685919330214        19155.413661723527        2636.2539574847760        241.43441389696815       -1639.7845561090435        5655.3151421810580     
   15.215685919305834        21993.357566943494        2850.6640501198312        258.59383820261428       -1578.1745048937673        5227.1706371411074     
   15.215685919408783        25251.753139532892        3071.1133656569068        276.27180395484174       -1506.3451746765925        4826.0568927635732     
   15.215685919212540        28992.891815926032        3298.4314349995889        294.53472188833985       -1427.9472995662934        4451.9313313637849     
   15.215685919027372        33288.293735717707        3533.5547903180814        313.45722384230612       -1345.8581487002766        4104.3124417318768     
   15.215685919061652        38220.075006202387        3777.5570737835328        333.12449638742692       -1262.2214216021935        3782.5133890234456     
   15.215685919211891        43882.517532687067        4031.7606761745988        353.64108048270276       -1178.3538287219235        3486.0317670786444     
   15.215685918909042        50383.871424552271        4298.0402726991260        375.15489693760168       -1094.6121122029981        3215.0411229953397     
   15.215685919068648        57848.424441739793        4579.3486965176880        397.89887568986154       -1010.6057314078168        2970.5062557130086     
   15.215685919188576        66418.878021195851        4880.1153700099630        422.22230931656662       -925.99859434228028        2753.3660827600042     
   15.215685919203716        76259.075335871603        5206.6091582562349        448.61947339995817       -838.88466861410643        2566.0575879544062     
   15.215685918607749        87557.133515455178        5579.7923958800793        478.75364243736834       -709.80165838726896        2454.9795398641245     
   15.215685918720212        100529.03993439900        6163.1688793274052        525.63887052201608       -167.04563006138346        2859.3036252565689     
   15.215685918626766        115422.78126557612        8442.7031531783432        707.63406520200067        3101.8307336113967        6650.2938028676999     
   15.215685918936627        132523.08431601254        21364.545299345671        1737.8855820425085        19226.672169985450        26816.863649160190     
   15.215685918382265        152156.85918382299        90490.825075405752        7252.2837814176446        63286.540156859053        90873.658764303502     
   15.215685918507287        174699.44890893300        573375.49726761063        45708.002866012968        429380.56996240234        580814.72242406616     
   15.215685918497877        200581.80493817705        5800996.5835306067        461796.71301506454        3342454.6883752211        4675001.7930096379     
   15.215685918486056        230298.72574597044        28581363.467688140        2275151.1611044407        12306979.821657710        18024951.516349029     
   15.215685918484168        264418.31599132053        45533627.314212710        3624456.0156017537        14440806.001261931        22374481.400775552     
   15.215685918482398        303592.84709550656        35539829.112103529        2828409.8397940397        8166210.4638879932        13558508.499423470     
   15.215685918483237        348571.22685327445        21721656.007601257        1728017.3979699609        3508196.3471800452        6377520.7688504141     
   15.215685918482949        400213.31646119099        10762510.011190921        855738.41584846366        1026627.7248194490        2264205.7021125229     
   15.215685918480952        459506.36866613419        3137932.3677009325        249721.51808906344        116927.72739159608        431476.14886672585     
   15.215685918480466        527583.90128488699        497129.25926234276        39770.627277903259       -2260.9777380009382        41369.903480116052     
   15.215685918480363        605747.36690369283        284760.36977326748        22895.506583154198       -6704.1204545977953        15172.579017395339     
   19.155413660629549        695.49103302180004       -1496.6973730539785       -54.173205785446036        45917.531135576821       -25534.982079404806     
   19.155413660644744        798.53054828322115       -1414.9775344938214       -49.471946203993859        40347.245023462267       -16484.636769508706     
   19.155413660618418        916.83574088601199       -1318.3613714766384       -43.822346992783416        35122.655901073231       -8723.2191665016035     
   19.155413660676324        1052.6682762192345       -1206.5519435460658       -37.205810940577067        30255.592642428535       -2166.7170921923534     
   19.155413660687937        1208.6248935767280       -1079.4173429759539       -29.613899755531744        25768.146209679224        3291.6380636794565     
   19.155413660753894        1387.6870485961831       -936.91378108535685       -21.043395668129961        21674.864322243484        7764.1599069443018     
   19.155413660740450        1593.2779103489102       -779.07332397395487       -11.495497278701803        17976.456803476409        11357.933212028633     
   19.155413660698244        1829.3278028140567       -606.04027666925913      -0.97814280479724391        14661.404750279393        14170.908520331725     
   19.155413660658830        2100.3493417015729       -418.12558712858737        10.490486283742939        11710.837829118662        16292.563394358496     
   19.155413660695150        2411.5237030878275       -215.84966268589187        22.879170994372085        9103.1951277742901        17806.291043517424     
   19.155413660734684        2768.7996730315772        4.4702288595063880E-002   36.142745790885414        6817.0974704502523        18791.521996664320     
   19.155413660769160        3179.0073717963123        228.61482470479010        50.223442553942725        4832.2708308378624        19324.660230957426     
   19.155413660820429        3649.9888267029928        468.76978425635644        65.054100534212012        3129.2027423997361        19478.842458274372     
   19.155413660876253        4190.7478898144127        719.34069572449994        80.562580944842921        1688.3975373470539        19323.048105061993     
   19.155413660859395        4811.6223664666031        979.15574044947562        96.676508195514529        489.48913591441942        18920.722707348617     
   19.155413660878160        5524.4816453394442        1247.1088734126492        113.32763094742403       -488.88812879913985        18328.927028416623     
   19.155413660889469        6342.9536079932841        1522.2186677490693        130.45556848965134       -1269.0804371829354        17597.619109569165     
   19.155413660851309        7282.6851559897004        1803.6710027356617        148.01053711153145       -1873.9571273591819        16769.474465467487     
   19.155413660814798        8361.6413360552287        2090.8472966998297        165.95515128301486       -2326.3014121256456        15880.088927062701     
   19.155413660800448        9600.4487816426517        2383.3403948226892        184.26542883389627       -2648.1728455780840        14958.482237613811     
   19.155413660859537        11022.790036672348        2680.9616399763499        202.93122054226839       -2860.3494036068155        14027.787324369241     
   19.155413660879905        12655.856299618570        2983.7418783007292        221.95624014784696       -2981.9321717841772        13105.995294829087     
   19.155413660868980        14530.867243542913        3291.9233408732193        241.35750929872299       -3030.1972914148632        12206.590782375066     
   19.155413660906706        16683.667849197078        3605.9239613892405        261.16305730283784       -3020.7505717475233        11338.911866104248     
   19.155413660886268        19155.413660886294        3926.2422640354980        281.40586548488500       -2966.9245731406327        10509.215418970118     
   19.155413660873613        21993.357566002931        4253.8297684679801        302.14738853828749       -2877.9414051758217        9724.3960242082285     
   19.155413660848563        25251.753138249111        4589.4983565307693        323.44004698643403       -2765.3817846770526        8984.2958234090111     
   19.155413660842584        28992.891814816936        4934.3076959379086        345.35170448179997       -2636.0070150320307        8290.8100882443014     
   19.155413660678821        33288.293734564810        5289.4731228577602        367.95981463910715       -2495.9387427363799        7643.9311635236954     
   19.155413660702326        38220.075004839477        5656.3723349606053        391.35180741141079       -2350.0476339478114        7042.8430438029136     
   19.155413660722338        43882.517530734782        6036.5629679275635        415.62614719623519       -2202.1066946534706        6486.1916798383490     
   19.155413660573270        50383.871422921497        6431.8492196195957        440.89647199143650       -2054.8016598658073        5972.4788646175366     
   19.155413660550025        57848.424439190407        6844.5034250271283        467.30548874620575       -1909.5594427234241        5500.6871014207327     
   19.155413660490805        66418.878017539901        7277.7629518792810        495.05619881529122       -1766.4730592404903        5070.8522515392942     
   19.155413660271734        76259.075330725987        7736.3685086125342        524.44557550188620       -1624.9696022023966        4683.6179565073198     
   19.155413660241400        87557.133512837987        8226.2549837291681        555.84454448762699       -1484.8710935985298        4338.6415570732142     
   19.155413660103410        100529.03992992685        8756.8939548950475        589.84629240512731       -1336.4910393015070        4045.8410384340114     
   19.155413660404580        115422.78126296500        9354.9637472572722        628.13226368234609       -1044.5722753728619        3947.5210610318127     
   19.155413660637056        132523.08431192415        10692.966547859385        713.23521196973149        531.50072796153631        5468.5145710941733     
   19.155413660578382        152156.85918420643        17030.482271758461        1114.7007873660186        9542.8966950087743        16263.215320321646     
   19.155413660558807        174699.44890775933        52889.611780260915        3385.5969431897388        50490.117080548218        68267.458216692772     
   19.155413660231090        200581.80493352190        247673.74378766297        15721.308451611547        216032.98816285122        287931.55778854387     
   19.155413660396771        230298.72574279644        1941293.9218807747        122797.74233466013        1336812.1299154374        1825939.5845684560     
   19.155413660390291        264418.31598761963        18049643.258384950        1141279.2578339577        9462867.1479279045        13422216.620340601     
   19.155413660388607        303592.84709126595        60402448.585732676        3819315.1056766505        23545403.333879653        35085708.286980338     
   19.155413660391304        348571.22684843547        69167566.713780120        4373085.7975780964        19741659.927624717        31250182.643851623     
   19.155413660395173        400213.31645572354        47667648.575815797        3012971.6664552684        9783452.6271802858        16689452.952123743     
   19.155413660394501        459506.36865990091        26223508.156092376        1656618.5675561426        3667564.8541843193        6974716.1883355025     
   19.155413660393741        527583.90127772617        10109496.754518088        638292.05874353647        625748.51181611000        1735564.5200847597     
   19.155413660392824        605747.36689544620        1729613.3741446491        109415.74975149705       -6057.6404075052706        159638.11536466680     
   24.115237030584332        695.49103301570483       -2058.9530824470435       -59.948944885945814        73185.066159383830       -52133.305791513798     
   24.115237030580737        798.53054827547044       -1971.7954084781541       -56.059032885968911        65367.008029465171       -36698.472961375883     
   24.115237030600667        916.83574087913064       -1863.2351340234034       -51.089645785395980        57971.532051244969       -23043.622131575834     
   24.115237030673740        1052.6682762113412       -1731.8838182478673       -44.971890963552134        50919.046653369180       -11192.823551243964     
   24.115237030698655        1208.6248935681813       -1576.9372956992604       -37.666077832909650        44219.830482433797       -1089.1136649677646     
   24.115237030749327        1387.6870485845079       -1397.9635329662356       -29.150896716600979        37924.540293007296        7383.3791635131893     
   24.115237030816097        1593.2779103410351       -1194.7279532589132       -19.414497717207269        32085.222034503797        14369.458905089015     
   24.115237030861216        1829.3278028124682       -967.11305395807176       -8.4503599111940275        26734.568624614541        20018.594909376141     
   24.115237030898754        2100.3493417073400       -715.13538396019692        3.7418731835714421        21881.623907264689        24471.761976987225     
   24.115237030849748        2411.5237030849758       -439.02333293282288        17.152428830513600        17514.865873495735        27855.794425190245     
   24.115237030831839        2768.7996730205327       -139.30480995771393        31.756889089251668        13622.201374422646        30297.434501916512     
   24.115237030843151        3179.0073717794012        183.13627253081734        47.513213419847482        10174.097833913243        31903.531298932648     
   24.115237030818779        3649.9888266701182        527.05816381681336        64.361509083710189        7150.5227968249219        32787.111788642280     
   24.115237030852033        4190.7478897702331        890.91422952169069        82.226575852928363        4529.8164670685037        33056.168197115774     
   24.115237030855145        4811.6223664207346        1272.9474304319122        101.02257396056301        2290.0979973042486        32814.870957837476     
   24.115237030859301        5524.4816452823206        1671.3098033866049        120.65898787341210        408.14993804815640        32161.800008327904     
   24.115237030843172        6342.9536079197096        2084.1779356056522        141.04642439178861       -1141.9831367567313        31187.294344988633     
   24.115237030885893        7282.6851559326369        2509.8616662798663        162.10209651035257       -2388.6542775676935        29972.385558698883     
   24.115237030896338        8361.6413360092702        2946.8894074301943        183.75414542788346       -3362.4442042134942        28587.556970858932     
   24.115237030929297        9600.4487816101973        3394.0694869825561        205.94475656707797       -4095.2036074179905        27092.568289737414     
   24.115237030922732        11022.790036598080        3850.5292813089059        228.63214535391305       -4618.9596967892785        25536.833896672193     
   24.115237030992176        12655.856299556288        4315.7369070883460        251.79164640576343       -4964.8427188933874        23960.241765818846     
   24.115237030992692        14530.867243480003        4789.5114272226074        275.41620502233854       -5162.1940036958013        22394.216684562467     
   24.115237030985945        16683.667849087324        5272.0236148127842        299.51637538943032       -5238.0012651499346        20862.783646486299     
   24.115237031043069        19155.413660826096        5763.7721944181358        324.11908050562488       -5216.8298277534977        19383.301969193097     
   24.115237030895624        21993.357565813869        6265.4848102992801        349.26258958876127       -5121.2622652179389        17966.654641218767     
   24.115237030799090        25251.753137963969        6778.0908621641620        374.99511468013219       -4966.7460277970713        16623.527547550784     
   24.115237030788290        28992.891814485625        7303.1986941847872        401.39875186468993       -4771.5925386204362        15356.768759433486     
   24.115237030687755        33288.293734330218        7842.1695445003752        428.54293615164346       -4547.6852355239935        14168.900217068696     
   24.115237030503330        38220.075004230945        8396.7818561512504        456.51779009858723       -4305.3917997495955        13060.211645256588     
   24.115237030464673        43882.517529919896        8969.0715319219216        485.42607228228002       -4053.0104079527923        12029.549498160799     
   24.115237030186350        50383.871421796473        9561.3473429747373        515.38390780478949       -3797.0738276244242        11074.702748819645     
   24.115237030278081        57848.424438188966        10176.230915599854        546.52273702231469       -3542.5371915918304        10192.826512631204     
   24.115237030454814        66418.878017082199        10816.798461759201        578.99633984561660       -3292.7226263488833        9381.1018849803495     
   24.115237030184623        76259.075330218198        11486.977284065726        613.00059142013197       -3049.0780763473763        8637.6439922063364     
   24.115237029989721        87557.133511685985        12192.139343128421        648.80296622504829       -2811.4044412707544        7961.7926975837700     
   24.115237030111444        100529.03992983580        12938.731248666634        686.72339675686089       -2579.4490945627513        7352.0220128436722     
   24.115237030223621        115422.78126158263        13732.076558852999        727.02349280007172       -2352.6477359076398        6804.9199092547478     
   24.115237029520912        132523.08430486696        14592.905018609734        770.73828151696932       -2088.5844793558394        6366.9013272744342     
   24.115237029462453        152156.85917620084        15680.395462045995        825.85929758351983       -1325.9250346578808        6565.1768718333724     
   24.115237029920390        174699.44890206368        18978.736772168213        992.08193423692126        3207.1965286700224        11463.375651847447     
   24.115237029866918        200581.80492996931        36872.380112118233        1891.9972673756999        27363.184838536501        41076.803243511909     
   24.115237029336161        230298.72573165689        135375.06554591234        6846.8821191345332        129444.26761923074        172668.21305718846     
   24.115237029359221        264418.31597517204        722136.46599606262        36334.774980787188        584761.57725581131        784542.52444819163     
   24.115237029338484        303592.84707673982        6787055.4864273379        340894.74533684552        4284137.7866068976        5916633.8651330769     
   24.115237029333422        348571.22683163505        49036678.791806340        2462857.5194627047        23328185.863560237        33600573.999872565     
   24.115237029335546        400213.31643638847        110104105.13629797        5529959.3351781368        38749155.621982343        58837942.768998936     
   24.115237029334747        459506.36863770214        98997389.269539759        4971358.7023317814        25377515.950747143        41106717.235292047     
   24.115237029332654        527583.90125221363        60820111.584894709        3053072.2990632053        11081257.285069250        19494601.051014531     
   24.115237029330327        605747.36686612456        28265066.369828057        1417680.2508533001        3236610.1731265122        6639201.8328724569     
   30.359284707721695        695.49103298086891       -2790.0800684009855       -64.790004967107961        113738.39326941391       -100916.83378196118     
   30.359284707743640        798.53054823616981       -2706.8373825839235       -61.971605941835143        102683.76033672718       -76140.447401904021     
   30.359284707809199        916.83574083522967       -2596.3413715951592       -58.062876541953294        92567.924364267237       -53357.919243515033     
   30.359284707923628        1052.6682761617142       -2454.4730044317853       -52.900927857990602        82961.433913916830       -32835.500416167881     
   30.359284708032519        1208.6248935142878       -2278.2671432907964       -46.369021970349415        73652.878919146198       -14749.065253313020     
   30.359284708070696        1387.6870485214592       -2065.8273326919166       -38.392996998481976        64611.330090040799        860.47659108683001     
   30.359284708052019        1593.2779102632539       -1816.0396839658824       -28.929614620665230        55914.123703577134        14075.562268594957     
   30.359284708056318        1829.3278027199995       -1528.2495791750396       -17.953412054794171        47673.693231678582        25059.494858829821     
   30.359284708127333        2100.3493416028159       -1202.0384708384847       -5.4475930937769581        39986.684967895584        34010.294578176683     
   30.359284708181281        2411.5237029741520       -837.16060459094285        8.5986014255468035        32911.914365458091        41127.948013613190     
   30.359284708173604        2768.7996728946455       -433.61857999134412        24.186865186948122        26470.807713096812        46599.430386873893     
   30.359284708201667        3179.0073716363108        8.1928159599619033        41.303967496020277        20658.988584044786        50597.232183670429     
   30.359284708209845        3649.9888265105001        487.35408682027037        59.916273636417820        15459.162900921132        53284.203397847450     
   30.359284708262702        4190.7478895884851        1002.3552666597515        79.966901387251710        10850.076243895433        54818.906890018938     
   30.359284708342074        4811.6223662240172        1551.1225821039475        101.37657844779822        6810.2313670513104        55358.338136754181     
   30.359284708309605        5524.4816450495982        2131.1278409243673        124.04784324644423        3317.7570981893041        55057.454601143923     
   30.359284708322864        6342.9536076595241        2739.5554212266520        147.87160082505579        348.65852267319497        54066.606543901093     
   30.359284708332002        7282.6851556231932        3373.4976712647153        172.73487203510740       -2125.4860459022930        52527.589681391531     
   30.359284708396235        8361.6413356680496        4030.1342426466854        198.52795101087392       -4138.2343556697051        50570.436297503184     
   30.359284708457178        9600.4487812245752        4706.8980788495828        225.15106425089468       -5728.3250415114617        48310.810636475915     
   30.359284708427296        11022.790036147482        5401.5992051372905        252.51936094718982       -6938.5550698112529        45848.682210882580     
   30.359284708409280        12655.856298994975        6112.5119301626783        280.56643864147190       -7814.1021005850816        43268.123246906478     
   30.359284708320310        14530.867242792634        6838.4293262504607        309.24654433874821       -8400.6549644758525        40638.024069449777     
   30.359284708310469        16683.667848297377        7578.6943662871718        338.53581712719460       -8742.6702090929230        38013.435981989496     
   30.359284708349474        19155.413659898350        8333.2167477403655        368.43293437414098       -8882.0117669199699        35437.192545355385     
   30.359284708397048        21993.357564917613        9102.4702896543713        398.95896325106145       -8857.2615105873956        32941.318869372903     
   30.359284708409628        25251.753137046482        9887.4186177916981        430.15434412154713       -8704.0191601097758        30547.585708179424     
   30.359284708373824        28992.891813410992        10689.245270221738        462.06807410271716       -8455.8577389890743        28267.203474182978     
   30.359284708465832        33288.293733336039        11509.893295507833        494.77920147182880       -8127.8747818022666        26120.831487215306     
   30.359284708404353        38220.075003304366        12351.852885126273        528.38832707493566       -7752.8616587194256        24102.738171335634     
   30.359284708408801        43882.517528932818        13217.490322797103        562.99080270036939       -7344.8183771184122        22217.175714950223     
   30.359284708485166        50383.871421371390        14109.811527933998        598.70718469028361       -6917.9962072287017        20462.843720079636     
   30.359284708741335        57848.424437968970        15032.259864402437        635.67513270754716       -6483.7081716203002        18836.507832933221     
   30.359284708916810        66418.878016726754        15988.751504726855        674.05077606963459       -6050.7647776205886        17333.552797004475     
   30.359284708783608        76259.075330329913        16983.765001818650        714.01221011910809       -5625.6833591877312        15948.662869979340     
   30.359284708519038        87557.133511758861        18022.617278239475        755.77038678602537       -5212.5280987926799        14676.877663933412     
   30.359284708208410        100529.03992838341        19112.003616011738        799.59040776884638       -4812.7373607808613        13514.603384383412     
   30.359284708229442        115422.78125945809        20259.777532939261        845.78221776609996       -4426.3043085387872        12458.280144816670     
   30.359284707631662        132523.08430367996        21470.442406867413        894.51994463161088       -4054.8355324906065        11498.437562750642     
   30.359284706465200        152156.85916936069        22743.476292108353        945.77553227281885       -3691.6418028810608        10630.889241845996     
   30.359284706609085        174699.44889172068        24152.651922194087        1002.4870643974281       -3172.4302473414041        10049.973206253404     
   30.359284706785346        200581.80491970322        26335.867321321090        1090.1058170929900       -1031.3575635163370        11491.407693815319     
   30.359284707080690        230298.72572717897        35161.110350000483        1442.8546917770288        11780.712965589204        26216.955136171287     
   30.359284706797315        264418.31596730975        85531.976149383117        3454.6930517535652        74766.298689595031        104871.46448236343     
   30.359284706760068        303592.84706760134        356778.27052276261        14290.049832197836        147482.01276146961        255940.94114914408     
   30.359284706866120        348571.22682243335        2279214.6548866918        90980.284358374760        1704918.5097838424        2306340.0468810610     
   30.359284706841446        400213.31642546301        23076868.125929222        920616.43730849016        13301205.284138745        18601633.400876876     
   30.359284706840040        459506.36862515204        113738874.33785431        4537568.9476728439        48993368.764978379        71747252.657419279     
   30.359284706842857        527583.90123789886        179841915.17069218        7174488.3656501761        57051763.276652530        88386256.242290229     
   30.359284706844729        605747.36684978486        134270676.78609529        5355304.5943379402        30824233.106033247        51195392.077523671     
   38.220075001324176        695.49103296047497       -3723.0449004115449       -68.376058152352925        174578.49277441960       -184457.34483164756     
   38.220075001409356        798.53054821395688       -3652.4954144735789       -66.650382768784766        157603.92962462074       -147211.19521421476     
   38.220075001480936        916.83574080946300       -3552.9454749535021       -64.003563556980225        143174.42993469618       -111765.66809027600     
   38.220075001588846        1052.6682761311345       -3415.9692443782169       -60.170462870701151        130274.70273912078       -78470.968082918174     
   38.220075001597081        1208.6248934751034       -3234.0785981032477       -54.916052135922648        118096.85775948947       -47836.448927102014     
   38.220075001647196        1387.6870484765436       -3001.3882223775313       -48.056391665340918        106148.73168378387       -20320.696047031342     
   38.220075001860529        1593.2779102215570       -2713.7915976090690       -39.464013866563619        94258.501051416417        3802.8328289184574     
   38.220075001917373        1829.3278026745870       -2368.6946821832116       -29.059179496471184        82493.534384138155        24481.510875768348     
   38.220075002063801        2100.3493415538092       -1964.5209537540695       -16.793812380910822        71042.925361493239        41842.841622984735     
   38.220075002155006        2411.5237029193540       -1500.2439953318089       -2.6363186407252215        60113.249237130949        56120.860430191111     
   38.220075002195813        2768.7996728353860       -975.12725582559710        13.436926593612950        49865.400855313856        67588.309383560059     
   38.220075002206698        3179.0073715662379       -388.71843451244229        31.441857859704211        40394.801497940338        76514.437486531635     
   38.220075002239724        3649.9888264322171        258.96941651437606        51.380897232888849        31740.921485059280        83149.660345380064     
   38.220075002253928        4190.7478894928645        967.21403309043046        73.234996574456090        23908.220167406656        87727.811352512043     
   38.220075002252145        4811.6223661014274        1734.3958171398817        96.957356959137527        16885.146052912747        90474.702886278275     
   38.220075002309002        5524.4816449229729        2557.9364891220666        122.47114402725855        10655.567265087826        91615.332166546752     
   38.220075002343648        6342.9536075171172        3434.3871534069040        149.67197723763093        5202.1510472889786        91376.096466890667     
   38.220075002335527        7282.6851554559489        4359.6371519743834        178.43431610344848        504.73774009962654        89982.239417286721     
   38.220075002389912        8361.6413354702345        5329.2021892767580        208.62045312242114       -3462.6052711624652        87652.904142500789     
   38.220075002414504        9600.4487809843595        6338.5323557352449        240.09021631172797       -6735.3972682538479        84593.834638462358     
   38.220075002483377        11022.790035902392        7383.2935010125784        272.70990149190766       -9358.6634387333761        80992.995649701101     
   38.220075002597277        12655.856298758799        8459.6133638401570        306.36012897957698       -11386.667274595402        77016.396512117673     
   38.220075002628882        14530.867242576067        9564.2610566445073        340.94160728272982       -12880.581481759389        72806.409499681948     
   38.220075002662064        16683.667848068621        10694.770595896742        376.37910809280578       -13905.532268931780        68481.751316416441     
   38.220075002775232        19155.413659667807        11849.518591213347        412.62397207901807       -14527.509490135912        64138.821584189696     
   38.220075002689825        21993.357564569302        13027.773235900511        449.65566212340485       -14810.620992433842        59853.895465117057     
   38.220075002671493        25251.753136623996        14229.724784851873        487.48270464784576       -14815.147651365745        55685.506335871665     
   38.220075002654781        28992.891812947433        15456.462437472002        526.14190844906261       -14597.010126618725        51675.981158558840     
   38.220075002658206        33288.293732705897        16709.741757215008        565.69094485894311       -14209.128798966180        47850.997594001223     
   38.220075002761021        38220.075002761070        17991.280906023669        606.18599163717590       -13696.331213759189        44225.073944020362     
   38.220075002824551        43882.517528375553        19305.776953866793        647.77731768117519       -13080.094252970199        40828.587454326800     
   38.220075003015225        50383.871420856187        20656.230965520059        690.56107695359970       -12409.255365189580        37644.293199798587     
   38.220075003094429        57848.424437009198        22047.065665871178        734.67811907903513       -11701.910381939397        34677.978608058780     
   38.220075002996033        66418.878015069888        23483.413657935685        780.29141532169876       -10977.745005010012        31925.414184680318     
   38.220075003069134        76259.075328908046        24971.173959092281        827.58781409211213       -10252.274506882175        29379.762666158116     
   38.220075002856383        87557.133510401967        26517.092244780946        876.78053459967475       -9537.4574695931333        27032.385371760232     
   38.220075002862579        100529.03992787038        28128.949296224699        928.11504346173012       -8841.8998478738467        24873.934362477761     
   38.220075002797309        115422.78125859199        29815.986314623100        981.88234514964267       -8170.6159820906087        22895.822487873331     
   38.220075002811136        132523.08430534284        31588.867512914861        1038.4173727288726       -7525.4996314981690        21090.168581625334     
   38.220075003063037        152156.85917811893        33454.473313774412        1097.9330687405309       -6909.0595443213724        19442.586209212473     
   38.220075003673657        174699.44890373951        35400.125882116445        1160.0197562074754       -6327.5524137128268        17921.634390936320     
   38.220075002749631        200581.80492748882        37423.171050698671        1224.5858033566037       -5737.9785787661403        16557.711246504190     
   38.220075003573996        230298.72573884489        39597.931682384435        1293.9824846398551       -4593.1467600669166        15926.033801675823     
   38.220075003103574        264418.31597991765        44748.267072440147        1457.7191934222353        1615.5750163995754        21748.433850790992     
   38.220075002751756        303592.84707965498        69423.013881013729        2240.5483810871374        36941.475210448742        63893.158102230882     
   38.220075002618678        348571.22683384153        209653.46297095864        6689.1172507894216        197137.96199859382        267218.97478761675     
   38.220075002958012        400213.31644243986        980296.74199265789        31126.672570826482        851639.55580767081        1135669.6104567025     
   38.220075003011935        459506.36864531366        7721172.4126579640        244690.35449437794        5317172.6659644945        7261855.5519734314     
   38.220075003005583        527583.90126091079        71802374.287453234        2275303.7400543690        37658791.980819218        53408490.710670233     
   38.220075003009761        605747.36687623488        240247181.29800639        7613427.3141622534        93682102.748926893        139582103.55181947     
   48.116223662055091        695.49103299240596       -4904.7325422041467       -70.779214775029686        269066.84387665283       -319966.38999999361     
   48.116223662060939        798.53054824893604       -4849.7474299749647       -69.904553583910456        240410.41815522363       -266276.47889193450     
   48.116223662047680        916.83574084765462       -4770.4374597044616       -68.415826126511092        217294.16418847724       -214613.52536862952     
   48.116223662090576        1052.6682761729508       -4654.6542535085782       -66.009278134515625        198350.89411423478       -164593.00692668481     
   48.116223662193278        1208.6248935254341       -4489.1141999310566       -62.353274824999964        182054.12983807741       -116548.72146020335     
   48.116223662288789        1387.6870485352663       -4260.9852729051736       -57.128201297018670        167004.15402663522       -71274.643551957211     
   48.116223662347345        1593.2779102820255       -3959.2988413588191       -50.061912133969592        152182.44740210433       -29679.757765823349     
   48.116223662447396        1829.3278027450970       -3575.7399542551880       -40.949431286207982        137070.75698720885        7507.1395600842516     
   48.116223662437164        2100.3493416262718       -3104.6603512668185       -29.652922853529159        121609.06263889966        39893.858562633854     
   48.116223662529350        2411.5237030014182       -2542.4925669419622       -16.086426580841362        106041.85491401629        67432.271741602424     
   48.116223662657326        2768.7996729340161       -1886.9476309941197      -0.19507201614032962        90735.425289073173        90327.640829869531     
   48.116223662813582        3179.0073716888992       -1136.3762476572065        18.061525167922809        76035.010856706576        108919.43784654108     
   48.116223662957601        3649.9888265808222       -289.50950037373593        38.716118839943192        62191.503029770218        123585.77067592571     
   48.116223663096250        4190.7478896740040        654.41618592700445        61.790737771616470        49350.504993039271        134691.85875946734     
   48.116223663090068        4811.6223663090086        1695.3000227369896        87.287435337657357        37558.879107480709        142558.56555516101     
   48.116223663055713        5524.4816451491461        2831.7905481632556        115.17814909893785        26892.358542836431        147564.34582244416     
   48.116223662990976        6342.9536077625153        4061.0325195190489        145.39781593612133        17296.000033296594        149972.59834046310     
   48.116223663078486        7282.6851557524960        5378.6457345292174        177.84332285373236        8784.0290094213851        150126.94752315604     
   48.116223663123463        8361.6413358066347        6778.9307291203695        212.37824626041399        1348.5931632224092        148358.47576561873     
   48.116223663166558        9600.4487813730193        8255.2474057924046        248.84206841306874       -5025.8640979895426        144997.97469074847     
   48.116223663179262        11022.790036331680        9800.5047456505890        287.06232087643002       -10366.982251457353        140367.49219600155     
   48.116223663162351        12655.856299209525        11407.625193757158        326.86621634638868       -14721.091521280767        134766.90388979026     
   48.116223663263085        14530.867243111978        13069.994956665496        368.09201874348213       -18150.602169810954        128469.16341591759     
   48.116223663358554        16683.667848702546        14781.817928499562        410.59804198084743       -20733.486310500499        121713.34344018741     
   48.116223663463238        19155.413660380607        16538.376098859484        454.26931355905248       -22558.798111951473        114702.80588887444     
   48.116223663419014        21993.357565416638        18336.206207947656        499.02211831067683       -23721.663364762011        107605.68822288307     
   48.116223663524906        25251.753137664546        20173.216696852065        544.80699109262787       -24318.299956483126        100557.34942860226     
   48.116223663601176        28992.891814200786        22048.774078002818        591.61091321584536       -24441.839773061271        93663.884196942003     
   48.116223663651368        33288.293734176681        23963.756656467125        639.45863566914340       -24179.861877906824        87005.317822584999     
   48.116223663553590        38220.075004269282        25920.439395966070        688.40974072372774       -23614.944615797460        80636.272086855868     
   48.116223663661685        43882.517530132849        27921.792290888396        738.54092788678815       -22828.440346589749        74582.645620437004     
   48.116223663489421        50383.871422442076        29971.351369286727        789.94273644639168       -21859.064987285608        68887.279121995671     
   48.116223663640795        57848.424438892172        32077.102585614022        842.81731233204471       -20781.617127360274        63545.394256070365     
   48.116223663645826        66418.878017409763        34244.178656161654        897.29452411120280       -19631.825325299862        58561.203816952730     
   48.116223663736221        76259.075331591986        36480.204177336898        953.56653946510039       -18444.106826285250        53930.098821833082     
   48.116223663952731        87557.133514364919        38794.062816238729        1011.8567755853290       -17245.783946236836        49642.748026729816     
   48.116223663823362        100529.03993213388        41196.025070626434        1072.4230869527673       -16058.282060919515        45686.265770841943     
   48.116223663873726        115422.78126380507        43697.924239526605        1135.5621238180902       -14897.976554091369        42045.400770145396     
   48.116223663615358        132523.08431056872        46313.488756285537        1201.6175718599698       -13776.382400324121        38704.179854868446     
   48.116223663923151        152156.85918408952        49058.450187326343        1270.9825536148855       -12700.204121919938        35647.037506316214     
   48.116223663580328        174699.44890655892        51945.904467676395        1343.9820508210687       -11674.410502070334        32852.800498162745     
   48.116223664045634        200581.80493751506        54961.568521618079        1420.2486141584811       -10711.652333647127        30270.645229794587     
   48.116223663619472        230298.72574334950        58039.137407002469        1498.1029045884495       -9820.5985682874780        27830.135539865572     
   48.116223663652640        264418.31598852639        61251.348699625159        1579.3709717399904       -8802.7475185477888        25768.561916519982     
   48.116223664483940        303592.84709757881        65264.075468793279        1680.8136100735280       -5811.2926179195174        26233.034671428763     
   48.116223664743281        348571.22685751331        78044.108629106660        2003.0364248668773        12020.466158541907        45280.326334159166     
   48.116223664370501        400213.31646296481        147994.33561163460        3765.2797589544202        106782.15840061544        161236.03632273304     
   48.116223663895752        459506.36866369733        534629.28025973320        13506.759615847839        507255.16700088873        677385.88834825484     
   48.116223664479215        527583.90128850332        2867690.1963344528        72234.359546564519        2318778.8737875042        3111235.5594786410     
   48.116223664492409        605747.36690801522        26993642.906998005        679413.01427781582        17046060.619870164        23537879.953836389     
   60.574736690910711        695.49103302889171       -6405.0203089151119       -72.358063971478259        420231.09493345465       -534148.95582258911     
   60.574736690886752        798.53054829041434       -6360.9116489018797       -71.976524577621603        370599.22219475382       -456248.36216532713     
   60.574736690924851        916.83574089610738       -6301.6821850201286       -71.291036329057533        330296.59450857819       -382999.25869598088     
   60.574736690998193        1052.6682762289181       -6215.0791896168284       -70.058302571851527        298325.35486123076       -312187.16018899996     
   60.574736691020561        1208.6248935875597       -6084.4669960822366       -67.948449895993690        273088.98490122607       -242631.88885434403     
   60.574736691064913        1387.6870486048574       -5890.0439605411502       -64.569391133773024        252495.82878145721       -174341.16168896173     
   60.574736691140487        1593.2779103619757       -5611.0283101695413       -59.510491064429509        234323.10547527147       -108309.82366547715     
   60.574736691133495        1829.3278028328773       -5228.1326222962707       -52.391956569408642        216672.73629098671       -46051.654636139632     
   60.574736691207008        2100.3493417300529       -4725.4970651160047       -42.903306575681199        198314.16959232444        10932.650391610689     
   60.574736691295676        2411.5237031194843       -4091.5073004898773       -30.819347171018304        178787.17932136162        61551.543819009443     
   60.574736691305318        2768.7996730626505       -3318.4355252245564       -15.992355042726556        158267.25974760155        105282.75914707640     
   60.574736691298696        3179.0073718259200       -2401.3261619923246        1.6710515410522928        137297.00867311237        142119.00061565230     
   60.574736691349052        3649.9888267302517       -1336.7643623297158        22.235428355088512        116513.18203863571        172396.52044570260     
   60.574736691372266        4190.7478898351028       -122.06053846357858        45.753524562996965        96459.314984918863        196611.76899619336     
   60.574736691458305        4811.6223665014286        1244.9216968364219        72.270077475877770        77509.140156819820        215292.17474330182     
   60.574736691606525        5524.4816453875346        2765.3864593351295        101.81415975694107        59875.720469566513        228937.55390529538     
   60.574736691629930        6342.9536080472062        4438.9624756156572        134.38586233860406        43661.869714395521        238014.81239213512     
   60.574736691724695        7282.6851560775140        6263.1192479185120        169.94390662148362        28913.244162694304        242977.05503071100     
   60.574736691757330        8361.6413361764935        8232.8593576656640        208.39867902395778        15654.571527892884        244284.29969511798     
   60.574736691718769        9600.4487817829631        10340.800159384618        249.61310309663529        3903.8693801527697        242413.08292027866     
   60.574736691700586        11022.790036796141        12577.596963359505        293.41047702473588       -6329.0002070600603        237852.85857917066     
   60.574736691762098        12655.856299760098        14932.609122685861        339.58736867134576       -15049.921090903343        231094.07754105824     
   60.574736691835433        14530.867243731289        17394.695991229153        387.92931118223345       -22291.071584233898        222609.73171656317     
   60.574736691943535        16683.667849410282        19952.932335145968        438.22505340358470       -28113.394136764473        212840.88904214167     
   60.574736691978153        19155.413661162471        22597.298630751233        490.28043868020171       -32607.059828203659        202184.12701061790     
   60.574736691998886        21993.357566342082        25319.194763710802        543.92882884712890       -35886.568986698992        190984.45243837943     
   60.574736691989514        25251.753138667620        28111.816844727062        599.03878991462989       -38083.437936102549        179532.93661765620     
   60.574736691927029        28992.891815276598        30970.417149096593        655.51943735044915       -39337.932738859177        168068.31634386143     
   60.574736692017510        33288.293735426880        33892.496241258850        713.32435400108795       -39791.226853899861        156781.34791035712     
   60.574736691971019        38220.075005753031        36877.969490490563        772.45495704119082       -39579.348436017106        145820.18404170542     
   60.574736692048113        43882.517531793688        39929.239065709837        832.96193297428533       -38830.931940818540        135293.70228948334     
   60.574736692056931        50383.871424536701        43050.731117375573        894.93593841325480       -37671.336944728333        125268.25060468265     
   60.574736691968958        57848.424441031108        46246.891261280485        958.46748845360696       -36230.705209759726        115758.12387347105     
   60.574736691903873        66418.878019787284        49526.621912560528        1023.7356826110043       -34512.419749178094        106878.58114623740     
   60.574736692111514        76259.075334439884        52901.730785567692        1090.9771779552102       -32679.739225503970        98555.137831469488     
   60.574736692160016        87557.133517310867        56381.699738928102        1160.3815793932881       -30763.594689865295        90808.566590840011     
   60.574736691929814        100529.03993540452        59979.859054621229        1232.2149403189542       -28812.202396020253        83627.457877591296     
   60.574736691772365        115422.78126713943        63711.846870824113        1306.7889369267505       -26863.685339858399        76993.914154904924     
   60.574736691651836        132523.08431484501        67595.888632749571        1384.4664397765882       -24947.900668076443        70885.096863475890     
   60.574736691579339        152156.85918784395        71653.148567619588        1465.6684346846303       -23087.602269511601        65274.942118043429     
   60.574736691841167        174699.44891286938        75907.980518211451        1550.8788455917963       -21298.818927798115        60136.014875623594     
   60.574736691387244        200581.80494131753        80384.557654949676        1640.5765352828892       -19592.949822875686        55435.974713248361     
   60.574736691047583        230298.72574846368        85080.294987520218        1734.7023349429944       -17988.441233458343        51108.221806737172     
   60.574736691491537        264418.31599615392        89886.659509355828        1831.0740742890628       -16526.266064660071        46997.740154794279     
   60.574736690899122        303592.84709812218        94662.710618023673        1926.8634277977978       -15172.511136659095        43048.899489497853     
   60.574736691464437        348571.22685951146        99869.707663320762        2031.2936787377109       -13184.203345748987        40272.770788006012     
   60.574736689683547        400213.31645659340        108087.94775240058        2195.9623016300611       -4769.5911483209002        45563.832564645389     
   60.574736689191958        459506.36865718669        142488.96796606315        2884.3652136856686        45628.148721118945        103209.49574889845     
   60.574736689746757        527583.90127946273        339988.87843842758        6836.1187848495310        292962.42325295822        411823.91328195267     
   60.574736689737989        605747.36689738138        1410566.5140725602        28254.760114941742       -588232.81988129951       -160351.59287744388     
   76.259075331426331        695.49103301519608       -8319.3519263727067       -73.490795693942346        663512.63024612702       -872758.11955907068     
   76.259075331542803        798.53054827622509       -8278.1681355142100       -73.318807790201390        580226.42022177321       -754678.73697807279     
   76.259075331582949        916.83574087972193       -8230.4931322507873       -73.042772055487148        510273.34127652348       -648003.77704004396     
   76.259075331580846        1052.6682762088014       -8167.9817029451515       -72.530930310676922        453220.75653817854       -548527.74435162009     
   76.259075331684116        1208.6248935656531       -8076.2085949439916       -71.556172861164669        408299.36277105985       -452462.05060301378     
   76.259075331780636        1387.6870485804457       -7933.6887594189266       -69.780778630956775        373919.72799715283       -357171.77681238059     
   76.259075331895204        1593.2779103343530       -7712.5224741028660       -66.766804911821964        347524.40528035583       -261727.32219570351     
   76.259075331918751        1829.3278028019381       -7380.8740631686351       -62.015455569053294        325904.92869716202       -166969.59485225804     
   76.259075331944445        2100.3493416926890       -6906.6741256655541       -55.025789151841302        305856.91853680741       -75036.066498503526     
   76.259075331970124        2411.5237030738667       -6261.3334470128393       -45.353523091762320        284869.96934510057        11438.817973624245     
   76.259075331966230        2768.7996730096925       -5422.2340360042408       -32.650219463903341        261555.17779045118        90110.764423318818     
   76.259075332035849        3179.0073717683654       -4373.3391390814886       -16.672252422722522        235675.27268300165        159426.68882045127     
   76.259075332177957        3649.9888266679377       -3104.1076976027621        2.7375456284062234        207843.40873207618        218747.74264833279     
   76.259075332316385        4190.7478897695592       -1607.5511853899602        25.682100317681030        179080.46469218298        268178.59271067724     
   76.259075332290877        4811.6223664177287        121.56172694335662        52.239911626372752        150422.96212164121        308271.56139717851     
   76.259075332371523        5524.4816452837595        2087.6496883449736        82.480966671028000        122690.18249631595        339756.42349944194     
   76.259075332393223        6342.9536079274112        4294.2337701117831        116.46569168988206        96419.131876768355        363373.34541810269     
   76.259075332579783        7282.6851559463930        6743.1036202415889        154.23135578203073        71911.811439002689        379813.20071290509     
   76.259075332743663        8361.6413360394126        9433.2383005140819        195.77405100790199        49324.282200212561        389727.98177278019     
   76.259075332835138        9600.4487816432011        12359.964595631847        241.03413888951761        28744.627677794138        393765.61563007889     
   76.259075332880414        11022.790036645521        15514.633841543948        289.88987178308889        10239.398280271183        392599.35929063999     
   76.259075333042588        12655.856299601230        18884.926826829214        342.16111944260774       -6134.0855858130381        386936.06045251992     
   76.259075333195852        14530.867243560495        22455.657932077644        397.62129072187230       -20335.876455710706        377504.63818459725     
   76.259075333249626        16683.667849196176        26209.924944409693        456.01503898069490       -32355.999979175001        365035.38874302676     
   76.259075333264605        19155.413660909460        30130.347042061792        517.07768416235922       -42233.220179518830        350226.34660681337     
   76.259075333328383        21993.357566062459        34200.194069627090        580.55312438227702       -50053.341966769949        333725.35009421583     
   76.259075333402123        25251.753138374890        38404.408992859469        646.21023047948256       -55949.596039676821        316109.92051835597     
   76.259075333400375        28992.891814969742        42730.360259173984        713.85502815246571       -60092.895089814891        297878.43255681382     
   76.259075333485214        33288.293735061874        47168.392985989944        783.33970450330514       -62679.360060010993        279448.10123927006     
   76.259075333465915        38220.075005353610        51712.233382203340        854.56922097364429       -63916.951135984244        261158.79892844119     
   76.259075333474115        43882.517531283964        56359.338753586373        927.50702788180195       -64013.430451291664        243280.53918053649     
   76.259075333429323        50383.871423914534        61111.227076162351        1002.1803467680000       -63168.393653313062        226020.89212635916     
   76.259075333416561        57848.424440391093        65973.464220195587        1078.6799939523917       -61573.993308632627        209525.32804961674     
   76.259075333519689        66418.878019213633        70954.032381386613        1157.1344504773151       -59428.343887316310        193862.29208776497     
   76.259075333538547        76259.075333538698        76057.963436688326        1237.6246057101525       -56895.619950970315        179056.44174048037     
   76.259075333550896        87557.133516220245        81311.579595410934        1320.5688708694652       -53983.576029882839        165294.62625224571     
   76.259075333792026        100529.03993485222        86725.504643949971        1406.1355774174442       -50945.275615705148        152412.69920418848     
   76.259075333911440        115422.78126698607        92319.660171607684        1494.6401337510904       -47813.909045140783        140451.39890242965     
   76.259075334090852        132523.08431524440        98117.760808771083        1586.4575914747545       -44657.218047981602        129387.88866579715     
   76.259075334402937        152156.85918910729        104147.88120687686        1682.0316697703672       -41528.771831108927        119190.23938232569     
   76.259075334693975        174699.44891423147        110443.04115080227        1781.8840002291834       -38470.748838431355        109819.39412830863     
   76.259075334496274        200581.80494386458        117041.72077500734        1886.6221849748397       -35515.649561391816        101231.28540156675     
   76.259075334881317        230298.72575384221        123985.97699546258        1996.9094821135511       -32688.169322127182        93375.772112187668     
   76.259075334761150        264418.31599997467        131298.87714617263        2113.1051311385818       -30016.226785837123        86169.682617379993     
   76.259075334496515        303592.84710442449        138874.36387610872        2233.5123838274740       -27566.123855466205        79393.670421007671     
   76.259075334048461        348571.22686144646        146334.80694632701        2352.1172013715841       -25424.531161475301        72680.421670808893     
   76.259075333722677        400213.31646887155        153684.41027175967        2468.9823010703549       -23302.810940374664        66388.368315843982     
   76.259075334262889        459506.36867826810        161522.11732541103        2593.6203222954646       -18910.124842012912        63151.107177615362     
   76.259075332668203        527583.90128780273        181482.91079499442        2910.8601287589404        5556.3784292592754        85770.886219270295     
   76.259075332934557        605747.36690916051        278103.36613360769        4446.1741665145382        144587.18410133768        251300.36005678095     
   96.004487816460241        695.49103302824972       -10766.771212382087       -74.401498841325520        1052037.9745999868       -1412962.1254354483     
   96.004487816331675        798.53054828892368       -10722.939107826442       -74.301868880866095        917253.62631339114       -1226797.9647180012     
   96.004487816221868        916.83574089277067       -10677.278507606496       -74.179773037030827        801140.73607033445       -1063182.6317612028     
   96.004487816235155        1052.6682762239579       -10626.207502347203       -73.989846805488924        702750.03819674207       -916851.31952756085     
   96.004487816410474        1208.6248935836256       -10561.463137384806       -73.628563404781744        621757.38799828629       -781969.45201651368     
   96.004487816434334        1387.6870485996694       -10467.143260494488       -72.897494646895211        557827.50441093696       -652628.93309467332     
   96.004487816535146        1593.2779103557043       -10317.140795296322       -71.471505725639872        509766.46659194818       -523874.68095781258     
   96.004487816541868        1829.3278028260161       -10074.351189277690       -68.889151225448586        474902.35002619628       -392834.41531654727     
   96.004487816652258        2100.3493417220411       -9692.6568037403013       -64.577841567370342        449095.32685143733       -259373.92559493837     
   96.004487816733075        2411.5237031087854       -9121.6009772029010       -57.912745432986405        427451.67178725416       -125913.67732318689     
   96.004487816704398        2768.7996730490991       -8312.4111739203017       -48.292578958353253        405428.38883750141        3527.8961116104620     
   96.004487816827293        3179.0073718147778       -7223.3429509698281       -35.206644997742842        379823.78123306209        124634.09390139265     
   96.004487816908863        3649.9888267175256       -5822.6168697573503       -18.271125281899003        349251.74534962507        233905.32638862866     
   96.004487816897637        4190.7478898183963       -4088.3436236027651        2.7731942964237528        313994.50704488979        329242.73798866000     
   96.004487816953429        4811.6223664782074       -2006.1401975087331        28.092871718854436        275420.92168312211        409956.03157315508     
   96.004487816967938        5524.4816453481908        434.05260182562290        57.804052127607967        235290.72782728294        476391.23139865254     
   96.004487817048229        6342.9536080048874        3240.4474323663244        92.005531359973233        195213.93332142156        529450.59935896087     
   96.004487817152381        7282.6851560254336        6420.3284895397301        130.79139566798403        156382.10254537693        570209.86988520087     
   96.004487817338031        8361.6413361283612        9979.4007365572616        174.24286961613686        119542.74092479702        599713.53898666659     
   96.004487817367320        9600.4487817367408        13920.182267592909        222.40714260988167        84965.189164878946        618778.87405164517     
   96.004487817533217        11022.790036765426        18240.293518566847        275.27420461410657        53323.263118201896        628772.06559512194     
   96.004487817552118        12655.856299714473        22931.270256355478        332.75996465818025        24331.244011599774        630191.40284925362     
   96.004487817675439        14530.867243679977        27978.354606744368        394.70174961024890       -1726.5161316658778        624181.43225912470     
   96.004487817836463        16683.667849349578        33361.219639572038        460.86586735327722       -24727.360392828326        611798.39387224230     
   96.004487818018291        19155.413661118106        39055.422076899355        530.96479496161919       -44582.965677638625        594132.01758346765     
   96.004487818236441        21993.357566333594        45034.371052950017        604.68134397524409       -61257.786851686018        572273.11548646679     
   96.004487818521298        25251.753138736713        51271.143597302842        681.69131372997072       -74804.356021657964        547250.60930358758     
   96.004487818622536        28992.891815416409        57740.336538816679        761.68693449289992       -85348.144824873598        520016.68137259397     
   96.004487818737687        33288.293735577608        64419.526894591036        844.39556630968571       -93090.021630906704        491412.26054604247     
   96.004487818862401        38220.075006005078        71290.387871872648        929.59416215307999       -98287.739235404762        462157.47591836017     
   96.004487818877379        43882.517532034071        78339.521082677020        1017.1201443881727       -101235.16841986848        432851.18217553559     
   96.004487818855736        50383.871424794008        85559.140776438304        1106.8803258240223       -102241.05196615231        403978.93395410880     
   96.004487818795113        57848.424441374016        92947.768607138947        1198.8599122560117       -101611.21102457233        375925.12510907336     
   96.004487818682975        66418.878020174787        100510.84923336028        1293.1303666846361       -99640.406082864167        348980.64580109686     
   96.004487818648457        76259.075334595953        108260.13900839727        1389.8417848395181       -96624.097080275271        323330.23459066439     
   96.004487818711084        87557.133517477079        116208.49058891585        1489.1571037878746       -92892.160148578434        299009.04970349290     
   96.004487818890595        100529.03993616538        124369.20428749091        1591.2439572275614       -88480.071144829417        276250.59242256300     
   96.004487818877024        115422.78126829671        132787.31645364600        1696.6695635346694       -83753.534610837451        254959.76329517050     
   96.004487818966069        132523.08431656036        141481.82738492658        1805.6717803119680       -78807.445910698691        235151.82356470672     
   96.004487818767956        152156.85918968153        150488.53229898948        1918.6996607459148       -73762.235961716389        216801.27393068318     
   96.004487818498887        174699.44891373446        159850.47398572130        2036.2930139526723       -68713.451398108387        199866.73734908021     
   96.004487818382970        200581.80494357168        169619.13592235243        2159.0974894934334       -63737.180435079856        184293.63261086121     
   96.004487818016273        230298.72575146356        179855.55553192107        2287.8785690409131       -58894.348759378161        170016.34629346596     
   96.004487818498802        264418.31599898927        190629.99116421104        2423.5171251348220       -54234.004639724779        156958.73264559216     
   96.004487818187386        303592.84710336191        202006.23464180125        2566.8106623925269       -49802.830379727937        145014.02363167793     
   96.004487818494781        348571.22686339048        213932.40894961089        2717.0929417479783       -45689.058125044103        133923.62241263274     
   96.004487818555575        400213.31647306681        225888.41063074156        2867.7825815975661       -42095.853174081363        123016.08517961821     
   96.004487818858038        459506.36868127738        237085.09678643977        3008.9080857578660       -39058.520535229552        111824.67270436932     
   96.004487818791674        527583.90130192589        248610.87177381464        3154.2083335807542       -35393.333852317359        102366.33508600210     
   96.004487819689032        605747.36692892213        263511.60682249762        3342.1074127545576       -23742.068388996599        103389.09407551007     
   120.86248936236647        695.49103305092854       -13891.217911660353       -75.173479763179785        1668413.7197121093       -2278888.7585551543     
   120.86248936229926        798.53054831558779       -13843.243718239737       -75.106336589669809        1454085.9018772659       -1980802.3009328602     
   120.86248936226067        916.83574092414096       -13794.750174069604       -75.036683847429231        1267657.6894517159       -1721232.4246102560     
   120.86248936216130        1052.6682762589649       -13744.914413975002       -74.955565833079163        1106306.1889862560       -1494095.9012912489     
   120.86248936213367        1208.6248936213353       -13690.872371355206       -74.833965391007951        968405.47277492774       -1292777.4502765974     
   120.86248936213428        1387.6870486426283       -13625.058427476037       -74.596632475731894        853521.36895926856       -1109642.2374881026     
   120.86248936209432        1593.2779104028280       -13531.129048606726       -74.082002083741827        761850.32425331918       -936199.11732641212     
   120.86248936193628        1829.3278028776008       -13379.332916069876       -72.996710605366388        693070.51590896328       -764203.67745786230     
   120.86248936195601        2100.3493417791960       -13123.193609019814       -70.883160697121639        645061.34591699881       -587423.06773593870     
   120.86248936206273        2411.5237031745078       -12699.612148353335       -67.121016309101833        613216.28521684464       -403260.05763309950     
   120.86248936200386        2768.7996731240364       -12033.489841448218       -60.973602012381882        590846.15645863989       -213385.20772358746     
   120.86248936198352        3179.0073718962130       -11046.056221592631       -51.671156234078801        570580.03249770694       -23011.568740120390     
   120.86248936197143        3649.9888268075597       -9664.2945604887518       -38.504871008626651        546128.81809855148        160867.27268216558     
   120.86248936190317        4190.7478899198923       -7828.2527831885673       -20.899369656035560        513624.96542923379        331498.27106545604     
   120.86248936191791        4811.6223665925309       -5493.9997735573643        1.5591498595313167        472039.64630128484        483873.56846414087     
   120.86248936196887        5524.4816454809470       -2631.9864616682944        29.141704681023835        422677.69462183560        615322.02467235806     
   120.86248936198248        6342.9536081527222        777.51828075425021        62.025324268688557        368147.50631524803        725264.68867849361     
   120.86248936199473        7282.6851561880057        4749.3747692194802        100.34572378572192        311312.91353355313        814513.32312805229     
   120.86248936205945        8361.6413363033280        9296.7683846929413        144.23169559449889        254581.66827835390        884527.52010525076     
   120.86248936210622        9600.4487819384176        14431.741980150482        193.81145666557128        199630.79284409032        936893.60161768738     
   120.86248936225988        11022.790036991946        20163.442975979899        249.19454644987124        147468.70266786206        973091.63850206241     
   120.86248936236021        12655.856299982566        26495.257117675708        310.44123170431703        98656.438257493719        994480.87079538358     
   120.86248936250406        14530.867243986420        33422.173582961514        377.53340366180049        53531.426668461296        1002384.8360955899     
   120.86248936253614        16683.667849677866        40929.234721933659        450.35608636680985        12359.867786097457        998185.12592311949     
   120.86248936260012        19155.413661468894        48991.635302386152        528.69571154587902       -24606.420904438768        983368.61933249922     
   120.86248936276763        21993.357566716859        57576.233119888588        612.25310309964698       -57139.506186442217        959518.72067206143     
   120.86248936288882        25251.753139127155        66644.109564975501        700.66767657408479       -85069.653236406972        928272.15088262723     
   120.86248936299071        28992.891815858566        76153.760278162736        793.54865301866073       -108338.25346358569        891240.96246741270     
   120.86248936323069        33288.293736111445        86063.871909538007        890.50272363238025       -127008.89496201149        849955.14624000143     
   120.86248936336757        38220.075006611638        96336.195282672386        991.16308410884801       -141275.36033594413        805807.55173029797     
   120.86248936357308        43882.517532798258        106937.68058841539        1095.2113443636335       -151443.99173117214        760021.57207144878     
   120.86248936352132        50383.871425661193        117842.14974205785        1202.3948860587552       -157905.09522433722        713637.88039109157     
   120.86248936341747        57848.424442356511        129031.62606140295        1312.5407553161494       -161098.95900745454        667517.89485488413     
   120.86248936338130        66418.878021360535        140497.60944609475        1425.5689035053363       -161482.69561136165        622359.07386183715     
   120.86248936347508        76259.075336043985        152242.51450539177        1541.5069079608654       -159505.84067406098        578712.54657283775     
   120.86248936347957        87557.133519085764        164280.61140381888        1660.4996591922825       -155609.61422119316        536982.21183523827     
   120.86248936328673        100529.03993766401        176634.87182552938        1782.7778225182553       -150270.30523255479        497371.68477576977     
   120.86248936343716        115422.78127017738        189321.62744609051        1908.5042222286572       -144068.39857629058        459783.09047708369     
   120.86248936362327        132523.08431880077        202386.47184493931        2038.1337861181235       -136642.65060913941        425011.53090879286     
   120.86248936374113        152156.85919271625        215892.53939893833        2172.2961857449263       -128967.17993973586        392413.21975372656     
   120.86248936363266        174699.44891755164        229879.41281219121        2311.3840623409487       -121022.21996792631        362155.82802563091     
   120.86248936379276        200581.80494846226        244412.71754592913        2456.0502686654218       -112977.90961837677        334191.22599165729     
   120.86248936387445        230298.72575811396        259572.27216004214        2607.0891661220230       -104969.92336425401        308448.67406879272     
   120.86248936394676        264418.31600545417        275454.49379967811        2765.4607838485390       -97108.266995812155        284837.10158071911     
   120.86248936354993        303592.84711077256        292173.93646756595        2932.3060763999815       -89484.342179608677        263245.92124310619     
   120.86248936328968        348571.22687003243        309854.95369393472        3108.8629475561897       -82180.621908972171        243532.10456015644     
   120.86248936367407        400213.31648171204        328545.40329443465        3295.5994189251210       -75313.349638586704        225410.12196038818     
   120.86248936336590        459506.36868858407        347773.00388887600        3487.7625817898656       -69177.895972763974        208013.37541510188     
   120.86248936381914        527583.90131265810        365843.99565902771        3668.3509271824728       -64237.458128787388        189686.18177239911     
   120.86248936457316        605747.36693936156        382346.06612169935        3833.2301075570281       -59889.447165200429        171208.86450476554     
   152.15685919375318        695.49103306357983       -17868.795500684275       -75.831672438653186        2644090.0506270225       -3666746.6477753199     
   152.15685919371438        798.53054833035378       -17817.903262972311       -75.790265509567689        2304808.6209116154       -3188703.0523299221     
   152.15685919373010        916.83574094148196       -17766.453164942770       -75.749205097963568        2009120.2383795457       -2772939.9266858059     
   152.15685919368619        1052.6682762794369       -17714.471339737142       -75.707805990532506        1751614.6062051936       -2411112.7560153846     
   152.15685919351583        1208.6248936437635       -17661.506701687900       -75.661707160179503        1528012.0089260917       -2095367.4080706057     
   152.15685919339671        1387.6870486672856       -17605.498667975142       -75.594053123495542        1335519.9722018039       -1817492.5598124212     
   152.15685919338446        1593.2779104315368       -17540.088004402191       -75.454574289324228        1173147.7239979985       -1567947.0149314913     
   152.15685919333802        1829.3278029123967       -17449.696570095639       -75.121315603610128        1041473.5815751273       -1335378.1131936428     
   152.15685919337321        2100.3493418192902       -17302.655733474443       -74.347227928228676        941450.95050274429       -1107370.5582192382     
   152.15685919333691        2411.5237032178370       -17044.299408776715       -72.706581886450294        872448.16692278476       -872624.57817589585     
   152.15685919325699        2768.7996731736798       -16593.249704913498       -69.566485763061792        830441.28475221735       -623813.00483250502     
   152.15685919310678        3179.0073719506076       -15843.886520364716       -64.107042180694407        807463.50338497246       -359739.84569750569     
   152.15685919324318        3649.9888268736499       -14675.824299478589       -55.396694187948007        792821.55980654387       -85644.821842681849     
   152.15685919324216        4190.7478899981124       -12968.073386512851       -42.504470729909372        775617.70508089126        188565.89161768585     
   152.15685919338785        4811.6223666863607       -10613.205670515636       -24.611884418845872        747425.48841562483        451360.38413983892     
   152.15685919333802        5524.4816455845394       -7526.7075578349513       -1.0857853794732364        703967.69580976421        692591.76648399304     
   152.15685919334913        6342.9536082714094       -3648.9273241381925        28.508923037406927        645255.88115492067        905406.13270769303     
   152.15685919343520        7282.6851563276596        1059.6499055194615        64.450972649865435        574433.54515587830        1086673.5042868920     
   152.15685919345680        8361.6413364603832        6626.4501655179893        106.93156955312587        496060.75618445606        1236263.0904050646     
   152.15685919354860        9600.4487821208149        13074.131213656083        156.11703001923161        414598.47649121302        1355827.4839337682     
   152.15685919365936        11022.790037195376        20424.320760638941        212.18133406364356        333525.53420921590        1447698.6782508956     
   152.15685919372291        12655.856300210919        28697.035277833878        275.30201950867195        255123.59697678784        1514209.4941393975     
   152.15685919388073        14530.867244246379        37906.921547698919        345.62849286885466        180706.61461312021        1557459.2099996526     
   152.15685919393152        16683.667849977483        48058.395649598220        423.23981833760621        111009.94732111006        1579372.2574135282     
   152.15685919397328        19155.413661808016        59141.705884394898        508.10896791517729        46521.034436104936        1581858.4609620064     
   152.15685919410961        21993.357567095445        71131.055722706296        600.08345026290044       -12321.312232122524        1566957.4784595862     
   152.15685919430484        25251.753139568911        83985.409659818411        698.88790822005819       -65079.907648560707        1536891.4654611885     
   152.15685919447230        28992.891816373234        97651.383552192638        804.14429321535852       -111359.78332202334        1494032.4575774353     
   152.15685919460864        33288.293736666099        112067.71036204725        915.40567591437127       -150864.78016407689        1440832.9435249111     
   152.15685919485466        38220.075007266976        127170.12746011818        1032.1943984308746       -183498.64674550237        1379678.4043716383     
   152.15685919496227        43882.517533507125        142895.83532105398        1154.0376275661401       -209354.27705090190        1312826.3025431754     
   152.15685919515818        50383.871426561520        159187.77252306551        1280.5019665393047       -228730.36549002270        1242314.2741569029     
   152.15685919542659        57848.424443541975        175997.81603002449        1411.2197794020174       -242095.50613669842        1169920.1814655391     
   152.15685919566627        66418.878022846140        193289.36574911198        1545.9107307833617       -250039.62785425538        1097149.0739391078     
   152.15685919587540        76259.075337795322        211039.64796747029        1684.4009398482738       -253219.03788371017        1025245.1318192513     
   152.15685919599017        87557.133521159369        229242.29719589927        1826.6442406456915       -252306.06202113017        955218.75438036118     
   152.15685919615916        100529.03994031688        247910.29991399767        1972.7460952708495       -247961.46764930317        887865.73271264485     
   152.15685919631414        115422.78127319716        267076.57087875460        2122.9685400612652       -240865.23556095394        823727.78021038522     
   152.15685919642291        132523.08432215865        286781.86965014914        2277.6341967983171       -231838.08574321418        762932.74142052466     
   152.15685919641967        152156.85919641997        307033.09806835972        2436.7944628465921       -221530.75211180269        705420.78479256388     
   152.15685919672620        174699.44892231282        327997.02505656634        2601.7721509560943       -209449.46620947064        652549.06013696454     
   152.15685919673095        200581.80495366937        349707.12050449185        2772.8274784749374       -197145.61323798503        602982.12157547707     
   152.15685919668266        230298.72576386380        372263.11127703293        2950.7471452234308       -184508.56044749601        557088.10630149697     
   152.15685919679149        264418.31601208675        395787.93037959927        3136.5017348434772       -171779.16162962315        514784.30475970579     
   152.15685919679800        303592.84711939760        420432.76800513099        3331.2860585283483       -159152.48536052025        475954.00815856457     
   152.15685919665106        348571.22688034916        446381.54218466114        3536.5546937100585       -146792.30920425383        440446.23238138569     
   152.15685919653441        400213.31649197778        473849.60586702049        3754.0115736192088       -134845.06111925712        408066.88420938095     
   152.15685919618909        459506.36870049941        503028.04540047504        3985.1652632933105       -123477.71210039048        378494.64159016334     
   152.15685919668474        527583.90132607881        533678.22306651901        4228.0969966668636       -113049.55573479288        350801.00535806490     
   152.15685919634271        605747.36694962974        563667.06284907681        4465.7932594418526       -104466.21586478167        322242.33192158560     
   191.55413662095845        695.49103307503697       -22918.062685270761       -76.389843707147520        4188255.9700575322       -5887381.8922404926     
   191.55413662086954        798.53054834334137       -22867.133893269052       -76.373065530788153        3651479.6239838554       -5122113.9489874067     
   191.55413662075452        916.83574095574875       -22815.275632094130       -76.357143552741036        3183574.2879133909       -4456319.9226872018     
   191.55413662072652        1052.6682762959670       -22762.699344654455       -76.342357715475373        2775709.2015064093       -3877078.1798786274     
   191.55413662063401        1208.6248936635120       -22709.545233811859       -76.328651812218595        2420283.1494864728       -3373017.8536512577     
   191.55413662059607        1387.6870486907715       -22655.660298666317       -76.314232865115628        2111012.7534511779       -2933793.5366217629     
   191.55413662057717        1593.2779104584733       -22599.747859227089       -76.290328979666810        1843328.8461204972       -2549142.2556014722     
   191.55413662051234        1829.3278029432634       -22536.949467770693       -76.226315650274046        1615002.7394563118       -2207473.9996335488     
   191.55413662054909        2100.3493418546468       -22453.581611509631       -76.037376129534096        1426475.2652238298       -1894514.7150899710     
   191.55413662049111        2411.5237032582772       -22318.311078867991       -75.530301728576887        1280059.2154612034       -1593116.6365516956     
   191.55413662037830        2768.7996732199349       -22070.987746388393       -74.334964119771030        1177606.2463470038       -1285225.2120268475     
   191.55413662037182        3179.0073720067467       -21612.960055973785       -71.845123966340907        1117346.6363220857       -955844.98677308904     
   191.55413662025720        3649.9888269326502       -20804.126944808286       -67.201163983554579        1091560.4000348365       -597400.34027657425     
   191.55413662011611        4190.7478900627957       -19470.582563286785       -59.338815299270202        1086619.5080259633       -212300.06916265411     
   191.55413662005310        4811.6223667544364       -17422.557125557578       -47.102147436817170        1085719.7998679969        187702.40668704978     
   191.55413662001729        5524.4816456634771       -14477.504462678276       -29.388515031314451        1073138.9069136400        585136.06908980757     
   191.55413661997977        6342.9536083603380       -10480.443074263678       -5.2753962336282711        1038088.6918785892        961792.92093101016     
   191.55413662006123        7282.6851564287390       -5314.7484902779988        25.914513071256803        976585.88311714516        1303015.1696900243     
   191.55413662001828        8361.6413365733770        1099.0160772501304        64.625739264556614        890899.07525194739        1599908.9270223412     
   191.55413662006859        9600.4487822472784        8813.4223049538996        111.14202370663405        787283.17904864531        1849286.1276201827     
   191.55413662004312        11022.790037331088        17867.545297509412        165.67796828894643        673260.37494565570        2052097.1065203403     
   191.55413662013831        12655.856300367735        28297.234210468599        228.44968934805362        555521.40861228260        2211441.1859801617     
   191.55413662023287        14530.867244418534        40138.748762861491        299.70054929435719        438919.01783315663        2330987.5417085481     
   191.55413662041823        16683.667850185713        53425.684491955464        379.68087999615813        326438.13196187781        2414140.5777292373     
   191.55413662044765        19155.413662044783        68181.692136579630        468.59786598361092        218557.24558925861        2462700.9514919273     
   191.55413662043932        21993.357567346633        84412.637332149301        566.55984080862254        119696.97415602126        2482875.5839260602     
   191.55413662041212        25251.753139821321        102100.63254142152        673.53166887187399        27073.742861704784        2473933.5158864502     
   191.55413662047928        28992.891816641299        121202.27157673342        789.31718744570378       -57438.075400602189        2440046.4181106146     
   191.55413662049477        33288.293736946740        141650.73400907582        913.56739576440293       -133103.36436502635        2384526.4523165729     
   191.55413662052240        38220.075007532912        163361.04950183118        1045.8102391567081       -199262.43809005688        2310912.8836012976     
   191.55413662056012        43882.517533790065        186237.91445240442        1185.4981508804485       -255413.18045647908        2222874.7448093891     
   191.55413662069921        50383.871426858110        210182.57281045790        1332.0510493940674       -301415.47593671200        2123917.0105775930     
   191.55413662070646        57848.424443782642        235100.47874544625        1484.9053186480885       -337406.24123827554        2017363.9662928632     
   191.55413662087443        66418.878023076089        260907.38150983670        1643.5534358606672       -363846.15147254325        1906190.0322793680     
   191.55413662106730        76259.075338031296        287534.27314838383        1807.5766362017018       -381448.63204649132        1792977.6827643600     
   191.55413662113395        87557.133521394731        314931.61659183056        1976.6731362324206       -391098.52630603296        1679909.2501527793     
   191.55413662157466        100529.03994070675        343073.71800143225        2150.6869787117466       -393764.14925679803        1568795.5222204472     
   191.55413662182727        115422.78127367943        371964.21479544684        2329.6437924727798       -390424.93348963861        1461118.5683854651     
   191.55413662236143        132523.08432298718        401641.67654367187        2513.7868389720097       -382059.60630227084        1358029.7832051294     
   191.55413662247290        152156.85919746303        432175.94047870405        2703.5544597310945       -369775.51605536439        1260184.5343755842     
   191.55413662250012        174699.44892318328        463628.12283214211        2899.3274638196449       -355097.08283582958        1167334.8409393793     
   191.55413662268776        200581.80495485908        496047.00076508283        3101.4066567877303       -337360.13453266938        1081038.0796812612     
   191.55413662271846        230298.72576533971        529719.24345528253        3311.5956990513946       -318674.18783817056        1000419.7110628445     
   191.55413662247216        264418.31601325225        564711.61609843862        3530.3060663864012       -299136.86998113175        925619.77636670647     
   191.55413662235631        303592.84712053917        601212.59332354041        3758.7179162073876       -279176.31796682777        856556.91109066946     
   191.55413662207931        348571.22688149248        639457.41765966162        3998.3063412364568       -259135.63850417733        793097.37730643619     
   191.55413662200098        400213.31649343349        679738.01021418453        4250.9040969889611       -239301.63387905483        735051.82171142311     
   191.55413662193766        459506.36870306195        722409.48451339488        4518.7428302597255       -219930.05248626214        682165.01480182970     
   191.55413662196426        527583.90132737567        767863.53265196935        4804.2842769064009       -201283.28656594874        634056.03126616706     
   191.55413662190918        605747.36695230624        816231.44282024819        5108.3391881547868       -183790.33148258686        589804.47678100865     
   241.15237032761985        695.49103307850794       -29311.650624364625       -76.861612978973426        6633141.8258972662       -9434314.0431267880     
   241.15237032761314        798.53054834767511       -29265.388752263785       -76.868830547027756        5783756.3541615522       -8211740.0735158669     
   241.15237032760137        916.83574096123004       -29217.599736091186       -76.877257379237562        5043357.5053300150       -7147558.8744725557     
   241.15237032764622        1052.6682763026101       -29168.653643826761       -76.887315844942350        4397924.6424576594       -6221320.1974527640     
   241.15237032752788        1208.6248936711299       -29118.865400142662       -76.899371742911171        3835255.1181861139       -5415181.1679212824     
   241.15237032752430        1387.6870486997723       -29068.488477481540       -76.913653356314171        3344769.9443731457       -4713529.1587692490     
   241.15237032744133        1593.2779104684168       -29017.601462833525       -76.929652823309880        2917482.3205025652       -4102471.6080380972     
   241.15237032731093        1829.3278029543098       -28965.548360886482       -76.943384192418307        2546320.4147643996       -3568903.2965388023     
   241.15237032722723        2100.3493418661978       -28909.010667062819       -76.938010533922352        2226941.1155674569       -3098831.5372713432     
   241.15237032714310        2411.5237032714285       -28837.001707036707       -76.859578985022381        1958712.2511162465       -2675120.0030501769     
   241.15237032707452        2768.7996732358779       -28720.874265118226       -76.568586882785894        1744812.8794747982       -2275812.4549155426     
   241.15237032701904        3179.0073720244277       -28499.000246868167       -75.765777364722453        1590226.6914740314       -1874881.1235464411     
   241.15237032700702        3649.9888269549529       -28059.370229340399       -73.907998557842802        1497489.9581828720       -1446496.6828822808     
   241.15237032689583        4190.7478900895567       -27227.174045994518       -70.148685517779086        1461895.2526265492       -971791.53063010494     
   241.15237032682489        4811.6223667853292       -25765.389577772981       -63.342370049213052        1468892.5334010699       -445099.97936169035     
   241.15237032689268        5524.4816457015322       -23392.631417564571       -52.134342695353546        1495612.8898192160        123560.70014257461     
   241.15237032692946        6342.9536084062411       -19815.178250615059       -35.120310712954961        1516226.1658267695        711207.58800674230     
   241.15237032692787        7282.6851564782992       -14763.087999556376       -11.025637377315432        1508749.7450083185        1288633.4977311916     
   241.15237032688208        8361.6413366305642       -8017.7975269417484        21.159624702704605        1460272.7139782573        1828195.9442831408     
   241.15237032674037        9600.4487823047784        577.70220433483973        62.135591150536122        1368610.3813794903        2309612.3746355325     
   241.15237032671578        11022.790037397448        11127.104839798532        112.34269068154389        1240335.2664318313        2722156.4129747669     
   241.15237032663586        12655.856300433445        23700.679112490758        172.07211767527042        1086722.7650452405        3063520.8753383043     
   241.15237032658376        14530.867244483663        38356.383076433827        241.58184314728712        919626.97517388256        3336851.1468921946     
   241.15237032660031        16683.667850245492        55153.330927975068        321.17092996486463        748719.31644417555        3547633.9701527571     
   241.15237032660318        19155.413662110710        74153.731773583422        411.19080633507104        580501.71225799667        3701528.9560954673     
   241.15237032670916        21993.357567432944        95414.803333585849        512.00087036704645        418685.53941327473        3803427.2312711868     
   241.15237032669936        25251.753139922977        118975.54700609788        623.89411541516893        265205.05388676724        3857452.9512930983     
   241.15237032671891        28992.891816750205        144844.21945907726        747.02410929603491        121201.61890249443        3867397.6087696170     
   241.15237032680702        33288.293737081251        172989.85801667126        881.35222613345820       -12297.906755529344        3837214.4045383492     
   241.15237032685468        38220.075007689389        203341.03927112822        1026.6326178680174       -134142.23605693178        3771310.9524567714     
   241.15237032697181        43882.517533982398        235790.57646981292        1182.4293193058111       -243112.66311146668        3674590.7611995516     
   241.15237032707202        50383.871427063292        270204.97086449881        1348.1597619829699       -338087.12014485779        3552342.0394587200     
   241.15237032710820        57848.424444024720        306437.14058682788        1523.1570461764929       -418327.97520629549        3409922.9879704653     
   241.15237032707452        66418.878023286510        344336.89946002967        1706.7226610379291       -483540.48214699794        3252555.3726246427     
   241.15237032715032        76259.075338220093        383763.15539208951        1898.1891829753292       -533953.45706866519        3085088.8727234541     
   241.15237032720569        87557.133521601107        424592.97883286286        2096.9677891116589       -570269.43908025045        2911859.3441718910     
   241.15237032730400        100529.03994075341        466729.46031368274        2302.5900678476319       -593562.00984813203        2736623.3697912870     
   241.15237032741965        115422.78127363615        510109.18710907450        2514.7475622361526       -605140.24113764265        2562564.8267985834     
   241.15237032776108        132523.08432275555        554711.23261898325        2733.3388570696115       -606410.25634245551        2392353.6222473430     
   241.15237032784478        152156.85919716139        600568.92272978195        2958.5299838799979       -598784.72121403180        2228198.0534330411     
   241.15237032802673        174699.44892294394        647778.68844104337        3190.7999131362881       -583753.77619179618        2071739.0868417975     
   241.15237032831399        200581.80495462668        696477.03442918300        3430.8255766518409       -563280.27527327486        1923529.8060197360     
   241.15237032861370        230298.72576532225        746721.00230428937        3678.8819939829405       -540376.14803890581        1782137.7561511062     
   241.15237032857246        264418.31601352693        798775.82122711407        3936.2877374514933       -510800.98862386157        1653550.9881910612     
   241.15237032857428        303592.84712104045        853024.08969972248        4204.9492418300360       -481147.75929019303        1532578.8921488852     
   241.15237032861882        348571.22688263643        909641.27014000528        4485.7309956569225       -450322.36698199221        1420669.1887878026     
   241.15237032896258        400213.31649548112        968991.24257221376        4780.4428962990642       -418928.28647004016        1317695.3770243376     
   241.15237032940877        459506.36870641494        1031533.0032456391        5091.3720740936697       -387461.43780891423        1223449.4925702340     
   241.15237032937458        527583.90133107733        1097838.8309818276        5421.3740047998726       -356359.70797481237        1137622.0722093540     
   241.15237032988517        605747.36695801315        1168593.6493163046        5773.8694362342349       -326053.63605034916        1059751.7573685807     
   303.59284712274103        695.49103308515748       -37389.546878878406       -77.260354737518355        10506583.359797155       -15090771.838382866     
   303.59284712276246        798.53054835538831       -37355.551340715603       -77.291363413678482        9161929.3216067590       -13141407.062337251     
   303.59284712271636        916.83574096999166       -37318.934789709434       -77.323794903350063        7989896.1220326144       -11443671.016344415     
   303.59284712267095        1052.6682763123165       -37280.374247016036       -77.358229100354947        6968237.7820583042       -9965249.7886694260     
   303.59284712265753        1208.6248936828142       -37240.443293017153       -77.395182233885862        6077592.1212764792       -8677923.2360293195     
   303.59284712273939        1387.6870487135823       -37199.625961096172       -77.435110142687336        5301105.1672184980       -7557059.1116774045     
   303.59284712279225        1593.2779104850981       -37158.326354289726       -77.478394450736232        4624123.6795895910       -6581145.4230967592     
   303.59284712267282        1829.3278029737321       -37116.826143500861       -77.525118103949353        4034017.7576658418       -5731264.0141237872     
   303.59284712258597        2100.3493418886264       -37074.967886123639       -77.573820817633532        3520333.7742169178       -4990227.9488922600     
   303.59284712253969        2411.5237032976534       -37030.801242054455       -77.616292765014805        3075593.0551808155       -4340867.2413002606     
   303.59284712258756        2768.7996732672118       -36976.357194942240       -77.621425589313731        2696796.4886458255       -3763109.0957704689     
   303.59284712265713        3179.0073720618639       -36887.606947639200       -77.496870289905928        2386761.9346941989       -3230562.8236942012     
   303.59284712272984        3649.9888269989915       -36706.080165675856       -77.018884985591285        2153404.4938798952       -2708914.4913715208     
   303.59284712273438        4190.7478901421146       -36313.188978138292       -75.734429992735386        2005386.7340712622       -2158898.4989930727     
   303.59284712261689        4811.6223668452276       -35504.461256132767       -72.863267632783391        1944836.9821731949       -1544610.5769184530     
   303.59284712266452        5524.4816457696188       -33975.882795902726       -67.247202241560444        1960562.5357100507       -844375.11434046424     
   303.59284712269374        6342.9536084840565       -31333.750957506312       -57.390840811422088        2025940.3599576447       -58994.881732499460     
   303.59284712268919        7282.6851565675815       -27131.268484728618       -41.606669037719257        2103506.8444682490        787027.79580726335     
   303.59284712256596        8361.6413367312689       -20922.986470251661       -18.229560373583809        2154604.3157057506        1652229.0548925612     
   303.59284712242908        9600.4487824217158       -12318.848908539021        14.171974271448560        2149727.7956589782        2489887.9736667550     
   303.59284712251667        11022.790037536013       -1018.7666285175503        56.664854758992071        2075081.1570591470        3259670.9145485307     
   303.59284712243016        12655.856300593126        13182.711795248895        109.94364438374758        1933133.4796948947        3934955.2353360755     
   303.59284712243499        14530.867244670373        30418.681439076649        174.43389242544069        1738042.1595704497        4504265.3948568366     
   303.59284712240594        16683.667850457128        50785.337016520367        250.44920294021719        1508843.3386603161        4968054.4326738399     
   303.59284712241930        19155.413662354305        74373.703549848040        338.33057459560223        1263464.1490418853        5333513.5661316970     
   303.59284712242840        21993.357567703624        101285.53450436798        438.51609661942342        1015329.1218818745        5609899.9318445669     
   303.59284712240554        25251.753140232893        131630.10012048145        551.52626882772893        772710.51169701968        5805705.6796387993     
   303.59284712244676        28992.891817107615        165506.60696480543        677.88456944981590        539893.63075789297        5927760.6153464681     
   303.59284712247819        33288.293737482898        202981.10740103564        818.01133201224718        318965.71362589998        5981633.9934450071     
   303.59284712250496        38220.075008146363        244066.82664047083        972.12965338258061        111281.40704223746        5972481.2017294057     
   303.59284712262405        43882.517534502964        288712.58758233330        1140.2048607124016       -81629.270667702425        5905871.4098191559     
   303.59284712279407        50383.871427668266        336803.26153318409        1321.9349697465077       -257883.12966853846        5788183.3864125330     
   303.59284712285000        57848.424444721299        388169.17900230084        1516.7807141551746       -415460.52840748057        5626606.3722972972     
   303.59284712292515        66418.878024112011        442603.18768223940        1724.0296205272896       -552477.80247512762        5428980.6933023073     
   303.59284712300780        76259.075339164687        499879.84971770569        1942.8718544077126       -667774.43158368487        5203141.8283296814     
   303.59284712321181        87557.133522724427        559772.95255649893        2172.4715596064925       -760848.76629808242        4956766.1314480603     
   303.59284712334488        100529.03994204621        622073.91904820234        2412.0429181493819       -832032.95120916818        4696942.0231106225     
   303.59284712366292        115422.78127518605        686605.99042662710        2660.9102496877313       -882375.96586097474        4429994.4931826517     
   303.59284712382413        132523.08432441784        753237.36495149392        2918.5637773480262       -913463.27008832525        4161414.9510040479     
   303.59284712402894        152156.85919911973        821895.61222884268        3184.7201054915781       -927191.53701586800        3895903.7566245995     
   303.59284712406293        174699.44892508019        892587.13557545794        3459.4025288242842       -925558.07613253838        3637475.7730011875     
   303.59284712455315        200581.80495716439        965421.61566800554        3743.0401251185681       -910594.00826973584        3389471.1645961734     
   303.59284712479678        230298.72576813449        1040619.0765196534        4036.4976099226619       -884718.99161158234        3154089.1487928149     
   303.59284712505405        264418.31601702521        1118417.2415642245        4340.7064629718661       -851776.08332403318        2930968.0689354576     
   303.59284712524868        303592.84712524927        1198744.0402680018        4655.3589520044625       -814598.68340745987        2718842.4048880492     
   303.59284712540580        348571.22688758484        1282759.7914013520        4985.0628594867885       -767279.63647971686        2528161.7359937229     
   303.59284712609679        400213.31650150300        1370532.1362528375        5330.0636704079807       -720489.97593662562        2348346.6987639293     
   303.59284712643449        459506.36871298996        1462623.4450499017        5692.5800512544802       -672013.42822093959        2182611.9541913848     
   303.59284712624367        527583.90133836970        1559750.2596352806        6075.4450736567369       -622704.95447224029        2030781.3165492306     
   303.59284712619638        605747.36696500890        1662822.7845366737        6482.2641550563267       -573301.94369634707        1892535.2949056225     
   382.20075008623394        695.49103309329780       -47574.834986358364       -77.598066127393395        16648033.967548609       -24098452.189778656     
   382.20075008626264        798.53054836473825       -47565.287881494856       -77.653313564951532        14517965.611666692       -20996050.691425648     
   382.20075008619960        916.83574098071495       -47551.213953941515       -77.710048208246008        12661580.347510668       -18292474.141029537     
   382.20075008617204        1052.6682763247100       -47533.704136355518       -77.768993651261553        11043533.534340629       -15936808.209362742     
   382.20075008618949        1208.6248936971524       -47513.757827479429       -77.830833470216021        9633077.0684054978       -13884538.601446221     
   382.20075008618704        1387.6870487296617       -47492.253756742401       -77.896197399240918        8403456.9142188802       -12096764.163433436     
   382.20075008616431        1593.2779105031877       -47469.945797475266       -77.965649325051345        7331388.8512351867       -10539506.327055544     
   382.20075008615271        1829.3278029951662       -47447.471420924063       -78.039691288722679        6396612.4131578458       -9183095.5447280146     
   382.20075008618636        2100.3493419140209       -47425.345246079145       -78.118689270922914        5581551.2700511208       -8001568.3035946488     
   382.20075008606614        2411.5237033264193       -47403.810573248382       -78.202384247560985        4871238.9660317972       -6971861.7167987805     
   382.20075008607654        2768.7996732998781       -47382.011158992151       -78.287369979079813        4253899.4672820978       -6072240.9890700746     
   382.20075008611349        3179.0073720989490       -47354.840020484349       -78.357595702982508        3722643.1682861261       -5279136.3319212683     
   382.20075008606869        3649.9888270402694       -47303.982389014462       -78.357478560064919        3278005.8601265340       -4562222.5117362486     
   382.20075008610308        4190.7478901898212       -47178.410286915816       -78.133358329068869        2929377.0008922103       -3879661.5261912956     
   382.20075008611667        4811.6223669020355       -46861.668258254613       -77.335375681286678        2692223.8030078430       -3177647.5934602446     
   382.20075008598064        5524.4816458320101       -46130.499589040213       -75.293570989742875        2579542.7308960427       -2397936.0272200382     
   382.20075008600469        6342.9536085554810       -44619.141414063495       -70.911737566348165        2590115.8884170712       -1492803.6910309219     
   382.20075008600497        7282.6851566497025       -41809.097486213490       -62.639480165671550        2699745.8755293153       -441500.96607709723     
   382.20075008601520        8361.6413368291742       -37059.099969818730       -48.567786870989941        2861327.6550587188        740020.80191770452     
   382.20075008599264        9600.4487825378874       -29674.249903687374       -26.645244179235302        3015148.2175443750        2001525.8591798800     
   382.20075008590891        11022.790037663801       -18994.469477969782        5.0472695875214413        3105175.0512688379        3272405.0955798514     
   382.20075008590965        12655.856300743480       -4471.2464965968056        48.062005316751303        3093969.4486657558        4480920.1918340474     
   382.20075008590794        14530.867244842704        14294.526407039682        103.47757715862825        2969991.5748112439        5570790.4138601795     
   382.20075008582120        16683.667850652797        37563.431513621857        171.95214277307969        2745377.1607254641        6509549.2085787803     
   382.20075008579607        19155.413662576866        65505.537837507429        253.89800175616980        2446881.9370548334        7287741.7473677397     
   382.20075008562935        21993.357567948904        98259.962353931798        349.69164989888662        2105020.2725123018        7911993.2555837967     
   382.20075008540954        25251.753140501885        135979.85989072832        459.83049640199164        1745784.4056477016        8396426.6280419193     
   382.20075008537549        28992.891817409949        178847.52719100245        584.98351863818243        1386900.2951559396        8755935.7012292594     
   382.20075008522929        33288.293737813838        227059.07809218889        725.93357326695684        1038134.7553308187        9002753.5329655521     
   382.20075008516380        38220.075008516418        280789.36974760139        883.44788528047491        694773.55390019808        9136864.2565301955     
   382.20075008512828        43882.517534906554        340153.74651905149        1058.1341281067580        386002.62632399006        9192649.9080534689     
   382.20075008516989        50383.871428108912        405175.77045492642        1250.3155914600939        86164.363786675036        9149543.0824949965     
   382.20075008517142        57848.424445216799        475774.20375799679        1459.9710149923337       -193268.74938827800        9024272.1699866019     
   382.20075008527118        66418.878024681821        551766.53857161815        1686.7324535269288       -449149.60524481116        8825918.8408229239     
   382.20075008538089        76259.075339820047        632886.97331424768        1929.9342820886520       -678096.85222093714        8564908.6635089349     
   382.20075008544808        87557.133523433411        718817.90872460126        2188.7105656787753       -876889.58670610236        8252851.3710370772     
   382.20075008544143        100529.03994281446        809215.33571120887        2462.0764015708119       -1043721.5941466913        7901080.1422610935     
   382.20075008559394        115422.78127599327        903741.59451988374        2749.0354259498417       -1177691.9704949153        7520885.6307785977     
   382.20075008557308        132523.08432526703        1002091.6273967555        3048.6678355373438       -1279242.4675615719        7122635.7353585446     
   382.20075008561673        152156.85920000949        1104016.3690333946        3360.2097188122566       -1349891.3930012956        6715597.7439233344     
   382.20075008581102        174699.44892617100        1209346.4030200897        3683.1330740824337       -1391917.1327240975        6307884.3762602210     
   382.20075008602504        200581.80495820523        1318021.9591321752        4017.2447916120286       -1407984.4973983367        5906572.2099689702     
   382.20075008611889        230298.72576920129        1430135.8655519825        4362.8262006677687       -1400852.7409132821        5517856.8398188762     
   382.20075008662155        264418.31601837371        1545980.3570196168        4720.7836643792689       -1373503.4413284794        5146813.6523518180     
   382.20075008689258        303592.84712681826        1666022.2273594781        5092.5716641359031       -1330323.1310324215        4795849.4384201048     
   382.20075008700786        348571.22688931104        1790590.6127496730        5479.2043985798955       -1279488.1951329040        4461241.9568689717     
   382.20075008741577        400213.31650300120        1919854.0178966164        5881.1838156543663       -1212320.9053254481        4154437.9928240869     
   382.20075008832373        459506.36871529050        2055811.9184955624        6304.8134208656838       -1142692.4543482643        3868227.3767907280     
   382.20075008846169        527583.90134153317        2198664.5520940246        6750.6923107430330       -1069005.2996888258        3603949.9220044003     
   382.20075008923908        605747.36696996749        2349527.3911726414        7222.3195573315015       -992750.30429962324        3361549.3348309137     
   481.16223669414092        695.49103309877489       -60395.570625771463       -77.885951395728625        26393636.840280902       -38424921.065037787     
   481.16223669427126        798.53054837118304       -60427.941617913384       -77.965942546143197        23016957.428717032       -33495705.566678423     
   481.16223669518240        916.83574099000180       -60453.603685326561       -78.047716306173243        20074541.898296680       -29197627.305123471     
   481.16223669526244        1052.6682763356237       -60473.713975731407       -78.131950431270525        17510230.567203060       -25450418.398534026     
   481.16223669533269        1208.6248937098046       -60489.576373799886       -78.219381975941360        15275159.032731080       -22183935.569314692     
   481.16223669528182        1387.6870487440503       -60502.520663460447       -78.310766184586100        13326816.091945561       -19336866.253076527     
   481.16223669532025        1593.2779105199304       -60513.808952060957       -78.406830289168283        11628215.474487226       -16855614.837375429     
   481.16223669545775        1829.3278030149672       -60524.580117349957       -78.508258957299404        10147175.347884372       -14693346.271576131     
   481.16223669551215        2100.3493419368083       -60535.827758542153       -78.615677193738520        8855690.6227453072       -12809147.528118236     
   481.16223669552647        2411.5237033534127       -60548.394024967056       -78.729626329732127        7729409.8960865485       -11167267.873159742     
   481.16223669552568        2768.7996733307914       -60562.911737803610       -78.850395584595390        6747311.2299673203       -9736292.9548092838     
   481.16223669592938        3179.0073721368021       -60579.368436599201       -78.976962322485633        5891927.1290134294       -8487772.5952149257     
   481.16223669584008        3649.9888270834804       -60595.045897454198       -79.102102972683497        5150828.7462220509       -7393244.1896214858     
   481.16223669582837        4190.7478902389557       -60597.451418339624       -79.195724538294598        4519894.0070972126       -6418498.0595572609     
   481.16223669583258        4811.6223669583205       -60545.963199700847       -79.161652320181020        4007191.6831708499       -5515678.5958888810     
   481.16223669583314        5524.4816458986070       -60335.173586294382       -78.751342516625300        3633621.8710783310       -4617486.9027049560     
   481.16223669570451        6342.9536086298494       -59738.686940306310       -77.431717363651842        3425757.2503100140       -3640258.8991104458     
   481.16223669564283        7282.6851567341491       -58345.413610534510       -74.235807915101759        3400275.8372520539       -2499976.9587666397     
   481.16223669556905        8361.6413369246256       -55514.662702990201       -67.659140404430218        3546171.2116379831       -1137486.5976995949     
   481.16223669565699        9600.4487826498007       -50380.198529752437       -55.674471514066674        3814922.5574707291        458193.10073489230     
   481.16223669551908        11022.790037791550       -41919.510396624974       -35.904570904676802        4126026.2539951447        2240591.1875373228     
   481.16223669543018        12655.856300887794       -29076.655788751439       -5.9245743614155790        4387168.0894483319        4116198.4465764724     
   481.16223669530740        14530.867245004756       -10899.471218212324        36.403813737706514        4520262.4836725956        5970409.5450123502     
   481.16223669518956        16683.667850838559        13358.796658885607        92.692889120371532        4481672.2846632898        7697651.8860267550     
   481.16223669525385        19155.413662793970        44209.386290092327        163.97666659031529        4268597.4860753603        9223677.0840651728     
   481.16223669526590        21993.357568208317        81973.380694951644        250.85535307880488        3911106.7397299530        10513382.599614024     
   481.16223669522742        25251.753140812238        126874.02421245097        353.76002924749622        3455808.3851337279        11565059.396552458     
   481.16223669504285        28992.891817757732        179131.45870398456        473.21692691184575        2949337.9393131500        12397207.699147258     
   481.16223669495645        33288.293738219909        239021.47618747831        610.00692512607202        2427590.3815227859        13035015.273445358     
   481.16223669487158        38220.075008982458        306881.22582728026        765.17364068422455        1912409.8367084861        13501161.891585819     
   481.16223669482503        43882.517535441475        383068.39287971414        939.89850429352362        1413970.5354694026        13812179.760318577     
   481.16223669466740        50383.871428701081        467895.45167741069        1135.3036010405049        935702.35646921676        13979113.117362827     
   481.16223669455275        57848.424445882702        561566.03408510331        1352.2574969101697        478794.48083608784        14010093.269290820     
   481.16223669449056        66418.878025420447        664126.19928451162        1591.2223432678727        45336.453643301502        13913265.605640810     
   481.16223669448596        76259.075340645475        775450.04169544170        1852.1950405556706       -360716.98181307968        13698715.944026563     
   481.16223669446612        87557.133524362143        895251.28892969887        2134.7222151234746       -733955.48799251392        13379144.972626537     
   481.16223669447669        100529.03994388474        1023117.7384636743        2437.9808921366930       -1068381.2348841047        12969802.783442535     
   481.16223669469855        115422.78127722928        1158563.7016826097        2760.9105571173131       -1359091.2033106745        12487156.744027939     
   481.16223669490324        132523.08432674978        1301068.7951813848        3102.3152521811421       -1602589.9972062502        11948192.531832958     
   481.16223669497447        152156.85920171707        1450132.4731251162        3461.0077622346575       -1797423.5121987341        11369346.565613978     
   481.16223669522742        174699.44892813457        1605314.4880084598        3835.9193131327625       -1944095.0264048157        10765858.106029522     
   481.16223669533412        200581.80496039189        1766275.0397597519        4226.2079776264727       -2044708.2934671710        10151442.450389123     
   481.16223669557280        230298.72577176962        1932820.9627186873        4631.3817845657468       -2102407.4673663191        9538306.8060977720     
   481.16223669574305        264418.31602106831        2104971.5420068409        5051.4696864411235       -2120768.0395014025        8937413.3158181570     
   481.16223669596548        303592.84712983714        2283052.2390786652        5487.2617591172457       -2103495.3580437861        8358593.9881226411     
   481.16223669598952        348571.22689268948        2467769.3863194417        5940.4995525255790       -2055306.2889869416        7809361.8619024158     
   481.16223669639436        400213.31650678971        2660034.2643802264        6413.4360523894420       -1985285.9015687783        7290423.0570210647     
   481.16223669658251        459506.36871872848        2860022.4610041981        6906.4676994457832       -1911585.9399764743        6788214.7753544571     
   481.16223669713332        527583.90134589397        3069465.4584844843        7423.9062145352354       -1795595.7204429223        6349252.0729306396     
   481.16223669754896        605747.36697426555        3290935.6061228323        7972.1789574250570       -1685479.4491437806        5932239.6447051866     
   605.74736697435924        695.49103310380985       -76521.087506967408       -78.137141827028245        41870320.761292227       -61191744.994644918     
   605.74736697441620        798.53054837682271       -76615.410680220142       -78.241166193038225        36514226.978114620       -53368723.513705894     
   605.74736697450714        916.83574099487839       -76702.576675830205       -78.348048555199057        31847310.398883142       -46544540.271857038     
   605.74736697451442        1052.6682763410606       -76783.072370547336       -78.458228381350636        27780477.819150813       -40592108.371684819     
   605.74736697453693        1208.6248937159151       -76857.795879015364       -78.572270285803825        24236158.155368332       -35400546.684897713     
   605.74736697458786        1387.6870487513297       -76928.004436438932       -78.690852387808263        21146827.589999545       -30873066.894710053     
   605.74736697458729        1593.2779105281591       -76995.200305194187       -78.814726293785498        18453719.205859940       -26925134.910462800     
   605.74736697461890        1829.3278030239881       -77060.990667702441       -78.944685810711235        16105697.791031823       -23482893.547534149     
   605.74736697471315        2100.3493419472552       -77126.960598879421       -79.081515286816284        14058268.184847880       -20481799.655265115     
   605.74736697470235        2411.5237033652929       -77194.583126287849       -79.225957597373053        12272711.226975633       -17865454.781360723     
   605.74736697469291        2768.7996733443924       -77265.168957800022       -79.378707596333697        10715340.027997809       -15584586.369036769     
   605.74736697472861        3179.0073721499380       -77339.825371056882       -79.540335718775168        9356910.1418152209       -13596075.418317989     
   605.74736697474600        3649.9888270993447       -77419.251686170901       -79.710899444762617        8172436.6271428028       -11861707.713862026     
   605.74736697481137        4190.7478902577250       -77502.564861479303       -79.887771426001564        7142145.9438872896       -10345638.534771034     
   605.74736697478431        4811.6223669796136       -77582.392048513502       -80.056548176798970        6254729.3218446532       -9008724.5388396457     
   605.74736697492506        5524.4816459243311       -77629.583259813575       -80.162897211266682        5513153.7787903408       -7798466.1419095732     
   605.74736697491244        6342.9536086609487       -77556.871610371774       -80.045612412504852        4939884.2252798025       -6637132.4186789896     
   605.74736697498724        7282.6851567716894       -77152.320086485357       -79.314073082059622        4574630.1230798289       -5416418.5887485882     
   605.74736697497963        8361.6413369689053       -75986.413545743242       -77.177448110887781        4458779.5058909953       -4008677.6783967894     
   605.74736697505386        9600.4487827000612       -73319.256428420500       -72.275119600817561        4608868.0550572760       -2297556.2758057709     
   605.74736697503238        11022.790037852026       -68052.992552893877       -62.593195616500445        4991481.8574108761       -217987.36521048984     
   605.74736697495007        12655.856300957847       -58772.114478016134       -45.548106572823592        5515104.8287461121        2213396.8587760185     
   605.74736697493518        14530.867245088537       -43884.090765751505       -18.261220247950405        6046911.9558731271        4893989.3342707176     
   605.74736697483092        16683.667850935970       -21826.350586756504        22.041686315787953        6449017.5550683774        7661058.4395745872     
   605.74736697490880        19155.413662905710        8731.7636141864787        77.648042133660056        6617993.4940280309        10336812.887956405     
   605.74736697483718        21993.357568333464        48768.254533528918        150.14684213383589        6510151.1200020928        12773302.823713416     
   605.74736697476214        25251.753140954814        98911.178664024235        240.47350161708889        6143377.8291179780        14880051.524881836     
   605.74736697479932        28992.891817934338        159551.77461378468        349.18154851766297        5578503.2936031986        16627741.151201883     
   605.74736697462458        33288.293738419052        231008.67377731594        476.81261639809230        4891763.9371632449        18032838.674456574     
   605.74736697467699        38220.075009221153        313669.70563245722        624.20563772320747        4150941.5828208234        19134427.974249262     
   605.74736697467222        43882.517535719431        408058.26707339118        792.63049119617779        3402579.6635610610        19973930.325711440     
   605.74736697476101        50383.871429044120        514810.13623086968        983.71765052434046        2670812.0406297464        20583443.655663028     
   605.74736697473418        57848.424446287769        634582.52861733735        1199.2341314908117        1963700.0618485389        20982999.618090935     
   605.74736697472406        66418.878025893006        767935.91077850049        1440.7980139367280        1281876.3783800267        21183797.645967990     
   605.74736697466358        76259.075341181175        915230.25841615850        1709.6243216656146        625167.18970522191        21193242.528041907     
   605.74736697434162        87557.133524934266        1076554.6006100511        2006.3476287759838       -3202.2251234967262        21020047.703847852     
   605.74736697420440        100529.03994451665        1251715.2603252088        2330.9743730351329       -596165.66999299452        20676967.151638448     
   605.74736697407161        115422.78127787627        1440264.1868329870        2682.9274487681687       -1144163.9635262880        20181506.123701692     
   605.74736697408184        132523.08432743853        1641566.6286057073        3061.1801077611740       -1636579.3628485464        19555907.333737876     
   605.74736697415119        152156.85920250273        1854879.2098471206        3464.4169849343593       -2065327.4564095167        18823877.737520203     
   605.74736697417336        174699.44892895126        2079420.1395025204        3891.1839481443162       -2424358.6800670670        18010501.339318648     
   605.74736697438084        200581.80496135377        2314453.4595286022        4340.0683905929327       -2711031.4359603450        17140045.323567323     
   605.74736697459173        230298.72577283991        2559356.2742784512        4809.8444007337093       -2925737.3425372355        16235149.077358939     
   605.74736697470416        264418.31602225272        2813692.0969948000        5299.6299462392926       -3071203.5681853369        15316468.241378892     
   605.74736697487356        303592.84713114158        3077307.8419941370        5809.0893318876615       -3151494.4768060921        14402887.067222290     
   605.74736697513708        348571.22689432139        3350481.9887762745        6338.7359492480746       -3171071.6026225700        13512006.591469334     
   605.74736697536309        400213.31650847604        3634120.6170144556        6890.3289269655934       -3134873.1802341058        12659755.253193866     
   605.74736697539322        459506.36872050777        3929821.0937443553        7467.0032365247598       -3051584.7891833046        11856152.892377961     
   605.74736697564470        527583.90134755196        4239147.5300530950        8071.8241166323414       -2942158.0057972451        11093512.155343140     
   605.74736697572780        605747.36697572900        4561044.5838593738        8702.6142049580812       -2820662.9720155085        10359095.830139594     
   762.59075341320636        695.49103310543160       -96813.320217973829       -78.367749665630981        66462422.331113428       -97362478.999978915     
   762.59075341329651        798.53054837870422       -96989.100536443177       -78.493801993317902        57963492.082010619       -84951791.675036103     
   762.59075341331834        916.83574099692748       -97160.342948950303       -78.624460729770362        50557988.240644276       -74123452.988109156     
   762.59075341333562        1052.6682763434242       -97326.865687223675       -78.760039468761533        44104714.866043508       -64675756.855971538     
   762.59075341337416        1208.6248937186451       -97488.765067729735       -78.900925291236490        38480705.611225225       -56432806.901784234     
   762.59075341337939        1387.6870487543570       -97646.523852799961       -79.047599137993529        33578870.241118401       -49241207.106078237     
   762.59075341337154        1593.2779105316201       -97801.077161736306       -79.200657637557015        29305955.748693489       -42967163.456117183     
   762.59075341351536        1829.3278030282113       -97953.803168575483       -79.360810923390090        25580770.292584330       -37493936.299041472     
   762.59075341357675        2100.3493419519464       -98106.432088626112       -79.528843343723565        22332631.274886094       -32719610.804693662     
   762.59075341361779        2411.5237033708518       -98260.899799487699       -79.705593088874593        19500020.599252332       -28555182.812925491     
   762.59075341358277        2768.7996733506911       -98419.190418249345       -79.891916539054364        17029402.019377910       -24922902.013644431     
   762.59075341365724        3179.0073721572930       -98583.205735351192       -80.088631511898711        14874183.031403899       -21754835.965764586     
   762.59075341373466        3649.9888271080558       -98754.672256783582       -80.296498344978318        12993841.843134534       -18991613.843813650     
   762.59075341390258        4190.7478902681969       -98935.016732663033       -80.516078014625236        11353333.277019586       -16581118.732536172     
   762.59075341407220        4811.6223669929223       -99124.767682395453       -80.746875028125942        9923351.6416052114       -14476375.296783682     
   762.59075341398898        5524.4816459377234       -99320.571650670900       -80.983044608728960        8682866.8964850307       -12630650.738232242     
   762.59075341395021        6342.9536086761354       -99503.974117860140       -81.197261897614226        7625618.9286918128       -10986863.480203135     
   762.59075341401797        7282.6851567888743       -99609.549300776620       -81.294903793605044        6769647.6727732737       -9460714.6732019018     
   762.59075341401797        8361.6413369887396       -99455.450548507375       -81.014274474000558        6162917.8127313182       -7924406.5549711436     
   762.59075341405151        9600.4487827220819       -98626.898888400436       -79.759302752790973        5873865.8882680591       -6205676.5573685151     
   762.59075341398602        11022.790037876754       -96329.077032685105       -76.388884917832911        5960986.2434476800       -4115324.8353885710     
   762.59075341397704        12655.856300987807       -91261.457542183416       -69.039150548633188        6430370.1798625216       -1501382.9048584597     
   762.59075341399432        14530.867245123625       -81586.171671269360       -55.085773055907332        7203367.3680142118        1691285.8510289807     
   762.59075341402638        16683.667850979826       -65045.169674561090       -31.328156910603862        8116154.8882603683        5385834.9316053800     
   762.59075341398386        19155.413662952535       -39222.599507792627        5.6102580856531850        8957389.0862573255        9383246.4131547809     
   762.59075341395123        21993.357568388885       -1876.0313790340131        58.784090913377433        9529220.6553095654        13415586.973871130     
   762.59075341401808        25251.753141023790        48785.587007444934        130.52363319729920        9704056.5167695154        17219866.117344111     
   762.59075341408402        28992.891818014257        113986.36757267732        222.30231843423095        9452358.3394027054        20601291.740469933     
   762.59075341396431        33288.293738515196        194469.16516727494        334.93411610834301        8832938.7543498315        23463178.144290388     
   762.59075341397033        38220.075009328524        290731.09941196354        469.00925517547870        7955970.0872572670        25799310.065643523     
   762.59075341390144        43882.517535839099        403296.64711959596        625.37362391594797        6939147.0871663382        27661398.144320343     
   762.59075341382299        50383.871429168939        532913.39710471092        805.45424134470511        5875276.0696089249        29120877.036467507     
   762.59075341375103        57848.424446428202        680603.82817998226        1011.3190452102571        4819394.8241705336        30240269.016468056     
   762.59075341377707        66418.878026057617        847573.19129922264        1245.4776617232710        3793002.8868367895        31060195.635266840     
   762.59075341374432        76259.075341374511        1035023.8820699216        1510.5177706573156        2727449.7038887758        31530086.863388930     
   762.59075341372682        87557.133525200785        1243957.9443417622        1808.7222706526516        1827433.5786352288        31866048.264096804     
   762.59075341364746        100529.03994483493        1474997.8943372376        2141.7276118882000        881443.03597382829        31860874.713862278     
   762.59075341352957        115422.78127824920        1728306.3700291817        2510.3567866608500       -34377.506437007338        31591703.421181962     
   762.59075341343953        132523.08432784880        2003579.9066273689        2914.5887237973507       -906704.77034394629        31073951.411662914     
   762.59075341346772        152156.85920296199        2300111.9520411720        3353.6528004333372       -1718323.8957231361        30331653.546036869     
   762.59075341320704        174699.44892941244        2616930.7663261336        3826.2541638687248       -2450091.6056540348        29397918.781303331     
   762.59075341296136        200581.80496174999        2952892.2854632437        4330.7342100888491       -3088890.1405021679        28306665.303316355     
   762.59075341305652        230298.72577324341        3306830.0410418077        4865.3241479769349       -3624103.7484955881        27095517.141528673     
   762.59075341310518        264418.31602268381        3677675.2840753081        5428.3535340800881       -4050924.1053543556        25800766.931400411     
   762.59075341317100        303592.84713157779        4064576.8494051774        6018.4550005942574       -4369195.4242605679        24456643.093334801     
   762.59075341326820        348571.22689471504        4467045.6366292229        6634.8068416118613       -4582043.8169514760        23095070.680031657     
   762.59075341337848        400213.31650883652        4885169.4859575359        7277.4846572428933       -4694108.6154084215        21746352.627340183     
   762.59075341356288        459506.36872100993        5319947.0010673804        7947.9988198727360       -4710309.1305698734        20439835.118785027     
   762.59075341371795        527583.90134801681        5773663.7414720450        8649.8964577913284       -4637746.5472220080        19201277.075592451     
   762.59075341399341        605747.36697639839        6249707.2013307586        9388.4714879095554       -4495743.3110725321        18039765.815405875     
   960.04487827209994        695.49103310612338       -122380.89403300518       -78.593694342998788        105554935.70457079       -154839443.58711526     
   960.04487827209846        798.53054837940272       -122659.33111045304       -78.739914170000702        92066345.761317670       -135150072.50674650     
   960.04487827208504        916.83574099769032       -122938.26615551303       -78.892617602832615        80312205.552365080       -117969236.21254438     
   960.04487827214052        1052.6682763443371       -123217.52434199418       -79.052191722439602        70068727.184309915       -102976892.40226565     
   960.04487827213461        1208.6248937196247       -123496.97697993637       -79.219044710043818        61141020.147402599       -89893894.814236298     
   960.04487827216246        1387.6870487555127       -123776.61925622434       -79.393624764634296        53359357.806293286       -78476793.085252121     
   960.04487827219543        1593.2779105330180       -124056.68214265513       -79.576430289307609        46575916.196869634       -68513276.161092460     
   960.04487827221340        1829.3278030295053       -124337.75916512885       -79.768035357119516        40661948.181879818       -59818200.332664087     
   960.04487827224762        2100.3493419533379       -124620.91123769118       -79.969107173383236        35505324.712640874       -52230100.693713091     
   960.04487827227547        2411.5237033723902       -124907.70656288418       -80.180416262010112        31008400.540500715       -45608133.040977396     
   960.04487827226751        2768.7996733525611       -125200.16893326347       -80.402816092828289        27086152.053579230       -39829389.538834065     
   960.04487827233368        3179.0073721593490       -125500.64260817469       -80.637216160539538        23664558.417061158       -34786570.553784527     
   960.04487827235039        3649.9888271101086       -125811.61395698912       -80.884546332526952        20679186.616806965       -30385970.410564590     
   960.04487827237222        4190.7478902697267       -126135.53734017705       -81.145716831088066        18073960.360949796       -26545731.071973026     
   960.04487827245021        4811.6223669939982       -126474.67596854792       -81.421558570582420        15800158.812729862       -23194248.519683432     
   960.04487827254707        5524.4816459401209       -126830.77272374429       -81.712508108466864        13815987.708752295       -20268244.516243994     
   960.04487827255571        6342.9536086792677       -127203.44044080337       -82.016867963830009        12087978.116736442       -17708870.253794063     
   960.04487827264518        7282.6851567925014       -127582.93913765364       -82.322708476567641        10596720.338816978       -15452161.950799296     
   960.04487827264143        8361.6413369928723       -127925.53377398869       -82.580354501260445        9348870.7029132955       -13409889.303271154     
   960.04487827256696        9600.4487827256598       -128089.48087586930       -82.630842371145263        8391420.9449387435       -11442864.701285677     
   960.04487827256548        11022.790037881790       -127707.07200689947       -82.062963338103145        7814702.6573945889       -9341620.9131798409     
   960.04487827322885        12655.856301002486       -125988.46669606949       -79.994336556410417        7727846.1444410747       -6838111.4720869884     
   960.04487827313676        14530.867245138754       -121500.15240486729       -74.825461342697963        8204001.1352017401       -3662756.9293428855     
   960.04487827307287        16683.667850995385       -112012.23262481573       -64.074624242493883        9216620.4622515608        366040.12637337297     
   960.04487827307059        19155.413662971423       -94523.915904100722       -44.420117774279781        10603115.294209503        5259090.2261139238     
   960.04487827295418        21993.357568408843       -65527.193491217768       -12.019803398288785        12083699.547660150        10824225.155734554     
   960.04487827298613        25251.753141045330       -21464.881053122808        36.945561259926762        13334839.594451200        16706606.366351724     
   960.04487827300454        28992.891818037042        40768.380049064806        105.69222067715599        14086301.282738596        22487507.196395729     
   960.04487827290416        33288.293738543092        123479.48361611129        196.46340733743270        14197481.851337358        27798883.808422510     
   960.04487827296805        38220.075009362808        228128.04485568107        310.54899154696614        13680572.190884752        32406163.777763229     
   960.04487827291871        43882.517535880164        355586.24160414957        448.69957782793784        12667007.553285256        36231847.675964564     
   960.04487827292792        50383.871429221763        506579.10009965097        611.75418668426573        11340884.108153006        39323554.393459916     
   960.04487827290654        57848.424446493009        682107.49956305185        801.20975035242725        9873099.6439276878        41793013.442291901     
   960.04487827290075        66418.878026129358        883685.43327383557        1019.5052018389105        8380980.4095380958        43756926.751838312     
   960.04487827277899        76259.075341450502        1113321.3558087642        1269.9356535449624        6919978.2839865275        45299827.885646462     
   960.04487827285266        87557.133525296755        1373281.2760730009        1556.2609070912001        5498957.3406252842        46463359.057945162     
   960.04487827289529        100529.03994496005        1665738.2249614378        1882.1641919203100        4104930.0616315380        47255249.420356676     
   960.04487827279513        115422.78127839864        1992441.0723357932        2250.7481509819627        2723419.3137116507        47665716.172601730     
   960.04487827280332        132523.08432803713        2354442.3752767886        2664.1302043572068        1352624.6026451550        47685059.442755654     
   960.04487827269043        152156.85920315475        2752006.9995316947        3123.2926063239570        6242.8405118919909        47315162.456415594     
   960.04487827267815        174699.44892969122        3184637.7256683335        3628.1038308516140       -1289959.4144087993        46574153.729597285     
   960.04487827254718        200581.80496210736        3651213.7411869275        4177.4998418986797       -2503088.8926981073        45497425.719869576     
   960.04487827240496        230298.72577359088        4150228.7800165438        4769.8018373921514       -3603312.6734860335        44130712.634795092     
   960.04487827224943        264418.31602302304        4679932.9626218732        5402.9178339987993       -4565073.9547345918        42527611.144258499     
   960.04487827223204        303592.84713193565        5238596.3275787830        6074.6992938220492       -5371283.4940225445        40744155.406267785     
   960.04487827216747        348571.22689505795        5824700.7821377367        6783.2048516720524       -6013276.7336917296        38835656.785996541     
   960.04487827215144        400213.31650916568        6437163.0121188844        7527.0009692758313       -6489356.5248398986        36855147.411463872     
   960.04487827214155        459506.36872127210        7075639.7454930190        8305.5613096803427       -6802100.4959745444        34853684.535121463     
   960.04487827215519        527583.90134821797        7741018.5962114008        9119.8980342596769       -6955330.3195628691        32881993.277828377     
   960.04487827224932        605747.36697646999        8436153.8396044057        9973.4965711832047       -6953325.5468140133        30990508.009758167     
   1208.6248937197497        695.49103310621831       -154637.54276918285       -78.827804827596992        167720479.06759083       -246207575.27109101     
   1208.6248937197595        798.53054837951947       -155046.71816265743       -78.993404167704284        146309647.58071151       -214964795.50713456     
   1208.6248937197429        916.83574099782447       -155463.23824981105       -79.167258809320629        127649982.41074623       -187700185.36818069     
   1208.6248937197286        1052.6682763444180       -155887.38101493090       -79.349894076585770        111386731.71064682       -163906117.25296187     
   1208.6248937197415        1208.6248937197379       -156319.43240205382       -79.541860031895339        97210950.334334552       -143139819.59511155     
   1208.6248937197906        1387.6870487556587       -156759.68070325718       -79.743722744751722        84853574.920282215       -125015070.15093052     
   1208.6248937197690        1593.2779105331024       -157208.44012591761       -79.956067202147096        74080272.517175168       -109194985.43049712     
   1208.6248937197618        1829.3278030295569       -157666.11217735909       -80.179508950095624        64686954.216499053       -95385742.146326751     
   1208.6248937196212        2100.3493419530782       -158133.28793013084       -80.414707190357149        56495862.970750757       -83331092.705634192     
   1208.6248937185599        2411.5237033699036       -158610.88075093494       -80.662376421969384        49352166.263955668       -72807568.171278507     
   1208.6248937185319        2768.7996733496661       -159100.25941678256       -80.923309724312276        43121002.359052032       -63620290.824762091     
   1208.6248937185737        3179.0073721559152       -159603.33556231327       -81.198378757108003        37684903.606394008       -55599287.192929633     
   1208.6248937186319        3649.9888271062787       -160122.56214694053       -81.488533760420978        32941565.169278692       -48596270.286898516     
   1208.6248937187063        4190.7478902654921       -160660.82795959359       -81.794789002742618        28801901.378751181       -42481828.758278593     
   1208.6248937188379        4811.6223669892706       -161221.27330923002       -82.118174759671092        25188343.964364037       -37142972.868895628     
   1208.6248937198420        5524.4816459387239       -161807.07238160330       -82.459706754889339        22033391.258733526       -32480999.857219890     
   1208.6248937199509        6342.9536086781773       -162421.15881943586       -82.820262468885630        19278541.656105760       -28409389.760963418     
   1208.6248937201801        7282.6851567919521       -163065.38407993686       -83.199943765066564        16874468.944359172       -24850647.499483556     
   1208.6248937203031        8361.6413369931270       -163736.42108472588       -83.594585885293782        14784958.649164939       -21728709.370296922     
   1208.6248937203725        9600.4487827272460       -164409.04069995144       -83.981291390955448        12998694.219548821       -18950712.303823218     
   1208.6248937205273        11022.790037885041       -164984.10389710672       -84.273402171675116        11549905.906163596       -16373851.615715491     
   1208.6248937206221        12655.856300998466       -165164.78345490329       -84.213308582548052        10537275.102535432       -13766139.526001016     
   1208.6248937207909        14530.867245137561       -164229.65010570874       -83.175965119153261        10117321.188952431       -10789490.128622692     
   1208.6248937209111        16683.667850996786       -160716.15189189179       -79.895475937519222        10451566.584202394       -7039475.0014542593     
   1208.6248937208582        19155.413662972234       -152106.81627698397       -72.196632390841842        11614515.155204592       -2151685.7058142982     
   1208.6248937208816        21993.357568412874       -134677.15792207429       -56.873373978305601        13504692.233874431        4059518.0747409146     
   1208.6248937209195        25251.753141049907       -103657.90863535491       -29.851958242943507        15813754.776310150        11495803.409285221     
   1208.6248937209784        28992.891818043150       -53756.536933808951        13.321406731847672        18084762.838101018        19763022.166630771     
   1208.6248937211308        33288.293738557790        20090.348167393458        76.792503932665568        19843282.614381906        28269486.624988720     
   1208.6248937210978        38220.075009376094        122009.86916647745        163.78038781112991        20743428.106235854        36395768.145912699     
   1208.6248937211087        43882.517535898070        254831.03939647510        276.32312267087400        20661561.130635008        43662146.869533487     
   1208.6248937211640        50383.871429244136        420231.49141210481        415.54240160621697        19699365.949712664        49825355.389180124     
   1208.6248937210751        57848.424446515732        619322.82910905278        582.33651798218489        18106390.059667777        54877291.916456737     
   1208.6248937210960        66418.878026157006        853405.74493313080        778.20271835662413        16168922.807093509        58967290.763592988     
   1208.6248937211199        76259.075341493401        1124569.3490319871        1005.8381711132823        14117508.289370004        62297492.388861455     
   1208.6248937211801        87557.133525343655        1435909.0218891995        1269.2896649241447        12083337.484627947        65037871.882998832     
   1208.6248937210933        100529.03994500222        1791318.7073939284        1573.6260567791758        10103870.717636704        67284315.940034866     
   1208.6248937211542        115422.78127846493        2194976.3323277724        1924.2853391915557        8158098.6890400834        69058291.815599695     
   1208.6248937211374        132523.08432811027        2650720.1702397764        2326.3243259862065        6208329.8440367319        70332562.414822727     
   1208.6248937211535        152156.85920325865        3161513.6899026902        2783.7895089760418        4228222.3192853183        71061141.831180200     
   1208.6248937211094        174699.44892980636        3729060.8853953327        3299.2766238749023        2221082.9128956012        71209180.836083144     
   1208.6248937210048        200581.80496224956        4353731.0031406283        3873.8358765840526        218010.46845199540        70768043.356644243     
   1208.6248937209675        230298.72577378116        5034661.5417209724        4507.0816297084093       -1731236.1317137964        69759708.798459634     
   1208.6248937209973        264418.31602329091        5770065.9043922815        5197.5239068269730       -3565730.3199016713        68238605.771832421     
   1208.6248937209286        303592.84713223146        6557578.3660840765        5942.9451823234549       -5235691.3468238078        66272097.178570017     
   1208.6248937208386        348571.22689539514        7394544.9328894066        6740.7253663986912       -6697278.1836105213        63943351.767348148     
   1208.6248937209091        400213.31650958286        8278437.2784176227        7588.2880017161360       -7921774.3986554965        61338934.027284399     
   1208.6248937209839        459506.36872178415        9207192.5508702435        8483.4670647978783       -8893768.2534000501        58545160.915277027     
   1208.6248937209480        527583.90134878282        10179654.636654953        9424.9718822538853       -9607779.8988453615        55646744.129065856     
   1208.6248937207870        605747.36697697837        11196255.520851187        10413.083713501692       -10063036.306705218        52728701.405975893     
   1521.5685920320939        695.49103310680152       -195379.48944300116       -79.079726128838956        266614413.96449867       -391516510.17653638     
   1521.5685920321412        798.53054838020739       -195958.81169497478       -79.264951637014747        232623247.12368011       -341928890.42671084     
   1521.5685920323076        916.83574099872737       -196554.67016869286       -79.460168490186334        202996074.97874129       -298651720.91962826     
   1521.5685920322583        1052.6682763454330       -197167.90207096562       -79.666024248581380        177170530.94963422       -260879619.16818455     
   1521.5685920322730        1208.6248937209020       -197799.46519587087       -79.883205762598664        154656805.47579864       -227910210.68829346     
   1521.5685920322603        1387.6870487569270       -198450.38945036571       -80.112443538382649        135028313.59914941       -199130914.09864381     
   1521.5685920322292        1593.2779105345546       -199121.73960191180       -80.354484089184552        117913497.97163691       -174007366.40241954     
   1521.5685920322464        1829.3278030312565       -199814.59519562524       -80.610107397660613        102988762.32529759       -152073473.26435885     
   1521.5685920322801        2100.3493419553201       -200530.05618264686       -80.880116729531437        89972259.155876622       -132922667.85719208     
   1521.5685920322817        2411.5237033745984       -201269.28427739980       -81.165351730305701        78618504.416966349       -116200338.10106832     
   1521.5685920322901        2768.7996733551349       -202033.58766770922       -81.466663687024266        68713645.020471945       -101597161.70729133     
   1521.5685920323247        3179.0073721621566       -202824.54697862436       -81.784978101495653        60071418.363566101       -88843407.321147814     
   1521.5685920322680        3649.9888271131335       -203644.16193438752       -82.121243758592755        52529537.047550775       -77703800.465393335     
   1521.5685920323385        4190.7478902732983       -204494.97644771400       -82.476504030637443        45946645.170229591       -67973176.141661018     
   1521.5685920324179        4811.6223669979599       -205380.12919440508       -82.851851766463369        40199595.575603552       -59472552.645420991     
   1521.5685920324142        5524.4816459440981       -206303.29185475202       -83.248433656990528        35181125.177619688       -52045761.918046005     
   1521.5685920324020        6342.9536086837261       -207268.49555863423       -83.667425496969372        30797824.809658162       -45556488.311774142     
   1521.5685920323988        7282.6851567969270       -208279.86637793589       -84.109950694255531        26968436.217175312       -39885592.174073733     
   1521.5685920324497        8361.6413369982656       -209341.11230046270       -84.576885274145752        23622945.785432093       -34928159.563135445     
   1521.5685920324311        9600.4487827324792       -210453.40285193748       -85.067542386241257        20704345.441010900       -30587778.603149496     
   1521.5685920325193        11022.790037890276       -211605.41974265399       -85.573057003784925        18177830.468567502       -26761584.525901344     
   1521.5685920325313        12655.856301003583       -212736.26913716813       -86.051660764496773        16053257.346777484       -23306587.753358867     
   1521.5685920326669        14530.867245142703       -213630.04396098852       -86.358141561504453        14418063.562688937       -19985335.814122159     
   1521.5685920326630        16683.667851000984       -213685.63958825389       -86.089879914652556        13457655.092032276       -16413657.461158294     
   1521.5685920326705        19155.413662977990       -211530.21996253612       -84.328411321621388        13425415.756139582       -12059338.238764334     
   1521.5685920328397        21993.357568421499       -204532.21549085266       -79.315305629279464        14541233.063175328       -6335764.3416816369     
   1521.5685920330054        25251.753141061774       -188391.47198966428       -68.184298288542777        16846695.735588573        1215215.7868898548     
   1521.5685920331555        28992.891818058222       -157057.58037439972       -46.924130583647631        20091596.550705340        10722087.940846521     
   1521.5685920332310        33288.293738572545       -103168.60787102825       -10.706371540436521        23728894.135081869        21866944.604151897     
   1521.5685920333585        38220.075009397282       -18994.716476599464        45.437223161570721        27045091.377848383        33927532.915460214     
   1521.5685920332589        43882.517535919134        102401.84276451131        125.80753173097035        29378732.364368178        45976231.773917869     
   1521.5685920333563        50383.871429269246        266260.89062576520        233.46240341197696        30327089.071062941        57153237.980381057     
   1521.5685920332501        57848.424446544770        475895.22286778095        370.19414303358639        29844846.075397875        66893832.569987848     
   1521.5685920333046        66418.878026191582        733270.20669736178        537.14152891188860        28198001.475198325        75019028.413845181     
   1521.5685920332562        76259.075341529155        1040140.9813671288        735.80159805715073        25812446.417072438        81674679.958916605     
   1521.5685920331305        87557.133525373109        1399241.5600128220        969.00197677314270        23101204.720969390        87176037.454135805     
   1521.5685920330795        100529.03994503990        1815028.7628474324        1241.4248194545507        20345547.107647799        91842625.325592399     
   1521.5685920331352        115422.78127850662        2293720.1854435718        1559.4890573993323        17660883.066061534        95887574.964332461     
   1521.5685920331584        132523.08432816199        2842673.6867732005        1930.6730944663284        15032546.163891487        99382673.442496136     
   1521.5685920331648        152156.85920331662        3469370.3445224445        2362.5277448445559        11864878.454106979        101764478.46105126     
   1521.5685920331325        174699.44892987562        4180420.1353786839        2861.7484727874394        9640664.4617741331        104485893.36748263     
   1521.5685920331439        200581.80496234790        4980627.0301314173        3433.3483781665559        6766836.4075052217        105873826.38697973     
   1521.5685920332298        230298.72577391419        5872611.3206152841        4080.3237818181510        3784751.4339719191        106369421.95856978     
   1521.5685920332219        264418.31602343573        6856761.0211944515        4803.6223277449608        762410.67435979098        105948187.59284580     
   1521.5685920331407        303592.84713239881        7931509.1765957158        5602.3927871137848       -2205980.9911702573        104640641.80640574     
   1521.5685920330682        348571.22689559660        9094028.3613342997        6474.5813608169547       -5008206.3137652576        102538389.34246242     
   1521.5685920330770        400213.31650979328        10340557.293576099        7417.2378517687312       -7564817.2004950568        99741055.421297669     
   1521.5685920330170        459506.36872197920        11667139.158197362        8427.1442145109177       -9801063.7953751869        96382326.894514114     
   1521.5685920330877        527583.90134904697        13070197.744786415        9501.3127662241459       -11669427.832515188        92599109.487022042     
   1521.5685920330907        605747.36697736348        14547192.193574401        10637.535620480776       -13142633.138510466        88529738.199545279     
   1915.5413662984654        695.49103310730618       -248615.51558586460       -79.520225699525326        423197595.32398325       -625684481.11338425     
   1915.5413662985416        798.53054838079390       -248676.40056629624       -79.656053276266903        369633172.95488793       -545467948.27181268     
   1915.5413662987107        916.83574099938130       -248528.25971578958       -79.780553642194718        322979436.12858891       -475288486.62762231     
   1915.5413662985493        1052.6682763461292       -249392.81603779687       -80.010747478809208        281960998.69502670       -415309646.33268905     
   1915.5413662984629        1208.6248937216351       -250289.96932129603       -80.254299973603338        246197175.95652804       -362950911.95599091     
   1915.5413662985250        1387.6870487578256       -251221.64567917373       -80.512082786299288        215011615.39903992       -317240334.35827196     
   1915.5413662985618        1593.2779105356494       -252189.96202417306       -80.785006866790354        187815154.48939645       -277330215.03729522     
   1915.5413662983221        1829.3278030322638       -253197.16783400546       -81.074037007056177        164094640.53395814       -242481219.41784754     
   1915.5413662982735        2100.3493419563765       -254245.59607614935       -81.380190385971218        143403123.43296871       -212048475.50648886     
   1915.5413662982462        2411.5237033757744       -255337.62806601479       -81.704492913559079        125351240.91879296       -185469379.43128949     
   1915.5413662982469        2768.7996733564714       -256475.67986594301       -82.048019976355135        109599863.37217100       -162253207.37481844     
   1915.5413662982025        3179.0073721635449       -257662.22042172434       -82.411857147235423        95853545.831063911       -141971857.59543064     
   1915.5413662982176        3649.9888271148916       -258899.83179742272       -82.797143841162324        83854937.592625663       -124251951.29565577     
   1915.5413662981775        4190.7478902750354       -260191.31606906664       -83.205039845779538        73379812.959928587       -108767789.56782973     
   1915.5413662982439        4811.6223669998708       -261539.83839136318       -83.636748604476452        64232814.030988552       -95235303.185775921     
   1915.5413663010293        5524.4816459543381       -262949.07261835120       -84.093509940430522        56243718.015213534       -83406714.935552552     
   1915.5413663011047        6342.9536086957842       -264423.29505628027       -84.576648077927530        49264233.698214330       -73065927.458591342     
   1915.5413663010897        7282.6851568107295       -265967.37090743415       -85.087472689338028        43165129.936715081       -64024352.338528834     
   1915.5413663011850        8361.6413370142491       -267586.60251667368       -85.627340013161302        37833870.144792244       -56117405.056438409     
   1915.5413663012507        9600.4487827512767       -269286.39012535254       -86.197495693340898        33172688.574765950       -49201047.830455840     
   1915.5413663013132        11022.790037911580       -271071.15430645412       -86.798702250234783        29098395.489157781       -43147214.333684072     
   1915.5413663012914        12655.856301027799       -272939.09767482773       -87.428587721660719        25547788.857132126       -37832765.204666637     
   1915.5413663013198        14530.867245169427       -274859.08548490424       -88.069867342710481        22497058.677160405       -33110583.583269719     
   1915.5413663014542        16683.667851032882       -276691.83555584657       -88.649781537242220        20001694.054145191       -28749989.283212524     
   1915.5413663014849        19155.413663014828       -277984.67846164142       -88.934460654854760        18244552.779456735       -24353237.076505527     
   1915.5413663014699        21993.357568461179       -277560.34350551554       -88.317110203206525        17548210.824482586       -19295818.930100046     
   1915.5413663014713        25251.753141104597       -272886.09815755312       -85.493680671788752        18297460.505733877       -12766856.384776553     
   1915.5413663015868        28992.891818106276       -259364.47886834855       -78.100837708916515        20760381.766141176       -3956247.0180081390     
   1915.5413663017293        33288.293738628548       -229859.37955792711       -62.483291549142443        24875153.063496672        7652366.7082260232     
   1915.5413663019647        38220.075009463071       -174827.11265563671       -33.788756991270930        30123214.787926618        22011402.150518399     
   1915.5413663020788        43882.517536000152       -83256.591204224853        13.501010835170744        35588171.171454065        38411219.762105577     
   1915.5413663022825        50383.871429364401        55746.488973086372        84.705073095392436        40207792.447653733        55634314.628793307     
   1915.5413663024251        57848.424446662371        251299.75959054951        184.08378819003698        43116391.309447825        72316254.980088711     
   1915.5413663024663        66418.878026325634        509758.39159280923        314.43242623936385        43915614.975855276        87356571.365409195     
   1915.5413663024758        76259.075341685908        834935.01310796489        477.43158647790546        42746273.453434080        100196271.19196051     
   1915.5413663025688        87557.133525564568        1229503.0587653648        674.69683708623052        40143880.208706096        110856079.28581324     
   1915.5413663059196        100529.03994543896        1696980.1314470181        909.09863356500853        36772898.640529558        119758622.51563054     
   1915.5413663058935        115422.78127895895        2243422.7666492797        1185.7749661430717        33177951.309490398        127453961.09143433     
   1915.5413663058177        132523.08432867410        2878143.1648719376        1512.4108409509060        29650434.427096419        134381361.17896378     
   1915.5413663057443        152156.85920389817        3613229.6215849542        1898.6970651894806        26229550.464231081        140745686.38688394     
   1915.5413663057145        174699.44893054428        4462131.7902309066        2355.1933001726866        22793599.585595973        146514438.06556493     
   1915.5413663057914        200581.80496312218        5437833.9624016387        2891.9775504618879        19178725.069848739        151495770.70972067     
   1915.5413663057373        230298.72577478367        6551260.9229029696        3517.5154916942115        15260679.063439682        155432459.87439775     
   1915.5413663057748        264418.31602444057        7809925.5086012390        4237.7525009214878        11012945.618065946        158096047.55448478     
   1915.5413663057841        303592.84713357018        9217576.7638667691        5055.8931194245815        6505530.1573690847        159341799.94534177     
   1915.5413663056922        348571.22689694143        10774340.367263868        5972.5297614932051        1879065.1315131411        159127658.93491399     
   1915.5413663056122        400213.31651131826        12477393.908715036        6986.1257448792448       -2681291.9663789943        157518938.30748713     
   1915.5413663055617        459506.36872373620        14322179.835643359        8093.8445404171935       -7006647.1718835831        154644261.44120458     
   1915.5413663054933        527583.90135102090        16302865.738192977        9291.8976210057735       -10942875.030862272        150687306.74023640     
   1915.5413663055267        605747.36697963928        18413704.229505092        10576.454736292362       -14374902.515213989        145857788.56652859     
   2411.5237033846329        695.49103310977932       -315577.57534322602       -79.926216858439147        672492467.61239529       -998369095.25065434     
   2411.5237033846420        798.53054838360458       -316184.14067535562       -80.117170000448823        587308428.37415051       -871432637.51792026     
   2411.5237033847061        916.83574100255191       -316789.24474167451       -80.318315303884447        513028171.75520289       -760676362.93148065     
   2411.5237033846161        1052.6682763498188       -317355.23231337959       -80.527531099505723        448262433.93948835       -663981610.02276957     
   2411.5237033848302        1208.6248937260334       -317534.91301725165       -80.719750258140266        391902238.43138361       -579137997.32041335     
   2411.5237033849248        1387.6870487628848       -318104.31141456205       -80.952799180522561        342594993.34467489       -505591039.53699487     
   2411.5237033849544        1593.2779105414475       -319474.62601194659       -81.258796853944659        299365685.92744577       -442169205.55461609     
   2411.5237033849935        1829.3278030391789       -320907.79471978813       -81.583546125330031        261653881.68227115       -386780259.02182788     
   2411.5237033849230        2100.3493419643087       -322407.80379821290       -81.928237341344357        228750637.73129779       -338400933.92894322     
   2411.5237033849580        2411.5237033849507       -323978.86452730413       -82.294124877080321        200038403.95433253       -296138730.01785195     
   2411.5237033850235        2768.7996733670816       -325625.35084673011       -82.682530046440661        174979245.77935252       -259215156.06156969     
   2411.5237033850090        3179.0073721757817       -327351.74743623205       -83.094806177541614        153104501.95588383       -226951031.10327139     
   2411.5237033848798        3649.9888271287168       -329162.61452516314       -83.532353164628148        134005890.83136405       -198753863.59793094     
   2411.5237033848089        4190.7478902908733       -331062.57891040598       -83.996576722711325        117327658.64222930       -174106702.53979132     
   2411.5237033847829        4811.6223670178360       -333056.36263619718       -84.488955326378345        102759902.57708971       -152558665.09211028     
   2411.5237033847438        5524.4816459668427       -335148.85844664834       -85.010961629450321        90032539.233172461       -133716351.09134388     
   2411.5237033847261        6342.9536087098440       -337345.25041231117       -85.564114851877093        78910233.949751884       -117236620.36989923     
   2411.5237033846497        7282.6851568266993       -339651.15699399303       -86.149948765523732        69187884.074160874       -102820123.84874174     
   2411.5237033846020        8361.6413370320042       -342072.74759705405       -86.770032066851854        60686749.726604789       -90205731.830967963     
   2411.5237033846174        9600.4487827713947       -344616.76724788605       -87.425948004238293        53251063.191404395       -79165602.202534467     
   2411.5237033847138        11022.790037934759       -347290.39944636496       -88.119239080697284        46745152.623349920       -69500776.186009660     
   2411.5237033847566        12655.856301054780       -350100.74351885973       -88.851328473538146        41051614.751278393       -61036675.004779503     
   2411.5237033846329        14530.867245199444       -353052.33283006289       -89.622536324895904        36072993.738140851       -53615039.973427713     
   2411.5237033846311        16683.667851066166       -356134.56317518529       -90.427292161621139        31745039.563196603       -47072406.138146952     
   2411.5237033788649        19155.413663006933       -359270.27367305034       -91.233896091580377        28074477.826584071       -41185907.439427696     
   2411.5237033788817        21993.357568452433       -362155.26956995751       -91.921104467473910        25205289.454990320       -35573222.714208692     
   2411.5237033788085        25251.753141093774       -363874.92035165720       -92.126626987010226        23481147.132227011       -29573868.915934816     
   2411.5237033788176        28992.891818092212       -362199.36144792795       -90.968591393902884        23428888.582200877       -22199958.698842674     
   2411.5237033787339        33288.293738608765       -352600.26075290720       -86.658154032193124        25594898.861214131       -12263697.140780628     
   2411.5237033788517        38220.075009437533       -327284.45048050728       -76.123641338199377        30251795.204808123        1286233.4970657788     
   2411.5237033789531        43882.517535970059       -274759.47612116084       -54.857364739291363        37106724.055798560        18926260.770006925     
   2411.5237033789913        50383.871429325285       -180432.18799162467       -17.191570077557117        45192148.267923921        40229729.535185412     
   2411.5237033791332        57848.424446616562       -28380.579043184753        42.945857239828911        53053260.740850925        63850363.468110137     
   2411.5237033791154        66418.878026271137        196174.65302439441        131.01965014357120        59191161.883185461        87881170.727594048     
   2411.5237033791027        76259.075341622534        504720.23337429861        251.09433045145121        62566529.999580733        110455952.27054091     
   2411.5237033794701        87557.133525500903        904728.45480511035        405.76567989774043        62916630.753914453        130320766.98027109     
   2411.5237033795765        100529.03994519442        1400905.9496226662        597.02993603423238        60735772.072133914        147116313.87729836     
   2411.5237033796211        115422.78127868191        1997991.8690347860        827.81589590013016        56957695.722038865        161276381.83124566     
   2411.5237033796129        132523.08432836083        2703891.0528380964        1103.5259813070297        52529138.409715705        173650095.18521202     
   2411.5237033796307        152156.85920354538        3531780.0883732960        1432.9008525237439        48083797.729933105        185065004.43758619     
   2411.5237033795847        174699.44893013861        4500353.9057804001        1827.8455361723898        43827681.183005773        196019759.70016873     
   2411.5237033795902        200581.80496264886        5632211.7275863755        2302.2967390716076        39619613.421353430        206582903.02985382     
   2411.5237033796989        230298.72577425709        6951055.7586391829        2870.5441392958160        35152923.065506533        216466491.47372317     
   2411.5237033796752        264418.31602382823        8478643.8466806356        3545.5201752483840        30141652.947725847        225194122.28248525     
   2411.5237033798021        303592.84713288158        10232344.651909795        4337.4892324209213        24417011.177066714        232249828.18228984     
   2411.5237033798389        348571.22689617286        12223373.491122374        5253.1594410538673        18000623.198993847        237230170.76611352     
   2411.5237033798949        400213.31651046191        14456664.685194455        6295.6647016108027        11068910.141955227        239903258.86434484     
   2411.5237033798926        459506.36872276460        16931442.741851524        7464.9276211857787        3896525.0467350632        240218684.69986084     
   2411.5237033798135        527583.90134990693        19642830.741749935        8758.5438042879105       -3174924.6747566462        238319932.28671002     
   2411.5237033798135        605747.36697834975        22583467.253259078        10172.676108777523       -9874642.2458597571        234415594.79435000     
   3035.9284713291181        695.49103310845601       -400079.90255779424       -80.331452772952616        1069622514.2190454       -1591955772.1613698     
   3035.9284713291795        798.53054838209823       -401102.43910829927       -80.554926535114646        934325433.35064757       -1390269573.1956487     
   3035.9284713290131        916.83574100074782       -402164.73309858708       -80.792326480150223        816321649.70093036       -1214290546.4730544     
   3035.9284713291549        1052.6682763478359       -403271.07983782329       -81.044706166721880        713387063.98760509       -1060734308.0193925     
   3035.9284713291713        1208.6248937236560       -404419.42945430946       -81.312755355611444        623587263.73217034       -926725343.98407006     
   3035.9284713292286        1387.6870487601268       -405596.66421895899       -81.596581730991602        545240857.72833073       -809744576.07553554     
   3035.9284713292668        1593.2779105382813       -406732.35241471586       -81.893030437640846        476900358.51383162       -707536207.69757867     
   3035.9284713296015        1829.3278030357160       -406911.17203848925       -82.149321679025888        417539052.69339627       -617296168.44915295     
   3035.9284713296315        2100.3493419604147       -409030.32345224667       -82.535942783579230        365197393.31035918       -540353482.26149976     
   3035.9284713294578        2411.5237033803069       -411258.80224373582       -82.947025657631457        319511118.57941234       -473123884.73642808     
   3035.9284713293955        2768.7996733616169       -413603.59813865577       -83.384112804196775        279626765.75284427       -414371870.19787884     
   3035.9284713292654        3179.0073721693907       -416072.06552011659       -83.848842768929899        244800835.83368608       -363019809.99035388     
   3035.9284713292586        3649.9888271215673       -418671.84461944853       -84.342903573997319        214385479.41003129       -318127501.82975698     
   3035.9284713292063        4190.7478902827152       -421410.78901267500       -84.868056001141667        187816254.81614280       -278874718.89636105     
   3035.9284713291781        4811.6223670084764       -424296.90411380067       -85.426072473637760        164601250.03356338       -244545696.09537005     
   3035.9284713291222        5524.4816459560843       -427338.30476560019       -86.018803995102644        144311891.29740199       -214516043.42082444     
   3035.9284713291595        6342.9536086976159       -430543.20312983746       -86.648098658770323        126574627.09454036       -188240876.61729020     
   3035.9284713282168        7282.6851568106295       -433919.93841089495       -87.315862765535698        111063945.39420272       -165244859.14106622     
   3035.9284713281472        8361.6413370135269       -437477.05350515299       -88.023970602080212        97496060.832723349       -145113165.48342735     
   3035.9284713280385        9600.4487827497742       -441223.40652486676       -88.774375035427497        85623679.914209664       -127483981.14288430     
   3035.9284713280736        11022.790037909623       -445168.27795601357       -89.568959083408103        75231151.047348544       -112041499.57002872     
   3035.9284713058178        12655.856300932919       -449321.40445826337       -90.409640688449130        66130542.740298003       -98510189.093322828     
   3035.9284713056636        14530.867245059539       -453692.80732320028       -91.298233019188032        58158255.099716499       -86649215.043102965     
   3035.9284713057250        16683.667850905877       -458291.75939336547       -92.236232012510285        51173812.467724875       -76245877.065484151     
   3035.9284713058050        19155.413662869207       -463120.84442782705       -93.223038129508481        45066250.342534356       -67100721.044506811     
   3035.9284713057868        21993.357568294017       -468146.86493070552       -94.247309607453630        39782662.565449342       -58985692.161982350     
   3035.9284713059837        25251.753140914290       -473191.38475103909       -95.253877225331948        35396978.771187842       -51546899.359185509     
   3035.9284713060551        28992.891817886713       -477617.57877366745       -96.049052081070826        32212291.821228962       -44146191.306977473     
   3035.9284713061320        33288.293738374814       -479643.18645261979       -96.092643798328922        30828100.792534485       -35708803.725672737     
   3035.9284713062525        38220.075009168570       -475183.23803513602       -94.148045172914848        32056023.228036463       -24723582.534731023     
   3035.9284713063544        43882.517535660882       -456393.31246166723       -87.843916844576583        36613611.901736990       -9528954.0630007572     
   3035.9284713064094        50383.871428970415       -410463.20387449150       -73.319574585184455        44674954.205797613        11130608.416377317     
   3035.9284713064048        57848.424446205630       -319448.95573576377       -45.201720786280923        55506123.725452140        37494036.697177693     
   3035.9284713065140        66418.878025802202       -161749.60526511335        2.8992726583965118        67437645.584641248        68443900.741786659     
   3035.9284713064358        76259.075341082556        84857.460737852394        77.419660374289379        78281467.978697523        101684956.03347051     
   3035.9284713065294        87557.133524870282        439663.71833541826        183.77920787315813        86053900.466662660        134441736.82996812     
   3035.9284713065886        100529.03994446792        916654.20866571844        325.83078136667609        89664262.241918683        164385251.30490369     
   3035.9284713066331        115422.78127784732        1524783.8351319397        506.32468191906804        89217360.392135516        190349774.68999088     
   3035.9284713066545        132523.08432740395        2271192.2787492294        728.41309010982502        85789954.952121437        212511308.46825880     
   3035.9284713069351        152156.85920245969        3166115.3459326546        997.63039033859957        80839221.690628618        232004628.07426488     
   3035.9284713072325        174699.44892891255        4227331.3534923270        1323.4721962362528        75576494.634616449        250242351.40749282     
   3035.9284713094030        200581.80496138407        5482215.6222821595        1719.8576591908929        70592749.527970672        268287783.70324051     
   3035.9284713093693        230298.72577279204        6966620.5877056746        2204.2673546820879        65829727.882257476        286516857.46450138     
   3035.9284713093193        264418.31602214428        8721114.9771900661        2795.8719991147514        60806892.402027071        304609704.35159767     
   3035.9284713102325        303592.84713102353        10785882.886051368        3513.2423974573608        51383135.456101879        318214693.66076946     
   3035.9284713103161        348571.22689404385        13196345.191944998        4372.4735267460346        47787602.321326420        337030437.27524400     
   3035.9284713104335        400213.31650802359        15978814.623922072        5385.4356519877911        39181813.434290141        349466973.91493225     
   3035.9284713106331        459506.36871999566        19149318.958952602        6559.3583509325972        29276203.748124689        358434165.27438003     
   3035.9284713106695        527583.90134675137        22713689.970125549        7896.9635069370261        18456991.649579108        363603733.76929331     
   3035.9284713107054        605747.36697473389        26669052.748641595        9397.1574679017067        7233134.7565819919        364949097.74721664     
   3822.0075009221287        695.49103310417627       -472343.65924540721       -78.927993308752775        1727653555.9622853       -2416991941.5645976     
   3822.0075009219495        798.53054837713103       -475871.29458569828       -79.301930963993073        1508700823.2467110       -2118251579.6843483     
   3822.0075009219372        916.83574099509190       -480402.91446685389       -79.745025141164660        1317403147.4930151       -1859204543.5164769     
   3822.0075009220059        1052.6682763413116       -485582.90186803206       -80.234144115820527        1150339344.8486650       -1633352972.5138676     
   3822.0075009219854        1208.6248937161522       -491153.70259371994       -80.753341899253428        1004497278.0958203       -1435698525.6107895     
   3822.0075009218517        1387.6870487514366       -496912.62636200251       -81.291314563713968        877237878.53707039       -1262253965.3942599     
   3822.0075009220395        1593.2779105283619       -502704.69370611972       -81.840762868523598        766244328.33592081       -1109780736.4670994     
   3822.0075009221468        1829.3278030241768       -508424.55387118983       -82.398008089512587        669474895.24867857       -975610066.64359701     
   3822.0075009222423        2100.3493419471974       -514040.92493014788       -82.963777822442353        585120279.45770621       -857536347.46681035     
   3822.0075009223497        2411.5237033653370       -519776.30044364528       -83.551087300293148        511529933.09141630       -753875204.60953474     
   3822.0075009220441        2768.7996733442656       -525719.93758205045       -84.165640873834491        447306005.04316247       -662930653.53872943     
   3822.0075009218795        3179.0073721494673       -529216.37904141971       -84.687967319041491        391832541.84143394       -581151910.29307926     
   3822.0075009218185        3649.9888270986421       -532909.81402543536       -85.244019282981753        343368213.82840437       -509637242.13580346     
   3822.0075009216653        4190.7478902562980       -536812.62218052580       -85.835886420682073        301017172.17427915       -447084690.31020260     
   3822.0075009214261        4811.6223669778883       -540937.65655697347       -86.465728236362338        263998683.46111915       -392358220.16024101     
   3822.0075009212733        5524.4816459208459       -545298.14311181591       -87.135779904201613        231632354.85478550       -344466579.41297913     
   3822.0075009211228        6342.9536086568287       -549907.58382579801       -87.848340626806007        203325192.42622182       -302544782.58675557     
   3822.0075009211187        7282.6851567660524       -554779.66961960401       -88.605738710612044        178560286.31609887       -265837918.90077534     
   3822.0075009211182        8361.6413369625352       -559928.21293963562       -89.410366490483270        156887109.42443573       -233687273.11567816     
   3822.0075009210641        9600.4487826914392       -565367.11204461916       -90.264587197452769        137912813.11782202       -205517843.78054741     
   3822.0075009209372        11022.790037842149       -571110.35617089074       -91.170816449448452        121294965.99259715       -180827935.96518198     
   3822.0075009208963        12655.856300948093       -577172.06824340939       -92.131434939801679        106734943.01263985       -159179644.06104553     
   3822.0075009207831        14530.867245077265       -583566.55649173248       -93.148788437247262        93972330.901550859       -140190767.30708107     
   3822.0075009206698        16683.667850925402       -590308.30142459134       -94.225158682093010        82780089.810857713       -123527617.46351632     
   3822.0075009203724        19155.413662889623       -597411.60734446207       -95.362728461623178        72961007.484327778       -108898076.77908596     
   3822.0075009203688        21993.357568317573       -604888.19371772406       -96.562912221997962        64348355.257252529       -96040756.709212348     
   3822.0075009202537        25251.753140938941       -612733.04682935041       -97.823300166055546        56822582.027745090       -84696657.392147183     
   3822.0075009202442        28992.891817914260       -620859.79490309185       -99.122675601392970        50367858.918563172       -74530088.718369007     
   3822.0075009201701        33288.293738404958       -628877.65594216250       -100.36952444352208        45189600.650618240       -64962740.289312929     
   3822.0075009202696        38220.075009202657       -635505.71871241147       -101.26657434739171        41859566.168579124       -54938802.025584385     
   3822.0075009203292        43882.517535699226       -637392.32930307568       -101.03765525855123        41361647.166929089       -42757663.025221765     
   3822.0075009203083        50383.871429013263       -627297.78163643961       -98.008068744093165        44875117.528104410       -26194711.453608721     
   3822.0075009202801        57848.424446254467       -592056.30695411330       -89.137925533577786        53250505.541434959       -3048071.1985882446     
   3822.0075009203019        66418.878025856262       -511255.39198661741       -69.732789415866137        66366290.969546609        28005829.198155005     
   3822.0075009204938        76259.075341150427       -357750.40696113207       -33.598850131966174        82729459.545968831        66631029.907648906     
   3822.0075009205270        87557.133524946272       -100615.30328107720        26.223224995192137        99644742.887301415        110588284.41535656     
   3822.0075009205034        100529.03994455257        290086.17808986478        116.33470421656965        114006742.74914847        156292498.80516535     
   3822.0075009206689        115422.78127794784        838702.02795695874        242.02326894737777        123399541.83070786        200021848.53981566     
   3822.0075009208545        132523.08432752485        1562156.2529618756        407.18003874644631        126951856.92841882        239230733.37846273     
   3822.0075009209768        152156.85920258934        2472549.7526019905        615.48771336674690        125491405.72648253        273315264.90300876     
   3822.0075009210009        174699.44892904538        3583679.4219921236        872.60820437222708        120944091.09250994        303484062.63787180     
   3822.0075009210950        200581.80496139813        4918777.3924858673        1188.4726583957672        115353053.17355539        331894602.89438468     
   3822.0075009213169        230298.72577282405        6516012.8903023647        1578.6199830472467        110046027.49282359        360566166.48505896     
   3822.0075009216152        264418.31602220610        8429364.7961509265        2063.9575086534023        105294436.21466109        390578974.84101605     
   3822.0075009219399        303592.84713102900        10724559.688475868        2668.9805090427399        100483218.98395090        421800813.66714621     
   3822.0075009219613        348571.22689404245        13471643.298278037        3419.0552309155460        94574600.436846286        453088293.35603356     
   3822.0075009220141        400213.31650801195        16736571.904747413        4337.5643901526928        86617638.988528192        482763094.20280766     
   3822.0075009221005        459506.36871996260        20574646.165577337        5443.7765851616859        76001479.825405836        509029882.89000469     
   3822.0075009221578        527583.90134671493        25024613.095405288        6751.0420456528655        62683975.691530317        530410621.99589914     
   3822.0075009220927        605747.36697467463        30108195.218005128        8266.7522132396698        47107009.069508612        545944298.21505630     
   4811.6223669791261        695.49103310422527       -632415.60019556875       -80.852449173107743        2724545364.6832891       -4004485845.1305203     
   4811.6223669791907        798.53054837723528       -597178.84667248523       -79.495518002659082        2407301757.2707305       -3355106035.5684657     
   4811.6223669792244        916.83574099522116       -600869.06972180586       -79.866591840982437        2104003362.0028541       -2938295935.8367863     
   4811.6223669798574        1052.6682763415797       -606293.21707906236       -80.335017992183566        1838836665.6258368       -2578603106.2427073     
   4811.6223669796618        1208.6248937164169       -612874.87374939374       -80.870586680248380        1607109830.9099641       -2265990691.7865906     
   4811.6223669795063        1387.6870487517444       -620244.33989540045       -81.454077735543251        1404657518.1451018       -1993031375.3511264     
   4811.6223669796373        1593.2779105286802       -628112.71773879696       -82.071434007957578        1227834249.0883625       -1753877037.3329720     
   4811.6223669796909        1829.3278030245112       -636243.91235905897       -82.712469156831503        1073453423.8755370       -1543810603.2627649     
   4811.6223669795963        2100.3493419474880       -644453.66925719520       -83.370640641078353        938720960.96735072       -1358976690.7091062     
   4811.6223669795672        2411.5237033655885       -652613.79909493180       -84.042828530073166        821177128.08464718       -1196184777.2612698     
   4811.6223669797391        2768.7996733448740       -660656.94216098124       -84.729056106880307        718650340.42754292       -1052759992.4476157     
   4811.6223669796709        3179.0073721502586       -668632.53068171651       -85.434084758162498        629208140.59237945       -926477628.36291969     
   4811.6223669798219        3649.9888270997226       -677078.99707743945       -86.180731886997819        551052302.53015995       -815747968.39934599     
   4811.6223669797691        4190.7478902576604       -684500.72191664611       -86.916086729615913        483061742.73774409       -717541462.79297125     
   4811.6223669796600        4811.6223669796454       -690354.72992048797       -87.625248124822960        423991453.37383622       -630233649.32225418     
   4811.6223669795963        5524.4816459230105       -696557.24559106643       -88.380614761263118        372321432.95557582       -553796279.18219483     
   4811.6223669795854        6342.9536086595508       -703129.42825453181       -89.184939861297593        327109987.51878178       -486855733.74081069     
   4811.6223669794890        7282.6851567690383       -710093.05072480673       -90.041098883375511        287536318.31372964       -428213354.46386307     
   4811.6223669794608        8361.6413369659185       -717470.35045400681       -90.951961465179906        252884581.64487734       -376822533.72958010     
   4811.6223669793017        9600.4487826951372       -725283.87761151697       -91.920542763546095        222530904.41334197       -331770107.52926719     
   4811.6223669793180        11022.790037846802       -733556.34766164504       -92.949846293777213        195931130.56078503       -292258723.16983342     
   4811.6223669792307        12655.856300953337       -742310.50925543299       -94.042829005047665        172610601.38724673       -257592148.89669999     
   4811.6223669786223        14530.867245081881       -751569.03803796612       -95.202552620321498        152155551.43542543       -227162908.18480554     
   4811.6223669786650        16683.667850931342       -761354.45867108216       -96.431944984942660        134204880.08822732       -200440384.32152778     
   4811.6223669787150        19155.413662898140       -771689.07423930650       -97.733933944255099        118443679.58348617       -176961437.51829660     
   4811.6223669786541        21993.357568327094       -782594.80511512887       -99.111272720620022        104597331.31061296       -156321297.39004961     
   4811.6223669784767        25251.753140949695       -794092.30536170676       -100.56649334728716        92428310.685018882       -138164245.46315640     
   4811.6223669783694        28992.891817926033       -806195.06710542389       -102.10072505287825        81741945.813713849       -122164663.70592564     
   4811.6223669782230        33288.293738418113       -818876.68973863218       -103.70815871283411        72423427.668820828       -107972394.01151375     
   4811.6223669779420        38220.075009214532       -831933.36172702513       -105.35158216953276        64542692.444413535       -95069576.119652852     
   4811.6223669775891        43882.517535708954       -844548.53867797449       -106.88570328056811        58542554.582012907       -82502244.582244188     
   4811.6223669773162        50383.871429021849       -854242.44008343259       -107.87133942358194        55423368.063918293       -68557985.774557576     
   4811.6223669772826        57848.424446264355       -854927.14648639772       -107.23199811764060        56713441.567576617       -50633120.780812472     
   4811.6223669765168        66418.878025856669       -834183.48973820161       -102.77436813339590        64022103.961235121       -25589156.011343617     
   4811.6223669766150        76259.075341148622       -770597.50311824505       -90.725545305758700        78206941.955691725        9306508.9338533357     
   4811.6223669764331        87557.133524940131       -632639.37279481860       -65.557000925764441        98519171.038825423        55155445.992437452     
   4811.6223669762012        100529.03994454128       -380532.12286456238       -20.354762091301382        122264166.42379862        110537105.43630394     
   4811.6223669760848        115422.78127792708        28562.645346813591        52.230851360945955        145354060.99981365        171564021.36124992     
   4811.6223669761366        132523.08432749604        633696.59772770316        158.83058658801019        163665827.54240039        233086672.71405107     
   4811.6223669762248        152156.85920255416        1465073.0255199845        304.73439255729318        174593749.84038782        290603377.41176832     
   4811.6223669763485        174699.44892900836        2544361.6721283793        494.52607054263348        177964834.86690965        341940256.05657327     
   4811.6223669765604        200581.80496135951        3891734.7628043978        734.14563667029131        175803899.61185384        387829769.17871356     
   4811.6223669767269        230298.72577277431        5537345.0544486940        1033.7071493268013        171120933.45696938        431149535.04655266     
   4811.6223669768251        264418.31602213375        7532268.1137389671        1409.8405372351406        166441462.99534974        475336028.15948272     
   4811.6223669770870        303592.84713093663        9953934.6423360892        1886.4440731704233        162831524.50821835        522829740.00764000     
   4811.6223669770779        348571.22689393378        12903623.952535335        2493.4157729148865        159754025.45541024        574198586.31342018     
   4811.6223669771589        400213.31650788849        16496948.109533312        3263.7594267725940        155604494.17103466        628106953.38441038     
   4811.6223669774417        459506.36871983740        20850635.562299665        4229.9656197428703        148520880.02759320        681899320.03861916     
   4811.6223669780111        527583.90134662576        26069677.344994992        5420.6779226660728        137123811.93250650        732460966.40221477     
   4811.6223669785177        605747.36697464634        32237620.168021489        6858.3101034164420        120710731.26645660        776757640.14161694     
   6057.4736697470480        695.49103310420583       -801530.18680455128       -81.356847658753395        4343553405.7353888       -6387858824.3989029     
   6057.4736697469816        798.53054837719355       -805207.91876884573       -81.694888649508357        3797361157.0313468       -5588192074.2430067     
   6057.4736697468670        916.83574099514942       -809162.94089283817       -82.057353574782610        3320668525.0226278       -4890120309.4479046     
   6057.4736697471071        1052.6682763414005       -761285.04039758665       -80.623786197975278        2938688617.6526108       -4087715423.9606271     
   6057.4736697471280        1208.6248937162648       -767505.50158010644       -81.111694453284144        2570830402.9240956       -3585985081.9481249     
   6057.4736697471199        1387.6870487516126       -775683.03654978145       -81.692123785614967        2249165375.6637077       -3151605811.2872543     
   6057.4736697473872        1593.2779105285556       -785255.31643277302       -82.341261440888047        1967940566.8252592       -2773346386.2086797     
   6057.4736697474718        1829.3278030243735       -795821.11086167104       -83.042617188766599        1722103855.5102468       -2442590231.7715225     
   6057.4736697476392        2100.3493419474289       -807050.08645448496       -83.783594891428947        1507246330.3379903       -2152446691.3133550     
   6057.4736697478702        2411.5237033656272       -818665.36263942241       -84.555137436836958        1319522355.3875918       -1897317991.1579933     
   6057.4736697480212        2768.7996733448890       -830448.31946471776       -85.351523011922836        1155561103.2877259       -1672604854.8385024     
   6057.4736697479375        3179.0073721502763       -842246.21891532035       -86.170330177992582        1012396577.3573060       -1474488784.6954863     
   6057.4736697479129        3649.9888270996139       -853974.92748313188       -87.012047879397855        887411730.77293289       -1299756036.8537846     
   6057.4736697480048        4190.7478902576458       -865626.88038603996       -87.879836792126284        778293728.10060441       -1145670399.6330531     
   6057.4736697480676        4811.6223669797873       -877392.83988073154       -88.782899547368274        682976304.72272849       -1009967020.4072720     
   6057.4736697482449        5524.4816459234080       -890936.52758901147       -89.772231876850114        599371315.33305991       -891571030.67696071     
   6057.4736697482440        6342.9536086600201       -900260.66370923503       -90.678367996588335        527098577.87994301       -784583677.56319237     
   6057.4736697481439        7282.6851567696049       -910158.64974459307       -91.643939958885298        463802605.22776091       -690807178.27670288     
   6057.4736697473008        8361.6413369654529       -920664.86426850571       -92.672480968758450        408346451.13923436       -608579288.01799119     
   6057.4736697471481        9600.4487826946788       -931814.65426546091       -93.767599901184425        359738472.19200629       -536448610.32742637     
   6057.4736697471853        11022.790037846304       -943644.10481639835       -94.933010404929504        317113874.49848878       -473148034.85678422     
   6057.4736697471862        12655.856300952999       -956189.78666359617       -96.172455232590423        279718219.95280147       -417570964.85557711     
   6057.4736697471053        14530.867245083135       -969488.48589877365       -97.489682957530007        246893309.71155447       -368750974.76355767     
   6057.4736697471844        16683.667850932852       -983576.92368639749       -98.888506181538091        218065051.88913932       -325844322.37129247     
   6057.4736697471490        19155.413662899558       -998491.47537230363       -100.37269676104187        192732450.97594744       -288114033.82222164     
   6057.4736697472008        21993.357568329189       -1014267.8930669489       -101.94592177867888        170458205.42956418       -254916295.66361466     
   6057.4736697469989        25251.753140952198       -1030941.0104431157       -103.61173772253095        150860681.36731699       -225688700.22463316     
   6057.4736697469471        28992.891817929303       -1048544.2404878510       -105.37350317463277        133607343.14941369       -199939205.80815446     
   6057.4736697468006        33288.293738422071       -1067107.2968149753       -107.23407613113521        118413005.72542101       -177232027.85645118     
   6057.4736697468379        38220.075009221546       -1086641.9662018435       -109.19389314949511        105057203.78370760       -157152990.51414239     
   6057.4736697468416        43882.517535720246       -1107069.3241610718       -111.24113807454704        93458791.651567787       -139206080.82260311     
   6057.4736697466860        50383.871429036386       -1127939.5416017650       -113.31400601193307        83859190.000501201       -122566573.99510330     
   6057.4736697465405        57848.424446280056       -1147617.5565763023       -115.19070249050854        77103033.778319880       -105670535.00439149     
   6057.4736697465150        66418.878025884973       -1161475.3483244162       -116.24551843851803        74838472.385193869       -85814435.295703009     
   6057.4736697464014        76259.075341178148       -1158821.3195166138       -115.03451969474553        79317071.250335127       -59153570.730219454     
   6057.4736697463550        87557.133524976656       -1119019.2344131954       -108.77491440623997        92581827.630340219       -21463147.163578078     
   6057.4736697463450        100529.03994458793       -1008298.2623011421       -92.925521312281475        115231548.99904183        30371945.681517243     
   6057.4736697462449        115422.78127798153       -779430.88430132344       -61.169062973931425        145385426.39368930        96731591.528674096     
   6057.4736697462895        132523.08432755808       -375918.15668566799       -6.0082122217863789        178588375.78916702        174425912.75404340     
   6057.4736697463868        152156.85920262506        259793.45259760518        80.145236279349774        209023786.06547007        257385675.98112211     
   6057.4736697464614        174699.44892908740        1177532.2368766391        203.98105261847374        231655678.75657919        338865917.26340425     
   6057.4736697464296        200581.80496144039        2415507.3054667963        371.28280382603401        244233895.25041175        414203981.00409722     
   6057.4736697464641        230298.72577286055        4005651.9891925324        588.52976653724909        248010973.06582889        482680940.38440073     
   6057.4736697464186        264418.31602222536        5988087.2349528577        865.90098217129696        246741383.44016194        547472764.74777746     
   6057.4736697483140        303592.84713112033        8429219.9841285534        1220.5468490719795        244585010.48328179        613805849.64729357     
   6057.4736697485478        348571.22689415881        11435333.607079124        1678.6261461675165        244119449.93804711        686408819.75668764     
   6057.4736697486514        400213.31650814688        15155316.857644791        2275.0608623027802        245410745.11674479        767524966.36240351     
   6057.4736697488388        459506.36872012133        19771010.763925329        3050.9321019053455        246337438.45122266        856188634.59812546     
   6057.4736697489398        527583.90134689806        25478514.896003347        4049.3074804544444        243718557.76014763        948718935.40876198     
   6057.4736697489634        605747.36697489757        32466040.115064852        5310.6339648365974        215282050.71642184        1020605151.6805754     
